כתובת אתר,נסרק לאחרונה,בעיה
https://compassgrill.co.il/gas-grills-1/sportsman-2-grill-with-cart/?sort=pd.name&order=DESC,2026-06-10 00:00:00,Duplicate without user-selected canonical
https://compassgrill.co.il/grill-smoker-accessories/wood-chips-and-chunks-for-smoking/שבבי-עץ-בוק-למעשנה-5-ליטר/?sort=rating&order=ASC,2026-06-10 00:00:00,Duplicate without user-selected canonical
https://compassgrill.co.il/wood-chips-and-chunks-for-smoking/pear-wood-smoking-chunks/?sort=pd.name&order=DESC,2026-06-10 00:00:00,Duplicate without user-selected canonical
https://compassgrill.co.il/brisket-1/?from_admin,2026-06-10 00:00:00,Duplicate without user-selected canonical
https://compassgrill.co.il/wood-chips-and-chunks-for-smoking/pear-wood-smoking-chunks/?category_id=97766&sort=price&order=ASC,2026-06-10 00:00:00,Duplicate without user-selected canonical
https://compassgrill.co.il/wood-chips-and-chunks-for-smoking/pear-wood-smoking-chunks/,2026-06-09 00:00:00,Duplicate without user-selected canonical
https://compassgrill.co.il/meat-aging-treatment/premiumcut-steel-sharpening-stone-25cm-fine/?sort=rating&order=DESC,2026-06-09 00:00:00,Duplicate without user-selected canonical
https://compassgrill.co.il/gas-grills-1/6-burner-gas-grill/videro-g6-s/?category_id=108563&sort=price&order=DESC,2026-06-09 00:00:00,Duplicate without user-selected canonical
https://compassgrill.co.il/smoker-tandoor/premium-set-stainless-steel-skewers-with-knife-and-fork-for-meat-remova/?category_id=34515&sort=p.model&order=DESC,2026-06-09 00:00:00,Duplicate without user-selected canonical
https://compassgrill.co.il/gas-grills-1/6-burner-gas-grill/videro-g6-s/?sort=pd.name&order=ASC,2026-06-09 00:00:00,Duplicate without user-selected canonical
https://compassgrill.co.il/charcoal-grill-smokers-tandoor/charcoal-professional/?sort=p.sort_order&order=ASC,2026-06-09 00:00:00,Duplicate without user-selected canonical
https://compassgrill.co.il/wood-chips-and-chunks-for-smoking/apple-wood-chunks/?category_id=97766&sort=price&order=ASC,2026-06-09 00:00:00,Duplicate without user-selected canonical
https://compassgrill.co.il/gas-grills-1/3-burner-gas-grill/addizio/?sort=price&order=DESC,2026-06-09 00:00:00,Duplicate without user-selected canonical
https://compassgrill.co.il/grill-smoker-accessories/cast-iron-tools-plov-cooking/dual-cast-iron-round-griddle/?category_id=35279&sort=p.sort_order&order=ASC,2026-06-09 00:00:00,Duplicate without user-selected canonical
https://compassgrill.co.il/gas-grills-1/3-burner-gas-grill/addizio/?sort=rating&order=ASC,2026-06-09 00:00:00,Duplicate without user-selected canonical
https://compassgrill.co.il/gifts/מתנה-ממותגת-ליום-הולדת-בוצ-ר-אלון-סכין-שף-dick/,2026-06-09 00:00:00,Duplicate without user-selected canonical
https://compassgrill.co.il/gifts/מארז-פריסת-חלה-לשבת-קרש-סיסם-סכין-לחם-berox/?category_id=128869,2026-06-09 00:00:00,Duplicate without user-selected canonical
https://compassgrill.co.il/gifts/מתנה-ממותגת-ליום-הולדת-בוצ-ר-אלון-סכין-שף-dick/?category_id=128869,2026-06-09 00:00:00,Duplicate without user-selected canonical
https://compassgrill.co.il/gas-grills-1/sportsman-2-grill-with-cart/?category_id=35202&sort=pd.name&order=DESC,2026-06-09 00:00:00,Duplicate without user-selected canonical
https://compassgrill.co.il/butcher-kfar-saba/עופות-טרי/?sort=p.sort_order&order=ASC,2026-06-09 00:00:00,Duplicate without user-selected canonical
https://compassgrill.co.il/butcher-kfar-saba/frozen-meat/,2026-06-09 00:00:00,Duplicate without user-selected canonical
https://compassgrill.co.il/grill-smoker-accessories/butcher-board/?sort=price&order=DESC,2026-06-09 00:00:00,Duplicate without user-selected canonical
https://compassgrill.co.il/grill-smoker-accessories/butcher-board/,2026-06-09 00:00:00,Duplicate without user-selected canonical
https://compassgrill.co.il/meat-aging-treatment/meat-accessories-tools/burger-patty-mold/?category_id=121090&sort=p.sort_order&order=ASC,2026-06-09 00:00:00,Duplicate without user-selected canonical
https://compassgrill.co.il/cast-iron-cooking-tools/striped-pan-with-wooden-handle-cast-spout/?sort=pd.name&order=ASC,2026-06-09 00:00:00,Duplicate without user-selected canonical
https://compassgrill.co.il/gas-grills-1/rogue-xt-365sib-il-black/?sort=pd.name&order=DESC,2026-06-09 00:00:00,Duplicate without user-selected canonical
https://compassgrill.co.il/gas-grills-1/f365dsibpgt-il/?category_id=35202&sort=pd.name&order=DESC,2026-06-09 00:00:00,Duplicate without user-selected canonical
https://compassgrill.co.il/grill-smoker-accessories/wood-chips-and-chunks-for-smoking/שבבי-עץ-אלון-למעשנה-5-ליטר/?sort=price&order=DESC,2026-06-09 00:00:00,Duplicate without user-selected canonical
https://compassgrill.co.il/frozen-meat/premium-sliced-lamb-ribs-6-pcs-tray/?sort=p.model&order=ASC,2026-06-09 00:00:00,Duplicate without user-selected canonical
https://compassgrill.co.il/gas-grills-1/rogue-xt-365sib-il-black/?category_id=35202&sort=price&order=ASC,2026-06-09 00:00:00,Duplicate without user-selected canonical
https://compassgrill.co.il/garden-firepits-and-decor/?sort=price&order=ASC,2026-06-09 00:00:00,Duplicate without user-selected canonical
https://compassgrill.co.il/grill-smoker-accessories/wood-chips-and-chunks-for-smoking/שבבי-עץ-מייפל-למעשנה-5-ליטר/?sort=price&order=DESC,2026-06-09 00:00:00,Duplicate without user-selected canonical
https://compassgrill.co.il/giesser-knives/tradition-butcher-slicer-knife-24-30cm/?category_id=104927&sort=p.model&order=DESC,2026-06-09 00:00:00,Duplicate without user-selected canonical
https://compassgrill.co.il/gas-grills-1/5-burner-gas-grill/prestige-pro-665rsib/?category_id=108565&sort=p.sort_order&order=ASC,2026-06-09 00:00:00,Duplicate without user-selected canonical
https://compassgrill.co.il/giesser-knives/tradition-butcher-slicer-knife-24-30cm/?sort=p.model&order=DESC,2026-06-09 00:00:00,Duplicate without user-selected canonical
https://compassgrill.co.il/knives-and-accessories/giesser-knives/tradition-butcher-slicer-knife-24-30cm/?category_id=104927,2026-06-09 00:00:00,Duplicate without user-selected canonical
https://compassgrill.co.il/butcher-kfar-saba/poultry-3/כרעיים-עוף-ארוז-שחיטת-הרב-מחפוד-אילת/?sort=price&order=DESC,2026-06-09 00:00:00,Duplicate without user-selected canonical
https://compassgrill.co.il/meat-aging-treatment/meat-accessories-tools/premiumcut-filet/?sort=pd.name&order=ASC,2026-06-09 00:00:00,Duplicate without user-selected canonical
https://compassgrill.co.il/grill-smoker-accessories/wood-chips-and-chunks-for-smoking/שבבי-עץ-בוק-למעשנה-5-ליטר/?sort=price&order=DESC,2026-06-09 00:00:00,Duplicate without user-selected canonical
https://compassgrill.co.il/eitan-meat-eilat/fresh-beef/?sort=rating&order=ASC,2026-06-08 00:00:00,Duplicate without user-selected canonical
https://compassgrill.co.il/grill-smoker-accessories/knives-and-accessories/premiumcut-steel-sharpening-stone-25cm-fine/?sort=p.model&order=DESC,2026-06-08 00:00:00,Duplicate without user-selected canonical
https://compassgrill.co.il/gas-grills-1/rxt365sibpk-1-il/?category_id=35202&sort=pd.name&order=DESC,2026-06-08 00:00:00,Duplicate without user-selected canonical
https://compassgrill.co.il/butcher-kfar-saba/עופות-טרי/,2026-06-08 00:00:00,Duplicate without user-selected canonical
https://compassgrill.co.il/meat-aging-treatment/meat-accessories-tools/premiumcut-filet/?sort=rating&order=DESC,2026-06-08 00:00:00,Duplicate without user-selected canonical
https://compassgrill.co.il/grill-smoker-accessories/lg-big-head-spatula/?category_id=37972&sort=p.sort_order&order=ASC,2026-06-08 00:00:00,Duplicate without user-selected canonical
https://compassgrill.co.il/grill-smoker-accessories/lg-big-head-spatula/?sort=p.sort_order&order=ASC,2026-06-08 00:00:00,Duplicate without user-selected canonical
https://compassgrill.co.il/poultry-3/frozen-chicken-shawarma-1kg/?category_id=105748&sort=pd.name&order=DESC,2026-06-08 00:00:00,Duplicate without user-selected canonical
https://compassgrill.co.il/eitan-meat-eilat/בשרים-קפואים/angus-fl-boneless-assaado-snacks-500g-1/?category_id=125607&sort=rating&order=ASC,2026-06-08 00:00:00,Duplicate without user-selected canonical
https://compassgrill.co.il/sous-vide-5/sous-vide-ball-set/?sort=pd.name&order=ASC,2026-06-08 00:00:00,Duplicate without user-selected canonical
https://compassgrill.co.il/grill-smoker-accessories/plates-for-serving/,2026-06-08 00:00:00,Duplicate without user-selected canonical
https://compassgrill.co.il/garden-firepits-and-decor/hampton/?sort=pd.name&order=ASC,2026-06-08 00:00:00,Duplicate without user-selected canonical
https://compassgrill.co.il/eitan-meat-eilat/בשרים-קפואים/אילת-סטייק-סינטה-בלאק-אנגוס-פידלוט-copy-0/?sort=rating&order=DESC,2026-06-08 00:00:00,Duplicate without user-selected canonical
https://compassgrill.co.il/eitan-meat-eilat/בשרים-קפואים/אילת-סטייק-סינטה-בלאק-אנגוס-פידלוט-copy-0/?category_id=125607&sort=rating&order=DESC,2026-06-08 00:00:00,Duplicate without user-selected canonical
https://compassgrill.co.il/gas-grills-1/compass-basalt-stones/?category_id=35202&sort=pd.name&order=DESC,2026-06-07 00:00:00,Duplicate without user-selected canonical
https://compassgrill.co.il/gas-grills-1/compass-basalt-stones/?sort=pd.name&order=DESC,2026-06-07 00:00:00,Duplicate without user-selected canonical
https://compassgrill.co.il/grill-smoker-accessories/knives-and-accessories/סכין-סנטוקו-מחוזקת-חריצים-18-ס-מ-berox/?category_id=35161&sort=price&order=ASC,2026-06-07 00:00:00,Duplicate without user-selected canonical
https://compassgrill.co.il/meat-aging-treatment/meat-accessories-tools/burger-patty-mold/?sort=p.sort_order&order=ASC,2026-06-07 00:00:00,Duplicate without user-selected canonical
https://compassgrill.co.il/grill-smoker-accessories/butcher-board/קרש-חיתוך-מעץ-סיסם-אירופאי-40-25-עם-תעלת-ניקוז/?sort=price&order=ASC,2026-06-07 00:00:00,Duplicate without user-selected canonical
https://compassgrill.co.il/grill-smoker-accessories/butcher-board/קרש-חיתוך-מעץ-סיסם-אירופאי-40-25-עם-תעלת-ניקוז/?category_id=128801,2026-06-07 00:00:00,Duplicate without user-selected canonical
https://compassgrill.co.il/grill-smoker-accessories/butcher-board/קרש-חיתוך-מעץ-סיסם-אירופאי-40-25-עם-תעלת-ניקוז/,2026-06-07 00:00:00,Duplicate without user-selected canonical
https://compassgrill.co.il/smoker-tandoor/pellet-smokers/pit-boss-austin-xl-onyx-מעשנת-וגריל-פלט-מקצועי/?sort=price&order=DESC,2026-06-07 00:00:00,Duplicate without user-selected canonical
https://compassgrill.co.il/smoker-tandoor/ultimate-griddle-4/?sort=rating&order=ASC,2026-06-07 00:00:00,Duplicate without user-selected canonical
https://compassgrill.co.il/gas-grills-1/ultimate-griddle-4/?sort=pd.name&order=DESC,2026-06-07 00:00:00,Duplicate without user-selected canonical
https://compassgrill.co.il/brand/boretti/cookware-set-4pcs-סט-4-סירי-איכות-בורטי/,2026-06-07 00:00:00,Duplicate without user-selected canonical
https://compassgrill.co.il/grill-smoker-accessories/plates-for-serving/צלחת-אובלית-מעץ-מלא-25-35-דו-צדדית/?sort=pd.name&order=ASC,2026-06-07 00:00:00,Duplicate without user-selected canonical
https://compassgrill.co.il/grill-smoker-accessories/italian-basalt-premium-products/premium-italian-basalte-firebrick-30x30/?category_id=100557&sort=rating&order=DESC,2026-06-06 00:00:00,Duplicate without user-selected canonical
https://compassgrill.co.il/eitan-meat-eilat/עופות-קפוא/לבבות-עוף-ארוז-קפוא-שחיטת-הרב-מחפוד-אילת/?sort=p.model&order=ASC,2026-06-06 00:00:00,Duplicate without user-selected canonical
https://compassgrill.co.il/eitan-meat-eilat/לבבות-עוף-ארוז-קפוא-שחיטת-הרב-מחפוד-אילת/?sort=pd.name&order=DESC,2026-06-06 00:00:00,Duplicate without user-selected canonical
https://compassgrill.co.il/grill-smoker-accessories/italian-basalt-premium-products/premium-italian-basalte-firebrick-30x30/?category_id=100557&sort=price&order=ASC,2026-06-06 00:00:00,Duplicate without user-selected canonical
https://compassgrill.co.il/eitan-meat-eilat/לבבות-עוף-ארוז-קפוא-שחיטת-הרב-מחפוד-אילת/?sort=price&order=ASC,2026-06-06 00:00:00,Duplicate without user-selected canonical
https://compassgrill.co.il/grill-smoker-accessories/knives-and-accessories/סכין-סנטוקו-מחוזקת-חריצים-18-ס-מ-berox/?sort=price&order=ASC,2026-06-06 00:00:00,Duplicate without user-selected canonical
https://compassgrill.co.il/grill-smoker-accessories/butcher-board/בוצ-ר-אנדגריין-אלון-30x40-עם-תעלה/?category_id=128801&sort=price&order=DESC,2026-06-06 00:00:00,Duplicate without user-selected canonical
https://compassgrill.co.il/teperberg-wines/teperberg-impression-cabernet-sauvignon-750ml/?category_id=70397&sort=rating&order=DESC,2026-06-06 00:00:00,Duplicate without user-selected canonical
https://compassgrill.co.il/teperberg-wines/teperberg-impression-cabernet-sauvignon-750ml/?sort=rating&order=DESC,2026-06-06 00:00:00,Duplicate without user-selected canonical
https://compassgrill.co.il/teperberg-wines/?sort=rating&order=DESC,2026-06-06 00:00:00,Duplicate without user-selected canonical
https://compassgrill.co.il/meat-aging-treatment/butcher-paper-sheets-brown-for-smoking-meat/?category_id=121072&sort=rating&order=DESC,2026-06-06 00:00:00,Duplicate without user-selected canonical
https://compassgrill.co.il/garden-firepits-and-decor/?sort=pd.name&order=ASC,2026-06-06 00:00:00,Duplicate without user-selected canonical
https://compassgrill.co.il/blog/basalt-stones-for-gas-grill/,2026-06-06 00:00:00,Duplicate without user-selected canonical
https://compassgrill.co.il/grill-smoker-accessories/knives-and-accessories/סכין-בשר-26-ס-מ-להב-גבוה-dick-ergogrip/?sort=price&order=ASC,2026-06-06 00:00:00,Duplicate without user-selected canonical
https://compassgrill.co.il/gifts/מארז-פריסת-חלה-לשבת-קרש-סיסם-סכין-לחם-berox/?sort=price&order=ASC,2026-06-06 00:00:00,Duplicate without user-selected canonical
https://compassgrill.co.il/gifts/מארז-מתנה-לגבר-בוצ-ר-עץ-אלון-סכין-שף-dick/?category_id=128869,2026-06-06 00:00:00,Duplicate without user-selected canonical
https://compassgrill.co.il/butcher-kfar-saba/frozen-ground-meat/angus-chorizo-1-1/?sort=p.model&order=DESC,2026-06-06 00:00:00,Duplicate without user-selected canonical
https://compassgrill.co.il/blog/brisket-smoking-guide/,2026-06-06 00:00:00,Duplicate without user-selected canonical
https://compassgrill.co.il/butcher-kfar-saba/frozen-ground-meat/angus-chorizo-1-1/?sort=rating&order=DESC,2026-06-06 00:00:00,Duplicate without user-selected canonical
https://compassgrill.co.il/gifts/מארז-מתנה-לגבר-בוצ-ר-עץ-אלון-סכין-שף-dick/?category_id=128869&sort=rating&order=DESC,2026-06-06 00:00:00,Duplicate without user-selected canonical
https://compassgrill.co.il/smoker-tandoor/pellet-smokers/navigator-150/?sort=p.model&order=DESC,2026-06-06 00:00:00,Duplicate without user-selected canonical
https://compassgrill.co.il/grill-smoker-accessories/knives-and-accessories/סכין-שף-21-ס-מ-berox/?sort=price&order=ASC,2026-06-06 00:00:00,Duplicate without user-selected canonical
https://compassgrill.co.il/frozen-meat/black-angus-feedlot-shoulder-roast-slice-5/?category_id=66836&sort=p.model&order=ASC,2026-06-06 00:00:00,Duplicate without user-selected canonical
https://compassgrill.co.il/sous-vide-5/sous-vide-ball-set/?sort=price&order=DESC,2026-06-06 00:00:00,Duplicate without user-selected canonical
https://compassgrill.co.il/gas-grills-1/5-burner-gas-grill/ultimate-griddle-5/?sort=rating&order=DESC,2026-06-06 00:00:00,Duplicate without user-selected canonical
https://compassgrill.co.il/sous-vide-5/sous-vide-ball-set/?sort=p.model&order=ASC,2026-06-06 00:00:00,Duplicate without user-selected canonical
https://compassgrill.co.il/butcher-paper-sheets-brown-for-smoking-meat/?from_admin,2026-06-06 00:00:00,Duplicate without user-selected canonical
https://compassgrill.co.il/gifts/מארז-מתנה-לגבר-בוצ-ר-עץ-אלון-סכין-שף-dick/,2026-06-05 00:00:00,Duplicate without user-selected canonical
https://compassgrill.co.il/butcher-kfar-saba/frozen-ground-meat/angus-chorizo-1-1/?sort=rating&order=ASC,2026-06-05 00:00:00,Duplicate without user-selected canonical
https://compassgrill.co.il/gas-grills-1/o-f-b-lite-גריל-גז-מבער-עליון-סלמנדרה-מתצוגה/?category_id=35202&sort=price&order=ASC,2026-06-05 00:00:00,Duplicate without user-selected canonical
https://compassgrill.co.il/gas-grills-1/o-f-b-lite-גריל-גז-מבער-עליון-סלמנדרה-מתצוגה/?sort=price&order=ASC,2026-06-04 00:00:00,Duplicate without user-selected canonical
https://compassgrill.co.il/eitan-meat-eilat/angus-merguez-60g-13-15-pcs-tray-1/?sort=price&order=ASC,2026-06-04 00:00:00,Duplicate without user-selected canonical
https://compassgrill.co.il/grill-smoker-accessories/wood-chips-and-chunks-for-smoking/שבבי-עץ-היקורי-למעשנה-5-ליטר/?sort=price&order=DESC,2026-06-04 00:00:00,Duplicate without user-selected canonical
https://compassgrill.co.il/brand/eco-israel/שבבי-עץ-מייפל-למעשנה-5-ליטר/,2026-06-04 00:00:00,Duplicate without user-selected canonical
https://compassgrill.co.il/gifts/מארז-לשף-שלנו-באהבה-קרש-עץ-סכין-שף-berox/?category_id=128869,2026-06-04 00:00:00,Duplicate without user-selected canonical
https://compassgrill.co.il/gifts/מארז-לשף-שלנו-באהבה-קרש-עץ-סכין-שף-berox/?sort=price&order=ASC,2026-06-04 00:00:00,Duplicate without user-selected canonical
https://compassgrill.co.il/grill-smoker-accessories/plates-for-serving/פרוסת-סיסם-אירופאי-100-קרש-הגשה-טבעי-מעץ-מלא/?sort=pd.name&order=ASC,2026-06-04 00:00:00,Duplicate without user-selected canonical
https://compassgrill.co.il/meat-aging-treatment/meat-accessories-tools/magnetic-butcher-board/?sort=price&order=DESC,2026-06-04 00:00:00,Duplicate without user-selected canonical
https://compassgrill.co.il/brand/eco-israel/שבבי-עץ-היקורי-למעשנה-5-ליטר/,2026-06-04 00:00:00,Duplicate without user-selected canonical
https://compassgrill.co.il/brand/eco-israel/שבבי-עץ-אלון-למעשנה-5-ליטר/,2026-06-04 00:00:00,Duplicate without user-selected canonical
https://compassgrill.co.il/grill-smoker-accessories/knives-and-accessories/סכין-בשר-26-ס-מ-להב-גבוה-dick-ergogrip/?sort=rating&order=ASC,2026-06-04 00:00:00,Duplicate without user-selected canonical
https://compassgrill.co.il/grill-smoker-accessories/plates-for-serving/פרוסת-סיסם-אירופאי-100-קרש-הגשה-טבעי-מעץ-מלא/?category_id=128868,2026-06-04 00:00:00,Duplicate without user-selected canonical
https://compassgrill.co.il/grill-smoker-accessories/plates-for-serving/פרוסת-סיסם-אירופאי-100-קרש-הגשה-טבעי-מעץ-מלא/,2026-06-04 00:00:00,Duplicate without user-selected canonical
https://compassgrill.co.il/grill-smoker-accessories/knives-and-accessories/premiumcut-3-piece-set/?category_id=35161&sort=p.sort_order&order=ASC,2026-06-04 00:00:00,Duplicate without user-selected canonical
https://compassgrill.co.il/fresh-beef/sliced-feedlot-sirloin/?sort=pd.name&order=DESC,2026-06-04 00:00:00,Duplicate without user-selected canonical
https://compassgrill.co.il/smoker-tandoor/pellet-smokers/pit-boss-austin-xl-onyx-מעשנת-וגריל-פלט-מקצועי/?category_id=34516&sort=p.model&order=DESC,2026-06-04 00:00:00,Duplicate without user-selected canonical
https://compassgrill.co.il/grill-smoker-accessories/knives-and-accessories/premiumcut-3-piece-set/?sort=p.sort_order&order=ASC,2026-06-04 00:00:00,Duplicate without user-selected canonical
https://compassgrill.co.il/smoker-tandoor/pellet-smokers/pit-boss-austin-xl-onyx-מעשנת-וגריל-פלט-מקצועי/?sort=p.model&order=DESC,2026-06-04 00:00:00,Duplicate without user-selected canonical
https://compassgrill.co.il/smoker-tandoor/pellet-smokers/tailgater-pellet-smoker/?category_id=34516&sort=p.model&order=DESC,2026-06-04 00:00:00,Duplicate without user-selected canonical
https://compassgrill.co.il/smoker-tandoor/charcoal-grill-with-legs-for-6-skewers-foldable-with-bag/?category_id=34515&sort=p.model&order=DESC,2026-06-04 00:00:00,Duplicate without user-selected canonical
https://compassgrill.co.il/plates-for-serving/פרוסת-סיסם-אירופאי-100-קרש-הגשה-טבעי-מעץ-מלא/?sort=p.model&order=ASC,2026-06-04 00:00:00,Duplicate without user-selected canonical
https://compassgrill.co.il/smoker-tandoor/charcoal-grill-with-legs-for-6-skewers-foldable-with-bag/?sort=p.model&order=DESC,2026-06-04 00:00:00,Duplicate without user-selected canonical
https://compassgrill.co.il/grill-smoker-accessories/knives-and-accessories/סכין-בשר-חריצים-26-ס-מ-להב-גבוה-dick-ergogrip/?category_id=35161&sort=p.sort_order&order=ASC,2026-06-04 00:00:00,Duplicate without user-selected canonical
https://compassgrill.co.il/smoker-tandoor/pellet-smokers/tailgater-pellet-smoker/?sort=p.model&order=DESC,2026-06-04 00:00:00,Duplicate without user-selected canonical
https://compassgrill.co.il/smoker-tandoor/pellet-smokers/lg1200fl-founders-legacy/?sort=p.model&order=DESC,2026-06-04 00:00:00,Duplicate without user-selected canonical
https://compassgrill.co.il/smoker-tandoor/pellet-smokers/lg800fp-founders-premier/?sort=p.model&order=DESC,2026-06-04 00:00:00,Duplicate without user-selected canonical
https://compassgrill.co.il/plates-for-serving/?sort=price&order=ASC,2026-06-04 00:00:00,Duplicate without user-selected canonical
https://compassgrill.co.il/grill-smoker-accessories/knives-and-accessories/סכין-בשר-חריצים-26-ס-מ-להב-גבוה-dick-ergogrip/?sort=p.sort_order&order=ASC,2026-06-04 00:00:00,Duplicate without user-selected canonical
https://compassgrill.co.il/plates-for-serving/?sort=pd.name&order=ASC,2026-06-04 00:00:00,Duplicate without user-selected canonical
https://compassgrill.co.il/fresh-beef/אנטריקוט-פידלוט-בלאק-אנגוס-חצוי-טרי/?sort=rating&order=ASC,2026-06-04 00:00:00,Duplicate without user-selected canonical
https://compassgrill.co.il/smoker-tandoor/lg800fp-founders-premier/?sort=rating&order=ASC,2026-06-04 00:00:00,Duplicate without user-selected canonical
https://compassgrill.co.il/smoker-tandoor/cast-iron-round-griddle-1/?sort=p.model&order=DESC,2026-06-04 00:00:00,Duplicate without user-selected canonical
https://compassgrill.co.il/frozen-meat/black-angus-feedlot-shoulder-roast-slice-5/?sort=p.model&order=ASC,2026-06-04 00:00:00,Duplicate without user-selected canonical
https://compassgrill.co.il/italian-basalt-premium-products/premium-italian-basalte-firebrick-35x35/,2026-06-04 00:00:00,Duplicate without user-selected canonical
https://compassgrill.co.il/frozen-meat/premium-sliced-lamb-ribs-6-pcs-tray/?category_id=66836&sort=p.model&order=ASC,2026-06-04 00:00:00,Duplicate without user-selected canonical
https://compassgrill.co.il/frozen-meat/black-angus-feedlot-shoulder-roast-slice-5/?sort=pd.name&order=ASC,2026-06-04 00:00:00,Duplicate without user-selected canonical
https://compassgrill.co.il/grill-smoker-accessories/butcher-board/?sort=pd.name&order=ASC,2026-06-04 00:00:00,Duplicate without user-selected canonical
https://compassgrill.co.il/pellet-smokers/lg800fp-founders-premier/?sort=p.model&order=ASC,2026-06-04 00:00:00,Duplicate without user-selected canonical
https://compassgrill.co.il/sous-vide-5/dumbbells/?sort=price&order=ASC,2026-06-03 00:00:00,Duplicate without user-selected canonical
https://compassgrill.co.il/grill-smoker-accessories/wood-chips-and-chunks-for-smoking/שבבי-עץ-היקורי-למעשנה-5-ליטר/?category_id=97766&sort=price&order=ASC,2026-06-03 00:00:00,Duplicate without user-selected canonical
https://compassgrill.co.il/sous-vide-5/dumbbells/?sort=rating&order=ASC,2026-06-03 00:00:00,Duplicate without user-selected canonical
https://compassgrill.co.il/brand/eco-israel/שבבי-עץ-בוק-למעשנה-5-ליטר/,2026-06-03 00:00:00,Duplicate without user-selected canonical
https://compassgrill.co.il/gifts/מארז-פריסת-חלה-לשבת-קרש-סיסם-סכין-לחם-berox/,2026-06-03 00:00:00,Duplicate without user-selected canonical
https://compassgrill.co.il/grill-smoker-accessories/italian-basalt-premium-products/premium-italian-basalte-firebrick-30x30/?sort=p.model&order=DESC,2026-06-03 00:00:00,Duplicate without user-selected canonical
https://compassgrill.co.il/grill-smoker-accessories/wood-chips-and-chunks-for-smoking/שבבי-עץ-היקורי-למעשנה-5-ליטר/?category_id=97766&sort=pd.name&order=ASC,2026-06-03 00:00:00,Duplicate without user-selected canonical
https://compassgrill.co.il/טחונים-קפואים/angus-burger-220g-4-pcs-tray-chef-recipe-1/?category_id=125609,2026-06-03 00:00:00,Duplicate without user-selected canonical
https://compassgrill.co.il/טחונים-קפואים/angus-burger-220g-4-pcs-tray-chef-recipe-1/,2026-06-03 00:00:00,Duplicate without user-selected canonical
https://compassgrill.co.il/grill-smoker-accessories/wood-chips-and-chunks-for-smoking/שבבי-עץ-היקורי-למעשנה-5-ליטר/?sort=pd.name&order=ASC,2026-06-03 00:00:00,Duplicate without user-selected canonical
https://compassgrill.co.il/meat-aging-treatment/butcher-paper-sheets-brown-for-smoking-meat/?sort=rating&order=DESC,2026-06-03 00:00:00,Duplicate without user-selected canonical
https://compassgrill.co.il/grill-smoker-accessories/wood-chips-and-chunks-for-smoking/שבבי-עץ-היקורי-למעשנה-5-ליטר/?sort=price&order=ASC,2026-06-03 00:00:00,Duplicate without user-selected canonical
https://compassgrill.co.il/meat-aging-treatment/butcher-paper-sheets-brown-for-smoking-meat/?category_id=121072&sort=pd.name&order=ASC,2026-06-03 00:00:00,Duplicate without user-selected canonical
https://compassgrill.co.il/brand/eitan-meat-delicacies/premium-ground-beef-lamb-1kg-tray/,2026-06-03 00:00:00,Duplicate without user-selected canonical
https://compassgrill.co.il/gifts/מארז-פריסת-חלה-לשבת-קרש-סיסם-סכין-לחם-berox/?sort=pd.name&order=DESC,2026-06-03 00:00:00,Duplicate without user-selected canonical
https://compassgrill.co.il/brand/gorilla-grill/butcher-paper-sheets-brown-for-smoking-meat/,2026-06-03 00:00:00,Duplicate without user-selected canonical
https://compassgrill.co.il/gas-grills-1/gas-grill-charcoal-smoker-combo/pit-boss-lexington-charcoal-מעשנת-וגריל-פחמים-מקצועי/?category_id=108566&sort=pd.name&order=ASC,2026-06-03 00:00:00,Duplicate without user-selected canonical
https://compassgrill.co.il/eitan-meat-eilat/בשרים-קפואים/black-angus-feedlot-shoulder-roast-slice-5-1/?sort=p.model&order=DESC,2026-06-03 00:00:00,Duplicate without user-selected canonical
https://compassgrill.co.il/gas-grills-1/rubicon-modular-kitchen/?category_id=35202&sort=pd.name&order=DESC,2026-06-03 00:00:00,Duplicate without user-selected canonical
https://compassgrill.co.il/eitan-meat-eilat/thin-sliced-chicken-breast-1kg-1/?sort=price&order=ASC,2026-06-03 00:00:00,Duplicate without user-selected canonical
https://compassgrill.co.il/grill-smoker-accessories/wood-chips-and-chunks-for-smoking/שבבי-עץ-אלון-למעשנה-5-ליטר/?category_id=97766&sort=pd.name&order=ASC,2026-06-03 00:00:00,Duplicate without user-selected canonical
https://compassgrill.co.il/gas-grills-1/sportsman-3-1/?category_id=35202&sort=pd.name&order=DESC,2026-06-03 00:00:00,Duplicate without user-selected canonical
https://compassgrill.co.il/knives-and-accessories/premiumcut-steel-sharpening-stone-25cm-fine/?sort=price&order=ASC,2026-06-03 00:00:00,Duplicate without user-selected canonical
https://compassgrill.co.il/gas-grills-1/gas-grill-charcoal-smoker-combo/boretti-ibrido/?sort=p.model&order=DESC,2026-06-03 00:00:00,Duplicate without user-selected canonical
https://compassgrill.co.il/gas-grills-1/gas-grill-charcoal-smoker-combo/pit-boss-lexington-charcoal-מעשנת-וגריל-פחמים-מקצועי/?sort=pd.name&order=ASC,2026-06-03 00:00:00,Duplicate without user-selected canonical
https://compassgrill.co.il/gas-grills-1/gas-grill-charcoal-smoker-combo/boretti-ibrido/?category_id=108566&sort=p.model&order=DESC,2026-06-03 00:00:00,Duplicate without user-selected canonical
https://compassgrill.co.il/grill-smoker-accessories/wood-chips-and-chunks-for-smoking/שבבי-עץ-אלון-למעשנה-5-ליטר/?sort=pd.name&order=ASC,2026-06-03 00:00:00,Duplicate without user-selected canonical
https://compassgrill.co.il/smoker-tandoor/stainless-steel-skewer-wooden-handle-handcrafted-with-bronze-casting/?category_id=34515&sort=p.model&order=DESC,2026-06-03 00:00:00,Duplicate without user-selected canonical
https://compassgrill.co.il/grill-smoker-accessories/grease-bucket/?category_id=37972&sort=p.model&order=ASC,2026-06-03 00:00:00,Duplicate without user-selected canonical
https://compassgrill.co.il/grill-smoker-accessories/grease-bucket/?sort=p.model&order=ASC,2026-06-03 00:00:00,Duplicate without user-selected canonical
https://compassgrill.co.il/gas-grills-1/sportsman-3-1/?sort=pd.name&order=DESC,2026-06-03 00:00:00,Duplicate without user-selected canonical
https://compassgrill.co.il/grill-smoker-accessories/wood-chips-and-chunks-for-smoking/שבבי-עץ-מייפל-למעשנה-5-ליטר/?sort=pd.name&order=ASC,2026-06-03 00:00:00,Duplicate without user-selected canonical
https://compassgrill.co.il/butcher-kfar-saba/poultry-3/כרעיים-עוף-ארוז-שחיטת-הרב-מחפוד-אילת/?sort=pd.name&order=DESC,2026-06-03 00:00:00,Duplicate without user-selected canonical
https://compassgrill.co.il/grill-smoker-accessories/wood-chips-and-chunks-for-smoking/שבבי-עץ-בוק-למעשנה-5-ליטר/?category_id=97766&sort=pd.name&order=ASC,2026-06-03 00:00:00,Duplicate without user-selected canonical
https://compassgrill.co.il/grill-smoker-accessories/knives-and-accessories/giesser-knives/premiumcut-chef/?category_id=104927&sort=rating&order=ASC,2026-06-03 00:00:00,Duplicate without user-selected canonical
https://compassgrill.co.il/grill-smoker-accessories/grill-grate/?category_id=37972&sort=p.model&order=ASC,2026-06-03 00:00:00,Duplicate without user-selected canonical
https://compassgrill.co.il/butcher-kfar-saba/poultry-3/כרעיים-עוף-ארוז-שחיטת-הרב-מחפוד-אילת/?sort=p.model&order=ASC,2026-06-03 00:00:00,Duplicate without user-selected canonical
https://compassgrill.co.il/grill-smoker-accessories/grill-grate/?sort=p.model&order=ASC,2026-06-03 00:00:00,Duplicate without user-selected canonical
https://compassgrill.co.il/meat-aging-treatment/meat-accessories-tools/yakitori-skewers/?sort=p.sort_order&order=ASC,2026-06-03 00:00:00,Duplicate without user-selected canonical
https://compassgrill.co.il/meat-aging-treatment/meat-accessories-tools/yakitori-skewers/?category_id=121090&sort=p.sort_order&order=ASC,2026-06-03 00:00:00,Duplicate without user-selected canonical
https://compassgrill.co.il/butcher-kfar-saba/poultry-3/כרעיים-עוף-ארוז-שחיטת-הרב-מחפוד-אילת/?sort=rating&order=ASC,2026-06-03 00:00:00,Duplicate without user-selected canonical
https://compassgrill.co.il/grill-smoker-accessories/wood-chips-and-chunks-for-smoking/שבבי-עץ-בוק-למעשנה-5-ליטר/?sort=pd.name&order=ASC,2026-06-03 00:00:00,Duplicate without user-selected canonical
https://compassgrill.co.il/grill-smoker-accessories/knives-and-accessories/giesser-knives/premiumcut-chef/?sort=rating&order=ASC,2026-06-03 00:00:00,Duplicate without user-selected canonical
https://compassgrill.co.il/grill-smoker-accessories/knives-and-accessories/giesser-knives/premiumcut-slicer-31/?category_id=104927&sort=rating&order=ASC,2026-06-03 00:00:00,Duplicate without user-selected canonical
https://compassgrill.co.il/grill-smoker-accessories/knives-and-accessories/giesser-knives/premiumcut-carving-set/?sort=rating&order=ASC,2026-06-02 00:00:00,Duplicate without user-selected canonical
https://compassgrill.co.il/butcher-kfar-saba/frozen-ground-meat/angus-chorizo-1-1/?category_id=66897&sort=p.model&order=DESC,2026-06-02 00:00:00,Duplicate without user-selected canonical
https://compassgrill.co.il/butcher-kfar-saba/angus-feedlot-ribs-no-2-3kg/?category_id=66834&sort=pd.name&order=DESC,2026-06-02 00:00:00,Duplicate without user-selected canonical
https://compassgrill.co.il/butcher-kfar-saba/frozen-ground-meat/angus-chorizo-1-1/?category_id=66897&sort=price&order=ASC,2026-06-02 00:00:00,Duplicate without user-selected canonical
https://compassgrill.co.il/meat-aging-treatment/premiumcut-fork/?category_id=121072&sort=p.model&order=ASC,2026-06-02 00:00:00,Duplicate without user-selected canonical
https://compassgrill.co.il/grill-smoker-accessories/knives-and-accessories/giesser-knives/premiumcut-slicer-31/?sort=rating&order=ASC,2026-06-02 00:00:00,Duplicate without user-selected canonical
https://compassgrill.co.il/meat-aging-treatment/premiumcut-fork/?sort=p.model&order=ASC,2026-06-02 00:00:00,Duplicate without user-selected canonical
https://compassgrill.co.il/fresh-beef/premium-certified-entrecote-pairs-vacuum-packed-500g/?sort=rating&order=ASC,2026-06-02 00:00:00,Duplicate without user-selected canonical
https://compassgrill.co.il/gas-grills-1/rse625rsibpk-1-il-a/?category_id=35202&sort=pd.name&order=DESC,2026-06-02 00:00:00,Duplicate without user-selected canonical
https://compassgrill.co.il/butcher-kfar-saba/frozen-meat/stuffed-spleen-4-pcs-vacuum-packed/?category_id=66836&sort=pd.name&order=ASC,2026-06-02 00:00:00,Duplicate without user-selected canonical
https://compassgrill.co.il/gas-grills-1/6-burner-gas-grill/videro-g6-s/?sort=pd.name&order=DESC,2026-06-02 00:00:00,Duplicate without user-selected canonical
https://compassgrill.co.il/butcher-kfar-saba/frozen-meat/stuffed-spleen-4-pcs-vacuum-packed/?sort=pd.name&order=ASC,2026-06-02 00:00:00,Duplicate without user-selected canonical
https://compassgrill.co.il/brand/eco-israel/בוצ-ר-אנדגריין-אלון-45-פינות-מעוגלות-עם-תעלה/,2026-06-02 00:00:00,Duplicate without user-selected canonical
https://compassgrill.co.il/teperberg-wines/teperberg-vision-merlot-750ml/?category_id=70397&sort=rating&order=ASC,2026-06-02 00:00:00,Duplicate without user-selected canonical
https://compassgrill.co.il/grill-smoker-accessories/butcher-board/cutting-board-otto/?sort=p.model&order=ASC,2026-06-02 00:00:00,Duplicate without user-selected canonical
https://compassgrill.co.il/butcher-kfar-saba/frozen-meat/stuffed-spleen-4-pcs-vacuum-packed/?sort=p.model&order=ASC,2026-06-02 00:00:00,Duplicate without user-selected canonical
https://compassgrill.co.il/meat-aging-treatment/meat-accessories-tools/?sort=pd.name&order=DESC,2026-06-02 00:00:00,Duplicate without user-selected canonical
https://compassgrill.co.il/teperberg-wines/teperberg-vision-merlot-750ml/?sort=rating&order=ASC,2026-06-02 00:00:00,Duplicate without user-selected canonical
https://compassgrill.co.il/smoker-tandoor/stainless-steel-skewer-wooden-handle-handcrafted-with-bronze-casting/?sort=p.model&order=DESC,2026-06-02 00:00:00,Duplicate without user-selected canonical
https://compassgrill.co.il/grill-smoker-accessories/butcher-board/בוצ-ר-אנדגריין-אלון-עגול-40-ס-מ-עבודת-יד/?sort=p.sort_order&order=ASC,2026-06-02 00:00:00,Duplicate without user-selected canonical
https://compassgrill.co.il/grill-smoker-accessories/butcher-board/cutting-board-otto/?sort=pd.name&order=ASC,2026-06-02 00:00:00,Duplicate without user-selected canonical
https://compassgrill.co.il/grill-smoker-accessories/wood-chips-and-chunks-for-smoking/apricot-wood-smoking-chips/?sort=price&order=DESC,2026-06-02 00:00:00,Duplicate without user-selected canonical
https://compassgrill.co.il/grill-smoker-accessories/butcher-board/בוצ-ר-אנדגריין-אלון-30x40-עם-תעלה/?sort=p.sort_order&order=ASC,2026-06-02 00:00:00,Duplicate without user-selected canonical
https://compassgrill.co.il/frozen-ground-meat/homemade-romanian-kebab-140g-6-pieces-pack/?category_id=66897&sort=price&order=DESC,2026-06-02 00:00:00,Duplicate without user-selected canonical
https://compassgrill.co.il/frozen-ground-meat/homemade-romanian-kebab-140g-6-pieces-pack/?sort=price&order=DESC,2026-06-02 00:00:00,Duplicate without user-selected canonical
https://compassgrill.co.il/taboon-products-and-accessories/alfa-moderno-1/?sort=p.sort_order&order=ASC,2026-06-01 00:00:00,Duplicate without user-selected canonical
https://compassgrill.co.il/gas-grills-1/3-burner-gas-grill/caesar-rubicon-3/?category_id=108375&sort=price&order=DESC,2026-06-01 00:00:00,Duplicate without user-selected canonical
https://compassgrill.co.il/gas-grills-1/freestyle-425-gas-grill-with-infrared-side-burner-1/?sort=pd.name&order=DESC,2026-06-01 00:00:00,Duplicate without user-selected canonical
https://compassgrill.co.il/plates-for-serving/צלחת-מעץ-אשא-קוטר-20-ס-מ-דו-צדדית/?category_id=128868&sort=rating&order=ASC,2026-06-01 00:00:00,Duplicate without user-selected canonical
https://compassgrill.co.il/gas-grills-1/3-burner-gas-grill/addizio/?category_id=108375&sort=price&order=DESC,2026-06-01 00:00:00,Duplicate without user-selected canonical
https://compassgrill.co.il/tandoor-clay-cooking-tools/tandoor-roma-model/?sort=price&order=DESC,2026-06-01 00:00:00,Duplicate without user-selected canonical
https://compassgrill.co.il/gas-grills-1/3-burner-gas-grill/caesar-rubicon-3/?sort=price&order=DESC,2026-06-01 00:00:00,Duplicate without user-selected canonical
https://compassgrill.co.il/gas-grills-1/3-burner-gas-grill/sportsman-3-grill-with-cart/?category_id=108375&sort=rating&order=ASC,2026-06-01 00:00:00,Duplicate without user-selected canonical
https://compassgrill.co.il/frozen-meat/molard/?sort=p.model&order=DESC,2026-06-01 00:00:00,Duplicate without user-selected canonical
https://compassgrill.co.il/garden-firepits-and-decor/hampton/?category_id=95012&sort=rating&order=ASC,2026-06-01 00:00:00,Duplicate without user-selected canonical
https://compassgrill.co.il/grill-smoker-accessories/knives-and-accessories/סכין-בשר-26-ס-מ-להב-גבוה-dick-ergogrip/?category_id=35161&sort=p.model&order=ASC,2026-06-01 00:00:00,Duplicate without user-selected canonical
https://compassgrill.co.il/garden-firepits-and-decor/hampton/?sort=rating&order=ASC,2026-06-01 00:00:00,Duplicate without user-selected canonical
https://compassgrill.co.il/garden-firepits-and-decor/capertee/?category_id=95012&sort=rating&order=ASC,2026-06-01 00:00:00,Duplicate without user-selected canonical
https://compassgrill.co.il/gas-grills-1/sportsman-3-1/?sort=rating&order=DESC,2026-06-01 00:00:00,Duplicate without user-selected canonical
https://compassgrill.co.il/gas-grills-1/3-burner-gas-grill/addizio/?category_id=108375&sort=rating&order=ASC,2026-06-01 00:00:00,Duplicate without user-selected canonical
https://compassgrill.co.il/gas-grills-1/3-burner-gas-grill/caesar-rubicon-3/?category_id=108375&sort=rating&order=ASC,2026-06-01 00:00:00,Duplicate without user-selected canonical
https://compassgrill.co.il/garden-firepits-and-decor/capertee/?sort=rating&order=ASC,2026-06-01 00:00:00,Duplicate without user-selected canonical
https://compassgrill.co.il/eitan-meat-eilat/?sort=rating&order=DESC,2026-06-01 00:00:00,Duplicate without user-selected canonical
https://compassgrill.co.il/eitan-meat-eilat/?sort=pd.name&order=DESC,2026-06-01 00:00:00,Duplicate without user-selected canonical
https://compassgrill.co.il/garden-firepits-and-decor/?sort=rating&order=ASC,2026-06-01 00:00:00,Duplicate without user-selected canonical
https://compassgrill.co.il/smoker-tandoor/pellet-smokers/pit-boss-austin-xl-onyx-מעשנת-וגריל-פלט-מקצועי/?sort=p.model&order=ASC,2026-06-01 00:00:00,Duplicate without user-selected canonical
https://compassgrill.co.il/gas-grills-1/3-burner-gas-grill/caesar-rubicon-3/?sort=rating&order=ASC,2026-06-01 00:00:00,Duplicate without user-selected canonical
https://compassgrill.co.il/frozen-meat/חזה-אווז-ארוז-בוואקום/?sort=price&order=ASC,2026-06-01 00:00:00,Duplicate without user-selected canonical
https://compassgrill.co.il/grill-smoker-accessories/wood-chips-and-chunks-for-smoking/apricot-wood-smoking-chips/?category_id=97766&sort=price&order=DESC,2026-06-01 00:00:00,Duplicate without user-selected canonical
https://compassgrill.co.il/grill-smoker-accessories/knives-and-accessories/סכין-בשר-26-ס-מ-להב-גבוה-dick-ergogrip/?sort=p.model&order=ASC,2026-06-01 00:00:00,Duplicate without user-selected canonical
https://compassgrill.co.il/smoker-tandoor/tailgater-pellet-smoker/?sort=p.sort_order&order=ASC,2026-06-01 00:00:00,Duplicate without user-selected canonical
https://compassgrill.co.il/gifts/מארז-מתנה-לגבר-בוצ-ר-עץ-אלון-סכין-שף-dick/?sort=price&order=ASC,2026-06-01 00:00:00,Duplicate without user-selected canonical
https://compassgrill.co.il/gas-grills-1/3-burner-gas-grill/sportsman-3-grill-with-cart/?sort=rating&order=ASC,2026-06-01 00:00:00,Duplicate without user-selected canonical
https://compassgrill.co.il/smoker-tandoor/pellet-smokers/pit-boss-austin-xl-onyx-מעשנת-וגריל-פלט-מקצועי/?sort=pd.name&order=ASC,2026-06-01 00:00:00,Duplicate without user-selected canonical
https://compassgrill.co.il/grill-smokers-tandoor/charcoal-grill-with-legs-for-8-skewers-foldable-with-bag/?category_id=97703&sort=price&order=ASC,2026-06-01 00:00:00,Duplicate without user-selected canonical
https://compassgrill.co.il/grill-smokers-tandoor/charcoal-grill-with-legs-for-8-skewers-foldable-with-bag/?category_id=97703&sort=p.model&order=ASC,2026-06-01 00:00:00,Duplicate without user-selected canonical
https://compassgrill.co.il/grill-smokers-tandoor/charcoal-grill-with-legs-for-8-skewers-foldable-with-bag/?category_id=97703&sort=price&order=DESC,2026-06-01 00:00:00,Duplicate without user-selected canonical
https://compassgrill.co.il/frozen-ground-meat/cinnamon-kebab-on-stick-55g-12-pcs-tray/?category_id=66897&sort=rating&order=ASC,2026-06-01 00:00:00,Duplicate without user-selected canonical
https://compassgrill.co.il/giesser-knives/premiumcut-steel-sharpening-stone-25cm-fine/?sort=pd.name&order=DESC,2026-06-01 00:00:00,Duplicate without user-selected canonical
https://compassgrill.co.il/frozen-meat/חזה-אווז-ארוז-בוואקום/?category_id=66836&sort=price&order=ASC,2026-06-01 00:00:00,Duplicate without user-selected canonical
https://compassgrill.co.il/grill-smoker-accessories/cast-iron-tools-plov-cooking/cast-iron-meat-holder-wooden-base-for-cuts/,2026-06-01 00:00:00,Duplicate without user-selected canonical
https://compassgrill.co.il/eitan-meat-eilat/teperberg-wines/teperberg-impression-cabernet-sauvignon-750ml/?sort=rating&order=DESC,2026-06-01 00:00:00,Duplicate without user-selected canonical
https://compassgrill.co.il/eitan-meat-eilat/frozen-ground-meat/veal-lamb-kebab-140g-6-pcs-pack/?category_id=66897&sort=price&order=ASC,2026-06-01 00:00:00,Duplicate without user-selected canonical
https://compassgrill.co.il/5-burner-gas-grill/ultimate-griddle-5/,2026-06-01 00:00:00,Duplicate without user-selected canonical
https://compassgrill.co.il/garden-firepits-and-decor/capertee/?category_id=95012&sort=price&order=DESC,2026-06-01 00:00:00,Duplicate without user-selected canonical
https://compassgrill.co.il/eitan-meat-eilat/עופות-קפוא/frozen-chicken-shawarma-1kg-1/?category_id=125608&sort=p.model&order=DESC,2026-05-31 00:00:00,Duplicate without user-selected canonical
https://compassgrill.co.il/gas-grills-1/freestyle-425-gas-grill-with-infrared-side-burner-1/?category_id=35202&sort=pd.name&order=DESC,2026-05-31 00:00:00,Duplicate without user-selected canonical
https://compassgrill.co.il/eitan-meat-eilat/עופות-קפוא/frozen-chicken-shawarma-1kg-1/?sort=p.model&order=DESC,2026-05-31 00:00:00,Duplicate without user-selected canonical
https://compassgrill.co.il/garden-firepits-and-decor/hampton/?category_id=95012&sort=price&order=DESC,2026-05-31 00:00:00,Duplicate without user-selected canonical
https://compassgrill.co.il/eitan-meat-eilat/עופות-קפוא/כבד-אווז-קפוא-ארוז-פרימיום-copy-0-1/?category_id=125608&sort=p.model&order=DESC,2026-05-31 00:00:00,Duplicate without user-selected canonical
https://compassgrill.co.il/meat-vending-machine-24-7/?sort=p.model&order=DESC,2026-05-31 00:00:00,Duplicate without user-selected canonical
https://compassgrill.co.il/garden-firepits-and-decor/hampton/?sort=price&order=DESC,2026-05-31 00:00:00,Duplicate without user-selected canonical
https://compassgrill.co.il/garden-firepits-and-decor/capertee/?sort=price&order=DESC,2026-05-31 00:00:00,Duplicate without user-selected canonical
https://compassgrill.co.il/butcher-kfar-saba/poultry-3/לבבות-עוף-ארוז-קפוא-copy-1/?category_id=105748&sort=pd.name&order=DESC,2026-05-31 00:00:00,Duplicate without user-selected canonical
https://compassgrill.co.il/gas-grills-1/f365dsibpgt-il/?sort=pd.name&order=DESC,2026-05-31 00:00:00,Duplicate without user-selected canonical
https://compassgrill.co.il/fresh-beef/angus-feedlot-ribs-no-2-3kg/?category_id=66835,2026-05-31 00:00:00,Duplicate without user-selected canonical
https://compassgrill.co.il/meat-aging-treatment/premiumcut-chef/?category_id=121072&sort=p.model&order=ASC,2026-05-31 00:00:00,Duplicate without user-selected canonical
https://compassgrill.co.il/butcher-kfar-saba/poultry-3/לבבות-עוף-ארוז-קפוא-copy-1/?sort=pd.name&order=DESC,2026-05-31 00:00:00,Duplicate without user-selected canonical
https://compassgrill.co.il/grill-smoker-accessories/butcher-board/?sort=price&order=ASC,2026-05-31 00:00:00,Duplicate without user-selected canonical
https://compassgrill.co.il/meat-aging-treatment/premiumcut-chef/?sort=p.model&order=ASC,2026-05-31 00:00:00,Duplicate without user-selected canonical
https://compassgrill.co.il/meat-aging-treatment/premiumcut-barbecue-30/?category_id=121072&sort=p.model&order=ASC,2026-05-31 00:00:00,Duplicate without user-selected canonical
https://compassgrill.co.il/smoker-tandoor/pellet-smokers/pit-boss-austin-xl-onyx-מעשנת-וגריל-פלט-מקצועי/?category_id=34516&sort=p.sort_order&order=ASC,2026-05-31 00:00:00,Duplicate without user-selected canonical
https://compassgrill.co.il/grill-smoker-accessories/butcher-board/cutting-board-otto/?sort=price&order=DESC,2026-05-31 00:00:00,Duplicate without user-selected canonical
https://compassgrill.co.il/eitan-meat-eilat/בשרים-קפואים/sliced-calf-leg-6-8-pcs-vacuum-packed-1/?category_id=125607&sort=p.sort_order&order=ASC,2026-05-31 00:00:00,Duplicate without user-selected canonical
https://compassgrill.co.il/meat-aging-treatment/premiumcut-carving-set/?category_id=121072&sort=p.model&order=ASC,2026-05-31 00:00:00,Duplicate without user-selected canonical
https://compassgrill.co.il/meat-aging-treatment/premiumcut-carving-set/?sort=p.model&order=ASC,2026-05-31 00:00:00,Duplicate without user-selected canonical
https://compassgrill.co.il/cast-iron-cooking-tools/striped-pan-with-wooden-handle-cast-spout/?category_id=35280&sort=pd.name&order=ASC,2026-05-31 00:00:00,Duplicate without user-selected canonical
https://compassgrill.co.il/grill-smoker-accessories/wood-chips-and-chunks-for-smoking/apricot-wood-smoking-chips/,2026-05-31 00:00:00,Duplicate without user-selected canonical
https://compassgrill.co.il/meat-aging-treatment/meat-accessories-tools/premiumcut-filet/?category_id=121090&sort=rating&order=ASC,2026-05-31 00:00:00,Duplicate without user-selected canonical
https://compassgrill.co.il/knives-and-accessories/premiumcut-3-piece-set/?sort=p.model&order=ASC,2026-05-31 00:00:00,Duplicate without user-selected canonical
https://compassgrill.co.il/meat-aging-treatment/meat-accessories-tools/premiumcut-filet/?sort=rating&order=ASC,2026-05-31 00:00:00,Duplicate without user-selected canonical
https://compassgrill.co.il/fresh-beef/angus-feedlot-ribs-no-2-3kg/?sort=price&order=ASC,2026-05-31 00:00:00,Duplicate without user-selected canonical
https://compassgrill.co.il/eitan-meat-eilat/בשרים-קפואים/sliced-calf-leg-6-8-pcs-vacuum-packed-1/?sort=p.sort_order&order=ASC,2026-05-31 00:00:00,Duplicate without user-selected canonical
https://compassgrill.co.il/eitan-meat-eilat/frozen-ground-meat/veal-lamb-kebab-140g-6-pcs-pack/?category_id=66897,2026-05-31 00:00:00,Duplicate without user-selected canonical
https://compassgrill.co.il/fresh-beef/angus-feedlot-ribs-no-2-3kg/,2026-05-31 00:00:00,Duplicate without user-selected canonical
https://compassgrill.co.il/eitan-meat-eilat/?sort=p.sort_order&order=ASC,2026-05-31 00:00:00,Duplicate without user-selected canonical
https://compassgrill.co.il/grill-smoker-accessories/wood-chips-and-chunks-for-smoking/שבבי-עץ-היקורי-למעשנה-5-ליטר/?category_id=97766&sort=p.sort_order&order=ASC,2026-05-31 00:00:00,Duplicate without user-selected canonical
https://compassgrill.co.il/butcher-kfar-saba/poultry-3/לבבות-עוף-ארוז-קפוא-copy-1/?category_id=105748&sort=price&order=DESC,2026-05-31 00:00:00,Duplicate without user-selected canonical
https://compassgrill.co.il/butcher-kfar-saba/poultry-3/שוקיים-עוף-ארוז-מחפוד/?category_id=105748&sort=price&order=DESC,2026-05-31 00:00:00,Duplicate without user-selected canonical
https://compassgrill.co.il/butcher-kfar-saba/poultry-3/כרעיים-עוף-ארוז-שחיטת-הרב-מחפוד-אילת/?category_id=105748&sort=price&order=DESC,2026-05-31 00:00:00,Duplicate without user-selected canonical
https://compassgrill.co.il/butcher-kfar-saba/poultry-3/שוקיים-עוף-ארוז-מחפוד/?sort=price&order=DESC,2026-05-31 00:00:00,Duplicate without user-selected canonical
https://compassgrill.co.il/grill-smoker-accessories/wood-chips-and-chunks-for-smoking/שבבי-עץ-בוק-למעשנה-5-ליטר/?category_id=97766&sort=p.sort_order&order=ASC,2026-05-31 00:00:00,Duplicate without user-selected canonical
https://compassgrill.co.il/gifts/מתנה-ממותגת-ליום-הולדת-בוצ-ר-אלון-סכין-שף-dick/?sort=price&order=ASC,2026-05-31 00:00:00,Duplicate without user-selected canonical
https://compassgrill.co.il/gas-grills-1/rubicon-modular-kitchen/?sort=pd.name&order=DESC,2026-05-31 00:00:00,Duplicate without user-selected canonical
https://compassgrill.co.il/butcher-kfar-saba/poultry-3/כרעיים-עוף-ארוז-copy-2/?category_id=105748&sort=price&order=DESC,2026-05-31 00:00:00,Duplicate without user-selected canonical
https://compassgrill.co.il/eitan-meat-eilat/frozen-ground-meat/veal-lamb-kebab-140g-6-pcs-pack/?sort=pd.name&order=ASC,2026-05-31 00:00:00,Duplicate without user-selected canonical
https://compassgrill.co.il/butcher-kfar-saba/poultry-3/לבבות-עוף-ארוז-קפוא-copy-1/?sort=price&order=DESC,2026-05-30 00:00:00,Duplicate without user-selected canonical
https://compassgrill.co.il/grill-smoker-accessories/wood-chips-and-chunks-for-smoking/שבבי-עץ-מייפל-למעשנה-5-ליטר/?category_id=97766&sort=p.sort_order&order=ASC,2026-05-30 00:00:00,Duplicate without user-selected canonical
https://compassgrill.co.il/butcher-kfar-saba/poultry-3/כרעיים-עוף-ארוז-copy-2/?sort=price&order=DESC,2026-05-30 00:00:00,Duplicate without user-selected canonical
https://compassgrill.co.il/grill-smoker-accessories/wood-chips-and-chunks-for-smoking/שבבי-עץ-אלון-למעשנה-5-ליטר/?category_id=97766&sort=p.sort_order&order=ASC,2026-05-30 00:00:00,Duplicate without user-selected canonical
https://compassgrill.co.il/grill-smoker-accessories/wood-chips-and-chunks-for-smoking/שבבי-עץ-בוק-למעשנה-5-ליטר/?sort=p.sort_order&order=ASC,2026-05-30 00:00:00,Duplicate without user-selected canonical
https://compassgrill.co.il/brand/berox/סכין-שף-חלקה-ידית-שחורה-21-ס-מ-berox/,2026-05-30 00:00:00,Duplicate without user-selected canonical
https://compassgrill.co.il/grill-smoker-accessories/wood-chips-and-chunks-for-smoking/שבבי-עץ-היקורי-למעשנה-5-ליטר/?sort=p.sort_order&order=ASC,2026-05-30 00:00:00,Duplicate without user-selected canonical
https://compassgrill.co.il/grill-smoker-accessories/wood-chips-and-chunks-for-smoking/שבבי-עץ-אלון-למעשנה-5-ליטר/?sort=p.sort_order&order=ASC,2026-05-30 00:00:00,Duplicate without user-selected canonical
https://compassgrill.co.il/grill-smoker-accessories/wood-chips-and-chunks-for-smoking/שבבי-עץ-מייפל-למעשנה-5-ליטר/?sort=p.sort_order&order=ASC,2026-05-30 00:00:00,Duplicate without user-selected canonical
https://compassgrill.co.il/plates-for-serving/צלחת-פיצה-אשא-קוטר-30-ס-מ/?category_id=128868&sort=rating&order=DESC,2026-05-30 00:00:00,Duplicate without user-selected canonical
https://compassgrill.co.il/plates-for-serving/צלחת-פיצה-אשא-קוטר-30-ס-מ/?sort=rating&order=DESC,2026-05-30 00:00:00,Duplicate without user-selected canonical
https://compassgrill.co.il/grill-smoker-accessories/knives-and-accessories/premiumcut-3-piece-set/?sort=p.model&order=DESC,2026-05-30 00:00:00,Duplicate without user-selected canonical
https://compassgrill.co.il/taboon-products-and-accessories/alfa-moderno-1/?sort=pd.name&order=ASC,2026-05-30 00:00:00,Duplicate without user-selected canonical
https://compassgrill.co.il/grill-smoker-accessories/knives-and-accessories/premiumcut-3-piece-set/?sort=price&order=ASC,2026-05-30 00:00:00,Duplicate without user-selected canonical
https://compassgrill.co.il/smoker-tandoor/pellet-smokers/pit-boss-austin-xl-onyx-מעשנת-וגריל-פלט-מקצועי/?sort=rating&order=ASC,2026-05-30 00:00:00,Duplicate without user-selected canonical
https://compassgrill.co.il/grill-smoker-accessories/plates-for-serving/קרש-חיתוך-סיסם-ארוך-עם-ידית-60-20/?category_id=128868&sort=rating&order=DESC,2026-05-30 00:00:00,Duplicate without user-selected canonical
https://compassgrill.co.il/fresh-beef/angus-feedlot-ribs-no-2-3kg/?category_id=66835&sort=pd.name&order=DESC,2026-05-30 00:00:00,Duplicate without user-selected canonical
https://compassgrill.co.il/meat-aging-treatment/meat-accessories-tools/premiumcut-filet/?category_id=121090&sort=pd.name&order=DESC,2026-05-30 00:00:00,Duplicate without user-selected canonical
https://compassgrill.co.il/meat-aging-treatment/meat-accessories-tools/premiumcut-filet/?sort=pd.name&order=DESC,2026-05-30 00:00:00,Duplicate without user-selected canonical
https://compassgrill.co.il/sous-vide-5/dumbbells/?category_id=70271&sort=rating&order=DESC,2026-05-30 00:00:00,Duplicate without user-selected canonical
https://compassgrill.co.il/smoker-tandoor/pellet-smokers/pit-boss-austin-xl-onyx-מעשנת-וגריל-פלט-מקצועי/?category_id=34516&sort=price&order=ASC,2026-05-30 00:00:00,Duplicate without user-selected canonical
https://compassgrill.co.il/gifts/שמן-טבעי-לעץ-100-מ-ל-להגנה-וחידוש-קרשי-חיתוך-ובוצ-רים/?category_id=128869&sort=p.sort_order&order=ASC,2026-05-30 00:00:00,Duplicate without user-selected canonical
https://compassgrill.co.il/smoker-tandoor/pellet-smokers/pit-boss-austin-xl-onyx-מעשנת-וגריל-פלט-מקצועי/?sort=price&order=ASC,2026-05-30 00:00:00,Duplicate without user-selected canonical
https://compassgrill.co.il/grill-smoker-accessories/butcher-board/קרש-חיתוך-סיסם-אירופאי-המלח-פלפל-30-45/?sort=price&order=ASC,2026-05-30 00:00:00,Duplicate without user-selected canonical
https://compassgrill.co.il/gifts/שמן-טבעי-לעץ-100-מ-ל-להגנה-וחידוש-קרשי-חיתוך-ובוצ-רים/?sort=p.sort_order&order=ASC,2026-05-30 00:00:00,Duplicate without user-selected canonical
https://compassgrill.co.il/taboon-products-and-accessories/alfa-moderno-1/?category_id=35145,2026-05-30 00:00:00,Duplicate without user-selected canonical
https://compassgrill.co.il/eitan-meat-eilat/עופות-קפוא/כבד-אווז-קפוא-ארוז-פרימיום-copy-0-1/?sort=rating&order=DESC,2026-05-30 00:00:00,Duplicate without user-selected canonical
https://compassgrill.co.il/gas-grills-1/4-burner-gas-grill/ligorio-top/?sort=rating&order=DESC,2026-05-30 00:00:00,Duplicate without user-selected canonical
https://compassgrill.co.il/meat-aging-treatment/butchers-paper-roll/,2026-05-30 00:00:00,Duplicate without user-selected canonical
https://compassgrill.co.il/taboon-products-and-accessories/alfa-moderno-1/,2026-05-30 00:00:00,Duplicate without user-selected canonical
https://compassgrill.co.il/grill-smoker-accessories/knives-and-accessories/סכין-בשר-26-ס-מ-להב-גבוה-dick-ergogrip/?category_id=35161&sort=price&order=DESC,2026-05-29 00:00:00,Duplicate without user-selected canonical
https://compassgrill.co.il/grill-smoker-accessories/שקיות-יישון-בשר-25-50-ס-מ-4-יחידות-umai-dry/?sort=rating&order=DESC,2026-05-29 00:00:00,Duplicate without user-selected canonical
https://compassgrill.co.il/grill-smoker-accessories/knives-and-accessories/סכין-שף-21-ס-מ-berox/?category_id=35161&sort=price&order=DESC,2026-05-29 00:00:00,Duplicate without user-selected canonical
https://compassgrill.co.il/grill-smoker-accessories/knives-and-accessories/סכין-שף-חלקה-ידית-שחורה-21-ס-מ-berox/?category_id=35161&sort=pd.name&order=DESC,2026-05-29 00:00:00,Duplicate without user-selected canonical
https://compassgrill.co.il/meat-aging-refrigerators-products/שקיות-יישון-בשר-25-50-ס-מ-4-יחידות-umai-dry/?category_id=35146&sort=rating&order=ASC,2026-05-29 00:00:00,Duplicate without user-selected canonical
https://compassgrill.co.il/grill-smoker-accessories/knives-and-accessories/סכין-בשר-חריצים-26-ס-מ-להב-גבוה-dick-ergogrip/?category_id=35161&sort=price&order=DESC,2026-05-29 00:00:00,Duplicate without user-selected canonical
https://compassgrill.co.il/grill-smoker-accessories/knives-and-accessories/סכין-סנטוקו-מחוזקת-חריצים-18-ס-מ-berox/?sort=price&order=DESC,2026-05-29 00:00:00,Duplicate without user-selected canonical
https://compassgrill.co.il/gas-grills-1/rxt365sibpk-1-il/?sort=pd.name&order=DESC,2026-05-29 00:00:00,Duplicate without user-selected canonical
https://compassgrill.co.il/grill-smoker-accessories/knives-and-accessories/סכין-בשר-חריצים-26-ס-מ-להב-גבוה-dick-ergogrip/?sort=price&order=DESC,2026-05-29 00:00:00,Duplicate without user-selected canonical
https://compassgrill.co.il/grill-smoker-accessories/plates-for-serving/צלחת-3-תאים-מעץ-אשא-קוטר-25-ס-מ/?category_id=128868&sort=price&order=ASC,2026-05-29 00:00:00,Duplicate without user-selected canonical
https://compassgrill.co.il/grill-smoker-accessories/knives-and-accessories/סכין-שף-21-ס-מ-berox/?sort=price&order=DESC,2026-05-29 00:00:00,Duplicate without user-selected canonical
https://compassgrill.co.il/meat-aging-treatment/premiumcut-filet/?category_id=121072&sort=p.model&order=ASC,2026-05-29 00:00:00,Duplicate without user-selected canonical
https://compassgrill.co.il/eitan-meat-eilat/עופות-קפוא/כבד-אווז-קפוא-ארוז-פרימיום-copy-0-1/?category_id=125608&sort=rating&order=DESC,2026-05-29 00:00:00,Duplicate without user-selected canonical
https://compassgrill.co.il/grill-smoker-accessories/knives-and-accessories/סכין-שף-חלקה-ידית-שחורה-21-ס-מ-berox/?sort=pd.name&order=DESC,2026-05-29 00:00:00,Duplicate without user-selected canonical
https://compassgrill.co.il/meat-aging-treatment/premiumcut-filet/?sort=p.model&order=ASC,2026-05-29 00:00:00,Duplicate without user-selected canonical
https://compassgrill.co.il/butcher-kfar-saba/poultry-3/שוקיים-עוף-ארוז-מחפוד/?category_id=105748&sort=pd.name&order=DESC,2026-05-29 00:00:00,Duplicate without user-selected canonical
https://compassgrill.co.il/grill-smoker-accessories/knives-and-accessories/סכין-בשר-26-ס-מ-להב-גבוה-dick-ergogrip/?sort=price&order=DESC,2026-05-29 00:00:00,Duplicate without user-selected canonical
https://compassgrill.co.il/grill-smoker-accessories/butcher-board/קרש-חיתוך-אשא-25-35-עם-תעלה/?category_id=128801&sort=p.model&order=ASC,2026-05-29 00:00:00,Duplicate without user-selected canonical
https://compassgrill.co.il/butcher-kfar-saba/poultry-3/כרעיים-עוף-ארוז-שחיטת-הרב-מחפוד-אילת/?category_id=105748&sort=pd.name&order=DESC,2026-05-29 00:00:00,Duplicate without user-selected canonical
https://compassgrill.co.il/meat-aging-treatment/premiumcut-barbecue-30/?sort=p.model&order=ASC,2026-05-29 00:00:00,Duplicate without user-selected canonical
https://compassgrill.co.il/grill-smoker-accessories/meat-aging-refrigerators-products/שקיות-יישון-בשר-25-50-ס-מ-4-יחידות-umai-dry/,2026-05-29 00:00:00,Duplicate without user-selected canonical
https://compassgrill.co.il/meat-aging-treatment/sauce-pan-with-brush/?sort=p.model&order=ASC,2026-05-29 00:00:00,Duplicate without user-selected canonical
https://compassgrill.co.il/grill-smokers-tandoor/charcoal-professional/?category_id=97703&sort=p.sort_order&order=ASC,2026-05-29 00:00:00,Duplicate without user-selected canonical
https://compassgrill.co.il/grill-smoker-accessories/butcher-board/שמן-טבעי-לעץ-100-מ-ל-להגנה-וחידוש-קרשי-חיתוך-ובוצ-רים/?category_id=128801&sort=p.model&order=ASC,2026-05-29 00:00:00,Duplicate without user-selected canonical
https://compassgrill.co.il/grill-smoker-accessories/butcher-board/בוצ-ר-אנדגריין-אלון-30x40-עם-תעלה/?category_id=128801&sort=p.model&order=ASC,2026-05-29 00:00:00,Duplicate without user-selected canonical
https://compassgrill.co.il/grill-smoker-accessories/butcher-board/butcher-cutting-board/?category_id=128801&sort=p.model&order=ASC,2026-05-29 00:00:00,Duplicate without user-selected canonical
https://compassgrill.co.il/grill-smoker-accessories/butcher-board/בוצ-ר-אנדגריין-מייפל-25-40-ללא-תעלה/?category_id=128801&sort=p.model&order=ASC,2026-05-29 00:00:00,Duplicate without user-selected canonical
https://compassgrill.co.il/gifts/מארז-לחג-בוצ-ר-עץ-אלון-סכין-שף-berox/,2026-05-29 00:00:00,Duplicate without user-selected canonical
https://compassgrill.co.il/taboon-products-and-accessories/alfa-moderno-1/?category_id=35145&sort=p.sort_order&order=ASC,2026-05-29 00:00:00,Duplicate without user-selected canonical
https://compassgrill.co.il/grill-smoker-accessories/butcher-board/קרש-חיתוך-אשא-25-35-עם-תעלה/?sort=p.model&order=ASC,2026-05-29 00:00:00,Duplicate without user-selected canonical
https://compassgrill.co.il/grill-smoker-accessories/butcher-board/בוצ-ר-אנדגריין-אלון-45-ריבוע-עם-תעלה-דגם-king-size/?category_id=128801&sort=p.sort_order&order=ASC,2026-05-29 00:00:00,Duplicate without user-selected canonical
https://compassgrill.co.il/grill-smoker-accessories/butcher-board/butcher-cutting-board/?category_id=128801&sort=p.sort_order&order=ASC,2026-05-29 00:00:00,Duplicate without user-selected canonical
https://compassgrill.co.il/grill-smoker-accessories/butcher-board/קרש-חיתוך-אלון-עם-ידית-35-20/?category_id=128801&sort=p.sort_order&order=ASC,2026-05-29 00:00:00,Duplicate without user-selected canonical
https://compassgrill.co.il/smoker-tandoor/pellet-smokers/pit-boss-austin-xl-onyx-מעשנת-וגריל-פלט-מקצועי/?sort=p.sort_order&order=ASC,2026-05-29 00:00:00,Duplicate without user-selected canonical
https://compassgrill.co.il/grill-smoker-accessories/butcher-board/בוצ-ר-אנדגריין-אלון-25-40-ללא-תעלה/?category_id=128801&sort=p.model&order=ASC,2026-05-29 00:00:00,Duplicate without user-selected canonical
https://compassgrill.co.il/grill-smoker-accessories/butcher-board/בוצ-ר-אנדגריין-אלון-30x40-עם-תעלה/?category_id=128801&sort=p.sort_order&order=ASC,2026-05-29 00:00:00,Duplicate without user-selected canonical
https://compassgrill.co.il/gifts/מארז-לחג-בוצ-ר-עץ-אלון-סכין-שף-berox/?sort=price&order=ASC,2026-05-29 00:00:00,Duplicate without user-selected canonical
https://compassgrill.co.il/grill-smoker-accessories/butcher-board/קרש-חיתוך-אשא-25-35-עם-תעלה/?category_id=128801&sort=p.sort_order&order=ASC,2026-05-29 00:00:00,Duplicate without user-selected canonical
https://compassgrill.co.il/grill-smoker-accessories/butcher-board/קרש-חיתוך-אשא-20-30-עם-תעלה/?category_id=128801&sort=p.sort_order&order=ASC,2026-05-29 00:00:00,Duplicate without user-selected canonical
https://compassgrill.co.il/grill-smoker-accessories/butcher-board/בוצ-ר-אנדגריין-אלון-25-40-ללא-תעלה/?category_id=128801&sort=p.sort_order&order=ASC,2026-05-29 00:00:00,Duplicate without user-selected canonical
https://compassgrill.co.il/grill-smoker-accessories/butcher-board/בוצ-ר-אנדגריין-אלון-20x35-עם-תעלה/?category_id=128801&sort=p.sort_order&order=ASC,2026-05-29 00:00:00,Duplicate without user-selected canonical
https://compassgrill.co.il/grill-smoker-accessories/butcher-board/קרש-חיתוך-אלון-עם-ידית-35-20/?sort=p.sort_order&order=ASC,2026-05-29 00:00:00,Duplicate without user-selected canonical
https://compassgrill.co.il/grill-smoker-accessories/butcher-board/שמן-טבעי-לעץ-100-מ-ל-להגנה-וחידוש-קרשי-חיתוך-ובוצ-רים/?category_id=128801&sort=p.sort_order&order=ASC,2026-05-29 00:00:00,Duplicate without user-selected canonical
https://compassgrill.co.il/smoker-tandoor/stainless-steel-charcoal-grill-for-6-skewers-foldable-with-bag/?sort=p.model&order=DESC,2026-05-29 00:00:00,Duplicate without user-selected canonical
https://compassgrill.co.il/grill-smoker-accessories/butcher-board/בוצ-ר-אנדגריין-אלון-25-40-ללא-תעלה/?sort=p.model&order=ASC,2026-05-29 00:00:00,Duplicate without user-selected canonical
https://compassgrill.co.il/grill-smokers-tandoor/charcoal-grill-smokers-tandoor/stainless-steel-charcoal-grill-for-6-skewers-foldable-with-bag/?sort=price&order=DESC,2026-05-29 00:00:00,Duplicate without user-selected canonical
https://compassgrill.co.il/grill-smoker-accessories/butcher-board/בוצ-ר-אנדגריין-אלון-30x40-עם-תעלה/?category_id=128801&sort=pd.name&order=ASC,2026-05-29 00:00:00,Duplicate without user-selected canonical
https://compassgrill.co.il/grill-smoker-accessories/butcher-board/בוצ-ר-אנדגריין-אלון-20x35-עם-תעלה/?sort=p.sort_order&order=ASC,2026-05-29 00:00:00,Duplicate without user-selected canonical
https://compassgrill.co.il/grill-smoker-accessories/butcher-board/cutting-board-otto/?category_id=128801&sort=p.sort_order&order=ASC,2026-05-29 00:00:00,Duplicate without user-selected canonical
https://compassgrill.co.il/grill-smoker-accessories/butcher-board/שמן-טבעי-לעץ-100-מ-ל-להגנה-וחידוש-קרשי-חיתוך-ובוצ-רים/?sort=p.sort_order&order=ASC,2026-05-29 00:00:00,Duplicate without user-selected canonical
https://compassgrill.co.il/grill-smoker-accessories/butcher-board/בוצ-ר-אנדגריין-מייפל-25-40-ללא-תעלה/?category_id=128801&sort=p.sort_order&order=ASC,2026-05-29 00:00:00,Duplicate without user-selected canonical
https://compassgrill.co.il/plates-for-serving/?sort=p.model&order=DESC,2026-05-29 00:00:00,Duplicate without user-selected canonical
https://compassgrill.co.il/grill-smoker-accessories/butcher-board/קרש-חיתוך-אשא-25-35-עם-תעלה/?sort=p.sort_order&order=ASC,2026-05-29 00:00:00,Duplicate without user-selected canonical
https://compassgrill.co.il/grill-smoker-accessories/plates-for-serving/צלחת-מעץ-אשא-קוטר-25-ס-מ/?category_id=128868&sort=pd.name&order=DESC,2026-05-29 00:00:00,Duplicate without user-selected canonical
https://compassgrill.co.il/grill-smoker-accessories/butcher-board/בוצ-ר-אנדגריין-מייפל-25-40-ללא-תעלה/?sort=p.sort_order&order=ASC,2026-05-29 00:00:00,Duplicate without user-selected canonical
https://compassgrill.co.il/grill-smoker-accessories/butcher-board/בוצ-ר-אנדגריין-אלון-50-35-עם-תעלה-קרש-חיתוך-עבודת-יד/?category_id=128801&sort=p.sort_order&order=ASC,2026-05-29 00:00:00,Duplicate without user-selected canonical
https://compassgrill.co.il/grill-smoker-accessories/butcher-board/בוצ-ר-אנדגריין-מעץ-אגוז-אמריקאי-קוטר-40-ס-מ/?category_id=128801&sort=p.sort_order&order=ASC,2026-05-29 00:00:00,Duplicate without user-selected canonical
https://compassgrill.co.il/grill-smoker-accessories/knives-and-accessories/premiumcut-fork/?sort=p.model&order=DESC,2026-05-29 00:00:00,Duplicate without user-selected canonical
https://compassgrill.co.il/grill-smoker-accessories/butcher-board/קרש-חיתוך-אשא-25-40-עם-תעלה/?category_id=128801&sort=p.sort_order&order=ASC,2026-05-29 00:00:00,Duplicate without user-selected canonical
https://compassgrill.co.il/grill-smoker-accessories/butcher-board/בוצ-ר-אנדגריין-אלון-20-30-עם-תעלה/?category_id=128801&sort=p.sort_order&order=ASC,2026-05-29 00:00:00,Duplicate without user-selected canonical
https://compassgrill.co.il/grill-smoker-accessories/knives-and-accessories/premiumcut-fork/?category_id=35161&sort=p.model&order=DESC,2026-05-29 00:00:00,Duplicate without user-selected canonical
https://compassgrill.co.il/grill-smoker-accessories/butcher-board/קרש-חיתוך-אשא-25-40-עם-תעלה/?sort=p.sort_order&order=ASC,2026-05-29 00:00:00,Duplicate without user-selected canonical
https://compassgrill.co.il/grill-smoker-accessories/butcher-board/בוצ-ר-אנדגריין-אלון-50-35-עם-תעלה-קרש-חיתוך-עבודת-יד/?sort=p.sort_order&order=ASC,2026-05-29 00:00:00,Duplicate without user-selected canonical
https://compassgrill.co.il/grill-smoker-accessories/butcher-board/בוצ-ר-אנדגריין-אלון-עגול-40-ס-מ-עבודת-יד/?category_id=128801&sort=p.sort_order&order=ASC,2026-05-29 00:00:00,Duplicate without user-selected canonical
https://compassgrill.co.il/grill-smoker-accessories/butcher-board/בוצ-ר-אנדגריין-אלון-25-40-ללא-תעלה/?sort=p.sort_order&order=ASC,2026-05-29 00:00:00,Duplicate without user-selected canonical
https://compassgrill.co.il/smoker-tandoor/pellet-smokers/tailgater-pellet-smoker/?sort=p.sort_order&order=ASC,2026-05-29 00:00:00,Duplicate without user-selected canonical
https://compassgrill.co.il/grill-smoker-accessories/butcher-board/בוצ-ר-אנדגריין-מייפל-30-40-ללא-תעלה-עבודת-יד/?sort=p.sort_order&order=ASC,2026-05-29 00:00:00,Duplicate without user-selected canonical
https://compassgrill.co.il/smoker-tandoor/pellet-smokers/lg800fl-founders-legacy/?sort=p.sort_order&order=ASC,2026-05-29 00:00:00,Duplicate without user-selected canonical
https://compassgrill.co.il/grill-smoker-accessories/butcher-board/בוצ-ר-אנדגריין-סיסם-אירופאי-לסושי/?category_id=128801&sort=p.sort_order&order=ASC,2026-05-29 00:00:00,Duplicate without user-selected canonical
https://compassgrill.co.il/grill-smoker-accessories/butcher-board/בוצ-ר-אנדגריין-אלון-20-30-עם-תעלה/?sort=p.sort_order&order=ASC,2026-05-29 00:00:00,Duplicate without user-selected canonical
https://compassgrill.co.il/grill-smoker-accessories/butcher-board/butcher-cutting-board/?sort=p.sort_order&order=ASC,2026-05-29 00:00:00,Duplicate without user-selected canonical
https://compassgrill.co.il/plates-for-serving/צלחת-אובלית-מעץ-מלא-25-35-דו-צדדית/?category_id=128868&sort=p.model&order=DESC,2026-05-29 00:00:00,Duplicate without user-selected canonical
https://compassgrill.co.il/grill-smoker-accessories/butcher-board/בוצ-ר-אנדגריין-אלון-25-40-עם-תעלה-עבודת-יד/?sort=p.sort_order&order=ASC,2026-05-29 00:00:00,Duplicate without user-selected canonical
https://compassgrill.co.il/fresh-beef/angus-feedlot-ribs-no-2-3kg/?category_id=66835&sort=price&order=ASC,2026-05-29 00:00:00,Duplicate without user-selected canonical
https://compassgrill.co.il/grill-smoker-accessories/butcher-board/בוצ-ר-אנדגריין-אלון-45-פינות-מעוגלות-עם-תעלה/?sort=p.sort_order&order=ASC,2026-05-29 00:00:00,Duplicate without user-selected canonical
https://compassgrill.co.il/grill-smoker-accessories/butcher-board/בוצ-ר-אנדגריין-סיסם-אירופאי-לסושי/?sort=p.sort_order&order=ASC,2026-05-29 00:00:00,Duplicate without user-selected canonical
https://compassgrill.co.il/grill-smoker-accessories/butcher-board/קרש-חיתוך-אלון-עם-ידית-35-20/?category_id=128801&sort=p.model&order=ASC,2026-05-29 00:00:00,Duplicate without user-selected canonical
https://compassgrill.co.il/עופות-טרי/כרעיים-עוף-ארוז-copy-1/?category_id=128479&sort=pd.name&order=ASC,2026-05-29 00:00:00,Duplicate without user-selected canonical
https://compassgrill.co.il/grill-smoker-accessories/butcher-board/בוצ-ר-אנדגריין-אלון-45-ריבוע-עם-תעלה-דגם-king-size/?sort=p.sort_order&order=ASC,2026-05-29 00:00:00,Duplicate without user-selected canonical
https://compassgrill.co.il/grill-smoker-accessories/butcher-board/?sort=p.sort_order&order=ASC,2026-05-28 00:00:00,Duplicate without user-selected canonical
https://compassgrill.co.il/gas-grills-1/4-burner-gas-grill/ultimate-griddle-4/?sort=p.model&order=DESC,2026-05-28 00:00:00,Duplicate without user-selected canonical
https://compassgrill.co.il/gas-grill-smokers-tandoor/rogue-xt-365sib-il-black/?category_id=97701&sort=pd.name&order=ASC,2026-05-28 00:00:00,Duplicate without user-selected canonical
https://compassgrill.co.il/gas-grill-smokers-tandoor/rogue-xt-365sib-il-black/?category_id=97701&sort=rating&order=DESC,2026-05-28 00:00:00,Duplicate without user-selected canonical
https://compassgrill.co.il/grill-smoker-accessories/butcher-board/בוצ-ר-אנדגריין-מייפל-30-40-ללא-תעלה-עבודת-יד/?category_id=128801&sort=p.model&order=ASC,2026-05-27 00:00:00,Duplicate without user-selected canonical
https://compassgrill.co.il/butcher-kfar-saba/poultry-3/כרעיים-עוף-ארוז-copy-2/?category_id=105748&sort=pd.name&order=DESC,2026-05-27 00:00:00,Duplicate without user-selected canonical
https://compassgrill.co.il/grill-smoker-accessories/butcher-board/cutting-board-otto/?category_id=128801&sort=p.model&order=ASC,2026-05-27 00:00:00,Duplicate without user-selected canonical
https://compassgrill.co.il/butcher-kfar-saba/poultry-3/כרעיים-עוף-ארוז-copy-2/?sort=pd.name&order=DESC,2026-05-27 00:00:00,Duplicate without user-selected canonical
https://compassgrill.co.il/butcher-kfar-saba/poultry-3/שוקיים-עוף-ארוז-מחפוד/?sort=pd.name&order=DESC,2026-05-27 00:00:00,Duplicate without user-selected canonical
https://compassgrill.co.il/grill-smoker-accessories/butcher-board/בוצ-ר-אנדגריין-אלון-25-40-עם-תעלה-עבודת-יד/?category_id=128801&sort=p.model&order=ASC,2026-05-27 00:00:00,Duplicate without user-selected canonical
https://compassgrill.co.il/grill-smoker-accessories/knives-and-accessories/סכין-בשר-חריצים-26-ס-מ-להב-גבוה-dick-ergogrip/?category_id=35161&sort=pd.name&order=DESC,2026-05-27 00:00:00,Duplicate without user-selected canonical
https://compassgrill.co.il/grill-smoker-accessories/knives-and-accessories/סכין-בשר-26-ס-מ-להב-גבוה-dick-ergogrip/?category_id=35161&sort=pd.name&order=DESC,2026-05-27 00:00:00,Duplicate without user-selected canonical
https://compassgrill.co.il/grill-smoker-accessories/butcher-board/בוצ-ר-אנדגריין-מייפל-30-40-ללא-תעלה-עבודת-יד/?sort=p.model&order=ASC,2026-05-27 00:00:00,Duplicate without user-selected canonical
https://compassgrill.co.il/grill-smoker-accessories/knives-and-accessories/סכין-סנטוקו-מחוזקת-חריצים-18-ס-מ-berox/?category_id=35161&sort=pd.name&order=DESC,2026-05-27 00:00:00,Duplicate without user-selected canonical
https://compassgrill.co.il/grill-smoker-accessories/knives-and-accessories/סכין-סנטוקו-מחוזקת-חריצים-18-ס-מ-berox/?sort=pd.name&order=DESC,2026-05-27 00:00:00,Duplicate without user-selected canonical
https://compassgrill.co.il/grill-smoker-accessories/butcher-board/שמן-טבעי-לעץ-100-מ-ל-להגנה-וחידוש-קרשי-חיתוך-ובוצ-רים/?sort=p.model&order=ASC,2026-05-27 00:00:00,Duplicate without user-selected canonical
https://compassgrill.co.il/grill-smoker-accessories/butcher-board/בוצ-ר-אנדגריין-אלון-20x35-עם-תעלה/?category_id=128801&sort=p.model&order=ASC,2026-05-27 00:00:00,Duplicate without user-selected canonical
https://compassgrill.co.il/grill-smoker-accessories/butcher-board/בוצ-ר-אנדגריין-אלון-20x35-עם-תעלה/?sort=p.model&order=ASC,2026-05-27 00:00:00,Duplicate without user-selected canonical
https://compassgrill.co.il/grill-smoker-accessories/butcher-board/בוצ-ר-אנדגריין-אלון-45-ריבוע-עם-תעלה-דגם-king-size/?category_id=128801&sort=p.model&order=ASC,2026-05-27 00:00:00,Duplicate without user-selected canonical
https://compassgrill.co.il/grill-smoker-accessories/butcher-board/בוצ-ר-אנדגריין-אלון-30x40-עם-תעלה/?sort=p.model&order=ASC,2026-05-27 00:00:00,Duplicate without user-selected canonical
https://compassgrill.co.il/grill-smoker-accessories/butcher-board/בוצ-ר-אנדגריין-אלון-45-ריבוע-עם-תעלה-דגם-king-size/?sort=p.model&order=ASC,2026-05-27 00:00:00,Duplicate without user-selected canonical
https://compassgrill.co.il/grill-smoker-accessories/knives-and-accessories/סכין-בשר-26-ס-מ-להב-גבוה-dick-ergogrip/?sort=pd.name&order=DESC,2026-05-27 00:00:00,Duplicate without user-selected canonical
https://compassgrill.co.il/grill-smoker-accessories/butcher-board/בוצ-ר-אנדגריין-אלון-עגול-40-ס-מ-עבודת-יד/?category_id=128801&sort=p.model&order=ASC,2026-05-27 00:00:00,Duplicate without user-selected canonical
https://compassgrill.co.il/grill-smoker-accessories/butcher-board/בוצ-ר-אנדגריין-סיסם-אירופאי-לסושי/?category_id=128801&sort=p.model&order=ASC,2026-05-27 00:00:00,Duplicate without user-selected canonical
https://compassgrill.co.il/grill-smoker-accessories/knives-and-accessories/סכין-בשר-חריצים-26-ס-מ-להב-גבוה-dick-ergogrip/?sort=pd.name&order=DESC,2026-05-27 00:00:00,Duplicate without user-selected canonical
https://compassgrill.co.il/grill-smoker-accessories/knives-and-accessories/סכין-שף-21-ס-מ-berox/?category_id=35161&sort=pd.name&order=DESC,2026-05-27 00:00:00,Duplicate without user-selected canonical
https://compassgrill.co.il/grill-smoker-accessories/knives-and-accessories/סכין-שף-21-ס-מ-berox/?sort=pd.name&order=DESC,2026-05-27 00:00:00,Duplicate without user-selected canonical
https://compassgrill.co.il/grill-smoker-accessories/butcher-board/קרש-חיתוך-אשא-20-30-עם-תעלה/?category_id=128801&sort=p.model&order=ASC,2026-05-27 00:00:00,Duplicate without user-selected canonical
https://compassgrill.co.il/grill-smoker-accessories/butcher-board/בוצ-ר-אנדגריין-מייפל-25-40-ללא-תעלה/?sort=p.model&order=ASC,2026-05-27 00:00:00,Duplicate without user-selected canonical
https://compassgrill.co.il/grill-smoker-accessories/butcher-board/בוצ-ר-אנדגריין-אלון-עגול-40-ס-מ-עבודת-יד/?sort=p.model&order=ASC,2026-05-27 00:00:00,Duplicate without user-selected canonical
https://compassgrill.co.il/grill-smoker-accessories/butcher-board/קרש-חיתוך-אשא-25-40-עם-תעלה/?category_id=128801&sort=p.model&order=ASC,2026-05-27 00:00:00,Duplicate without user-selected canonical
https://compassgrill.co.il/grill-smoker-accessories/butcher-board/בוצ-ר-אנדגריין-אלון-20-30-עם-תעלה/?category_id=128801&sort=p.model&order=ASC,2026-05-27 00:00:00,Duplicate without user-selected canonical
https://compassgrill.co.il/grill-smoker-accessories/butcher-board/בוצ-ר-אנדגריין-אלון-20-30-עם-תעלה/?sort=p.model&order=ASC,2026-05-27 00:00:00,Duplicate without user-selected canonical
https://compassgrill.co.il/grill-smoker-accessories/butcher-board/butcher-cutting-board/?sort=p.model&order=ASC,2026-05-27 00:00:00,Duplicate without user-selected canonical
https://compassgrill.co.il/grill-smoker-accessories/butcher-board/בוצ-ר-אנדגריין-אלון-25-40-עם-תעלה-עבודת-יד/?sort=p.model&order=ASC,2026-05-27 00:00:00,Duplicate without user-selected canonical
https://compassgrill.co.il/grill-smoker-accessories/butcher-board/בוצ-ר-אנדגריין-סיסם-אירופאי-לסושי/?sort=p.model&order=ASC,2026-05-27 00:00:00,Duplicate without user-selected canonical
https://compassgrill.co.il/grill-smoker-accessories/butcher-board/קרש-חיתוך-אשא-25-40-עם-תעלה/?sort=p.model&order=ASC,2026-05-27 00:00:00,Duplicate without user-selected canonical
https://compassgrill.co.il/grill-smoker-accessories/butcher-board/קרש-חיתוך-אשא-20-30-עם-תעלה/?sort=p.model&order=ASC,2026-05-27 00:00:00,Duplicate without user-selected canonical
https://compassgrill.co.il/grill-smoker-accessories/butcher-board/קרש-חיתוך-אלון-עם-ידית-35-20/?sort=p.model&order=ASC,2026-05-27 00:00:00,Duplicate without user-selected canonical
https://compassgrill.co.il/grill-smoker-accessories/butcher-board/בוצ-ר-אנדגריין-אלון-50-35-עם-תעלה-קרש-חיתוך-עבודת-יד/?sort=p.model&order=ASC,2026-05-27 00:00:00,Duplicate without user-selected canonical
https://compassgrill.co.il/grill-smoker-accessories/butcher-board/?sort=p.model&order=ASC,2026-05-26 00:00:00,Duplicate without user-selected canonical
https://compassgrill.co.il/butcher-kfar-saba/poultry-3/כרעיים-עוף-ארוז-שחיטת-הרב-מחפוד-אילת/?category_id=105748&sort=rating&order=ASC,2026-05-26 00:00:00,Duplicate without user-selected canonical
https://compassgrill.co.il/eitan-meat-eilat/עופות-קפוא/frozen-chicken-shawarma-1kg-1/?category_id=125608&sort=pd.name&order=DESC,2026-05-26 00:00:00,Duplicate without user-selected canonical
https://compassgrill.co.il/grill-smoker-accessories/butcher-board/קרש-חיתוך-אשא-30-45-עם-תעלה-קרש-חיתוך-אשא-30-45-עם-תעלה/?category_id=128801&sort=price&order=ASC,2026-05-26 00:00:00,Duplicate without user-selected canonical
https://compassgrill.co.il/grill-smoker-accessories/wood-chips-and-chunks-for-smoking/שבבי-עץ-אלון-למעשנה-5-ליטר/?sort=price&order=ASC,2026-05-26 00:00:00,Duplicate without user-selected canonical
https://compassgrill.co.il/grill-smoker-accessories/wood-chips-and-chunks-for-smoking/שבבי-עץ-בוק-למעשנה-5-ליטר/?sort=price&order=ASC,2026-05-26 00:00:00,Duplicate without user-selected canonical
https://compassgrill.co.il/gas-grills-1/6-burner-gas-grill/videro-g6-s/?category_id=108563&sort=pd.name&order=ASC,2026-05-26 00:00:00,Duplicate without user-selected canonical
https://compassgrill.co.il/grill-smoker-accessories/butcher-board/בוצ-ר-אנדגריין-מייפל-25-40-ללא-תעלה/?category_id=128801&sort=price&order=ASC,2026-05-26 00:00:00,Duplicate without user-selected canonical
https://compassgrill.co.il/grill-smoker-accessories/butcher-board/קרש-חיתוך-אשא-25-35-עם-תעלה/?sort=price&order=ASC,2026-05-26 00:00:00,Duplicate without user-selected canonical
https://compassgrill.co.il/butcher-kfar-saba/poultry-3/שוקיים-עוף-ארוז-מחפוד/?category_id=105748&sort=p.model&order=DESC,2026-05-26 00:00:00,Duplicate without user-selected canonical
https://compassgrill.co.il/wood-chips-and-chunks-for-smoking/apple-wood-chunks/,2026-05-26 00:00:00,Duplicate without user-selected canonical
https://compassgrill.co.il/butcher-kfar-saba/poultry-3/כרעיים-עוף-ארוז-שחיטת-הרב-מחפוד-אילת/?category_id=105748&sort=p.model&order=DESC,2026-05-26 00:00:00,Duplicate without user-selected canonical
https://compassgrill.co.il/butcher-kfar-saba/poultry-3/לבבות-עוף-ארוז-קפוא-copy-1/?category_id=105748&sort=p.model&order=DESC,2026-05-26 00:00:00,Duplicate without user-selected canonical
https://compassgrill.co.il/grill-smoker-accessories/wood-chips-and-chunks-for-smoking/שבבי-עץ-מייפל-למעשנה-5-ליטר/?sort=rating&order=ASC,2026-05-26 00:00:00,Duplicate without user-selected canonical
https://compassgrill.co.il/butcher-kfar-saba/poultry-3/כרעיים-עוף-ארוז-copy-2/?category_id=105748&sort=p.model&order=DESC,2026-05-26 00:00:00,Duplicate without user-selected canonical
https://compassgrill.co.il/butcher-kfar-saba/poultry-3/כרעיים-עוף-ארוז-שחיטת-הרב-מחפוד-אילת/?sort=p.model&order=DESC,2026-05-26 00:00:00,Duplicate without user-selected canonical
https://compassgrill.co.il/butcher-kfar-saba/poultry-3/כרעיים-עוף-ארוז-copy-2/?sort=p.model&order=DESC,2026-05-26 00:00:00,Duplicate without user-selected canonical
https://compassgrill.co.il/butcher-kfar-saba/poultry-3/לבבות-עוף-ארוז-קפוא-copy-1/?sort=p.model&order=DESC,2026-05-26 00:00:00,Duplicate without user-selected canonical
https://compassgrill.co.il/butcher-kfar-saba/poultry-3/שוקיים-עוף-ארוז-מחפוד/?sort=p.model&order=DESC,2026-05-26 00:00:00,Duplicate without user-selected canonical
https://compassgrill.co.il/smoker-tandoor/pellet-smokers/navigator-150/?category_id=34516&sort=p.model&order=DESC,2026-05-26 00:00:00,Duplicate without user-selected canonical
https://compassgrill.co.il/compass-skewers/?sort=p.sort_order&order=ASC,2026-05-26 00:00:00,Duplicate without user-selected canonical
https://compassgrill.co.il/eitan-meat-eilat/fresh-beef/angus-feedlot-ribs-no-2-3kg/?sort=rating&order=ASC,2026-05-26 00:00:00,Duplicate without user-selected canonical
https://compassgrill.co.il/grill-smoker-accessories/plates-for-serving/צלחת-מעץ-אשא-קוטר-20-ס-מ-דו-צדדית/,2026-05-26 00:00:00,Duplicate without user-selected canonical
https://compassgrill.co.il/gifts/מארז-לשף-שלנו-באהבה-קרש-עץ-סכין-שף-berox/,2026-05-25 00:00:00,Duplicate without user-selected canonical
https://compassgrill.co.il/gas-grills-1/gas-grill-charcoal-smoker-combo/memphis-ultimate-2-0-grill-combination/?category_id=108566&sort=pd.name&order=ASC,2026-05-25 00:00:00,Duplicate without user-selected canonical
https://compassgrill.co.il/grill-smoker-accessories/plates-for-serving/קרש-חיתוך-והגשה-רינג-אובלי-65/?sort=p.model&order=ASC,2026-05-25 00:00:00,Duplicate without user-selected canonical
https://compassgrill.co.il/gas-grills-1/6-burner-gas-grill/videro-g6-s/?category_id=108563&sort=p.sort_order&order=ASC,2026-05-25 00:00:00,Duplicate without user-selected canonical
https://compassgrill.co.il/gas-grills-1/gas-grill-charcoal-smoker-combo/pit-boss-lexington-charcoal-מעשנת-וגריל-פחמים-מקצועי/?category_id=108566&sort=p.model&order=ASC,2026-05-24 00:00:00,Duplicate without user-selected canonical
https://compassgrill.co.il/gas-grills-1/gas-grill-charcoal-smoker-combo/pit-boss-lexington-charcoal-מעשנת-וגריל-פחמים-מקצועי/?sort=p.model&order=ASC,2026-05-24 00:00:00,Duplicate without user-selected canonical
https://compassgrill.co.il/grill-smoker-accessories/wood-chips-and-chunks-for-smoking/שבבי-עץ-היקורי-למעשנה-5-ליטר/?sort=rating&order=ASC,2026-05-24 00:00:00,Duplicate without user-selected canonical
https://compassgrill.co.il/gas-grills-1/rse625rsibpk-1-il-a/?sort=pd.name&order=DESC,2026-05-24 00:00:00,Duplicate without user-selected canonical
https://compassgrill.co.il/grill-smoker-accessories/plates-for-serving/צלחת-מעץ-אשא-קוטר-20-ס-מ-דו-צדדית/?category_id=128868,2026-05-24 00:00:00,Duplicate without user-selected canonical
https://compassgrill.co.il/grill-smoker-accessories/plates-for-serving/צלחת-3-תאים-מעץ-אשא-קוטר-25-ס-מ/?category_id=128868,2026-05-24 00:00:00,Duplicate without user-selected canonical
https://compassgrill.co.il/grill-smoker-accessories/plates-for-serving/צלחת-מעץ-אשא-קוטר-25-ס-מ/?category_id=128868,2026-05-24 00:00:00,Duplicate without user-selected canonical
https://compassgrill.co.il/grill-smoker-accessories/plates-for-serving/קרש-חיתוך-והגשה-רינג-אובלי-75/?category_id=128868,2026-05-24 00:00:00,Duplicate without user-selected canonical
https://compassgrill.co.il/grill-smoker-accessories/plates-for-serving/קרש-חיתוך-והגשה-רינג-אובלי-65/?category_id=128868,2026-05-24 00:00:00,Duplicate without user-selected canonical
https://compassgrill.co.il/grill-smoker-accessories/plates-for-serving/שמן-טבעי-לעץ-100-מ-ל-להגנה-וחידוש-קרשי-חיתוך-ובוצ-רים/?category_id=128868,2026-05-24 00:00:00,Duplicate without user-selected canonical
https://compassgrill.co.il/grill-smoker-accessories/butcher-board/קרש-חיתוך-אשא-25-40-עם-תעלה/?sort=price&order=ASC,2026-05-24 00:00:00,Duplicate without user-selected canonical
https://compassgrill.co.il/grill-smoker-accessories/plates-for-serving/צלחת-פיצה-אשא-קוטר-30-ס-מ/?category_id=128868,2026-05-24 00:00:00,Duplicate without user-selected canonical
https://compassgrill.co.il/grill-smoker-accessories/plates-for-serving/צלחת-שישה-תאים-מעץ-מלא-קוטר-30-דו-צדדית/?category_id=128868,2026-05-24 00:00:00,Duplicate without user-selected canonical
https://compassgrill.co.il/grill-smoker-accessories/plates-for-serving/צלחת-אובלית-מעץ-מלא-25-35-דו-צדדית/?category_id=128868,2026-05-24 00:00:00,Duplicate without user-selected canonical
https://compassgrill.co.il/grill-smoker-accessories/plates-for-serving/קרש-חיתוך-והגשה-רינג-אובלי-55/?category_id=128868,2026-05-24 00:00:00,Duplicate without user-selected canonical
https://compassgrill.co.il/grill-smoker-accessories/plates-for-serving/צלחת-אובלית-מעץ-מלא-25-35-דו-צדדית/,2026-05-24 00:00:00,Duplicate without user-selected canonical
https://compassgrill.co.il/grill-smoker-accessories/plates-for-serving/צלחת-פיצה-אשא-קוטר-30-ס-מ/,2026-05-24 00:00:00,Duplicate without user-selected canonical
https://compassgrill.co.il/grill-smoker-accessories/plates-for-serving/שמן-טבעי-לעץ-100-מ-ל-להגנה-וחידוש-קרשי-חיתוך-ובוצ-רים/,2026-05-24 00:00:00,Duplicate without user-selected canonical
https://compassgrill.co.il/grill-smoker-accessories/plates-for-serving/צלחת-מעץ-אשא-קוטר-25-ס-מ/,2026-05-24 00:00:00,Duplicate without user-selected canonical
https://compassgrill.co.il/grill-smoker-accessories/plates-for-serving/קרש-חיתוך-והגשה-רינג-אובלי-65/,2026-05-24 00:00:00,Duplicate without user-selected canonical
https://compassgrill.co.il/grill-smoker-accessories/plates-for-serving/צלחת-3-תאים-מעץ-אשא-קוטר-25-ס-מ/,2026-05-24 00:00:00,Duplicate without user-selected canonical
https://compassgrill.co.il/grill-smoker-accessories/plates-for-serving/צלחת-שישה-תאים-מעץ-מלא-קוטר-30-דו-צדדית/,2026-05-24 00:00:00,Duplicate without user-selected canonical
https://compassgrill.co.il/grill-smoker-accessories/plates-for-serving/קרש-חיתוך-והגשה-רינג-אובלי-75/,2026-05-24 00:00:00,Duplicate without user-selected canonical
https://compassgrill.co.il/grill-smoker-accessories/plates-for-serving/קרש-חיתוך-והגשה-רינג-אובלי-55/,2026-05-24 00:00:00,Duplicate without user-selected canonical
https://compassgrill.co.il/grill-smoker-accessories/wood-chips-and-chunks-for-smoking/שבבי-עץ-מייפל-למעשנה-5-ליטר/?category_id=97766&sort=p.model&order=DESC,2026-05-23 00:00:00,Duplicate without user-selected canonical
https://compassgrill.co.il/grill-smoker-accessories/wood-chips-and-chunks-for-smoking/שבבי-עץ-מייפל-למעשנה-5-ליטר/?sort=p.model&order=DESC,2026-05-23 00:00:00,Duplicate without user-selected canonical
https://compassgrill.co.il/בשרים-קפואים/angus-carpaccio-sliced-10-servings-700g-pack-1/?category_id=125607&sort=p.sort_order&order=ASC,2026-05-23 00:00:00,Duplicate without user-selected canonical
https://compassgrill.co.il/eitan-meat-eilat/בשרים-קפואים/stuffed-spleen-4-pcs-vacuum-packed-1/?category_id=125607&sort=rating&order=DESC,2026-05-23 00:00:00,Duplicate without user-selected canonical
https://compassgrill.co.il/grill-smoker-accessories/wood-chips-and-chunks-for-smoking/שבבי-עץ-אלון-למעשנה-5-ליטר/?sort=rating&order=ASC,2026-05-23 00:00:00,Duplicate without user-selected canonical
https://compassgrill.co.il/brand/eco-israel/בוצ-ר-אנדגריין-אלון-45-ריבוע-עם-תעלה-דגם-king-size/,2026-05-23 00:00:00,Duplicate without user-selected canonical
https://compassgrill.co.il/grill-smoker-accessories/butcher-board/בוצ-ר-אנדגריין-סיסם-אירופאי-לסושי/,2026-05-23 00:00:00,Duplicate without user-selected canonical
https://compassgrill.co.il/grill-smoker-accessories/butcher-board/קרש-חיתוך-אשא-25-40-עם-תעלה/?category_id=128801&sort=price&order=DESC,2026-05-23 00:00:00,Duplicate without user-selected canonical
https://compassgrill.co.il/grill-smoker-accessories/butcher-board/בוצ-ר-אנדגריין-אלון-25-40-עם-תעלה-עבודת-יד/,2026-05-23 00:00:00,Duplicate without user-selected canonical
https://compassgrill.co.il/grill-smoker-accessories/wood-chips-and-chunks-for-smoking/שבבי-עץ-היקורי-למעשנה-5-ליטר/?sort=p.model&order=ASC,2026-05-22 00:00:00,Duplicate without user-selected canonical
https://compassgrill.co.il/eitan-meat-eilat/עופות-קפוא/frozen-chicken-shawarma-1kg-1/?category_id=125608&sort=rating&order=DESC,2026-05-22 00:00:00,Duplicate without user-selected canonical
https://compassgrill.co.il/eitan-meat-eilat/עופות-קפוא/frozen-chicken-shawarma-1kg-1/?sort=rating&order=DESC,2026-05-22 00:00:00,Duplicate without user-selected canonical
https://compassgrill.co.il/gifts/מתנה-ממותגת-לחג-קרש-המלח-פלפל-סכין-סנטוקו-berox/?sort=price&order=ASC,2026-05-22 00:00:00,Duplicate without user-selected canonical
https://compassgrill.co.il/brand/pit-boss/pit-boss-austin-xl-onyx-מעשנת-וגריל-פלט-מקצועי/,2026-05-22 00:00:00,Duplicate without user-selected canonical
https://compassgrill.co.il/grill-smoker-accessories/butcher-board/בוצ-ר-אנדגריין-אלון-25-40-עם-תעלה-עבודת-יד/?sort=price&order=ASC,2026-05-22 00:00:00,Duplicate without user-selected canonical
https://compassgrill.co.il/brand/pit-boss/pit-boss-lexington-charcoal-מעשנת-וגריל-פחמים-מקצועי/,2026-05-22 00:00:00,Duplicate without user-selected canonical
https://compassgrill.co.il/grill-smoker-accessories/plates-for-serving/קרש-חיתוך-והגשה-רינג-אובלי-55/?category_id=128868&sort=p.model&order=ASC,2026-05-22 00:00:00,Duplicate without user-selected canonical
https://compassgrill.co.il/grill-smoker-accessories/wood-chips-and-chunks-for-smoking/שבבי-עץ-מייפל-למעשנה-5-ליטר/?sort=price&order=ASC,2026-05-22 00:00:00,Duplicate without user-selected canonical
https://compassgrill.co.il/grill-smoker-accessories/wood-chips-and-chunks-for-smoking/שבבי-עץ-בוק-למעשנה-5-ליטר/?category_id=97766&sort=p.model&order=DESC,2026-05-22 00:00:00,Duplicate without user-selected canonical
https://compassgrill.co.il/grill-smoker-accessories/wood-chips-and-chunks-for-smoking/שבבי-עץ-היקורי-למעשנה-5-ליטר/?category_id=97766&sort=p.model&order=DESC,2026-05-22 00:00:00,Duplicate without user-selected canonical
https://compassgrill.co.il/grill-smoker-accessories/wood-chips-and-chunks-for-smoking/שבבי-עץ-בוק-למעשנה-5-ליטר/?sort=p.model&order=DESC,2026-05-21 00:00:00,Duplicate without user-selected canonical
https://compassgrill.co.il/smoker-tandoor/pellet-smokers/pit-boss-austin-xl-onyx-מעשנת-וגריל-פלט-מקצועי/?category_id=34516&sort=rating&order=ASC,2026-05-21 00:00:00,Duplicate without user-selected canonical
https://compassgrill.co.il/grill-smoker-accessories/wood-chips-and-chunks-for-smoking/שבבי-עץ-אלון-למעשנה-5-ליטר/?sort=p.model&order=DESC,2026-05-21 00:00:00,Duplicate without user-selected canonical
https://compassgrill.co.il/meat-aging-treatment/meat-accessories-tools/premiumcut-chef/?category_id=121090&sort=p.model&order=ASC,2026-05-21 00:00:00,Duplicate without user-selected canonical
https://compassgrill.co.il/meat-aging-treatment/meat-accessories-tools/premiumcut-slicer-31/?category_id=121090&sort=p.model&order=ASC,2026-05-21 00:00:00,Duplicate without user-selected canonical
https://compassgrill.co.il/meat-aging-treatment/meat-accessories-tools/premiumcut-filet/?category_id=121090&sort=rating&order=DESC,2026-05-21 00:00:00,Duplicate without user-selected canonical
https://compassgrill.co.il/meat-aging-treatment/meat-accessories-tools/premiumcut-chef/?sort=p.model&order=ASC,2026-05-21 00:00:00,Duplicate without user-selected canonical
https://compassgrill.co.il/grill-smoker-accessories/wood-chips-and-chunks-for-smoking/שבבי-עץ-היקורי-למעשנה-5-ליטר/?sort=p.model&order=DESC,2026-05-21 00:00:00,Duplicate without user-selected canonical
https://compassgrill.co.il/meat-aging-treatment/meat-accessories-tools/premiumcut-slicer-31/?sort=p.model&order=ASC,2026-05-21 00:00:00,Duplicate without user-selected canonical
https://compassgrill.co.il/grill-smoker-accessories/butcher-board/קרש-חיתוך-אשא-25-40-עם-תעלה/?category_id=128801,2026-05-21 00:00:00,Duplicate without user-selected canonical
https://compassgrill.co.il/grill-smoker-accessories/butcher-board/בוצ-ר-אנדגריין-מעץ-אגוז-אמריקאי-קוטר-40-ס-מ/,2026-05-21 00:00:00,Duplicate without user-selected canonical
https://compassgrill.co.il/grill-smoker-accessories/plates-for-serving/קרש-חיתוך-סיסם-ארוך-עם-ידית-60-20/?category_id=128868,2026-05-21 00:00:00,Duplicate without user-selected canonical
https://compassgrill.co.il/grill-smoker-accessories/butcher-board/קרש-חיתוך-אשא-25-35-עם-תעלה/?category_id=128801,2026-05-21 00:00:00,Duplicate without user-selected canonical
https://compassgrill.co.il/gas-grills-1/gas-grill-charcoal-smoker-combo/memphis-ultimate-2-0-grill-combination/?sort=p.model&order=DESC,2026-05-21 00:00:00,Duplicate without user-selected canonical
https://compassgrill.co.il/gas-grills-1/gas-grill-charcoal-smoker-combo/memphis-ultimate-2-0-grill-combination/?category_id=108566&sort=p.model&order=DESC,2026-05-21 00:00:00,Duplicate without user-selected canonical
https://compassgrill.co.il/meat-aging-treatment/meat-accessories-tools/premiumcut-filet/?category_id=121090&sort=pd.name&order=ASC,2026-05-20 00:00:00,Duplicate without user-selected canonical
https://compassgrill.co.il/eitan-meat-eilat/עופות-קפוא/chicken-liver-1/?category_id=125608&sort=pd.name&order=DESC,2026-05-20 00:00:00,Duplicate without user-selected canonical
https://compassgrill.co.il/eitan-meat-eilat/עופות-קפוא/frozen-chicken-shawarma-1kg-1/?sort=pd.name&order=DESC,2026-05-20 00:00:00,Duplicate without user-selected canonical
https://compassgrill.co.il/eitan-meat-eilat/עופות-קפוא/chicken-liver-1/?sort=pd.name&order=DESC,2026-05-20 00:00:00,Duplicate without user-selected canonical
https://compassgrill.co.il/eitan-meat-eilat/שוקיים-עוף-ארוז-שחיטת-הרב-מחפוד-אילת/?category_id=125603&sort=pd.name&order=DESC,2026-05-20 00:00:00,Duplicate without user-selected canonical
https://compassgrill.co.il/grill-smoker-accessories/butcher-board/קרש-חיתוך-סיסם-אירופאי-המלח-פלפל-30-45/?category_id=128801&sort=price&order=ASC,2026-05-20 00:00:00,Duplicate without user-selected canonical
https://compassgrill.co.il/eitan-meat-eilat/שוקיים-עוף-ארוז-שחיטת-הרב-מחפוד-אילת/?sort=pd.name&order=DESC,2026-05-20 00:00:00,Duplicate without user-selected canonical
https://compassgrill.co.il/grill-smoker-accessories/butcher-board/בוצ-ר-אנדגריין-אלון-25-40-ללא-תעלה/?category_id=128801&sort=price&order=DESC,2026-05-20 00:00:00,Duplicate without user-selected canonical
https://compassgrill.co.il/eitan-meat-eilat/אילת-שייטל-בלאק-אנגוס-פידלוט-גוש/?category_id=125603&sort=pd.name&order=DESC,2026-05-20 00:00:00,Duplicate without user-selected canonical
https://compassgrill.co.il/grill-smoker-accessories/butcher-board/קרש-חיתוך-מעץ-סיסם-אירופאי-30-50-עם-תעלת-ניקוז/?sort=price&order=ASC,2026-05-20 00:00:00,Duplicate without user-selected canonical
https://compassgrill.co.il/eitan-meat-eilat/אילת-שייטל-בלאק-אנגוס-פידלוט-גוש/?sort=pd.name&order=DESC,2026-05-20 00:00:00,Duplicate without user-selected canonical
https://compassgrill.co.il/grill-smoker-accessories/butcher-board/קרש-חיתוך-סיסם-ארוך-עם-ידית-60-20/,2026-05-20 00:00:00,Duplicate without user-selected canonical
https://compassgrill.co.il/grill-smoker-accessories/butcher-board/בוצ-ר-אנדגריין-אלון-20x35-עם-תעלה/?sort=price&order=ASC,2026-05-20 00:00:00,Duplicate without user-selected canonical
https://compassgrill.co.il/butcher-board/בוצ-ר-אנדגריין-אלון-25-40-עם-תעלה-עבודת-יד/?category_id=128801,2026-05-20 00:00:00,Duplicate without user-selected canonical
https://compassgrill.co.il/butcher-board/בוצ-ר-אנדגריין-אלון-25-40-עם-תעלה-עבודת-יד/,2026-05-20 00:00:00,Duplicate without user-selected canonical
https://compassgrill.co.il/butcher-board/בוצ-ר-אנדגריין-אלון-25-40-ללא-תעלה/?category_id=128801,2026-05-20 00:00:00,Duplicate without user-selected canonical
https://compassgrill.co.il/butcher-board/קרש-חיתוך-סיסם-אירופאי-המלח-פלפל-30-45/?category_id=128801,2026-05-20 00:00:00,Duplicate without user-selected canonical
https://compassgrill.co.il/grill-smoker-accessories/butcher-board/בוצ-ר-אנדגריין-אלון-25-40-עם-תעלה-עבודת-יד/?category_id=128801&sort=price&order=DESC,2026-05-20 00:00:00,Duplicate without user-selected canonical
https://compassgrill.co.il/grill-smoker-accessories/butcher-board/בוצ-ר-אנדגריין-אלון-45-ריבוע-עם-תעלה-דגם-king-size/?category_id=128801&sort=price&order=DESC,2026-05-20 00:00:00,Duplicate without user-selected canonical
https://compassgrill.co.il/grill-smoker-accessories/butcher-board/בוצ-ר-אנדגריין-אלון-25-40-עם-תעלה-עבודת-יד/?sort=price&order=DESC,2026-05-20 00:00:00,Duplicate without user-selected canonical
https://compassgrill.co.il/grill-smoker-accessories/butcher-board/בוצ-ר-אנדגריין-אלון-45-פינות-מעוגלות-עם-תעלה/?sort=price&order=ASC,2026-05-18 00:00:00,Duplicate without user-selected canonical
https://compassgrill.co.il/wood-chips-and-chunks-for-smoking/שבבי-עץ-בוק-למעשנה-5-ליטר/?category_id=97766,2026-05-18 00:00:00,Duplicate without user-selected canonical
https://compassgrill.co.il/grill-smoker-accessories/butcher-board/בוצ-ר-אנדגריין-אלון-20x35-עם-תעלה/?category_id=128801&sort=price&order=ASC,2026-05-18 00:00:00,Duplicate without user-selected canonical
https://compassgrill.co.il/grill-smoker-accessories/butcher-board/קרש-חיתוך-סיסם-ארוך-עם-ידית-60-20/?category_id=128801&sort=price&order=ASC,2026-05-18 00:00:00,Duplicate without user-selected canonical
https://compassgrill.co.il/grill-smoker-accessories/butcher-board/בוצ-ר-אנדגריין-אלון-20-30-עם-תעלה/?category_id=128801&sort=price&order=ASC,2026-05-18 00:00:00,Duplicate without user-selected canonical
https://compassgrill.co.il/grill-smoker-accessories/butcher-board/קרש-חיתוך-אשא-25-40-עם-תעלה/?category_id=128801&sort=price&order=ASC,2026-05-18 00:00:00,Duplicate without user-selected canonical
https://compassgrill.co.il/grill-smoker-accessories/butcher-board/בוצ-ר-אנדגריין-סיסם-אירופאי-לסושי/?category_id=128801&sort=price&order=ASC,2026-05-18 00:00:00,Duplicate without user-selected canonical
https://compassgrill.co.il/grill-smoker-accessories/butcher-board/קרש-חיתוך-מעץ-סיסם-אירופאי-40-30-עם-תעלת-ניקוז/?category_id=128801&sort=price&order=ASC,2026-05-18 00:00:00,Duplicate without user-selected canonical
https://compassgrill.co.il/grill-smoker-accessories/butcher-board/קרש-חיתוך-אשא-25-35-עם-תעלה/?category_id=128801&sort=price&order=ASC,2026-05-18 00:00:00,Duplicate without user-selected canonical
https://compassgrill.co.il/grill-smoker-accessories/butcher-board/בוצ-ר-אנדגריין-סיסם-אירופאי-לסושי/?sort=price&order=ASC,2026-05-18 00:00:00,Duplicate without user-selected canonical
https://compassgrill.co.il/grill-smoker-accessories/butcher-board/בוצ-ר-אנדגריין-אלון-25-40-עם-תעלה-עבודת-יד/?category_id=128801&sort=price&order=ASC,2026-05-18 00:00:00,Duplicate without user-selected canonical
https://compassgrill.co.il/grill-smoker-accessories/butcher-board/קרש-חיתוך-מעץ-סיסם-אירופאי-40-30-עם-תעלת-ניקוז/?sort=price&order=ASC,2026-05-18 00:00:00,Duplicate without user-selected canonical
https://compassgrill.co.il/grill-smoker-accessories/butcher-board/קרש-חיתוך-אשא-20-30-עם-תעלה/?category_id=128801&sort=price&order=ASC,2026-05-18 00:00:00,Duplicate without user-selected canonical
https://compassgrill.co.il/grill-smoker-accessories/butcher-board/קרש-חיתוך-אשא-30-45-עם-תעלה-קרש-חיתוך-אשא-30-45-עם-תעלה/?sort=price&order=ASC,2026-05-18 00:00:00,Duplicate without user-selected canonical
https://compassgrill.co.il/grill-smoker-accessories/butcher-board/בוצ-ר-אנדגריין-אלון-25-40-ללא-תעלה/?category_id=128801&sort=price&order=ASC,2026-05-18 00:00:00,Duplicate without user-selected canonical
https://compassgrill.co.il/grill-smoker-accessories/butcher-board/קרש-חיתוך-מעץ-אשא-30x45-בעובי-4-ס-מ/?category_id=128801&sort=price&order=ASC,2026-05-18 00:00:00,Duplicate without user-selected canonical
https://compassgrill.co.il/grill-smoker-accessories/butcher-board/קרש-חיתוך-אלון-עם-ידית-35-20/?category_id=128801&sort=price&order=ASC,2026-05-18 00:00:00,Duplicate without user-selected canonical
https://compassgrill.co.il/grill-smoker-accessories/butcher-board/קרש-חיתוך-אשא-30-45-עם-תעלה-קרש-חיתוך-אשא-30-45-עם-תעלה/?sort=pd.name&order=ASC,2026-05-18 00:00:00,Duplicate without user-selected canonical
https://compassgrill.co.il/grill-smoker-accessories/butcher-board/קרש-חיתוך-מעץ-סיסם-אירופאי-20-30-עם-תעלת-ניקוז/?category_id=128801&sort=price&order=ASC,2026-05-18 00:00:00,Duplicate without user-selected canonical
https://compassgrill.co.il/grill-smoker-accessories/butcher-board/קרש-חיתוך-אלון-עם-ידית-35-20/?sort=price&order=ASC,2026-05-18 00:00:00,Duplicate without user-selected canonical
https://compassgrill.co.il/grill-smoker-accessories/butcher-board/בוצ-ר-אנדגריין-מייפל-25-40-ללא-תעלה/?sort=price&order=ASC,2026-05-18 00:00:00,Duplicate without user-selected canonical
https://compassgrill.co.il/grill-smoker-accessories/butcher-board/butcher-cutting-board/?category_id=128801&sort=price&order=ASC,2026-05-18 00:00:00,Duplicate without user-selected canonical
https://compassgrill.co.il/grill-smoker-accessories/butcher-board/קרש-חיתוך-מעץ-אשא-30x45-בעובי-4-ס-מ/?sort=price&order=ASC,2026-05-18 00:00:00,Duplicate without user-selected canonical
https://compassgrill.co.il/grill-smoker-accessories/butcher-board/קרש-חיתוך-מעץ-סיסם-אירופאי-40-25-עם-תעלת-ניקוז/?category_id=128801&sort=price&order=ASC,2026-05-18 00:00:00,Duplicate without user-selected canonical
https://compassgrill.co.il/poultry-3/לבבות-עוף-ארוז-קפוא-copy-1/,2026-05-18 00:00:00,Duplicate without user-selected canonical
https://compassgrill.co.il/grill-smoker-accessories/butcher-board/butcher-cutting-board/?sort=price&order=ASC,2026-05-18 00:00:00,Duplicate without user-selected canonical
https://compassgrill.co.il/grill-smoker-accessories/butcher-board/קרש-חיתוך-אשא-20-30-עם-תעלה/?sort=price&order=ASC,2026-05-18 00:00:00,Duplicate without user-selected canonical
https://compassgrill.co.il/grill-smoker-accessories/butcher-board/קרש-חיתוך-מעץ-סיסם-אירופאי-20-30-עם-תעלת-ניקוז/?sort=price&order=ASC,2026-05-18 00:00:00,Duplicate without user-selected canonical
https://compassgrill.co.il/grill-smoker-accessories/butcher-board/בוצ-ר-אנדגריין-אלון-20-30-עם-תעלה/?sort=price&order=ASC,2026-05-18 00:00:00,Duplicate without user-selected canonical
https://compassgrill.co.il/smoker-tandoor/pellet-smokers/pitboss-fb500/?category_id=34516&sort=p.sort_order&order=ASC,2026-05-18 00:00:00,Duplicate without user-selected canonical
https://compassgrill.co.il/butcher-board/קרש-חיתוך-מעץ-סיסם-אירופאי-30-50-עם-תעלת-ניקוז/?category_id=128801,2026-05-18 00:00:00,Duplicate without user-selected canonical
https://compassgrill.co.il/grill-smoker-accessories/butcher-board/שמן-טבעי-לעץ-100-מ-ל-להגנה-וחידוש-קרשי-חיתוך-ובוצ-רים/?category_id=128801&sort=price&order=ASC,2026-05-18 00:00:00,Duplicate without user-selected canonical
https://compassgrill.co.il/grill-smoker-accessories/butcher-board/שמן-טבעי-לעץ-100-מ-ל-להגנה-וחידוש-קרשי-חיתוך-ובוצ-רים/?sort=price&order=ASC,2026-05-18 00:00:00,Duplicate without user-selected canonical
https://compassgrill.co.il/grill-smoker-accessories/butcher-board/קרש-חיתוך-סיסם-ארוך-עם-ידית-60-20/?sort=price&order=ASC,2026-05-18 00:00:00,Duplicate without user-selected canonical
https://compassgrill.co.il/butcher-board/קרש-חיתוך-מעץ-סיסם-אירופאי-30-50-עם-תעלת-ניקוז/,2026-05-18 00:00:00,Duplicate without user-selected canonical
https://compassgrill.co.il/grill-smoker-accessories/butcher-board/בוצ-ר-אנדגריין-אלון-25-40-ללא-תעלה/?sort=price&order=ASC,2026-05-18 00:00:00,Duplicate without user-selected canonical
https://compassgrill.co.il/butcher-board/בוצ-ר-אנדגריין-אלון-20x35-עם-תעלה/?category_id=128801,2026-05-18 00:00:00,Duplicate without user-selected canonical
https://compassgrill.co.il/butcher-board/בוצ-ר-אנדגריין-סיסם-אירופאי-לסושי/?category_id=128801,2026-05-18 00:00:00,Duplicate without user-selected canonical
https://compassgrill.co.il/butcher-board/קרש-חיתוך-אלון-עם-ידית-35-20/?category_id=128801,2026-05-18 00:00:00,Duplicate without user-selected canonical
https://compassgrill.co.il/butcher-board/בוצ-ר-אנדגריין-מייפל-30-40-ללא-תעלה-עבודת-יד/?category_id=128801,2026-05-18 00:00:00,Duplicate without user-selected canonical
https://compassgrill.co.il/butcher-board/קרש-חיתוך-סיסם-ארוך-עם-ידית-60-20/?category_id=128801,2026-05-18 00:00:00,Duplicate without user-selected canonical
https://compassgrill.co.il/butcher-board/קרש-חיתוך-מעץ-סיסם-אירופאי-40-30-עם-תעלת-ניקוז/?category_id=128801,2026-05-18 00:00:00,Duplicate without user-selected canonical
https://compassgrill.co.il/butcher-board/בוצ-ר-אנדגריין-אלון-30x40-עם-תעלה/?category_id=128801,2026-05-18 00:00:00,Duplicate without user-selected canonical
https://compassgrill.co.il/butcher-board/קרש-חיתוך-אשא-25-40-עם-תעלה/?category_id=128801,2026-05-18 00:00:00,Duplicate without user-selected canonical
https://compassgrill.co.il/butcher-board/קרש-חיתוך-אשא-20-30-עם-תעלה/?category_id=128801,2026-05-18 00:00:00,Duplicate without user-selected canonical
https://compassgrill.co.il/butcher-board/קרש-חיתוך-אשא-20-30-עם-תעלה/,2026-05-18 00:00:00,Duplicate without user-selected canonical
https://compassgrill.co.il/butcher-board/בוצ-ר-אנדגריין-אלון-30x40-עם-תעלה/,2026-05-18 00:00:00,Duplicate without user-selected canonical
https://compassgrill.co.il/butcher-board/קרש-חיתוך-אלון-עם-ידית-35-20/,2026-05-18 00:00:00,Duplicate without user-selected canonical
https://compassgrill.co.il/grill-smoker-accessories/butcher-board/קרש-חיתוך-סיסם-אירופאי-המלח-פלפל-30-45/?category_id=128801&sort=price&order=DESC,2026-05-18 00:00:00,Duplicate without user-selected canonical
https://compassgrill.co.il/butcher-board/קרש-חיתוך-אשא-30-45-עם-תעלה-קרש-חיתוך-אשא-30-45-עם-תעלה/?category_id=128801,2026-05-18 00:00:00,Duplicate without user-selected canonical
https://compassgrill.co.il/butcher-board/קרש-חיתוך-אשא-30-45-עם-תעלה-קרש-חיתוך-אשא-30-45-עם-תעלה/,2026-05-18 00:00:00,Duplicate without user-selected canonical
https://compassgrill.co.il/butcher-board/בוצ-ר-אנדגריין-מייפל-25-40-ללא-תעלה/?category_id=128801,2026-05-18 00:00:00,Duplicate without user-selected canonical
https://compassgrill.co.il/grill-smoker-accessories/butcher-board/בוצ-ר-אנדגריין-אלון-עגול-40-ס-מ-עבודת-יד/?category_id=128801&sort=price&order=DESC,2026-05-18 00:00:00,Duplicate without user-selected canonical
https://compassgrill.co.il/butcher-board/בוצ-ר-אנדגריין-מייפל-25-40-ללא-תעלה/,2026-05-18 00:00:00,Duplicate without user-selected canonical
https://compassgrill.co.il/butcher-board/קרש-חיתוך-אשא-25-35-עם-תעלה/?category_id=128801,2026-05-18 00:00:00,Duplicate without user-selected canonical
https://compassgrill.co.il/grill-smoker-accessories/butcher-board/בוצ-ר-אנדגריין-אלון-עגול-40-ס-מ-עבודת-יד/?sort=price&order=DESC,2026-05-18 00:00:00,Duplicate without user-selected canonical
https://compassgrill.co.il/grill-smoker-accessories/butcher-board/בוצ-ר-אנדגריין-אלון-20x35-עם-תעלה/?category_id=128801&sort=price&order=DESC,2026-05-18 00:00:00,Duplicate without user-selected canonical
https://compassgrill.co.il/butcher-board/בוצ-ר-אנדגריין-אלון-25-40-ללא-תעלה/,2026-05-18 00:00:00,Duplicate without user-selected canonical
https://compassgrill.co.il/grill-smoker-accessories/butcher-board/קרש-חיתוך-סיסם-ארוך-עם-ידית-60-20/?category_id=128801&sort=price&order=DESC,2026-05-18 00:00:00,Duplicate without user-selected canonical
https://compassgrill.co.il/grill-smoker-accessories/butcher-board/קרש-חיתוך-סיסם-אירופאי-המלח-פלפל-30-45/?sort=price&order=DESC,2026-05-18 00:00:00,Duplicate without user-selected canonical
https://compassgrill.co.il/butcher-board/קרש-חיתוך-סיסם-ארוך-עם-ידית-60-20/,2026-05-18 00:00:00,Duplicate without user-selected canonical
https://compassgrill.co.il/grill-smoker-accessories/butcher-board/בוצ-ר-אנדגריין-אלון-20x35-עם-תעלה/?sort=price&order=DESC,2026-05-18 00:00:00,Duplicate without user-selected canonical
https://compassgrill.co.il/grill-smoker-accessories/butcher-board/קרש-חיתוך-אשא-30-45-עם-תעלה-קרש-חיתוך-אשא-30-45-עם-תעלה/?category_id=128801&sort=price&order=DESC,2026-05-18 00:00:00,Duplicate without user-selected canonical
https://compassgrill.co.il/butcher-board/קרש-חיתוך-מעץ-אשא-30x45-בעובי-4-ס-מ/?category_id=128801,2026-05-18 00:00:00,Duplicate without user-selected canonical
https://compassgrill.co.il/grill-smoker-accessories/butcher-board/קרש-חיתוך-אשא-30-45-עם-תעלה-קרש-חיתוך-אשא-30-45-עם-תעלה/?sort=price&order=DESC,2026-05-18 00:00:00,Duplicate without user-selected canonical
https://compassgrill.co.il/grill-smoker-accessories/butcher-board/בוצ-ר-אנדגריין-מייפל-30-40-ללא-תעלה-עבודת-יד/?category_id=128801&sort=price&order=DESC,2026-05-18 00:00:00,Duplicate without user-selected canonical
https://compassgrill.co.il/butcher-board/קרש-חיתוך-מעץ-סיסם-אירופאי-20-30-עם-תעלת-ניקוז/?category_id=128801,2026-05-18 00:00:00,Duplicate without user-selected canonical
https://compassgrill.co.il/butcher-board/קרש-חיתוך-מעץ-סיסם-אירופאי-20-30-עם-תעלת-ניקוז/,2026-05-18 00:00:00,Duplicate without user-selected canonical
https://compassgrill.co.il/grill-smoker-accessories/butcher-board/קרש-חיתוך-סיסם-ארוך-עם-ידית-60-20/?sort=price&order=DESC,2026-05-18 00:00:00,Duplicate without user-selected canonical
https://compassgrill.co.il/butcher-board/בוצ-ר-אנדגריין-סיסם-אירופאי-לסושי/,2026-05-18 00:00:00,Duplicate without user-selected canonical
https://compassgrill.co.il/butcher-board/קרש-חיתוך-מעץ-אשא-30x45-בעובי-4-ס-מ/,2026-05-18 00:00:00,Duplicate without user-selected canonical
https://compassgrill.co.il/grill-smoker-accessories/butcher-board/cutting-board-otto/?category_id=128801&sort=price&order=DESC,2026-05-18 00:00:00,Duplicate without user-selected canonical
https://compassgrill.co.il/butcher-board/בוצ-ר-אנדגריין-אלון-20-30-עם-תעלה/?category_id=128801,2026-05-18 00:00:00,Duplicate without user-selected canonical
https://compassgrill.co.il/grill-smoker-accessories/butcher-board/בוצ-ר-אנדגריין-אלון-45-ריבוע-עם-תעלה-דגם-king-size/?sort=price&order=DESC,2026-05-18 00:00:00,Duplicate without user-selected canonical
https://compassgrill.co.il/butcher-board/בוצ-ר-אנדגריין-אלון-20-30-עם-תעלה/,2026-05-18 00:00:00,Duplicate without user-selected canonical
https://compassgrill.co.il/butcher-board/בוצ-ר-אנדגריין-אלון-20x35-עם-תעלה/,2026-05-18 00:00:00,Duplicate without user-selected canonical
https://compassgrill.co.il/butcher-board/קרש-חיתוך-מעץ-סיסם-אירופאי-40-25-עם-תעלת-ניקוז/?category_id=128801,2026-05-18 00:00:00,Duplicate without user-selected canonical
https://compassgrill.co.il/grill-smoker-accessories/butcher-board/קרש-חיתוך-אשא-25-40-עם-תעלה/?sort=price&order=DESC,2026-05-18 00:00:00,Duplicate without user-selected canonical
https://compassgrill.co.il/butcher-board/קרש-חיתוך-מעץ-סיסם-אירופאי-40-25-עם-תעלת-ניקוז/,2026-05-18 00:00:00,Duplicate without user-selected canonical
https://compassgrill.co.il/butcher-board/קרש-חיתוך-סיסם-אירופאי-המלח-פלפל-30-45/,2026-05-18 00:00:00,Duplicate without user-selected canonical
https://compassgrill.co.il/grill-smoker-accessories/butcher-board/קרש-חיתוך-מעץ-סיסם-אירופאי-30-50-עם-תעלת-ניקוז/?category_id=128801&sort=price&order=DESC,2026-05-18 00:00:00,Duplicate without user-selected canonical
https://compassgrill.co.il/grill-smoker-accessories/butcher-board/בוצ-ר-אנדגריין-אלון-50-35-עם-תעלה-קרש-חיתוך-עבודת-יד/?category_id=128801&sort=price&order=DESC,2026-05-17 00:00:00,Duplicate without user-selected canonical
https://compassgrill.co.il/grill-smoker-accessories/butcher-board/קרש-חיתוך-מעץ-סיסם-אירופאי-30-50-עם-תעלת-ניקוז/?sort=price&order=DESC,2026-05-17 00:00:00,Duplicate without user-selected canonical
https://compassgrill.co.il/grill-smoker-accessories/butcher-board/קרש-חיתוך-מעץ-סיסם-אירופאי-40-30-עם-תעלת-ניקוז/?category_id=128801&sort=price&order=DESC,2026-05-17 00:00:00,Duplicate without user-selected canonical
https://compassgrill.co.il/grill-smoker-accessories/butcher-board/בוצ-ר-אנדגריין-מייפל-25-40-ללא-תעלה/?category_id=128801&sort=price&order=DESC,2026-05-17 00:00:00,Duplicate without user-selected canonical
https://compassgrill.co.il/grill-smoker-accessories/butcher-board/בוצ-ר-אנדגריין-אלון-25-40-ללא-תעלה/?sort=price&order=DESC,2026-05-17 00:00:00,Duplicate without user-selected canonical
https://compassgrill.co.il/grill-smoker-accessories/butcher-board/butcher-cutting-board/?category_id=128801&sort=price&order=DESC,2026-05-17 00:00:00,Duplicate without user-selected canonical
https://compassgrill.co.il/grill-smoker-accessories/butcher-board/butcher-cutting-board/?sort=price&order=DESC,2026-05-17 00:00:00,Duplicate without user-selected canonical
https://compassgrill.co.il/grill-smoker-accessories/butcher-board/בוצ-ר-אנדגריין-מייפל-25-40-ללא-תעלה/?sort=price&order=DESC,2026-05-17 00:00:00,Duplicate without user-selected canonical
https://compassgrill.co.il/grill-smoker-accessories/butcher-board/קרש-חיתוך-מעץ-אשא-30x45-בעובי-4-ס-מ/?category_id=128801&sort=price&order=DESC,2026-05-17 00:00:00,Duplicate without user-selected canonical
https://compassgrill.co.il/grill-smoker-accessories/butcher-board/בוצ-ר-אנדגריין-אלון-30x40-עם-תעלה/?sort=price&order=DESC,2026-05-17 00:00:00,Duplicate without user-selected canonical
https://compassgrill.co.il/grill-smoker-accessories/butcher-board/בוצ-ר-אנדגריין-מייפל-30-40-ללא-תעלה-עבודת-יד/?sort=price&order=DESC,2026-05-17 00:00:00,Duplicate without user-selected canonical
https://compassgrill.co.il/grill-smoker-accessories/butcher-board/בוצ-ר-אנדגריין-אלון-50-35-עם-תעלה-קרש-חיתוך-עבודת-יד/?sort=price&order=DESC,2026-05-17 00:00:00,Duplicate without user-selected canonical
https://compassgrill.co.il/grill-smoker-accessories/butcher-board/קרש-חיתוך-מעץ-אשא-30x45-בעובי-4-ס-מ/?sort=price&order=DESC,2026-05-17 00:00:00,Duplicate without user-selected canonical
https://compassgrill.co.il/grill-smoker-accessories/butcher-board/קרש-חיתוך-מעץ-סיסם-אירופאי-40-30-עם-תעלת-ניקוז/?sort=price&order=DESC,2026-05-17 00:00:00,Duplicate without user-selected canonical
https://compassgrill.co.il/grill-smoker-accessories/butcher-board/קרש-חיתוך-אשא-25-35-עם-תעלה/?category_id=128801&sort=pd.name&order=ASC,2026-05-17 00:00:00,Duplicate without user-selected canonical
https://compassgrill.co.il/frozen-meat/black-angus-feedlot-shoulder-roast-slice-5/?category_id=66836&sort=pd.name&order=ASC,2026-05-17 00:00:00,Duplicate without user-selected canonical
https://compassgrill.co.il/grill-smoker-accessories/butcher-board/קרש-חיתוך-אשא-25-40-עם-תעלה/?sort=pd.name&order=ASC,2026-05-17 00:00:00,Duplicate without user-selected canonical
https://compassgrill.co.il/plates-for-serving/קרש-חיתוך-והגשה-רינג-אובלי-65/?sort=p.model&order=ASC,2026-05-17 00:00:00,Duplicate without user-selected canonical
https://compassgrill.co.il/butcher-kfar-saba/poultry-3/כרעיים-עוף-ארוז-copy-2/?category_id=105748&sort=rating&order=ASC,2026-05-17 00:00:00,Duplicate without user-selected canonical
https://compassgrill.co.il/butcher-kfar-saba/poultry-3/כרעיים-עוף-ארוז-copy-2/?sort=rating&order=ASC,2026-05-17 00:00:00,Duplicate without user-selected canonical
https://compassgrill.co.il/grill-smoker-accessories/plates-for-serving/צלחת-מעץ-אשא-קוטר-20-ס-מ-דו-צדדית/?category_id=128868&sort=pd.name&order=DESC,2026-05-17 00:00:00,Duplicate without user-selected canonical
https://compassgrill.co.il/grill-smoker-accessories/butcher-board/קרש-חיתוך-מעץ-אשא-30x45-בעובי-4-ס-מ/?category_id=128801,2026-05-17 00:00:00,Duplicate without user-selected canonical
https://compassgrill.co.il/grill-smoker-accessories/butcher-board/קרש-חיתוך-מעץ-אשא-30x45-בעובי-4-ס-מ/,2026-05-17 00:00:00,Duplicate without user-selected canonical
https://compassgrill.co.il/plates-for-serving/צלחת-פיצה-אשא-קוטר-30-ס-מ/?category_id=128868&sort=pd.name&order=DESC,2026-05-17 00:00:00,Duplicate without user-selected canonical
https://compassgrill.co.il/grill-smoker-accessories/butcher-board/בוצ-ר-אנדגריין-מעץ-אגוז-אמריקאי-קוטר-40-ס-מ/?category_id=128801&sort=pd.name&order=ASC,2026-05-17 00:00:00,Duplicate without user-selected canonical
https://compassgrill.co.il/gas-grills-1/gas-grill-charcoal-smoker-combo/pit-boss-lexington-charcoal-מעשנת-וגריל-פחמים-מקצועי/?category_id=108566&sort=p.sort_order&order=ASC,2026-05-17 00:00:00,Duplicate without user-selected canonical
https://compassgrill.co.il/grill-smoker-accessories/plates-for-serving/קרש-חיתוך-והגשה-רינג-אובלי-65/?sort=pd.name&order=ASC,2026-05-17 00:00:00,Duplicate without user-selected canonical
https://compassgrill.co.il/plates-for-serving/פרוסת-סיסם-אירופאי-100-קרש-הגשה-טבעי-מעץ-מלא/?category_id=128868&sort=price&order=ASC,2026-05-17 00:00:00,Duplicate without user-selected canonical
https://compassgrill.co.il/plates-for-serving/צלחת-פיצה-אשא-קוטר-30-ס-מ/?sort=pd.name&order=DESC,2026-05-17 00:00:00,Duplicate without user-selected canonical
https://compassgrill.co.il/gas-grills-1/gas-grill-charcoal-smoker-combo/pit-boss-lexington-charcoal-מעשנת-וגריל-פחמים-מקצועי/?sort=p.sort_order&order=ASC,2026-05-17 00:00:00,Duplicate without user-selected canonical
https://compassgrill.co.il/eitan-meat-eilat/fresh-beef/angus-feedlot-ribs-no-2-3kg/?category_id=66835&sort=rating&order=ASC,2026-05-17 00:00:00,Duplicate without user-selected canonical
https://compassgrill.co.il/grill-smoker-accessories/plates-for-serving/צלחת-3-תאים-מעץ-אשא-קוטר-25-ס-מ/?category_id=128868&sort=price&order=DESC,2026-05-17 00:00:00,Duplicate without user-selected canonical
https://compassgrill.co.il/grill-smoker-accessories/plates-for-serving/צלחת-שישה-תאים-מעץ-מלא-קוטר-30-דו-צדדית/?category_id=128868&sort=p.model&order=ASC,2026-05-17 00:00:00,Duplicate without user-selected canonical
https://compassgrill.co.il/knives-and-accessories/סכין-בשר-26-ס-מ-להב-גבוה-dick-ergogrip/?category_id=35161,2026-05-17 00:00:00,Duplicate without user-selected canonical
https://compassgrill.co.il/grill-smoker-accessories/plates-for-serving/קרש-חיתוך-סיסם-ארוך-עם-ידית-60-20/?category_id=128868&sort=p.model&order=ASC,2026-05-17 00:00:00,Duplicate without user-selected canonical
https://compassgrill.co.il/plates-for-serving/צלחת-אובלית-מעץ-מלא-25-35-דו-צדדית/?category_id=128868&sort=rating&order=DESC,2026-05-17 00:00:00,Duplicate without user-selected canonical
https://compassgrill.co.il/plates-for-serving/צלחת-מעץ-אשא-קוטר-25-ס-מ/?category_id=128868&sort=pd.name&order=ASC,2026-05-17 00:00:00,Duplicate without user-selected canonical
https://compassgrill.co.il/plates-for-serving/שמן-טבעי-לעץ-100-מ-ל-להגנה-וחידוש-קרשי-חיתוך-ובוצ-רים/?category_id=128868,2026-05-17 00:00:00,Duplicate without user-selected canonical
https://compassgrill.co.il/grill-smoker-accessories/wood-chips-and-chunks-for-smoking/שבבי-עץ-מייפל-למעשנה-5-ליטר/?category_id=97766&sort=rating&order=ASC,2026-05-17 00:00:00,Duplicate without user-selected canonical
https://compassgrill.co.il/plates-for-serving/צלחת-שישה-תאים-מעץ-מלא-קוטר-30-דו-צדדית/?category_id=128868&sort=rating&order=DESC,2026-05-17 00:00:00,Duplicate without user-selected canonical
https://compassgrill.co.il/plates-for-serving/צלחת-אובלית-מעץ-מלא-25-35-דו-צדדית/?sort=rating&order=DESC,2026-05-17 00:00:00,Duplicate without user-selected canonical
https://compassgrill.co.il/grill-smoker-accessories/butcher-board/butcher-cutting-board/?category_id=128801&sort=pd.name&order=ASC,2026-05-17 00:00:00,Duplicate without user-selected canonical
https://compassgrill.co.il/plates-for-serving/צלחת-3-תאים-מעץ-אשא-קוטר-25-ס-מ/?category_id=128868&sort=price&order=ASC,2026-05-17 00:00:00,Duplicate without user-selected canonical
https://compassgrill.co.il/grill-smoker-accessories/knives-and-accessories/סכין-בשר-26-ס-מ-להב-גבוה-dick-ergogrip/?category_id=35161&sort=pd.name&order=ASC,2026-05-17 00:00:00,Duplicate without user-selected canonical
https://compassgrill.co.il/plates-for-serving/צלחת-פיצה-אשא-קוטר-30-ס-מ/?category_id=128868,2026-05-17 00:00:00,Duplicate without user-selected canonical
https://compassgrill.co.il/grill-smoker-accessories/plates-for-serving/צלחת-אובלית-מעץ-מלא-25-35-דו-צדדית/?category_id=128868&sort=rating&order=DESC,2026-05-17 00:00:00,Duplicate without user-selected canonical
https://compassgrill.co.il/grill-smoker-accessories/butcher-board/בוצ-ר-אנדגריין-אלון-45-ריבוע-עם-תעלה-דגם-king-size/?category_id=128801&sort=pd.name&order=ASC,2026-05-17 00:00:00,Duplicate without user-selected canonical
https://compassgrill.co.il/plates-for-serving/צלחת-אובלית-מעץ-מלא-25-35-דו-צדדית/?category_id=128868&sort=rating&order=ASC,2026-05-17 00:00:00,Duplicate without user-selected canonical
https://compassgrill.co.il/plates-for-serving/צלחת-פיצה-אשא-קוטר-30-ס-מ/,2026-05-17 00:00:00,Duplicate without user-selected canonical
https://compassgrill.co.il/plates-for-serving/פרוסת-סיסם-אירופאי-100-קרש-הגשה-טבעי-מעץ-מלא/?category_id=128868&sort=p.sort_order&order=ASC,2026-05-17 00:00:00,Duplicate without user-selected canonical
https://compassgrill.co.il/grill-smoker-accessories/plates-for-serving/קרש-חיתוך-והגשה-רינג-אובלי-75/?category_id=128868&sort=p.model&order=ASC,2026-05-17 00:00:00,Duplicate without user-selected canonical
https://compassgrill.co.il/plates-for-serving/פרוסת-סיסם-אירופאי-120/?category_id=128868&sort=rating&order=ASC,2026-05-17 00:00:00,Duplicate without user-selected canonical
https://compassgrill.co.il/grill-smoker-accessories/plates-for-serving/צלחת-מעץ-אשא-קוטר-25-ס-מ/?category_id=128868&sort=rating&order=ASC,2026-05-17 00:00:00,Duplicate without user-selected canonical
https://compassgrill.co.il/grill-smoker-accessories/wood-chips-and-chunks-for-smoking/שבבי-עץ-היקורי-למעשנה-5-ליטר/?category_id=97766&sort=p.model&order=ASC,2026-05-17 00:00:00,Duplicate without user-selected canonical
https://compassgrill.co.il/grill-smoker-accessories/plates-for-serving/קרש-חיתוך-והגשה-רינג-אובלי-75/?category_id=128868&sort=rating&order=ASC,2026-05-17 00:00:00,Duplicate without user-selected canonical
https://compassgrill.co.il/plates-for-serving/צלחת-3-תאים-מעץ-אשא-קוטר-25-ס-מ/?category_id=128868&sort=pd.name&order=ASC,2026-05-17 00:00:00,Duplicate without user-selected canonical
https://compassgrill.co.il/plates-for-serving/קרש-חיתוך-סיסם-ארוך-עם-ידית-60-20/?category_id=128868&sort=rating&order=ASC,2026-05-17 00:00:00,Duplicate without user-selected canonical
https://compassgrill.co.il/plates-for-serving/פרוסת-סיסם-אירופאי-100-קרש-הגשה-טבעי-מעץ-מלא/?category_id=128868&sort=rating&order=ASC,2026-05-17 00:00:00,Duplicate without user-selected canonical
https://compassgrill.co.il/gifts/מארז-לשף-שלנו-באהבה-קרש-עץ-סכין-שף-berox/?category_id=128869&sort=p.sort_order&order=ASC,2026-05-17 00:00:00,Duplicate without user-selected canonical
https://compassgrill.co.il/plates-for-serving/פרוסת-סיסם-אירופאי-100-קרש-הגשה-טבעי-מעץ-מלא/?sort=p.sort_order&order=ASC,2026-05-17 00:00:00,Duplicate without user-selected canonical
https://compassgrill.co.il/grill-smoker-accessories/plates-for-serving/קרש-חיתוך-והגשה-רינג-אובלי-65/?category_id=128868&sort=p.model&order=ASC,2026-05-17 00:00:00,Duplicate without user-selected canonical
https://compassgrill.co.il/grill-smoker-accessories/butcher-board/בוצ-ר-אנדגריין-אלון-45-ריבוע-עם-תעלה-דגם-king-size/?sort=pd.name&order=ASC,2026-05-17 00:00:00,Duplicate without user-selected canonical
https://compassgrill.co.il/grill-smoker-accessories/plates-for-serving/צלחת-3-תאים-מעץ-אשא-קוטר-25-ס-מ/?category_id=128868&sort=p.model&order=ASC,2026-05-17 00:00:00,Duplicate without user-selected canonical
https://compassgrill.co.il/plates-for-serving/קרש-חיתוך-והגשה-רינג-אובלי-65/?category_id=128868&sort=rating&order=ASC,2026-05-17 00:00:00,Duplicate without user-selected canonical
https://compassgrill.co.il/gifts/מארז-לשף-שלנו-באהבה-קרש-עץ-סכין-שף-berox/?sort=p.sort_order&order=ASC,2026-05-17 00:00:00,Duplicate without user-selected canonical
https://compassgrill.co.il/plates-for-serving/צלחת-3-תאים-מעץ-אשא-קוטר-25-ס-מ/?category_id=128868&sort=rating&order=ASC,2026-05-17 00:00:00,Duplicate without user-selected canonical
https://compassgrill.co.il/plates-for-serving/קרש-חיתוך-והגשה-רינג-אובלי-75/,2026-05-17 00:00:00,Duplicate without user-selected canonical
https://compassgrill.co.il/grill-smoker-accessories/plates-for-serving/קרש-חיתוך-והגשה-רינג-אובלי-75/?sort=p.model&order=DESC,2026-05-17 00:00:00,Duplicate without user-selected canonical
https://compassgrill.co.il/grill-smoker-accessories/plates-for-serving/צלחת-מעץ-אשא-קוטר-20-ס-מ-דו-צדדית/?category_id=128868&sort=p.model&order=ASC,2026-05-17 00:00:00,Duplicate without user-selected canonical
https://compassgrill.co.il/grill-smoker-accessories/plates-for-serving/צלחת-פיצה-אשא-קוטר-30-ס-מ/?category_id=128868&sort=p.model&order=ASC,2026-05-17 00:00:00,Duplicate without user-selected canonical
https://compassgrill.co.il/grill-smoker-accessories/plates-for-serving/פרוסת-סיסם-אירופאי-100-קרש-הגשה-טבעי-מעץ-מלא/?category_id=128868&sort=p.model&order=ASC,2026-05-17 00:00:00,Duplicate without user-selected canonical
https://compassgrill.co.il/plates-for-serving/קרש-חיתוך-סיסם-ארוך-עם-ידית-60-20/?category_id=128868&sort=pd.name&order=ASC,2026-05-17 00:00:00,Duplicate without user-selected canonical
https://compassgrill.co.il/plates-for-serving/צלחת-3-תאים-מעץ-אשא-קוטר-25-ס-מ/?sort=pd.name&order=ASC,2026-05-17 00:00:00,Duplicate without user-selected canonical
https://compassgrill.co.il/gifts/שמן-טבעי-לעץ-100-מ-ל-להגנה-וחידוש-קרשי-חיתוך-ובוצ-רים/?category_id=128869&sort=pd.name&order=ASC,2026-05-17 00:00:00,Duplicate without user-selected canonical
https://compassgrill.co.il/grill-smoker-accessories/plates-for-serving/צלחת-3-תאים-מעץ-אשא-קוטר-25-ס-מ/?sort=p.model&order=ASC,2026-05-17 00:00:00,Duplicate without user-selected canonical
https://compassgrill.co.il/gas-grills-1/5-burner-gas-grill/rse625rsibpss-1-il/?category_id=108565&sort=price&order=DESC,2026-05-17 00:00:00,Duplicate without user-selected canonical
https://compassgrill.co.il/plates-for-serving/צלחת-שישה-תאים-מעץ-מלא-קוטר-30-דו-צדדית/?category_id=128868&sort=rating&order=ASC,2026-05-17 00:00:00,Duplicate without user-selected canonical
https://compassgrill.co.il/plates-for-serving/צלחת-אובלית-מעץ-מלא-25-35-דו-צדדית/?sort=rating&order=ASC,2026-05-17 00:00:00,Duplicate without user-selected canonical
https://compassgrill.co.il/grill-smoker-accessories/knives-and-accessories/סכין-בשר-26-ס-מ-להב-גבוה-dick-ergogrip/?sort=pd.name&order=ASC,2026-05-17 00:00:00,Duplicate without user-selected canonical
https://compassgrill.co.il/grill-smoker-accessories/plates-for-serving/פרוסת-סיסם-אירופאי-120/?category_id=128868&sort=p.model&order=ASC,2026-05-17 00:00:00,Duplicate without user-selected canonical
https://compassgrill.co.il/plates-for-serving/צלחת-3-תאים-מעץ-אשא-קוטר-25-ס-מ/?sort=rating&order=ASC,2026-05-17 00:00:00,Duplicate without user-selected canonical
https://compassgrill.co.il/grill-smoker-accessories/plates-for-serving/קרש-חיתוך-סיסם-ארוך-עם-ידית-60-20/?sort=p.model&order=ASC,2026-05-17 00:00:00,Duplicate without user-selected canonical
https://compassgrill.co.il/plates-for-serving/צלחת-פיצה-אשא-קוטר-30-ס-מ/?category_id=128868&sort=rating&order=ASC,2026-05-17 00:00:00,Duplicate without user-selected canonical
https://compassgrill.co.il/eitan-meat-eilat/fresh-beef/פוינט-בריסקט-מס-3-אנגוס-פידלוט/?category_id=66835&sort=rating&order=ASC,2026-05-17 00:00:00,Duplicate without user-selected canonical
https://compassgrill.co.il/plates-for-serving/צלחת-שישה-תאים-מעץ-מלא-קוטר-30-דו-צדדית/?sort=rating&order=ASC,2026-05-17 00:00:00,Duplicate without user-selected canonical
https://compassgrill.co.il/grill-smoker-accessories/plates-for-serving/קרש-חיתוך-והגשה-רינג-אובלי-75/?sort=p.model&order=ASC,2026-05-17 00:00:00,Duplicate without user-selected canonical
https://compassgrill.co.il/plates-for-serving/צלחת-מעץ-אשא-קוטר-25-ס-מ/?category_id=128868&sort=rating&order=ASC,2026-05-17 00:00:00,Duplicate without user-selected canonical
https://compassgrill.co.il/grill-smoker-accessories/plates-for-serving/צלחת-מעץ-אשא-קוטר-25-ס-מ/?category_id=128868&sort=p.model&order=ASC,2026-05-17 00:00:00,Duplicate without user-selected canonical
https://compassgrill.co.il/gifts/מתנה-ממותגת-לחג-קרש-המלח-פלפל-סכין-סנטוקו-berox/?category_id=128869&sort=pd.name&order=DESC,2026-05-17 00:00:00,Duplicate without user-selected canonical
https://compassgrill.co.il/plates-for-serving/פרוסת-סיסם-אירופאי-120/?sort=rating&order=ASC,2026-05-17 00:00:00,Duplicate without user-selected canonical
https://compassgrill.co.il/grill-smoker-accessories/plates-for-serving/קרש-חיתוך-והגשה-רינג-אובלי-55/?sort=p.model&order=ASC,2026-05-17 00:00:00,Duplicate without user-selected canonical
https://compassgrill.co.il/plates-for-serving/קרש-חיתוך-והגשה-רינג-אובלי-55/?category_id=128868&sort=rating&order=ASC,2026-05-17 00:00:00,Duplicate without user-selected canonical
https://compassgrill.co.il/plates-for-serving/צלחת-3-תאים-מעץ-אשא-קוטר-25-ס-מ/?category_id=128868&sort=p.sort_order&order=ASC,2026-05-17 00:00:00,Duplicate without user-selected canonical
https://compassgrill.co.il/grill-smoker-accessories/plates-for-serving/שמן-טבעי-לעץ-100-מ-ל-להגנה-וחידוש-קרשי-חיתוך-ובוצ-רים/?category_id=128868&sort=p.model&order=ASC,2026-05-17 00:00:00,Duplicate without user-selected canonical
https://compassgrill.co.il/plates-for-serving/צלחת-מעץ-אשא-קוטר-25-ס-מ/?sort=rating&order=ASC,2026-05-17 00:00:00,Duplicate without user-selected canonical
https://compassgrill.co.il/grill-smoker-accessories/plates-for-serving/צלחת-שישה-תאים-מעץ-מלא-קוטר-30-דו-צדדית/?sort=p.model&order=ASC,2026-05-17 00:00:00,Duplicate without user-selected canonical
https://compassgrill.co.il/gifts/מארז-לשף-שלנו-באהבה-קרש-עץ-סכין-שף-berox/?category_id=128869&sort=price&order=ASC,2026-05-17 00:00:00,Duplicate without user-selected canonical
https://compassgrill.co.il/grill-smoker-accessories/butcher-board/cutting-board-otto/?category_id=128801&sort=pd.name&order=ASC,2026-05-17 00:00:00,Duplicate without user-selected canonical
https://compassgrill.co.il/plates-for-serving/קרש-חיתוך-והגשה-רינג-אובלי-65/?sort=rating&order=ASC,2026-05-17 00:00:00,Duplicate without user-selected canonical
https://compassgrill.co.il/grill-smoker-accessories/plates-for-serving/צלחת-מעץ-אשא-קוטר-20-ס-מ-דו-צדדית/?sort=p.model&order=ASC,2026-05-17 00:00:00,Duplicate without user-selected canonical
https://compassgrill.co.il/plates-for-serving/קרש-חיתוך-והגשה-רינג-אובלי-75/?category_id=128868&sort=rating&order=ASC,2026-05-17 00:00:00,Duplicate without user-selected canonical
https://compassgrill.co.il/grill-smoker-accessories/plates-for-serving/פרוסת-סיסם-אירופאי-120/?category_id=128868&sort=price&order=ASC,2026-05-17 00:00:00,Duplicate without user-selected canonical
https://compassgrill.co.il/plates-for-serving/קרש-חיתוך-סיסם-ארוך-עם-ידית-60-20/?sort=rating&order=ASC,2026-05-17 00:00:00,Duplicate without user-selected canonical
https://compassgrill.co.il/grill-smoker-accessories/plates-for-serving/צלחת-מעץ-אשא-קוטר-25-ס-מ/?sort=p.model&order=ASC,2026-05-17 00:00:00,Duplicate without user-selected canonical
https://compassgrill.co.il/gifts/שמן-טבעי-לעץ-100-מ-ל-להגנה-וחידוש-קרשי-חיתוך-ובוצ-רים/?category_id=128869&sort=p.model&order=DESC,2026-05-17 00:00:00,Duplicate without user-selected canonical
https://compassgrill.co.il/grill-smoker-accessories/wood-chips-and-chunks-for-smoking/שבבי-עץ-מייפל-למעשנה-5-ליטר/?category_id=97766&sort=p.model&order=ASC,2026-05-17 00:00:00,Duplicate without user-selected canonical
https://compassgrill.co.il/plates-for-serving/קרש-חיתוך-והגשה-רינג-אובלי-75/?sort=rating&order=ASC,2026-05-17 00:00:00,Duplicate without user-selected canonical
https://compassgrill.co.il/grill-smoker-accessories/plates-for-serving/צלחת-פיצה-אשא-קוטר-30-ס-מ/?sort=p.model&order=ASC,2026-05-17 00:00:00,Duplicate without user-selected canonical
https://compassgrill.co.il/gifts/מתנה-ממותגת-לחג-קרש-המלח-פלפל-סכין-סנטוקו-berox/?category_id=128869&sort=rating&order=ASC,2026-05-17 00:00:00,Duplicate without user-selected canonical
https://compassgrill.co.il/grill-smoker-accessories/plates-for-serving/צלחת-אובלית-מעץ-מלא-25-35-דו-צדדית/?category_id=128868&sort=p.model&order=ASC,2026-05-17 00:00:00,Duplicate without user-selected canonical
https://compassgrill.co.il/brand/berox/סכין-סנטוקו-מחוזקת-חריצים-18-ס-מ-berox/,2026-05-17 00:00:00,Duplicate without user-selected canonical
https://compassgrill.co.il/gas-grills-1/5-burner-gas-grill/rse625rsibpss-1-il/?sort=price&order=DESC,2026-05-17 00:00:00,Duplicate without user-selected canonical
https://compassgrill.co.il/plates-for-serving/שמן-טבעי-לעץ-100-מ-ל-להגנה-וחידוש-קרשי-חיתוך-ובוצ-רים/?category_id=128868&sort=rating&order=ASC,2026-05-17 00:00:00,Duplicate without user-selected canonical
https://compassgrill.co.il/grill-smoker-accessories/plates-for-serving/פרוסת-סיסם-אירופאי-100-קרש-הגשה-טבעי-מעץ-מלא/?sort=p.model&order=ASC,2026-05-17 00:00:00,Duplicate without user-selected canonical
https://compassgrill.co.il/grill-smoker-accessories/wood-chips-and-chunks-for-smoking/שבבי-עץ-אלון-למעשנה-5-ליטר/?category_id=97766&sort=p.model&order=ASC,2026-05-17 00:00:00,Duplicate without user-selected canonical
https://compassgrill.co.il/gifts/מתנה-ממותגת-לחג-קרש-המלח-פלפל-סכין-סנטוקו-berox/?sort=pd.name&order=DESC,2026-05-17 00:00:00,Duplicate without user-selected canonical
https://compassgrill.co.il/plates-for-serving/פרוסת-סיסם-אירופאי-100-קרש-הגשה-טבעי-מעץ-מלא/?sort=rating&order=ASC,2026-05-17 00:00:00,Duplicate without user-selected canonical
https://compassgrill.co.il/grill-smoker-accessories/plates-for-serving/צלחת-אובלית-מעץ-מלא-25-35-דו-צדדית/?sort=p.model&order=ASC,2026-05-17 00:00:00,Duplicate without user-selected canonical
https://compassgrill.co.il/plates-for-serving/שמן-טבעי-לעץ-100-מ-ל-להגנה-וחידוש-קרשי-חיתוך-ובוצ-רים/?category_id=128868&sort=p.model&order=ASC,2026-05-17 00:00:00,Duplicate without user-selected canonical
https://compassgrill.co.il/plates-for-serving/קרש-חיתוך-והגשה-רינג-אובלי-55/?sort=rating&order=ASC,2026-05-17 00:00:00,Duplicate without user-selected canonical
https://compassgrill.co.il/grill-smoker-accessories/plates-for-serving/צלחת-מעץ-אשא-קוטר-25-ס-מ/?category_id=128868&sort=price&order=DESC,2026-05-17 00:00:00,Duplicate without user-selected canonical
https://compassgrill.co.il/plates-for-serving/שמן-טבעי-לעץ-100-מ-ל-להגנה-וחידוש-קרשי-חיתוך-ובוצ-רים/?sort=rating&order=ASC,2026-05-17 00:00:00,Duplicate without user-selected canonical
https://compassgrill.co.il/grill-smoker-accessories/plates-for-serving/פרוסת-סיסם-אירופאי-120/?sort=p.model&order=ASC,2026-05-17 00:00:00,Duplicate without user-selected canonical
https://compassgrill.co.il/gifts/מארז-פריסת-חלה-לשבת-קרש-סיסם-סכין-לחם-berox/?category_id=128869&sort=rating&order=DESC,2026-05-17 00:00:00,Duplicate without user-selected canonical
https://compassgrill.co.il/grill-smoker-accessories/plates-for-serving/צלחת-3-תאים-מעץ-אשא-קוטר-25-ס-מ/?category_id=128868&sort=pd.name&order=ASC,2026-05-17 00:00:00,Duplicate without user-selected canonical
https://compassgrill.co.il/grill-smoker-accessories/plates-for-serving/קרש-חיתוך-סיסם-ארוך-עם-ידית-60-20/?category_id=128868&sort=pd.name&order=DESC,2026-05-17 00:00:00,Duplicate without user-selected canonical
https://compassgrill.co.il/plates-for-serving/צלחת-מעץ-אשא-קוטר-20-ס-מ-דו-צדדית/?sort=rating&order=ASC,2026-05-17 00:00:00,Duplicate without user-selected canonical
https://compassgrill.co.il/grill-smoker-accessories/plates-for-serving/שמן-טבעי-לעץ-100-מ-ל-להגנה-וחידוש-קרשי-חיתוך-ובוצ-רים/?sort=p.model&order=ASC,2026-05-17 00:00:00,Duplicate without user-selected canonical
https://compassgrill.co.il/plates-for-serving/קרש-חיתוך-והגשה-רינג-אובלי-55/?category_id=128868&sort=p.sort_order&order=ASC,2026-05-17 00:00:00,Duplicate without user-selected canonical
https://compassgrill.co.il/grill-smoker-accessories/wood-chips-and-chunks-for-smoking/שבבי-עץ-בוק-למעשנה-5-ליטר/?category_id=97766&sort=p.model&order=ASC,2026-05-16 00:00:00,Duplicate without user-selected canonical
https://compassgrill.co.il/grill-smoker-accessories/butcher-board/קרש-חיתוך-מעץ-סיסם-אירופאי-30-50-עם-תעלת-ניקוז/,2026-05-16 00:00:00,Duplicate without user-selected canonical
https://compassgrill.co.il/plates-for-serving/שמן-טבעי-לעץ-100-מ-ל-להגנה-וחידוש-קרשי-חיתוך-ובוצ-רים/?sort=p.model&order=ASC,2026-05-16 00:00:00,Duplicate without user-selected canonical
https://compassgrill.co.il/grill-smoker-accessories/wood-chips-and-chunks-for-smoking/שבבי-עץ-בוק-למעשנה-5-ליטר/?sort=p.model&order=ASC,2026-05-16 00:00:00,Duplicate without user-selected canonical
https://compassgrill.co.il/plates-for-serving/פרוסת-סיסם-אירופאי-120/?category_id=128868&sort=p.sort_order&order=ASC,2026-05-16 00:00:00,Duplicate without user-selected canonical
https://compassgrill.co.il/plates-for-serving/קרש-חיתוך-והגשה-רינג-אובלי-65/?category_id=128868&sort=p.sort_order&order=ASC,2026-05-16 00:00:00,Duplicate without user-selected canonical
https://compassgrill.co.il/plates-for-serving/צלחת-אובלית-מעץ-מלא-25-35-דו-צדדית/?category_id=128868&sort=p.model&order=ASC,2026-05-16 00:00:00,Duplicate without user-selected canonical
https://compassgrill.co.il/plates-for-serving/?sort=rating&order=ASC,2026-05-16 00:00:00,Duplicate without user-selected canonical
https://compassgrill.co.il/grill-smoker-accessories/plates-for-serving/?sort=p.model&order=ASC,2026-05-16 00:00:00,Duplicate without user-selected canonical
https://compassgrill.co.il/grill-smoker-accessories/butcher-board/קרש-חיתוך-אשא-25-35-עם-תעלה/?sort=pd.name&order=ASC,2026-05-16 00:00:00,Duplicate without user-selected canonical
https://compassgrill.co.il/plates-for-serving/קרש-חיתוך-והגשה-רינג-אובלי-75/?category_id=128868&sort=p.sort_order&order=ASC,2026-05-16 00:00:00,Duplicate without user-selected canonical
https://compassgrill.co.il/grill-smoker-accessories/butcher-board/קרש-חיתוך-אשא-30-45-עם-תעלה-קרש-חיתוך-אשא-30-45-עם-תעלה/?category_id=128801&sort=pd.name&order=ASC,2026-05-16 00:00:00,Duplicate without user-selected canonical
https://compassgrill.co.il/plates-for-serving/קרש-חיתוך-והגשה-רינג-אובלי-55/?sort=p.sort_order&order=ASC,2026-05-16 00:00:00,Duplicate without user-selected canonical
https://compassgrill.co.il/plates-for-serving/צלחת-מעץ-אשא-קוטר-25-ס-מ/?category_id=128868&sort=p.sort_order&order=ASC,2026-05-16 00:00:00,Duplicate without user-selected canonical
https://compassgrill.co.il/grill-smoker-accessories/wood-chips-and-chunks-for-smoking/שבבי-עץ-מייפל-למעשנה-5-ליטר/?category_id=97766&sort=rating&order=DESC,2026-05-16 00:00:00,Duplicate without user-selected canonical
https://compassgrill.co.il/grill-smoker-accessories/butcher-board/בוצ-ר-אנדגריין-מייפל-25-40-ללא-תעלה/?category_id=128801&sort=pd.name&order=ASC,2026-05-16 00:00:00,Duplicate without user-selected canonical
https://compassgrill.co.il/plates-for-serving/קרש-חיתוך-והגשה-רינג-אובלי-75/?sort=p.sort_order&order=ASC,2026-05-16 00:00:00,Duplicate without user-selected canonical
https://compassgrill.co.il/grill-smoker-accessories/plates-for-serving/צלחת-מעץ-אשא-קוטר-25-ס-מ/?sort=price&order=DESC,2026-05-16 00:00:00,Duplicate without user-selected canonical
https://compassgrill.co.il/plates-for-serving/פרוסת-סיסם-אירופאי-120/?sort=p.sort_order&order=ASC,2026-05-16 00:00:00,Duplicate without user-selected canonical
https://compassgrill.co.il/grill-smoker-accessories/plates-for-serving/צלחת-3-תאים-מעץ-אשא-קוטר-25-ס-מ/?sort=price&order=DESC,2026-05-16 00:00:00,Duplicate without user-selected canonical
https://compassgrill.co.il/plates-for-serving/צלחת-מעץ-אשא-קוטר-20-ס-מ-דו-צדדית/?category_id=128868&sort=p.sort_order&order=ASC,2026-05-16 00:00:00,Duplicate without user-selected canonical
https://compassgrill.co.il/grill-smoker-accessories/plates-for-serving/שמן-טבעי-לעץ-100-מ-ל-להגנה-וחידוש-קרשי-חיתוך-ובוצ-רים/?category_id=128868&sort=price&order=DESC,2026-05-16 00:00:00,Duplicate without user-selected canonical
https://compassgrill.co.il/plates-for-serving/צלחת-מעץ-אשא-קוטר-25-ס-מ/?sort=p.sort_order&order=ASC,2026-05-16 00:00:00,Duplicate without user-selected canonical
https://compassgrill.co.il/eitan-meat-eilat/fresh-beef/פוינט-בריסקט-מס-3-אנגוס-פידלוט/?sort=rating&order=ASC,2026-05-16 00:00:00,Duplicate without user-selected canonical
https://compassgrill.co.il/grill-smoker-accessories/plates-for-serving/צלחת-פיצה-אשא-קוטר-30-ס-מ/?category_id=128868&sort=p.sort_order&order=ASC,2026-05-16 00:00:00,Duplicate without user-selected canonical
https://compassgrill.co.il/plates-for-serving/קרש-חיתוך-והגשה-רינג-אובלי-65/?sort=p.sort_order&order=ASC,2026-05-16 00:00:00,Duplicate without user-selected canonical
https://compassgrill.co.il/plates-for-serving/קרש-חיתוך-סיסם-ארוך-עם-ידית-60-20/?category_id=128868&sort=p.model&order=DESC,2026-05-16 00:00:00,Duplicate without user-selected canonical
https://compassgrill.co.il/grill-smoker-accessories/butcher-board/קרש-חיתוך-אשא-20-30-עם-תעלה/?category_id=128801&sort=pd.name&order=ASC,2026-05-16 00:00:00,Duplicate without user-selected canonical
https://compassgrill.co.il/plates-for-serving/צלחת-מעץ-אשא-קוטר-20-ס-מ-דו-צדדית/?sort=p.sort_order&order=ASC,2026-05-16 00:00:00,Duplicate without user-selected canonical
https://compassgrill.co.il/grill-smoker-accessories/wood-chips-and-chunks-for-smoking/שבבי-עץ-אלון-למעשנה-5-ליטר/?sort=p.model&order=ASC,2026-05-16 00:00:00,Duplicate without user-selected canonical
https://compassgrill.co.il/plates-for-serving/צלחת-אובלית-מעץ-מלא-25-35-דו-צדדית/?category_id=128868&sort=p.sort_order&order=ASC,2026-05-16 00:00:00,Duplicate without user-selected canonical
https://compassgrill.co.il/grill-smoker-accessories/butcher-board/בוצ-ר-אנדגריין-אלון-20-30-עם-תעלה/?category_id=128801&sort=pd.name&order=ASC,2026-05-16 00:00:00,Duplicate without user-selected canonical
https://compassgrill.co.il/plates-for-serving/צלחת-3-תאים-מעץ-אשא-קוטר-25-ס-מ/?sort=p.sort_order&order=ASC,2026-05-16 00:00:00,Duplicate without user-selected canonical
https://compassgrill.co.il/plates-for-serving/קרש-חיתוך-והגשה-רינג-אובלי-55/?category_id=128868&sort=p.model&order=DESC,2026-05-16 00:00:00,Duplicate without user-selected canonical
https://compassgrill.co.il/grill-smoker-accessories/plates-for-serving/צלחת-פיצה-אשא-קוטר-30-ס-מ/?sort=price&order=ASC,2026-05-16 00:00:00,Duplicate without user-selected canonical
https://compassgrill.co.il/grill-smoker-accessories/plates-for-serving/פרוסת-סיסם-אירופאי-100-קרש-הגשה-טבעי-מעץ-מלא/?category_id=128868&sort=pd.name&order=ASC,2026-05-16 00:00:00,Duplicate without user-selected canonical
https://compassgrill.co.il/grill-smoker-accessories/plates-for-serving/קרש-חיתוך-והגשה-רינג-אובלי-55/?sort=pd.name&order=ASC,2026-05-16 00:00:00,Duplicate without user-selected canonical
https://compassgrill.co.il/plates-for-serving/צלחת-אובלית-מעץ-מלא-25-35-דו-צדדית/?sort=p.sort_order&order=ASC,2026-05-16 00:00:00,Duplicate without user-selected canonical
https://compassgrill.co.il/gifts/שמן-טבעי-לעץ-100-מ-ל-להגנה-וחידוש-קרשי-חיתוך-ובוצ-רים/?category_id=128869&sort=price&order=ASC,2026-05-16 00:00:00,Duplicate without user-selected canonical
https://compassgrill.co.il/grill-smoker-accessories/plates-for-serving/צלחת-אובלית-מעץ-מלא-25-35-דו-צדדית/?category_id=128868&sort=pd.name&order=DESC,2026-05-16 00:00:00,Duplicate without user-selected canonical
https://compassgrill.co.il/grill-smoker-accessories/butcher-board/בוצ-ר-אנדגריין-מייפל-25-40-ללא-תעלה/?sort=pd.name&order=ASC,2026-05-16 00:00:00,Duplicate without user-selected canonical
https://compassgrill.co.il/plates-for-serving/קרש-חיתוך-והגשה-רינג-אובלי-55/?sort=p.model&order=DESC,2026-05-16 00:00:00,Duplicate without user-selected canonical
https://compassgrill.co.il/grill-smoker-accessories/plates-for-serving/קרש-חיתוך-והגשה-רינג-אובלי-75/?sort=rating&order=ASC,2026-05-16 00:00:00,Duplicate without user-selected canonical
https://compassgrill.co.il/plates-for-serving/צלחת-שישה-תאים-מעץ-מלא-קוטר-30-דו-צדדית/?category_id=128868&sort=p.sort_order&order=ASC,2026-05-16 00:00:00,Duplicate without user-selected canonical
https://compassgrill.co.il/plates-for-serving/קרש-חיתוך-והגשה-רינג-אובלי-55/?category_id=128868,2026-05-16 00:00:00,Duplicate without user-selected canonical
https://compassgrill.co.il/gifts/מארז-פריסת-חלה-לשבת-קרש-סיסם-סכין-לחם-berox/?category_id=128869&sort=pd.name&order=ASC,2026-05-16 00:00:00,Duplicate without user-selected canonical
https://compassgrill.co.il/grill-smoker-accessories/butcher-board/קרש-חיתוך-אלון-עם-ידית-35-20/?category_id=128801&sort=pd.name&order=ASC,2026-05-16 00:00:00,Duplicate without user-selected canonical
https://compassgrill.co.il/plates-for-serving/קרש-חיתוך-סיסם-ארוך-עם-ידית-60-20/?sort=p.model&order=DESC,2026-05-16 00:00:00,Duplicate without user-selected canonical
https://compassgrill.co.il/grill-smoker-accessories/butcher-board/בוצ-ר-אנדגריין-מעץ-אגוז-אמריקאי-קוטר-40-ס-מ/?sort=pd.name&order=ASC,2026-05-16 00:00:00,Duplicate without user-selected canonical
https://compassgrill.co.il/plates-for-serving/קרש-חיתוך-סיסם-ארוך-עם-ידית-60-20/?category_id=128868&sort=p.sort_order&order=ASC,2026-05-16 00:00:00,Duplicate without user-selected canonical
https://compassgrill.co.il/grill-smoker-accessories/plates-for-serving/קרש-חיתוך-והגשה-רינג-אובלי-75/?category_id=128868&sort=rating&order=DESC,2026-05-16 00:00:00,Duplicate without user-selected canonical
https://compassgrill.co.il/plates-for-serving/קרש-חיתוך-והגשה-רינג-אובלי-55/,2026-05-16 00:00:00,Duplicate without user-selected canonical
https://compassgrill.co.il/plates-for-serving/צלחת-שישה-תאים-מעץ-מלא-קוטר-30-דו-צדדית/?sort=p.sort_order&order=ASC,2026-05-16 00:00:00,Duplicate without user-selected canonical
https://compassgrill.co.il/grill-smoker-accessories/plates-for-serving/שמן-טבעי-לעץ-100-מ-ל-להגנה-וחידוש-קרשי-חיתוך-ובוצ-רים/?sort=price&order=DESC,2026-05-16 00:00:00,Duplicate without user-selected canonical
https://compassgrill.co.il/plates-for-serving/שמן-טבעי-לעץ-100-מ-ל-להגנה-וחידוש-קרשי-חיתוך-ובוצ-רים/?category_id=128868&sort=p.sort_order&order=ASC,2026-05-16 00:00:00,Duplicate without user-selected canonical
https://compassgrill.co.il/grill-smoker-accessories/plates-for-serving/צלחת-מעץ-אשא-קוטר-25-ס-מ/?category_id=128868&sort=p.sort_order&order=ASC,2026-05-16 00:00:00,Duplicate without user-selected canonical
https://compassgrill.co.il/gifts/מארז-קרניבורים-בוצ-ר-אלון-סכין-שף-dick/?category_id=128869&sort=rating&order=ASC,2026-05-16 00:00:00,Duplicate without user-selected canonical
https://compassgrill.co.il/plates-for-serving/פרוסת-סיסם-אירופאי-100-קרש-הגשה-טבעי-מעץ-מלא/?category_id=128868,2026-05-16 00:00:00,Duplicate without user-selected canonical
https://compassgrill.co.il/plates-for-serving/קרש-חיתוך-סיסם-ארוך-עם-ידית-60-20/?sort=p.sort_order&order=ASC,2026-05-16 00:00:00,Duplicate without user-selected canonical
https://compassgrill.co.il/grill-smoker-accessories/plates-for-serving/צלחת-שישה-תאים-מעץ-מלא-קוטר-30-דו-צדדית/?category_id=128868&sort=pd.name&order=ASC,2026-05-16 00:00:00,Duplicate without user-selected canonical
https://compassgrill.co.il/grill-smoker-accessories/plates-for-serving/צלחת-מעץ-אשא-קוטר-25-ס-מ/?sort=rating&order=ASC,2026-05-16 00:00:00,Duplicate without user-selected canonical
https://compassgrill.co.il/plates-for-serving/צלחת-פיצה-אשא-קוטר-30-ס-מ/?category_id=128868&sort=p.sort_order&order=ASC,2026-05-16 00:00:00,Duplicate without user-selected canonical
https://compassgrill.co.il/grill-smoker-accessories/plates-for-serving/צלחת-שישה-תאים-מעץ-מלא-קוטר-30-דו-צדדית/?category_id=128868&sort=p.sort_order&order=ASC,2026-05-16 00:00:00,Duplicate without user-selected canonical
https://compassgrill.co.il/plates-for-serving/שמן-טבעי-לעץ-100-מ-ל-להגנה-וחידוש-קרשי-חיתוך-ובוצ-רים/?sort=p.sort_order&order=ASC,2026-05-16 00:00:00,Duplicate without user-selected canonical
https://compassgrill.co.il/grill-smoker-accessories/plates-for-serving/צלחת-פיצה-אשא-קוטר-30-ס-מ/?sort=p.sort_order&order=ASC,2026-05-16 00:00:00,Duplicate without user-selected canonical
https://compassgrill.co.il/plates-for-serving/פרוסת-סיסם-אירופאי-100-קרש-הגשה-טבעי-מעץ-מלא/,2026-05-16 00:00:00,Duplicate without user-selected canonical
https://compassgrill.co.il/gifts/מארז-מתנה-לגבר-בוצ-ר-עץ-אלון-סכין-שף-dick/?category_id=128869&sort=price&order=ASC,2026-05-16 00:00:00,Duplicate without user-selected canonical
https://compassgrill.co.il/grill-smoker-accessories/plates-for-serving/צלחת-פיצה-אשא-קוטר-30-ס-מ/?category_id=128868&sort=price&order=DESC,2026-05-16 00:00:00,Duplicate without user-selected canonical
https://compassgrill.co.il/grill-smoker-accessories/plates-for-serving/פרוסת-סיסם-אירופאי-120/?category_id=128868&sort=price&order=DESC,2026-05-16 00:00:00,Duplicate without user-selected canonical
https://compassgrill.co.il/plates-for-serving/צלחת-פיצה-אשא-קוטר-30-ס-מ/?sort=p.sort_order&order=ASC,2026-05-16 00:00:00,Duplicate without user-selected canonical
https://compassgrill.co.il/plates-for-serving/צלחת-מעץ-אשא-קוטר-20-ס-מ-דו-צדדית/?category_id=128868&sort=p.model&order=DESC,2026-05-16 00:00:00,Duplicate without user-selected canonical
https://compassgrill.co.il/gifts/מארז-קרניבורים-בוצ-ר-אלון-סכין-שף-dick/?sort=rating&order=ASC,2026-05-16 00:00:00,Duplicate without user-selected canonical
https://compassgrill.co.il/grill-smoker-accessories/plates-for-serving/צלחת-שישה-תאים-מעץ-מלא-קוטר-30-דו-צדדית/?category_id=128868&sort=price&order=DESC,2026-05-16 00:00:00,Duplicate without user-selected canonical
https://compassgrill.co.il/grill-smoker-accessories/plates-for-serving/פרוסת-סיסם-אירופאי-120/?category_id=128868&sort=rating&order=DESC,2026-05-16 00:00:00,Duplicate without user-selected canonical
https://compassgrill.co.il/gifts/מתנה-ממותגת-לחג-קרש-המלח-פלפל-סכין-סנטוקו-berox/?category_id=128869&sort=p.model&order=ASC,2026-05-16 00:00:00,Duplicate without user-selected canonical
https://compassgrill.co.il/grill-smoker-accessories/plates-for-serving/צלחת-אובלית-מעץ-מלא-25-35-דו-צדדית/?category_id=128868&sort=price&order=DESC,2026-05-16 00:00:00,Duplicate without user-selected canonical
https://compassgrill.co.il/grill-smoker-accessories/plates-for-serving/צלחת-פיצה-אשא-קוטר-30-ס-מ/?sort=price&order=DESC,2026-05-16 00:00:00,Duplicate without user-selected canonical
https://compassgrill.co.il/grill-smoker-accessories/plates-for-serving/פרוסת-סיסם-אירופאי-120/?sort=price&order=DESC,2026-05-16 00:00:00,Duplicate without user-selected canonical
https://compassgrill.co.il/plates-for-serving/?sort=p.sort_order&order=ASC,2026-05-16 00:00:00,Duplicate without user-selected canonical
https://compassgrill.co.il/grill-smoker-accessories/plates-for-serving/צלחת-מעץ-אשא-קוטר-20-ס-מ-דו-צדדית/?category_id=128868&sort=price&order=DESC,2026-05-16 00:00:00,Duplicate without user-selected canonical
https://compassgrill.co.il/grill-smoker-accessories/plates-for-serving/פרוסת-סיסם-אירופאי-100-קרש-הגשה-טבעי-מעץ-מלא/?category_id=128868&sort=price&order=DESC,2026-05-16 00:00:00,Duplicate without user-selected canonical
https://compassgrill.co.il/grill-smoker-accessories/plates-for-serving/צלחת-שישה-תאים-מעץ-מלא-קוטר-30-דו-צדדית/?sort=price&order=DESC,2026-05-16 00:00:00,Duplicate without user-selected canonical
https://compassgrill.co.il/gifts/מארז-פריסת-חלה-לשבת-קרש-סיסם-סכין-לחם-berox/?sort=pd.name&order=ASC,2026-05-16 00:00:00,Duplicate without user-selected canonical
https://compassgrill.co.il/grill-smoker-accessories/plates-for-serving/קרש-חיתוך-והגשה-רינג-אובלי-55/?category_id=128868&sort=price&order=DESC,2026-05-16 00:00:00,Duplicate without user-selected canonical
https://compassgrill.co.il/gifts/מתנה-ממותגת-ליום-הולדת-בוצ-ר-אלון-סכין-שף-dick/?category_id=128869&sort=price&order=DESC,2026-05-16 00:00:00,Duplicate without user-selected canonical
https://compassgrill.co.il/gifts/שמן-טבעי-לעץ-100-מ-ל-להגנה-וחידוש-קרשי-חיתוך-ובוצ-רים/?category_id=128869&sort=p.model&order=ASC,2026-05-16 00:00:00,Duplicate without user-selected canonical
https://compassgrill.co.il/grill-smoker-accessories/plates-for-serving/צלחת-מעץ-אשא-קוטר-20-ס-מ-דו-צדדית/?sort=price&order=DESC,2026-05-16 00:00:00,Duplicate without user-selected canonical
https://compassgrill.co.il/gifts/מתנה-ממותגת-ליום-הולדת-בוצ-ר-אלון-סכין-שף-dick/?sort=price&order=DESC,2026-05-16 00:00:00,Duplicate without user-selected canonical
https://compassgrill.co.il/grill-smoker-accessories/plates-for-serving/קרש-חיתוך-והגשה-רינג-אובלי-75/?category_id=128868&sort=price&order=DESC,2026-05-16 00:00:00,Duplicate without user-selected canonical
https://compassgrill.co.il/grill-smoker-accessories/plates-for-serving/פרוסת-סיסם-אירופאי-100-קרש-הגשה-טבעי-מעץ-מלא/?sort=price&order=DESC,2026-05-16 00:00:00,Duplicate without user-selected canonical
https://compassgrill.co.il/grill-smoker-accessories/plates-for-serving/קרש-חיתוך-והגשה-רינג-אובלי-75/?sort=price&order=DESC,2026-05-16 00:00:00,Duplicate without user-selected canonical
https://compassgrill.co.il/grill-smoker-accessories/plates-for-serving/קרש-חיתוך-סיסם-ארוך-עם-ידית-60-20/?category_id=128868&sort=price&order=DESC,2026-05-16 00:00:00,Duplicate without user-selected canonical
https://compassgrill.co.il/grill-smoker-accessories/plates-for-serving/קרש-חיתוך-והגשה-רינג-אובלי-55/?sort=price&order=DESC,2026-05-16 00:00:00,Duplicate without user-selected canonical
https://compassgrill.co.il/grill-smoker-accessories/plates-for-serving/צלחת-מעץ-אשא-קוטר-25-ס-מ/?category_id=128868&sort=pd.name&order=ASC,2026-05-16 00:00:00,Duplicate without user-selected canonical
https://compassgrill.co.il/grill-smoker-accessories/plates-for-serving/פרוסת-סיסם-אירופאי-120/?sort=rating&order=DESC,2026-05-16 00:00:00,Duplicate without user-selected canonical
https://compassgrill.co.il/grill-smoker-accessories/plates-for-serving/קרש-חיתוך-והגשה-רינג-אובלי-65/?category_id=128868&sort=price&order=DESC,2026-05-16 00:00:00,Duplicate without user-selected canonical
https://compassgrill.co.il/grill-smoker-accessories/plates-for-serving/קרש-חיתוך-סיסם-ארוך-עם-ידית-60-20/?sort=price&order=DESC,2026-05-16 00:00:00,Duplicate without user-selected canonical
https://compassgrill.co.il/grill-smoker-accessories/plates-for-serving/קרש-חיתוך-והגשה-רינג-אובלי-65/?sort=price&order=DESC,2026-05-16 00:00:00,Duplicate without user-selected canonical
https://compassgrill.co.il/grill-smoker-accessories/plates-for-serving/צלחת-אובלית-מעץ-מלא-25-35-דו-צדדית/?sort=price&order=DESC,2026-05-16 00:00:00,Duplicate without user-selected canonical
https://compassgrill.co.il/gifts/מארז-לחג-בוצ-ר-עץ-אלון-סכין-שף-berox/?category_id=128869&sort=p.model&order=DESC,2026-05-16 00:00:00,Duplicate without user-selected canonical
https://compassgrill.co.il/smoker-tandoor/pellet-smokers/pit-boss-austin-xl-onyx-מעשנת-וגריל-פלט-מקצועי/?category_id=34516&sort=rating&order=DESC,2026-05-16 00:00:00,Duplicate without user-selected canonical
https://compassgrill.co.il/poultry-3/שוקיים-עוף-ארוז-מחפוד/?sort=p.sort_order&order=ASC,2026-05-16 00:00:00,Duplicate without user-selected canonical
https://compassgrill.co.il/brand/eco-israel/בוצ-ר-אנדגריין-אלון-50-35-עם-תעלה-קרש-חיתוך-עבודת-יד/,2026-05-16 00:00:00,Duplicate without user-selected canonical
https://compassgrill.co.il/eitan-meat-eilat/בשרים-קפואים/premium-sliced-lamb-ribs-6-pieces-tray-1/?sort=p.model&order=ASC,2026-05-16 00:00:00,Duplicate without user-selected canonical
https://compassgrill.co.il/smoker-tandoor/pellet-smokers/pit-boss-austin-xl-onyx-מעשנת-וגריל-פלט-מקצועי/?sort=rating&order=DESC,2026-05-16 00:00:00,Duplicate without user-selected canonical
https://compassgrill.co.il/grill-smoker-accessories/knives-and-accessories/סכין-בשר-חריצים-26-ס-מ-להב-גבוה-dick-ergogrip/?category_id=35161&sort=rating&order=DESC,2026-05-16 00:00:00,Duplicate without user-selected canonical
https://compassgrill.co.il/grill-smoker-accessories/wood-chips-and-chunks-for-smoking/שבבי-עץ-אלון-למעשנה-5-ליטר/?category_id=97766&sort=rating&order=DESC,2026-05-16 00:00:00,Duplicate without user-selected canonical
https://compassgrill.co.il/grill-smoker-accessories/knives-and-accessories/סכין-שף-21-ס-מ-berox/?category_id=35161&sort=rating&order=DESC,2026-05-16 00:00:00,Duplicate without user-selected canonical
https://compassgrill.co.il/grill-smoker-accessories/wood-chips-and-chunks-for-smoking/שבבי-עץ-אלון-למעשנה-5-ליטר/?sort=rating&order=DESC,2026-05-16 00:00:00,Duplicate without user-selected canonical
https://compassgrill.co.il/grill-smoker-accessories/wood-chips-and-chunks-for-smoking/שבבי-עץ-בוק-למעשנה-5-ליטר/?category_id=97766&sort=rating&order=DESC,2026-05-16 00:00:00,Duplicate without user-selected canonical
https://compassgrill.co.il/grill-smoker-accessories/wood-chips-and-chunks-for-smoking/שבבי-עץ-בוק-למעשנה-5-ליטר/?sort=rating&order=DESC,2026-05-16 00:00:00,Duplicate without user-selected canonical
https://compassgrill.co.il/grill-smoker-accessories/knives-and-accessories/סכין-בשר-26-ס-מ-להב-גבוה-dick-ergogrip/?category_id=35161&sort=rating&order=DESC,2026-05-16 00:00:00,Duplicate without user-selected canonical
https://compassgrill.co.il/grill-smoker-accessories/wood-chips-and-chunks-for-smoking/שבבי-עץ-היקורי-למעשנה-5-ליטר/?category_id=97766&sort=rating&order=DESC,2026-05-16 00:00:00,Duplicate without user-selected canonical
https://compassgrill.co.il/grill-smoker-accessories/knives-and-accessories/סכין-בשר-חריצים-26-ס-מ-להב-גבוה-dick-ergogrip/?sort=rating&order=DESC,2026-05-16 00:00:00,Duplicate without user-selected canonical
https://compassgrill.co.il/grill-smoker-accessories/knives-and-accessories/סכין-שף-חלקה-ידית-שחורה-21-ס-מ-berox/?category_id=35161&sort=rating&order=DESC,2026-05-16 00:00:00,Duplicate without user-selected canonical
https://compassgrill.co.il/grill-smoker-accessories/knives-and-accessories/סכין-בשר-26-ס-מ-להב-גבוה-dick-ergogrip/?sort=rating&order=DESC,2026-05-16 00:00:00,Duplicate without user-selected canonical
https://compassgrill.co.il/grill-smoker-accessories/knives-and-accessories/סכין-סנטוקו-מחוזקת-חריצים-18-ס-מ-berox/?category_id=35161&sort=rating&order=DESC,2026-05-16 00:00:00,Duplicate without user-selected canonical
https://compassgrill.co.il/smoker-tandoor/ultimate-griddle-4/?category_id=34515&sort=rating&order=ASC,2026-05-15 00:00:00,Duplicate without user-selected canonical
https://compassgrill.co.il/grill-smoker-accessories/knives-and-accessories/סכין-סנטוקו-מחוזקת-חריצים-18-ס-מ-berox/?sort=rating&order=DESC,2026-05-15 00:00:00,Duplicate without user-selected canonical
https://compassgrill.co.il/eitan-meat-eilat/בשרים-קפואים/sorted-brain-bones-sliced-6-8-pcs-1/?category_id=125607&sort=p.sort_order&order=ASC,2026-05-15 00:00:00,Duplicate without user-selected canonical
https://compassgrill.co.il/grill-smoker-accessories/knives-and-accessories/סכין-שף-חלקה-ידית-שחורה-21-ס-מ-berox/?sort=rating&order=DESC,2026-05-15 00:00:00,Duplicate without user-selected canonical
https://compassgrill.co.il/grill-smoker-accessories/knives-and-accessories/סכין-שף-21-ס-מ-berox/?sort=rating&order=DESC,2026-05-15 00:00:00,Duplicate without user-selected canonical
https://compassgrill.co.il/grill-smoker-accessories/wood-chips-and-chunks-for-smoking/שבבי-עץ-היקורי-למעשנה-5-ליטר/?sort=rating&order=DESC,2026-05-15 00:00:00,Duplicate without user-selected canonical
https://compassgrill.co.il/grill-smoker-accessories/wood-chips-and-chunks-for-smoking/שבבי-עץ-מייפל-למעשנה-5-ליטר/?sort=rating&order=DESC,2026-05-15 00:00:00,Duplicate without user-selected canonical
https://compassgrill.co.il/butcher-kfar-saba/poultry-3/כרעיים-עוף-ארוז-שחיטת-הרב-מחפוד-אילת/?category_id=105748&sort=p.model&order=ASC,2026-05-15 00:00:00,Duplicate without user-selected canonical
https://compassgrill.co.il/eitan-meat-eilat/בשרים-קפואים/sorted-brain-bones-sliced-6-8-pcs-1/?sort=p.sort_order&order=ASC,2026-05-15 00:00:00,Duplicate without user-selected canonical
https://compassgrill.co.il/butcher-kfar-saba/poultry-3/לבבות-עוף-ארוז-קפוא-copy-1/?category_id=105748&sort=p.model&order=ASC,2026-05-15 00:00:00,Duplicate without user-selected canonical
https://compassgrill.co.il/butcher-kfar-saba/poultry-3/כרעיים-עוף-ארוז-copy-2/?category_id=105748&sort=p.model&order=ASC,2026-05-15 00:00:00,Duplicate without user-selected canonical
https://compassgrill.co.il/butcher-kfar-saba/poultry-3/שוקיים-עוף-ארוז-מחפוד/?category_id=105748&sort=p.model&order=ASC,2026-05-15 00:00:00,Duplicate without user-selected canonical
https://compassgrill.co.il/butcher-kfar-saba/poultry-3/שוקיים-עוף-ארוז-מחפוד/?sort=p.model&order=ASC,2026-05-15 00:00:00,Duplicate without user-selected canonical
https://compassgrill.co.il/butcher-kfar-saba/poultry-3/כרעיים-עוף-ארוז-copy-2/?sort=p.model&order=ASC,2026-05-15 00:00:00,Duplicate without user-selected canonical
https://compassgrill.co.il/butcher-kfar-saba/poultry-3/לבבות-עוף-ארוז-קפוא-copy-1/?sort=p.model&order=ASC,2026-05-15 00:00:00,Duplicate without user-selected canonical
https://compassgrill.co.il/grill-smoker-accessories/wood-chips-and-chunks-for-smoking/שבבי-עץ-היקורי-למעשנה-5-ליטר/?category_id=97766&sort=price&order=DESC,2026-05-15 00:00:00,Duplicate without user-selected canonical
https://compassgrill.co.il/grill-smoker-accessories/knives-and-accessories/סכין-בשר-חריצים-26-ס-מ-להב-גבוה-dick-ergogrip/?category_id=35161&sort=p.model&order=DESC,2026-05-15 00:00:00,Duplicate without user-selected canonical
https://compassgrill.co.il/grill-smoker-accessories/butcher-board/קרש-חיתוך-אשא-20-30-עם-תעלה/?category_id=128801,2026-05-15 00:00:00,Duplicate without user-selected canonical
https://compassgrill.co.il/grill-smoker-accessories/wood-chips-and-chunks-for-smoking/שבבי-עץ-אלון-למעשנה-5-ליטר/?category_id=97766&sort=price&order=DESC,2026-05-15 00:00:00,Duplicate without user-selected canonical
https://compassgrill.co.il/grill-smoker-accessories/wood-chips-and-chunks-for-smoking/שבבי-עץ-מייפל-למעשנה-5-ליטר/?category_id=97766&sort=price&order=DESC,2026-05-15 00:00:00,Duplicate without user-selected canonical
https://compassgrill.co.il/gas-grills-1/gas-grill-charcoal-smoker-combo/pit-boss-lexington-charcoal-מעשנת-וגריל-פחמים-מקצועי/?category_id=108566&sort=rating&order=ASC,2026-05-15 00:00:00,Duplicate without user-selected canonical
https://compassgrill.co.il/gas-grills-1/gas-grill-charcoal-smoker-combo/pit-boss-lexington-charcoal-מעשנת-וגריל-פחמים-מקצועי/?category_id=108566&sort=rating&order=DESC,2026-05-15 00:00:00,Duplicate without user-selected canonical
https://compassgrill.co.il/grill-smoker-accessories/wood-chips-and-chunks-for-smoking/שבבי-עץ-בוק-למעשנה-5-ליטר/?category_id=97766&sort=price&order=DESC,2026-05-15 00:00:00,Duplicate without user-selected canonical
https://compassgrill.co.il/grill-smoker-accessories/knives-and-accessories/סכין-שף-21-ס-מ-berox/?category_id=35161&sort=p.model&order=DESC,2026-05-15 00:00:00,Duplicate without user-selected canonical
https://compassgrill.co.il/grill-smoker-accessories/butcher-board/קרש-חיתוך-אשא-30-45-עם-תעלה-קרש-חיתוך-אשא-30-45-עם-תעלה/?category_id=128801,2026-05-15 00:00:00,Duplicate without user-selected canonical
https://compassgrill.co.il/grill-smoker-accessories/knives-and-accessories/סכין-סנטוקו-מחוזקת-חריצים-18-ס-מ-berox/?category_id=35161&sort=p.model&order=DESC,2026-05-15 00:00:00,Duplicate without user-selected canonical
https://compassgrill.co.il/gas-grills-1/gas-grill-charcoal-smoker-combo/pit-boss-lexington-charcoal-מעשנת-וגריל-פחמים-מקצועי/?sort=rating&order=DESC,2026-05-15 00:00:00,Duplicate without user-selected canonical
https://compassgrill.co.il/grill-smoker-accessories/butcher-board/בוצ-ר-אנדגריין-אלון-20x35-עם-תעלה/?category_id=128801,2026-05-15 00:00:00,Duplicate without user-selected canonical
https://compassgrill.co.il/grill-smoker-accessories/knives-and-accessories/סכין-בשר-חריצים-26-ס-מ-להב-גבוה-dick-ergogrip/?sort=p.model&order=DESC,2026-05-15 00:00:00,Duplicate without user-selected canonical
https://compassgrill.co.il/gas-grills-1/gas-grill-charcoal-smoker-combo/pit-boss-lexington-charcoal-מעשנת-וגריל-פחמים-מקצועי/?sort=rating&order=ASC,2026-05-15 00:00:00,Duplicate without user-selected canonical
https://compassgrill.co.il/grill-smoker-accessories/butcher-board/קרש-חיתוך-מעץ-סיסם-אירופאי-30-50-עם-תעלת-ניקוז/?category_id=128801,2026-05-15 00:00:00,Duplicate without user-selected canonical
https://compassgrill.co.il/gas-grills-1/גריל-גז-freestyle-425-עם-כירת-צד-אינפרא-אדום-copy-0/?sort=pd.name&order=DESC,2026-05-15 00:00:00,Duplicate without user-selected canonical
https://compassgrill.co.il/smoker-tandoor/navigator-550-pitboss-pellet-smoker/?sort=p.sort_order&order=ASC,2026-05-15 00:00:00,Duplicate without user-selected canonical
https://compassgrill.co.il/grill-smoker-accessories/knives-and-accessories/סכין-בשר-26-ס-מ-להב-גבוה-dick-ergogrip/?category_id=35161&sort=p.model&order=DESC,2026-05-15 00:00:00,Duplicate without user-selected canonical
https://compassgrill.co.il/grill-smoker-accessories/knives-and-accessories/סכין-שף-21-ס-מ-berox/?sort=p.model&order=DESC,2026-05-15 00:00:00,Duplicate without user-selected canonical
https://compassgrill.co.il/grill-smoker-accessories/butcher-board/בוצ-ר-אנדגריין-אלון-20x35-עם-תעלה/,2026-05-15 00:00:00,Duplicate without user-selected canonical
https://compassgrill.co.il/grill-smoker-accessories/butcher-board/קרש-חיתוך-אשא-25-40-עם-תעלה/,2026-05-15 00:00:00,Duplicate without user-selected canonical
https://compassgrill.co.il/grill-smoker-accessories/butcher-board/קרש-חיתוך-מעץ-סיסם-אירופאי-20-30-עם-תעלת-ניקוז/?category_id=128801,2026-05-15 00:00:00,Duplicate without user-selected canonical
https://compassgrill.co.il/grill-smoker-accessories/knives-and-accessories/סכין-בשר-26-ס-מ-להב-גבוה-dick-ergogrip/?sort=p.model&order=DESC,2026-05-15 00:00:00,Duplicate without user-selected canonical
https://compassgrill.co.il/grill-smoker-accessories/knives-and-accessories/סכין-סנטוקו-מחוזקת-חריצים-18-ס-מ-berox/?sort=p.model&order=DESC,2026-05-15 00:00:00,Duplicate without user-selected canonical
https://compassgrill.co.il/grill-smoker-accessories/butcher-board/קרש-חיתוך-מעץ-סיסם-אירופאי-40-30-עם-תעלת-ניקוז/?category_id=128801,2026-05-15 00:00:00,Duplicate without user-selected canonical
https://compassgrill.co.il/grill-smoker-accessories/butcher-board/קרש-חיתוך-מעץ-סיסם-אירופאי-20-30-עם-תעלת-ניקוז/,2026-05-15 00:00:00,Duplicate without user-selected canonical
https://compassgrill.co.il/gas-grills-1/ultimate-griddle-4/?category_id=35202&sort=pd.name&order=DESC,2026-05-15 00:00:00,Duplicate without user-selected canonical
https://compassgrill.co.il/grill-smoker-accessories/knives-and-accessories/סכין-שף-חלקה-ידית-שחורה-21-ס-מ-berox/?sort=p.model&order=DESC,2026-05-15 00:00:00,Duplicate without user-selected canonical
https://compassgrill.co.il/grill-smoker-accessories/butcher-board/קרש-חיתוך-אשא-20-30-עם-תעלה/,2026-05-15 00:00:00,Duplicate without user-selected canonical
https://compassgrill.co.il/grill-smoker-accessories/butcher-board/בוצ-ר-אנדגריין-אלון-25-40-ללא-תעלה/?category_id=128801,2026-05-15 00:00:00,Duplicate without user-selected canonical
https://compassgrill.co.il/plates-for-serving/שמן-טבעי-לעץ-100-מ-ל-להגנה-וחידוש-קרשי-חיתוך-ובוצ-רים/?category_id=128868&sort=price&order=ASC,2026-05-15 00:00:00,Duplicate without user-selected canonical
https://compassgrill.co.il/grill-smoker-accessories/butcher-board/בוצ-ר-אנדגריין-מייפל-30-40-ללא-תעלה-עבודת-יד/,2026-05-15 00:00:00,Duplicate without user-selected canonical
https://compassgrill.co.il/brand/eco-israel/פרוסת-סיסם-אירופאי-120/,2026-05-15 00:00:00,Duplicate without user-selected canonical
https://compassgrill.co.il/gas-grills-1/rogue-xt-365sib-il-black/?category_id=35202&sort=pd.name&order=DESC,2026-05-15 00:00:00,Duplicate without user-selected canonical
https://compassgrill.co.il/grill-smoker-accessories/butcher-board/בוצ-ר-אנדגריין-אלון-25-40-עם-תעלה-עבודת-יד/?category_id=128801,2026-05-15 00:00:00,Duplicate without user-selected canonical
https://compassgrill.co.il/butcher-kfar-saba/poultry-3/לבבות-עוף-ארוז-קפוא-copy-1/?category_id=105748&sort=rating&order=ASC,2026-05-15 00:00:00,Duplicate without user-selected canonical
https://compassgrill.co.il/grill-smoker-accessories/butcher-board/קרש-חיתוך-מעץ-סיסם-אירופאי-40-30-עם-תעלת-ניקוז/,2026-05-15 00:00:00,Duplicate without user-selected canonical
https://compassgrill.co.il/grill-smoker-accessories/butcher-board/בוצ-ר-אנדגריין-אלון-25-40-ללא-תעלה/,2026-05-15 00:00:00,Duplicate without user-selected canonical
https://compassgrill.co.il/butcher-kfar-saba/poultry-3/שוקיים-עוף-ארוז-מחפוד/?category_id=105748&sort=rating&order=ASC,2026-05-15 00:00:00,Duplicate without user-selected canonical
https://compassgrill.co.il/grill-smoker-accessories/butcher-board/בוצ-ר-אנדגריין-מייפל-25-40-ללא-תעלה/,2026-05-15 00:00:00,Duplicate without user-selected canonical
https://compassgrill.co.il/plates-for-serving/קרש-חיתוך-והגשה-רינג-אובלי-65/?category_id=128868&sort=rating&order=DESC,2026-05-15 00:00:00,Duplicate without user-selected canonical
https://compassgrill.co.il/grill-smoker-accessories/butcher-board/בוצ-ר-אנדגריין-אלון-20-30-עם-תעלה/?category_id=128801,2026-05-15 00:00:00,Duplicate without user-selected canonical
https://compassgrill.co.il/eitan-meat-eilat/בשרים-קפואים/molard-1/?category_id=125607&sort=rating&order=DESC,2026-05-15 00:00:00,Duplicate without user-selected canonical
https://compassgrill.co.il/brand/eco-israel/מארז-חנוכת-בית-יוקרתי/,2026-05-15 00:00:00,Duplicate without user-selected canonical
https://compassgrill.co.il/grill-smoker-accessories/butcher-board/קרש-חיתוך-אלון-עם-ידית-35-20/?category_id=128801,2026-05-15 00:00:00,Duplicate without user-selected canonical
https://compassgrill.co.il/plates-for-serving/צלחת-מעץ-אשא-קוטר-20-ס-מ-דו-צדדית/?category_id=128868&sort=pd.name&order=DESC,2026-05-15 00:00:00,Duplicate without user-selected canonical
https://compassgrill.co.il/grill-smoker-accessories/butcher-board/בוצ-ר-אנדגריין-אלון-20-30-עם-תעלה/,2026-05-15 00:00:00,Duplicate without user-selected canonical
https://compassgrill.co.il/plates-for-serving/שמן-טבעי-לעץ-100-מ-ל-להגנה-וחידוש-קרשי-חיתוך-ובוצ-רים/?category_id=128868&sort=rating&order=DESC,2026-05-15 00:00:00,Duplicate without user-selected canonical
https://compassgrill.co.il/eitan-meat-eilat/בשרים-קפואים/molard-1/?sort=rating&order=DESC,2026-05-15 00:00:00,Duplicate without user-selected canonical
https://compassgrill.co.il/grill-smoker-accessories/butcher-board/קרש-חיתוך-אלון-עם-ידית-35-20/,2026-05-15 00:00:00,Duplicate without user-selected canonical
https://compassgrill.co.il/plates-for-serving/קרש-חיתוך-והגשה-רינג-אובלי-75/?category_id=128868&sort=rating&order=DESC,2026-05-15 00:00:00,Duplicate without user-selected canonical
https://compassgrill.co.il/knives-and-accessories/סכין-בשר-חריצים-26-ס-מ-להב-גבוה-dick-ergogrip/?category_id=35161,2026-05-15 00:00:00,Duplicate without user-selected canonical
https://compassgrill.co.il/grill-smoker-accessories/butcher-board/קרש-חיתוך-אשא-25-35-עם-תעלה/,2026-05-15 00:00:00,Duplicate without user-selected canonical
https://compassgrill.co.il/knives-and-accessories/giesser-knives/primeline-slicer-knife-20-25cm/?sort=p.model&order=ASC,2026-05-15 00:00:00,Duplicate without user-selected canonical
https://compassgrill.co.il/butcher-kfar-saba/poultry-3/שוקיים-עוף-ארוז-מחפוד/?sort=rating&order=ASC,2026-05-15 00:00:00,Duplicate without user-selected canonical
https://compassgrill.co.il/grill-smoker-accessories/butcher-board/בוצ-ר-אנדגריין-סיסם-אירופאי-לסושי/?category_id=128801,2026-05-15 00:00:00,Duplicate without user-selected canonical
https://compassgrill.co.il/grill-smoker-accessories/butcher-board/קרש-חיתוך-סיסם-ארוך-עם-ידית-60-20/?category_id=128801,2026-05-15 00:00:00,Duplicate without user-selected canonical
https://compassgrill.co.il/plates-for-serving/צלחת-3-תאים-מעץ-אשא-קוטר-25-ס-מ/?category_id=128868&sort=rating&order=DESC,2026-05-15 00:00:00,Duplicate without user-selected canonical
https://compassgrill.co.il/plates-for-serving/פרוסת-סיסם-אירופאי-100-קרש-הגשה-טבעי-מעץ-מלא/?category_id=128868&sort=pd.name&order=DESC,2026-05-15 00:00:00,Duplicate without user-selected canonical
https://compassgrill.co.il/grill-smoker-accessories/butcher-board/קרש-חיתוך-סיסם-אירופאי-המלח-פלפל-30-45/?category_id=128801,2026-05-15 00:00:00,Duplicate without user-selected canonical
https://compassgrill.co.il/plates-for-serving/פרוסת-סיסם-אירופאי-100-קרש-הגשה-טבעי-מעץ-מלא/?category_id=128868&sort=rating&order=DESC,2026-05-15 00:00:00,Duplicate without user-selected canonical
https://compassgrill.co.il/plates-for-serving/צלחת-3-תאים-מעץ-אשא-קוטר-25-ס-מ/?sort=rating&order=DESC,2026-05-15 00:00:00,Duplicate without user-selected canonical
https://compassgrill.co.il/grill-smoker-accessories/wood-chips-and-chunks-for-smoking/שבבי-עץ-היקורי-למעשנה-5-ליטר/?category_id=97766&sort=rating&order=ASC,2026-05-15 00:00:00,Duplicate without user-selected canonical
https://compassgrill.co.il/plates-for-serving/קרש-חיתוך-והגשה-רינג-אובלי-75/?sort=rating&order=DESC,2026-05-15 00:00:00,Duplicate without user-selected canonical
https://compassgrill.co.il/plates-for-serving/צלחת-מעץ-אשא-קוטר-25-ס-מ/?category_id=128868&sort=price&order=ASC,2026-05-15 00:00:00,Duplicate without user-selected canonical
https://compassgrill.co.il/grill-smoker-accessories/butcher-board/בוצ-ר-אנדגריין-אלון-30x40-עם-תעלה/?category_id=128801,2026-05-15 00:00:00,Duplicate without user-selected canonical
https://compassgrill.co.il/plates-for-serving/צלחת-מעץ-אשא-קוטר-20-ס-מ-דו-צדדית/?category_id=128868&sort=price&order=ASC,2026-05-15 00:00:00,Duplicate without user-selected canonical
https://compassgrill.co.il/plates-for-serving/שמן-טבעי-לעץ-100-מ-ל-להגנה-וחידוש-קרשי-חיתוך-ובוצ-רים/?sort=rating&order=DESC,2026-05-15 00:00:00,Duplicate without user-selected canonical
https://compassgrill.co.il/plates-for-serving/קרש-חיתוך-והגשה-רינג-אובלי-55/?category_id=128868&sort=rating&order=DESC,2026-05-15 00:00:00,Duplicate without user-selected canonical
https://compassgrill.co.il/grill-smoker-accessories/butcher-board/בוצ-ר-אנדגריין-אלון-30x40-עם-תעלה/,2026-05-15 00:00:00,Duplicate without user-selected canonical
https://compassgrill.co.il/grill-smoker-accessories/butcher-board/קרש-חיתוך-סיסם-אירופאי-המלח-פלפל-30-45/,2026-05-15 00:00:00,Duplicate without user-selected canonical
https://compassgrill.co.il/plates-for-serving/קרש-חיתוך-והגשה-רינג-אובלי-65/?category_id=128868&sort=price&order=ASC,2026-05-15 00:00:00,Duplicate without user-selected canonical
https://compassgrill.co.il/plates-for-serving/פרוסת-סיסם-אירופאי-100-קרש-הגשה-טבעי-מעץ-מלא/?sort=rating&order=DESC,2026-05-15 00:00:00,Duplicate without user-selected canonical
https://compassgrill.co.il/plates-for-serving/קרש-חיתוך-והגשה-רינג-אובלי-65/?sort=rating&order=DESC,2026-05-15 00:00:00,Duplicate without user-selected canonical
https://compassgrill.co.il/knives-and-accessories/סכין-סנטוקו-מחוזקת-חריצים-18-ס-מ-berox/?category_id=35161,2026-05-15 00:00:00,Duplicate without user-selected canonical
https://compassgrill.co.il/gifts/מארז-קרניבורים-בוצ-ר-אלון-סכין-שף-dick/?category_id=128869&sort=price&order=DESC,2026-05-15 00:00:00,Duplicate without user-selected canonical
https://compassgrill.co.il/plates-for-serving/שמן-טבעי-לעץ-100-מ-ל-להגנה-וחידוש-קרשי-חיתוך-ובוצ-רים/?sort=price&order=ASC,2026-05-15 00:00:00,Duplicate without user-selected canonical
https://compassgrill.co.il/plates-for-serving/קרש-חיתוך-והגשה-רינג-אובלי-55/?category_id=128868&sort=pd.name&order=DESC,2026-05-15 00:00:00,Duplicate without user-selected canonical
https://compassgrill.co.il/plates-for-serving/צלחת-אובלית-מעץ-מלא-25-35-דו-צדדית/?category_id=128868&sort=price&order=ASC,2026-05-15 00:00:00,Duplicate without user-selected canonical
https://compassgrill.co.il/plates-for-serving/צלחת-אובלית-מעץ-מלא-25-35-דו-צדדית/?sort=price&order=ASC,2026-05-15 00:00:00,Duplicate without user-selected canonical
https://compassgrill.co.il/brand/eco-israel/שמן-טבעי-לעץ-100-מ-ל-להגנה-וחידוש-קרשי-חיתוך-ובוצ-רים/,2026-05-15 00:00:00,Duplicate without user-selected canonical
https://compassgrill.co.il/plates-for-serving/צלחת-3-תאים-מעץ-אשא-קוטר-25-ס-מ/?category_id=128868&sort=pd.name&order=DESC,2026-05-15 00:00:00,Duplicate without user-selected canonical
https://compassgrill.co.il/knives-and-accessories/סכין-סנטוקו-מחוזקת-חריצים-18-ס-מ-berox/,2026-05-15 00:00:00,Duplicate without user-selected canonical
https://compassgrill.co.il/plates-for-serving/צלחת-פיצה-אשא-קוטר-30-ס-מ/?category_id=128868&sort=price&order=ASC,2026-05-15 00:00:00,Duplicate without user-selected canonical
https://compassgrill.co.il/plates-for-serving/פרוסת-סיסם-אירופאי-100-קרש-הגשה-טבעי-מעץ-מלא/?sort=price&order=ASC,2026-05-15 00:00:00,Duplicate without user-selected canonical
https://compassgrill.co.il/gifts/מארז-קרניבורים-בוצ-ר-אלון-סכין-שף-dick/?category_id=128869&sort=pd.name&order=DESC,2026-05-15 00:00:00,Duplicate without user-selected canonical
https://compassgrill.co.il/plates-for-serving/קרש-חיתוך-סיסם-ארוך-עם-ידית-60-20/?category_id=128868&sort=price&order=ASC,2026-05-15 00:00:00,Duplicate without user-selected canonical
https://compassgrill.co.il/gifts/מארז-קרניבורים-בוצ-ר-אלון-סכין-שף-dick/?category_id=128869&sort=p.model&order=DESC,2026-05-15 00:00:00,Duplicate without user-selected canonical
https://compassgrill.co.il/plates-for-serving/צלחת-שישה-תאים-מעץ-מלא-קוטר-30-דו-צדדית/?category_id=128868&sort=pd.name&order=DESC,2026-05-15 00:00:00,Duplicate without user-selected canonical
https://compassgrill.co.il/plates-for-serving/קרש-חיתוך-והגשה-רינג-אובלי-65/?sort=price&order=ASC,2026-05-15 00:00:00,Duplicate without user-selected canonical
https://compassgrill.co.il/plates-for-serving/קרש-חיתוך-סיסם-ארוך-עם-ידית-60-20/?category_id=128868&sort=pd.name&order=DESC,2026-05-15 00:00:00,Duplicate without user-selected canonical
https://compassgrill.co.il/plates-for-serving/צלחת-שישה-תאים-מעץ-מלא-קוטר-30-דו-צדדית/?sort=pd.name&order=DESC,2026-05-15 00:00:00,Duplicate without user-selected canonical
https://compassgrill.co.il/plates-for-serving/קרש-חיתוך-והגשה-רינג-אובלי-55/?category_id=128868&sort=price&order=ASC,2026-05-15 00:00:00,Duplicate without user-selected canonical
https://compassgrill.co.il/gifts/מארז-קרניבורים-בוצ-ר-אלון-סכין-שף-dick/?sort=price&order=DESC,2026-05-15 00:00:00,Duplicate without user-selected canonical
https://compassgrill.co.il/plates-for-serving/צלחת-מעץ-אשא-קוטר-20-ס-מ-דו-צדדית/?sort=pd.name&order=DESC,2026-05-15 00:00:00,Duplicate without user-selected canonical
https://compassgrill.co.il/plates-for-serving/צלחת-מעץ-אשא-קוטר-25-ס-מ/?category_id=128868&sort=rating&order=DESC,2026-05-15 00:00:00,Duplicate without user-selected canonical
https://compassgrill.co.il/plates-for-serving/צלחת-שישה-תאים-מעץ-מלא-קוטר-30-דו-צדדית/,2026-05-15 00:00:00,Duplicate without user-selected canonical
https://compassgrill.co.il/knives-and-accessories/סכין-שף-חלקה-ידית-שחורה-21-ס-מ-berox/?category_id=35161,2026-05-15 00:00:00,Duplicate without user-selected canonical
https://compassgrill.co.il/plates-for-serving/פרוסת-סיסם-אירופאי-100-קרש-הגשה-טבעי-מעץ-מלא/?sort=pd.name&order=DESC,2026-05-15 00:00:00,Duplicate without user-selected canonical
https://compassgrill.co.il/plates-for-serving/פרוסת-סיסם-אירופאי-120/?category_id=128868&sort=rating&order=DESC,2026-05-15 00:00:00,Duplicate without user-selected canonical
https://compassgrill.co.il/eitan-meat-eilat/שוקיים-עוף-ארוז-שחיטת-הרב-מחפוד-אילת/?category_id=125603,2026-05-15 00:00:00,Duplicate without user-selected canonical
https://compassgrill.co.il/plates-for-serving/צלחת-מעץ-אשא-קוטר-25-ס-מ/?sort=rating&order=DESC,2026-05-15 00:00:00,Duplicate without user-selected canonical
https://compassgrill.co.il/plates-for-serving/קרש-חיתוך-סיסם-ארוך-עם-ידית-60-20/?category_id=128868&sort=rating&order=DESC,2026-05-15 00:00:00,Duplicate without user-selected canonical
https://compassgrill.co.il/knives-and-accessories/סכין-שף-חלקה-ידית-שחורה-21-ס-מ-berox/,2026-05-15 00:00:00,Duplicate without user-selected canonical
https://compassgrill.co.il/plates-for-serving/קרש-חיתוך-והגשה-רינג-אובלי-75/?category_id=128868&sort=pd.name&order=DESC,2026-05-15 00:00:00,Duplicate without user-selected canonical
https://compassgrill.co.il/gas-grills-1/6-burner-gas-grill/?sort=p.sort_order&order=ASC,2026-05-15 00:00:00,Duplicate without user-selected canonical
https://compassgrill.co.il/gas-grills-1/rogue-xt-365sib-il-black/?sort=price&order=ASC,2026-05-15 00:00:00,Duplicate without user-selected canonical
https://compassgrill.co.il/plates-for-serving/קרש-חיתוך-סיסם-ארוך-עם-ידית-60-20/?sort=rating&order=DESC,2026-05-15 00:00:00,Duplicate without user-selected canonical
https://compassgrill.co.il/plates-for-serving/צלחת-שישה-תאים-מעץ-מלא-קוטר-30-דו-צדדית/?category_id=128868&sort=price&order=ASC,2026-05-15 00:00:00,Duplicate without user-selected canonical
https://compassgrill.co.il/knives-and-accessories/סכין-בשר-חריצים-26-ס-מ-להב-גבוה-dick-ergogrip/,2026-05-15 00:00:00,Duplicate without user-selected canonical
https://compassgrill.co.il/plates-for-serving/פרוסת-סיסם-אירופאי-120/?sort=rating&order=DESC,2026-05-15 00:00:00,Duplicate without user-selected canonical
https://compassgrill.co.il/plates-for-serving/פרוסת-סיסם-אירופאי-120/?category_id=128868&sort=price&order=ASC,2026-05-15 00:00:00,Duplicate without user-selected canonical
https://compassgrill.co.il/plates-for-serving/צלחת-מעץ-אשא-קוטר-20-ס-מ-דו-צדדית/?category_id=128868&sort=rating&order=DESC,2026-05-15 00:00:00,Duplicate without user-selected canonical
https://compassgrill.co.il/knives-and-accessories/סכין-בשר-26-ס-מ-להב-גבוה-dick-ergogrip/,2026-05-15 00:00:00,Duplicate without user-selected canonical
https://compassgrill.co.il/plates-for-serving/צלחת-אובלית-מעץ-מלא-25-35-דו-צדדית/?category_id=128868&sort=pd.name&order=DESC,2026-05-15 00:00:00,Duplicate without user-selected canonical
https://compassgrill.co.il/knives-and-accessories/סכין-שף-21-ס-מ-berox/,2026-05-15 00:00:00,Duplicate without user-selected canonical
https://compassgrill.co.il/plates-for-serving/צלחת-מעץ-אשא-קוטר-20-ס-מ-דו-צדדית/?sort=rating&order=DESC,2026-05-15 00:00:00,Duplicate without user-selected canonical
https://compassgrill.co.il/grill-smoker-accessories/wood-chips-and-chunks-for-smoking/שבבי-עץ-אלון-למעשנה-5-ליטר/?category_id=97766&sort=rating&order=ASC,2026-05-15 00:00:00,Duplicate without user-selected canonical
https://compassgrill.co.il/plates-for-serving/קרש-חיתוך-והגשה-רינג-אובלי-65/?category_id=128868&sort=pd.name&order=DESC,2026-05-15 00:00:00,Duplicate without user-selected canonical
