url,recommended_action
https://compassgrill.co.il/zigzag-sweet-potato-fries/,Manual review - target not HTTP-validated
https://compassgrill.co.il/eitan-meat-2/meat-vending-machine-24-7/?sort=rating&order=DESC,Manual review - target not HTTP-validated
https://compassgrill.co.il/ -40- /,Manual review - target not HTTP-validated
https://compassgrill.co.il/eitan-meat-2/frozen-ground-meat/cinnamon-kebab-on-stick-55g-12-pcs-tray/?sort=rating&order=DESC,Manual review - target not HTTP-validated
https://compassgrill.co.il/ -berox/,Manual review - target not HTTP-validated
https://compassgrill.co.il/בשרים-קפואים/zigzag-sweet-potato-fries-1/?sort=pd.name&order=ASC,Manual review - target not HTTP-validated
https://compassgrill.co.il/eitan-meat-2/frozen-ground-meat/cinnamon-kebab-on-stick-55g-12-pcs-tray/?sort=p.model&order=ASC,Manual review - target not HTTP-validated
https://compassgrill.co.il/eitan-meat-eilat/יינות-טפרברג/,Manual review - target not HTTP-validated
https://compassgrill.co.il/outdoor-kitchen/מטבחי-גן-וציוד-נלווה/,Manual review - target not HTTP-validated
https://compassgrill.co.il/gas-grills/גריל-גז-2-מבערים/,Manual review - target not HTTP-validated
https://compassgrill.co.il/eitan-meat-2/cinnamon-kebab-on-stick-55g-12-pcs-tray/?category_id=66834&sort=pd.name&order=DESC,Manual review - target not HTTP-validated
https://compassgrill.co.il/affordable-outdoor-furniture-deals-eilat/,Manual review - target not HTTP-validated
https://compassgrill.co.il/gas-grills/גריל-גז-משולב-פחם-או-מעשנה/,Manual review - target not HTTP-validated
https://compassgrill.co.il/smoker-tandoor/טנדיר-טנדור-כלי-בישול-וצליה-בחרס/,Manual review - target not HTTP-validated
https://compassgrill.co.il/gas-grills/,Manual review - target not HTTP-validated
https://compassgrill.co.il/eitan-meat-2/cinnamon-kebab-on-stick-55g-12-pcs-tray/?category_id=66834&sort=price&order=ASC,Manual review - target not HTTP-validated
https://compassgrill.co.il/grill-smoker-accessories/skome-woods-chips/,Manual review - target not HTTP-validated
https://compassgrill.co.il/eitan-meat-2/frozen-ground-meat/cinnamon-kebab-on-stick-55g-12-pcs-tray/?sort=p.sort_order&order=ASC,Manual review - target not HTTP-validated
https://compassgrill.co.il/eitan-meat-eilat/בשרים-קפואים/חזה-אווז-ארוז-בוואקום-1/?sort=p.model&order=DESC,Manual review - target not HTTP-validated
https://compassgrill.co.il/eitan-meat-2/frozen-ground-meat/cinnamon-kebab-on-stick-55g-12-pcs-tray/?sort=p.model&order=DESC,Manual review - target not HTTP-validated
https://compassgrill.co.il/ -25-40- /,Manual review - target not HTTP-validated
https://compassgrill.co.il/ -20-30- /,Manual review - target not HTTP-validated
https://compassgrill.co.il/smoker-tandoor/גריל-גז-מעשנות-גרילים-וטנדור/ultimate-griddle-5-גריל-פלנצ-ה-גז-5-מבערים/,Manual review - target not HTTP-validated
https://compassgrill.co.il/gas-grills/גריל-גז-5-מבערים/ultimate-griddle-5-גריל-פלנצ-ה-גז-5-מבערים/?category_id=108565&sort=price&order=ASC,Manual review - target not HTTP-validated
https://compassgrill.co.il/eitan-meat-eilat/premium-packed-frozen-foie-gras-1/?sort=rating&order=ASC,Manual review - target not HTTP-validated
https://compassgrill.co.il/compass-skewers/שיפודי-נירוסטה-יוקרתיים-עם-ידית-ברונזה-מארז-עור-פרימיום-1/?category_id=38152&sort=p.model&order=DESC,Manual review - target not HTTP-validated
https://compassgrill.co.il/eitan-meat-eilat/poultry/,Manual review - target not HTTP-validated
https://compassgrill.co.il/frozen-meat/ -copy-0/?sort=p.model&order=ASC,Manual review - target not HTTP-validated
https://compassgrill.co.il/gifts/ -berox/?category_id=128869,Manual review - target not HTTP-validated
https://compassgrill.co.il/product_quick_view/,Manual review - target not HTTP-validated
https://compassgrill.co.il/eitan-meat-2/meat-vending-machine-24-7/angus-merguez-780g-frozen-automatic-meat-247/?sort=rating&order=DESC,Manual review - target not HTTP-validated
https://compassgrill.co.il/poultry/?sort=rating&order=DESC,Manual review - target not HTTP-validated
https://compassgrill.co.il/gas-grills/גריל-גז-5-מבערים/ultimate-griddle-5-גריל-פלנצ-ה-גז-5-מבערים/?sort=price&order=ASC,Manual review - target not HTTP-validated
https://compassgrill.co.il/grill-smoker-accessories/butcher-board/ -25-40- /?category_id=128801&sort=p.sort_order&order=ASC,Manual review - target not HTTP-validated
https://compassgrill.co.il/ultimate-griddle-5-גריל-פלנצ-ה-גז-5-מבערים/,Manual review - target not HTTP-validated
https://compassgrill.co.il/grill-smoker-accessories/butcher-board/ -20-30- /?category_id=128801&sort=p.sort_order&order=ASC,Manual review - target not HTTP-validated
https://compassgrill.co.il/grill-smoker-accessories/butcher-board/ -50-35- /?category_id=128801&sort=p.model&order=ASC,Manual review - target not HTTP-validated
https://compassgrill.co.il/butcher-kfar-saba/ /,Manual review - target not HTTP-validated
https://compassgrill.co.il/smoker-tandoor/pellet-smokers/navigator-side-smoker- -550-850-1150/?sort=p.sort_order&order=ASC,Manual review - target not HTTP-validated
https://compassgrill.co.il/eitan-meat-eilat/ /,Manual review - target not HTTP-validated
https://compassgrill.co.il/grill-smoker-accessories/butcher-board/ -45- /?category_id=128801&sort=p.sort_order&order=ASC,Manual review - target not HTTP-validated
https://compassgrill.co.il/grill-smoker-accessories/cast-iron-tools-plov-cooking/cast-iron-zhigong-cooking-kazan/ -10- -1/?sort=pd.name&order=ASC,Manual review - target not HTTP-validated
https://compassgrill.co.il/grill-smoker-accessories/butcher-board/ -40- /?category_id=128801&sort=p.sort_order&order=ASC,Manual review - target not HTTP-validated
https://compassgrill.co.il/ -50-35- /,Manual review - target not HTTP-validated
https://compassgrill.co.il/grill-smoker-accessories/butcher-board/ -30x40- /?category_id=128801&sort=p.sort_order&order=ASC,Manual review - target not HTTP-validated
https://compassgrill.co.il/smoker-tandoor/pellet-smokers/pit-boss-austin-xl-onyx- /?sort=p.sort_order&order=ASC,Manual review - target not HTTP-validated
https://compassgrill.co.il/ -26- -dick-ergogrip/,Manual review - target not HTTP-validated
https://compassgrill.co.il/ -30-45/,Manual review - target not HTTP-validated
https://compassgrill.co.il/grill-smoker-accessories/butcher-board/ -50-35- /?category_id=128801&sort=p.sort_order&order=ASC,Manual review - target not HTTP-validated
https://compassgrill.co.il/ -100- /,Manual review - target not HTTP-validated
https://compassgrill.co.il/ -45- -king-size/,Manual review - target not HTTP-validated
https://compassgrill.co.il/pizza-set-for-o-f-b- /,Manual review - target not HTTP-validated
https://compassgrill.co.il/frozen-meat/ /?sort=p.model&order=ASC,Manual review - target not HTTP-validated
https://compassgrill.co.il/taboon-products-and-accessories/pizza-set-for-o-f-b- /?sort=p.sort_order&order=ASC,Manual review - target not HTTP-validated
https://compassgrill.co.il/ -30x40- /,Manual review - target not HTTP-validated
https://compassgrill.co.il/ -45- /,Manual review - target not HTTP-validated
https://compassgrill.co.il/gas-grills-1/6-burner-gas-grill/soon/?sort=pd.name&order=ASC,Manual review - target not HTTP-validated
https://compassgrill.co.il/eitan-meat-2/meat-vending-machine-24-7/angus-veal-chorizo-900g-tray-frozen-automatic-meat-247/?sort=rating&order=DESC,Manual review - target not HTTP-validated
https://compassgrill.co.il/smoker-tandoor/שיפודי-נירוסטה-יוקרתיים-עם-ידית-ברונזה-מארז-עור-פרימיום-1/?sort=rating&order=DESC,Manual review - target not HTTP-validated
https://compassgrill.co.il/compass-skewers/שיפודי-נירוסטה-יוקרתיים-עם-ידית-ברונזה-מארז-עור-פרימיום-1/?sort=p.model&order=DESC,Manual review - target not HTTP-validated
https://compassgrill.co.il/grill-smoker-accessories/compass-skewers/שיפודי-נירוסטה-יוקרתיים-עם-ידית-ברונזה-מארז-עור-פרימיום-1/,Manual review - target not HTTP-validated
https://compassgrill.co.il/zigzag-sweet-potato-fries-1/,Manual review - target not HTTP-validated
https://compassgrill.co.il/smoker-tandoor/גריל-גז-מעשנות-גרילים-וטנדור/addizio-גריל-גז-3-מבערים/,Manual review - target not HTTP-validated
https://compassgrill.co.il/חזה-אווז-ארוז-בוואקום-1/,Manual review - target not HTTP-validated
https://compassgrill.co.il/בשרים-קפואים/zigzag-sweet-potato-fries-1/?category_id=125607&sort=p.model&order=DESC,Manual review - target not HTTP-validated
https://compassgrill.co.il/יינות-טפרברג/טפרברג-ויז-ן-מרלו-750-מ-ל/,Manual review - target not HTTP-validated
https://compassgrill.co.il/grill-smoker-accessories/סכינים-וציוד-נלווהיישון-תיבול-וטיפול-בבשר/אביזרים-לעבודה-עם-בשר/,Manual review - target not HTTP-validated
https://compassgrill.co.il/בשר-טרי/premium-certified-entrecote-pairs-vacuum-packed-500g-1/?sort=p.model&order=ASC,Manual review - target not HTTP-validated
https://compassgrill.co.il/gas-grills/גריל-גז-3-מבערים/addizio-גריל-גז-3-מבערים/?sort=price&order=DESC,Manual review - target not HTTP-validated
https://compassgrill.co.il/smoker-tandoor/addizio-גריל-גז-3-מבערים/?sort=rating&order=ASC,Manual review - target not HTTP-validated
https://compassgrill.co.il/gas-grills/גריל-גז-3-מבערים/addizio-גריל-גז-3-מבערים/?sort=rating&order=DESC,Manual review - target not HTTP-validated
https://compassgrill.co.il/chicken-steak-in-soy-honey-sauce-1kg-1/,Manual review - target not HTTP-validated
https://compassgrill.co.il/בשר-טרי/angus-assado-boneless-feedlot-2-5kg-1/?sort=price&order=ASC,Manual review - target not HTTP-validated
https://compassgrill.co.il/בשר-טרי/angus-assado-boneless-feedlot-2-5kg-1/?sort=p.model&order=ASC,Manual review - target not HTTP-validated
https://compassgrill.co.il/eitan-meat-eilat/בשרים-קפואים/chicken-steak-in-soy-honey-sauce-1kg-1/?sort=pd.name&order=DESC,Manual review - target not HTTP-validated
https://compassgrill.co.il/garden-furniture-2024-avigail/,Manual review - target not HTTP-validated
https://compassgrill.co.il/eitan-meat-2/frozen-chicken-shawarma-1kg/?sort=p.sort_order&order=ASC,Manual review - target not HTTP-validated
https://compassgrill.co.il/smoker-tandoor/מעשנות-גרילים-וטנדור-מעשנות-גרילים-וטנדור-מעשנות-גרילים-וטנדור/boretti-ibrido-גריל-משולב-גז-פחמים/?category_id=97703&sort=p.model&order=DESC,Manual review - target not HTTP-validated
https://compassgrill.co.il/gas-grills/גריל-גז-4-מבערים/גריל-גז-freestyle-425-עם-כירת-צד-אינפרא-אדום-1/,Manual review - target not HTTP-validated
https://compassgrill.co.il/boretti-ibrido-גריל-משולב-גז-פחמים/,Manual review - target not HTTP-validated
https://compassgrill.co.il/smoker-tandoor/מעשנות-גרילים-וטנדור-מעשנות-גרילים-וטנדור-מעשנות-גרילים-וטנדור/boretti-ibrido-גריל-משולב-גז-פחמים/?sort=pd.name&order=ASC,Manual review - target not HTTP-validated
https://compassgrill.co.il/chicken-steak-in-soy-honey-sauce-1kg/,Manual review - target not HTTP-validated
https://compassgrill.co.il/גריל-גז-freestyle-425-עם-כירת-צד-אינפרא-אדום-1/,Manual review - target not HTTP-validated
https://compassgrill.co.il/hawaii/,Manual review - target not HTTP-validated
https://compassgrill.co.il/gas-grills/גריל-גז-freestyle-425-עם-כירת-צד-אינפרא-אדום-1/?sort=pd.name&order=DESC,Manual review - target not HTTP-validated
https://compassgrill.co.il/גריל-גז-4-מבערים/גריל-גז-freestyle-425-עם-כירת-צד-אינפרא-אדום-1/,Manual review - target not HTTP-validated
https://compassgrill.co.il/טומהוק-פרוס-טרי-כ-1-ק-ג/,Manual review - target not HTTP-validated
https://compassgrill.co.il/grill-smoker-accessories/כלים-מברזל-ייצוק/כלים-מברזל-ייצוק-1/,Manual review - target not HTTP-validated
https://compassgrill.co.il/gas-grills/גריל-גז-6-מבערים/,Manual review - target not HTTP-validated
https://compassgrill.co.il/gas-grills/גריל-גז-freestyle-425-עם-כירת-צד-אינפרא-אדום-1/?category_id=35202&sort=pd.name&order=DESC,Manual review - target not HTTP-validated
https://compassgrill.co.il/בשרים-קפואים/zigzag-sweet-potato-fries-1/?sort=rating&order=ASC,Manual review - target not HTTP-validated
https://compassgrill.co.il/מנגל-פחמים-ומנגל-לשיפודים/מנגל-קערת-אש/?sort=p.model&order=DESC,Manual review - target not HTTP-validated
https://compassgrill.co.il/brand/רוקח/imperatore-bi/,Manual review - target not HTTP-validated
https://compassgrill.co.il/charcoal-grill-with-legs-for-,Manual review - target not HTTP-validated
https://compassgrill.co.il/smoker-tandoor/מעשנות-פלט/,Manual review - target not HTTP-validated
https://compassgrill.co.il/outdoor-kitchen/מטבחי-חוץ-alumex/מטבח-חוץ-דגם-balcony/?sort=pd.name&order=ASC,Manual review - target not HTTP-validated
https://compassgrill.co.il/אביזרים-לגריל-ומעשנה/שבבים/,Manual review - target not HTTP-validated
https://compassgrill.co.il/גריל-גז/גריל-גז-3-מבערים/,Manual review - target not HTTP-validated
https://compassgrill.co.il/eitan-meat-2/meat-vending-machine-24-7/?sort=p.model&order=DESC,Manual review - target not HTTP-validated
https://compassgrill.co.il/בשר-טרי/premium-certified-entrecote-pairs-vacuum-packed-500g-1/?category_id=125606&sort=p.model&order=ASC,Manual review - target not HTTP-validated
https://compassgrill.co.il/בשר-טרי/premium-certified-entrecote-pairs-vacuum-packed-500g-1/?category_id=125606&sort=price&order=ASC,Manual review - target not HTTP-validated
https://compassgrill.co.il/frozen-meat/chicken-steak-teriyaki-1kg/,Manual review - target not HTTP-validated
https://compassgrill.co.il/בשר-טרי/angus-assado-boneless-feedlot-2-5kg-1/?category_id=125606&sort=p.model&order=ASC,Manual review - target not HTTP-validated
https://compassgrill.co.il/מנגל-פחמים-ומנגל-לשיפודים/מנגל-פחמים-מנירוסטה-ל-6-שיפודים-נפתח-עם-תיק-1/?sort=p.model&order=DESC,Manual review - target not HTTP-validated
https://compassgrill.co.il/בשר-טרי/angus-assado-boneless-feedlot-2-5kg-1/?category_id=125606&sort=rating&order=DESC,Manual review - target not HTTP-validated
https://compassgrill.co.il/בשר-טרי/angus-assado-boneless-feedlot-2-5kg-1/?category_id=125606&sort=p.model&order=DESC,Manual review - target not HTTP-validated
https://compassgrill.co.il/בשר-טרי/angus-assado-boneless-feedlot-2-5kg-1/?category_id=125606&sort=rating&order=ASC,Manual review - target not HTTP-validated
https://compassgrill.co.il/בשר-טרי/angus-assado-boneless-feedlot-2-5kg-1/?category_id=125606&sort=price&order=DESC,Manual review - target not HTTP-validated
https://compassgrill.co.il/בשר-טרי/angus-assado-boneless-feedlot-2-5kg-1/?category_id=125606&sort=price&order=ASC,Manual review - target not HTTP-validated
https://compassgrill.co.il/grill-smoker-accessories/כלים-מברזל-ייצוק/קאזן-אסייתי-יצוק-מברזל-ציג-ון/,Manual review - target not HTTP-validated
https://compassgrill.co.il/מנגל-פחמים-ומנגל-לשיפודים/פחם-קוקוס-ללא-עשן/?sort=pd.name&order=ASC,Manual review - target not HTTP-validated
https://compassgrill.co.il/charcoal-grill-for-6-skewers-foldable-with-bag/,Manual review - target not HTTP-validated
https://compassgrill.co.il/white-center-pole-parasol-3m-diameter/,Manual review - target not HTTP-validated
https://compassgrill.co.il/garden-furniture-accessories/kamado-xl-k24-red/?sort=p.model&order=ASC,Manual review - target not HTTP-validated
https://compassgrill.co.il/מנגל-פחמים-ומנגל-לשיפודים/מנגל-פחמים-ורטיקלי/?sort=p.model&order=DESC,Manual review - target not HTTP-validated
https://compassgrill.co.il/outdoor-kitchen-9/balcony/?category_id=97698&sort=rating&order=DESC,Manual review - target not HTTP-validated
https://compassgrill.co.il/בשר-טרי/angus-assado-boneless-feedlot-2-5kg-1/?sort=p.model&order=DESC,Manual review - target not HTTP-validated
https://compassgrill.co.il/eitan-meat-eilat/בשרים-קפואים/חזה-אווז-ארוז-בוואקום-1/?category_id=125607&sort=pd.name&order=DESC,Manual review - target not HTTP-validated
https://compassgrill.co.il/eitan-meat-2/meat-vending-machine-24-7/seasoned-frozen-chicken-thigh-skewers-5pcs-automatic-meat-247/?sort=p.model&order=DESC,Manual review - target not HTTP-validated
https://compassgrill.co.il/בשר-טרי/angus-assado-boneless-feedlot-2-5kg-1/?sort=rating&order=DESC,Manual review - target not HTTP-validated
https://compassgrill.co.il/בשר-טרי/angus-assado-boneless-feedlot-2-5kg-1/?sort=price&order=DESC,Manual review - target not HTTP-validated
https://compassgrill.co.il/eitan-meat-eilat/עופות-קפוא/chicken-steak-in-soy-honey-sauce-1kg-1/?category_id=125608,Manual review - target not HTTP-validated
https://compassgrill.co.il/eitan-meat-eilat/בשרים-קפואים/chicken-steak-in-soy-honey-sauce-1kg-1/,Manual review - target not HTTP-validated
https://compassgrill.co.il/eitan-meat-2/meat-vending-machine-24-7/veal-patties-800g-frozen-automatic-247/?category_id=125471&sort=rating&order=DESC,Manual review - target not HTTP-validated
https://compassgrill.co.il/crunch-coated-boat-fries-1/,Manual review - target not HTTP-validated
https://compassgrill.co.il/called,Manual review - target not HTTP-validated
https://compassgrill.co.il/eitan-meat-2/meat-vending-machine-24-7/angus-merguez-780g-frozen-automatic-meat-247/?sort=price&order=DESC,Manual review - target not HTTP-validated
https://compassgrill.co.il/brand/רוקח/videro-g2-s/,Manual review - target not HTTP-validated
https://compassgrill.co.il/poultry/chicken-steak-in-soy-honey-sauce-1kg/?category_id=105748&sort=pd.name&order=ASC,Manual review - target not HTTP-validated
https://compassgrill.co.il/gas-grills/גריל-גז-2-מבערים/ultimate-griddle-2-גריל-פלאנצ-ה-חדשני/?sort=price&order=DESC,Manual review - target not HTTP-validated
https://compassgrill.co.il/dark-gray-aluminum-gazebo-3-6x3-6m/,Manual review - target not HTTP-validated
https://compassgrill.co.il/gas-grills/גריל-גז-2-מבערים/ultimate-griddle-2-גריל-פלאנצ-ה-חדשני/?sort=rating&order=DESC,Manual review - target not HTTP-validated
https://compassgrill.co.il/brand/רוקח/videro-g2-s,Manual review - target not HTTP-validated
https://compassgrill.co.il/gas-grills/גריל-גז-2-מבערים/ultimate-griddle-2-גריל-פלאנצ-ה-חדשני/?sort=p.model&order=ASC,Manual review - target not HTTP-validated
https://compassgrill.co.il/outdoor-kitchen/מטבח-חוץ-קלאסיק-1/,Manual review - target not HTTP-validated
https://compassgrill.co.il/eitan-meat-eilat/בשר-טרי/feedlot-angus-sirloin-steak-1/?category_id=125606&sort=price&order=DESC,Manual review - target not HTTP-validated
https://compassgrill.co.il/מטבחי-גן-וציוד-נלווה-1/מטבחי-גן-וציוד-נלווה/מטבח-חוץ-קלאסיק-1/,Manual review - target not HTTP-validated
https://compassgrill.co.il/eitan-meat-eilat/בשר-טרי/feedlot-angus-sirloin-steak-1/?category_id=125606&sort=pd.name&order=DESC,Manual review - target not HTTP-validated
https://compassgrill.co.il/chicken-steak-teriyaki-1kg-1/,Manual review - target not HTTP-validated
https://compassgrill.co.il/eitan-meat-2/poultry-3/premium-packed-frozen-foie-gras/,Manual review - target not HTTP-validated
https://compassgrill.co.il/brand/רוקח/4-ligorio/,Manual review - target not HTTP-validated
https://compassgrill.co.il/גריל-גז-2-מבערים/ultimate-griddle-2-גריל-פלאנצ-ה-חדשני/,Manual review - target not HTTP-validated
https://compassgrill.co.il/גריל-גז-2-מבערים/ultimate-griddle-2-גריל-פלאנצ-ה-חדשני/?category_id=108373,Manual review - target not HTTP-validated
https://compassgrill.co.il/gas-grills/ultimate-griddle-2-גריל-פלאנצ-ה-חדשני/?category_id=35202,Manual review - target not HTTP-validated
https://compassgrill.co.il/eitan-meat-2/meat-vending-machine-24-7/veal-patties-800g-frozen-automatic-247/?sort=p.model&order=ASC,Manual review - target not HTTP-validated
https://compassgrill.co.il/eitan-meat-2/meat-vending-machine-24-7/veal-patties-800g-frozen-automatic-247/?sort=rating&order=ASC,Manual review - target not HTTP-validated
https://compassgrill.co.il/gas-grills/addizio-גריל-גז-3-מבערים/?sort=price&order=ASC,Manual review - target not HTTP-validated
https://compassgrill.co.il/gas-grills/addizio-גריל-גז-3-מבערים/?category_id=35202,Manual review - target not HTTP-validated
https://compassgrill.co.il/gas-grills/addizio-גריל-גז-3-מבערים/?sort=rating&order=ASC,Manual review - target not HTTP-validated
https://compassgrill.co.il/brand/רוקח/imperatore-bi,Manual review - target not HTTP-validated
https://compassgrill.co.il/grill-smoker-accessories/boretti-ibrido-גריל-משולב-גז-פחמים/?sort=rating&order=ASC,Manual review - target not HTTP-validated
https://compassgrill.co.il/מנגל-פחמים-ומנגל-לשיפודים-1/boretti-ibrido-גריל-משולב-גז-פחמים/,Manual review - target not HTTP-validated
https://compassgrill.co.il/chicken-steak-teriyaki-1kg/,Manual review - target not HTTP-validated
https://compassgrill.co.il/eitan-meat-2/veal-meatballs-830g-pack/?sort=rating&order=DESC,Manual review - target not HTTP-validated
https://compassgrill.co.il/brand/eitan-meat-delicacies/chicken-steak-teriyaki-1kg/,Manual review - target not HTTP-validated
https://compassgrill.co.il/eitan-meat-eilat/frozen-meat/chicken-steak-teriyaki-1kg/?sort=rating&order=ASC,Manual review - target not HTTP-validated
https://compassgrill.co.il/brand/compass/שיפודי-נירוסטה-יוקרתיים-עם-ידית-ברונזה-מארז-עור-פרימיום-1,Manual review - target not HTTP-validated
https://compassgrill.co.il/eitan-meat-eilat/frozen-meat/chicken-steak-teriyaki-1kg/?category_id=66836&sort=pd.name&order=ASC,Manual review - target not HTTP-validated
https://compassgrill.co.il/eitan-meat-eilat/frozen-meat/chicken-steak-teriyaki-1kg/?sort=p.model&order=DESC,Manual review - target not HTTP-validated
https://compassgrill.co.il/outdoor-kitchen-9/modular-outdoor-kitchens/cbu-611-al-black-kit/?category_id=80794&sort=rating&order=DESC,Manual review - target not HTTP-validated
https://compassgrill.co.il/eitan-meat-eilat/בשרים-קפואים/crunch-coated-boat-fries-1/?sort=price&order=ASC,Manual review - target not HTTP-validated
https://compassgrill.co.il/smoker-tandoor/מנגל-פחמים-ומנגל-לשיפודים/charcoal-grill-with-legs-for-8-skewers-foldable-with-bag/?sort=p.sort_order&order=ASC,Manual review - target not HTTP-validated
https://compassgrill.co.il/smoker-tandoor/מנגל-פחמים-ומנגל-לשיפודים/charcoal-grill-with-legs-for-8-skewers-foldable-with-bag/?category_id=36001&sort=p.sort_order&order=ASC,Manual review - target not HTTP-validated
https://compassgrill.co.il/kosher-calf-sweetbreads-argentina-1kg/,Manual review - target not HTTP-validated
https://compassgrill.co.il/ultimate-griddle-2-גריל-פלאנצ-ה-חדשני/,Manual review - target not HTTP-validated
https://compassgrill.co.il/gas-grills/ultimate-griddle-2-גריל-פלאנצ-ה-חדשני/,Manual review - target not HTTP-validated
https://compassgrill.co.il/poultry/chicken-steak-in-soy-honey-sauce-1kg/?category_id=105748&sort=rating&order=DESC,Manual review - target not HTTP-validated
https://compassgrill.co.il/premium-packed-frozen-foie-gras/,Manual review - target not HTTP-validated
https://compassgrill.co.il/brand/רוקח/lg800fp-founders-premier,Manual review - target not HTTP-validated
https://compassgrill.co.il/מנגל-פחמים-ומנגל-לשיפודים/?sort=pd.name&order=DESC,Manual review - target not HTTP-validated
https://compassgrill.co.il/מנגל-פחמים-ומנגל-לשיפודים/?sort=p.model&order=DESC,Manual review - target not HTTP-validated
https://compassgrill.co.il/פחם-קוקוס-ללא-עשן/,Manual review - target not HTTP-validated
https://compassgrill.co.il/grill-smoker-accessories/skome-woods/,Manual review - target not HTTP-validated
https://compassgrill.co.il/brand/רוקח/4-ligorio,Manual review - target not HTTP-validated
https://compassgrill.co.il/smoker-tandoor/מעשנת-ארון-פלט-vertical-7/,Manual review - target not HTTP-validated
https://compassgrill.co.il/מעשנות-פלט/מעשנת-ארון-פלט-vertical-7/?category_id=34516,Manual review - target not HTTP-validated
https://compassgrill.co.il/מעשנות-פלט/מעשנת-ארון-פלט-vertical-7/,Manual review - target not HTTP-validated
https://compassgrill.co.il/eitan-meat-eilat/בשר-טרי/premium-certified-entrecote-pairs-vacuum-packed-500g-1/?sort=p.sort_order&order=ASC,Manual review - target not HTTP-validated
https://compassgrill.co.il/בשר-טרי/premium-certified-entrecote-pairs-vacuum-packed-500g-1/?category_id=125606,Manual review - target not HTTP-validated
https://compassgrill.co.il/eitan-meat-eilat/בשר-טרי/premium-certified-entrecote-pairs-vacuum-packed-500g-1/?sort=p.model&order=DESC,Manual review - target not HTTP-validated
https://compassgrill.co.il/eitan-meat-eilat/בשר-טרי/angus-muscle-8-feedlot-1kg-1/?sort=rating&order=DESC,Manual review - target not HTTP-validated
https://compassgrill.co.il/fresh-angus-sirloin-halved-2kg-1/,Manual review - target not HTTP-validated
https://compassgrill.co.il/eitan-meat-2/meat-vending-machine-24-7/kebab-cinnamon-stick-600g-frozen-automatic-meat-247/?sort=p.model&order=DESC,Manual review - target not HTTP-validated
https://compassgrill.co.il/crunch-coated-boat-fries/,Manual review - target not HTTP-validated
https://compassgrill.co.il/fresh-angus-sirloin-halved-2kg/,Manual review - target not HTTP-validated
https://compassgrill.co.il/מנגל-פחמים-ומנגל-לשיפודים/?sort=pd.name&order=ASC,Manual review - target not HTTP-validated
https://compassgrill.co.il/outdoor-kitchen-1-1/מטבחי-גן-וציוד-נלווה/מטבח-חוץ-קלאסיק-1/,Manual review - target not HTTP-validated
https://compassgrill.co.il/outdoor-kitchen-1-1/מטבח-חוץ-קלאסיק-1/?sort=pd.name&order=ASC,Manual review - target not HTTP-validated
https://compassgrill.co.il/מנגל-פחמים-ומנגל-לשיפודים/?sort=p.price&order=DESC,Manual review - target not HTTP-validated
https://compassgrill.co.il/מנגל-פחמים-ומנגל-לשיפודים/מנגל-קדירה-לקאזן-reckless-1/?sort=pd.name&order=ASC,Manual review - target not HTTP-validated
https://compassgrill.co.il/מנגל-פחמים-ומנגל-לשיפודים/מנגל-פחמים-עם-רגליים-ל-6-שיפודים-נפתח-עם-תיק-1/?sort=p.model&order=DESC,Manual review - target not HTTP-validated
https://compassgrill.co.il/מנגל-פחמים-ומנגל-לשיפודים/מנגל-פחמים-עם-רגליים-ל-8-שיפודים-נפתח-עם-תיק/?sort=pd.name&order=ASC,Manual review - target not HTTP-validated
https://compassgrill.co.il/eitan-meat-2/meat-vending-machine-24-7/angus-merguez-780g-frozen-automatic-meat-247/?sort=pd.name&order=DESC,Manual review - target not HTTP-validated
https://compassgrill.co.il/outdoor-kitchen/מטבחי-גן-וציוד-נלווה/מטבח-חוץ-קלאסיק-1/?category_id=80794&sort=p.sort_order&order=ASC,Manual review - target not HTTP-validated
https://compassgrill.co.il/eitan-meat-2/meat-vending-machine-24-7/seasoned-chicken-wings-frozen-automatic-meat-247/?sort=rating&order=DESC,Manual review - target not HTTP-validated
https://compassgrill.co.il/eitan-meat-2/veal-meatballs-830g-pack/?sort=pd.name&order=DESC,Manual review - target not HTTP-validated
https://compassgrill.co.il/מנגל-פחמים-ומנגל-לשיפודים/?sort=rating&order=DESC,Manual review - target not HTTP-validated
https://compassgrill.co.il/eitan-meat-2/frozen-meat/?sort=p.sort_order&order=ASC,Manual review - target not HTTP-validated
https://compassgrill.co.il/outdoor-kitchen-1-1/מטבח-חוץ-קלאסיק-1/?category_id=97698,Manual review - target not HTTP-validated
https://compassgrill.co.il/eitan-meat-2/veal-lamb-meatballs-830g-pack/?category_id=66834&sort=price&order=ASC,Manual review - target not HTTP-validated
https://compassgrill.co.il/מנגל-פחמים-ומנגל-לשיפודים/?sort=p.price&order=ASC,Manual review - target not HTTP-validated
https://compassgrill.co.il/מערכת-ישיבה-בלה-שולחן-גבוה/?search&sort=p.model&order=ASC,Manual review - target not HTTP-validated
https://compassgrill.co.il/שוקיים-עוף-ארוז/?search&sort=p.model&order=DESC,Manual review - target not HTTP-validated
https://compassgrill.co.il/kosher-calf-sweetbreads-argentina-1kg-1/,Manual review - target not HTTP-validated
https://compassgrill.co.il/eitan-meat-2/meat-vending-machine-24-7/angus-burger-880g-frozen-automatic-meat-247/?sort=p.model&order=DESC,Manual review - target not HTTP-validated
https://compassgrill.co.il/eitan-meat-2/meat-vending-machine-24-7/iraqi-meatballs-800g-frozen-automatic-247/?sort=p.model&order=DESC,Manual review - target not HTTP-validated
https://compassgrill.co.il/premium-packed-frozen-foie-gras-1/,Manual review - target not HTTP-validated
https://compassgrill.co.il/eitan-meat-2/meat-vending-machine-24-7/chicken-thigh-steak-1kg-frozen-automatic-meat-247/?sort=p.model&order=DESC,Manual review - target not HTTP-validated
https://compassgrill.co.il/gas-charcoal-combo-grill-navada-canyon/,Manual review - target not HTTP-validated
https://compassgrill.co.il/כדור-ים-מתנפח-מצויר-בקוטר-51-ס-מ-intex-אינטקס/?search&sort=p.price&order=ASC,Manual review - target not HTTP-validated
https://compassgrill.co.il/eitan-meat-2/meat-vending-machine-24-7/chicken-thigh-steak-1kg-frozen-automatic-meat-247/?sort=rating&order=ASC,Manual review - target not HTTP-validated
https://compassgrill.co.il/eitan-meat-2/frozen-meat/sorted-brain-bones-sliced-6-8-pcs/?category_id=66836&sort=rating&order=DESC,Manual review - target not HTTP-validated
https://compassgrill.co.il/grill-smoker-accessories/bazalt/,Manual review - target not HTTP-validated
https://compassgrill.co.il/outdoor-kitchen-1-1/?sort=pd.name&order=ASC,Manual review - target not HTTP-validated
https://compassgrill.co.il/hickory-blend-smoking-wood-9kg/,Manual review - target not HTTP-validated
https://compassgrill.co.il/high-quality-outdoor-kitchen-304-canada-model/,Manual review - target not HTTP-validated
https://compassgrill.co.il/eitan-meat-2/veal-lamb-kebab-140g-6-pcs-pack/?sort=pd.name&order=DESC,Manual review - target not HTTP-validated
https://compassgrill.co.il/ריהוט-גן-ומוצרים-נלווים/מטבחי-גן-וציוד-נלווה/מעשנת-ארון-פלט-vertical-3/,Manual review - target not HTTP-validated
https://compassgrill.co.il/מטבחי-גן-וציוד-נלווה/מעשנת-ארון-פלט-vertical-3/,Manual review - target not HTTP-validated
https://compassgrill.co.il/eitan-meat-2/meat-vending-machine-24-7/?sort=price&order=ASC,Manual review - target not HTTP-validated
https://compassgrill.co.il/מבצעי-השקה-24-03-23/מעשנת-פלט-טיילגייטר/,Manual review - target not HTTP-validated
https://compassgrill.co.il/gas-grills/?sort=pd.name&order=DESC,Manual review - target not HTTP-validated
https://compassgrill.co.il/גזיבו-איכותי-2-2-2-גובה-2-7-מ/,Manual review - target not HTTP-validated
https://compassgrill.co.il/gas-grills/גריל-גז-rogue-xt-365sib-il-שחור/?sort=price&order=ASC,Manual review - target not HTTP-validated
https://compassgrill.co.il/gas-grills/גריל-גז-rogue-xt-365sib-il-שחור/?sort=rating&order=ASC,Manual review - target not HTTP-validated
https://compassgrill.co.il/eitan-meat-2/poultry/?sort=price&order=ASC,Manual review - target not HTTP-validated
https://compassgrill.co.il/גריל-גז-rogue-xt-365sib-il-שחור/,Manual review - target not HTTP-validated
https://compassgrill.co.il/eitan-meat-2/fresh-beef/argentina-beef-6/?category_id=66835&sort=rating&order=DESC,Manual review - target not HTTP-validated
https://compassgrill.co.il/eitan-meat-eilat/בשר-טרי/feedlot-angus-sirloin-steak-1/?sort=pd.name&order=DESC,Manual review - target not HTTP-validated
https://compassgrill.co.il/gas-grills/גריל-גז-freestyle-425-עם-כירת-צד-אינפרא-אדום-1/?sort=rating&order=DESC,Manual review - target not HTTP-validated
https://compassgrill.co.il/gas-grills/גריל-גז-5-מבערים/גריל-גז-prestige-pro-665rsib/?sort=rating&order=DESC,Manual review - target not HTTP-validated
https://compassgrill.co.il/brand/napoleon/גריל-גז-freestyle-425-עם-כירת-צד-אינפרא-אדום-1,Manual review - target not HTTP-validated
https://compassgrill.co.il/brand/napoleon/גריל-גז-freestyle-425-עם-כירת-צד-אינפרא-אדום-1/,Manual review - target not HTTP-validated
https://compassgrill.co.il/gas-grills/גריל-גז-freestyle-425-עם-כירת-צד-אינפרא-אדום-1/?sort=price&order=ASC,Manual review - target not HTTP-validated
https://compassgrill.co.il/eitan-meat-2/frozen-meat/chicken-steak-teriyaki-1kg/?category_id=66836&sort=pd.name&order=ASC,Manual review - target not HTTP-validated
https://compassgrill.co.il/טאבונים-ומוצרים-לטאבונים/,Manual review - target not HTTP-validated
https://compassgrill.co.il/brand/eitan-meat-delicacies/chicken-steak-teriyaki-1kg,Manual review - target not HTTP-validated
https://compassgrill.co.il/eitan-meat-2/fresh-beef/premium-certified-entrecote-pairs-vacuum-packed-500g/?category_id=66835&sort=pd.name&order=DESC,Manual review - target not HTTP-validated
https://compassgrill.co.il/eitan-meat/fresh-beef/,Manual review - target not HTTP-validated
https://compassgrill.co.il/eitan-meat-eilat/בשר-טרי/feedlot-angus-sirloin-steak-1/?sort=pd.name&order=ASC,Manual review - target not HTTP-validated
https://compassgrill.co.il/outdoor-kitchen-9/modular-outdoor-kitchens/128293-גריל-גז-סיזר-nero-6-מבערים-יחידת-מגירות-יחידת-כיור-caesar-nero-black/?category_id=80794&sort=rating&order=DESC,Manual review - target not HTTP-validated
https://compassgrill.co.il/eitan-meat-eilat/בשר-טרי/feedlot-angus-sirloin-steak-1/?sort=price&order=DESC,Manual review - target not HTTP-validated
https://compassgrill.co.il/eitan-meat-eilat/בשר-טרי/feedlot-angus-sirloin-steak-1/?sort=p.model&order=ASC,Manual review - target not HTTP-validated
https://compassgrill.co.il/שייטל-פידלוט-מצונן-כ-2-ק-ג/?search&sort=rating&order=DESC,Manual review - target not HTTP-validated
https://compassgrill.co.il/שולחן-אש-westport/?search&sort=rating&order=DESC,Manual review - target not HTTP-validated
https://compassgrill.co.il/eitan-meat-2/meat-vending-machine-24-7/iraqi-meatballs-800g-frozen-automatic-247/?sort=rating&order=ASC,Manual review - target not HTTP-validated
https://compassgrill.co.il/gas-grills/addizio-גריל-גז-3-מבערים/,Manual review - target not HTTP-validated
https://compassgrill.co.il/addizio-גריל-גז-3-מבערים/,Manual review - target not HTTP-validated
https://compassgrill.co.il/eitan-meat-2/meat-vending-machine-24-7/romanian-kebab-homemade-650g-frozen-automatic-meat-247/?sort=rating&order=ASC,Manual review - target not HTTP-validated
https://compassgrill.co.il/eitan-meat-2/fresh-beef/אנטריקוט-פידלוט-בלאק-אנגוס-חצוי-טרי/?category_id=66835&sort=p.sort_order&order=ASC,Manual review - target not HTTP-validated
https://compassgrill.co.il/eitan-meat-2/fresh-beef/אנטריקוט-פידלוט-בלאק-אנגוס-חצוי-טרי/?sort=p.sort_order&order=ASC,Manual review - target not HTTP-validated
https://compassgrill.co.il/eitan-meat-2/fresh-beef/אנטריקוט-פידלוט-בלאק-אנגוס-חצוי-טרי/,Manual review - target not HTTP-validated
https://compassgrill.co.il/מעשנות-גרילים-וטנדור-מעשנות-גרילים-וטנדור-מעשנות-גרילים-וטנדור/boretti-ibrido-גריל-משולב-גז-פחמים/?category_id=97703,Manual review - target not HTTP-validated
https://compassgrill.co.il/eitan-meat-2/fresh-beef/fresh-angus-sirloin-halved-2kg/?category_id=66835&sort=p.model&order=DESC,Manual review - target not HTTP-validated
https://compassgrill.co.il/eitan-meat-2/meat-vending-machine-24-7/angus-merguez-780g-frozen-automatic-meat-247/?category_id=125471&sort=p.model&order=ASC,Manual review - target not HTTP-validated
https://compassgrill.co.il/eitan-meat-2/meat-vending-machine-24-7/angus-veal-chorizo-900g-tray-frozen-automatic-meat-247/?category_id=125471&sort=p.model&order=ASC,Manual review - target not HTTP-validated
https://compassgrill.co.il/מנגל-פחמים-ומנגל-לשיפודים/מנגל-קערת-אש/?sort=p.price&order=ASC,Manual review - target not HTTP-validated
https://compassgrill.co.il/eitan-meat-2/meat-vending-machine-24-7/iraqi-meatballs-800g-frozen-automatic-247/?sort=price&order=DESC,Manual review - target not HTTP-validated
https://compassgrill.co.il/דיזה-למסנן-חול-emaux-אורך-115-מ-מ-אמוקס/?search&sort=p.price&order=ASC,Manual review - target not HTTP-validated
https://compassgrill.co.il/eitan-meat-2/meat-vending-machine-24-7/אנטריקוט-פידלוט-בלאק-אנגוס-copy-1/?sort=rating&order=DESC,Manual review - target not HTTP-validated
https://compassgrill.co.il/eitan-meat-2/fresh-beef/angus-filet-fl-block-1-5kg/?category_id=66835&sort=price&order=ASC,Manual review - target not HTTP-validated
https://compassgrill.co.il/smoker-tandoor/מעשנת-ארון-פלט-vertical-3/?category_id=34515&sort=rating&order=DESC,Manual review - target not HTTP-validated
https://compassgrill.co.il/eitan-meat-eilat/fresh-meat-eilat/fresh-angus-sirloin-halved-2kg-1/?category_id=125606&sort=p.model&order=ASC,Manual review - target not HTTP-validated
https://compassgrill.co.il/eitan-meat-2/frozen-meat/chicken-liver/?sort=pd.name&order=ASC,Manual review - target not HTTP-validated
https://compassgrill.co.il/מנגל-פחמים-ומנגל-לשיפודים/?sort=price&order=ASC,Manual review - target not HTTP-validated
https://compassgrill.co.il/eitan-meat-2/meat-vending-machine-24-7/angus-veal-chorizo-900g-tray-frozen-automatic-meat-247/?sort=rating&order=ASC,Manual review - target not HTTP-validated
https://compassgrill.co.il/בשרים-קפואים/קבב-עגל-טלה-140-גר-6-יח-במארז/?category_id=66836,Manual review - target not HTTP-validated
https://compassgrill.co.il/eitan-meat-eilat/טחונים-קפואים/קבב-עגל-טלה-140-גר-6-יח-במארז/,Manual review - target not HTTP-validated
https://compassgrill.co.il/eitan-meat-2/premium-sliced-lamb-ribs-6-pieces-tray/?category_id=66834&sort=rating&order=DESC,Manual review - target not HTTP-validated
https://compassgrill.co.il/טחונים-קפואים/קבב-עגל-טלה-140-גר-6-יח-במארז/,Manual review - target not HTTP-validated
https://compassgrill.co.il/eitan-meat-2/premium-packed-frozen-foie-gras/?category_id=66834&sort=price&order=DESC,Manual review - target not HTTP-validated
https://compassgrill.co.il/frozen-meat/premium-packed-frozen-foie-gras/,Manual review - target not HTTP-validated
https://compassgrill.co.il/בשר-טרי/denver-steak-fl-sliced-vacuum-packed-300g-1/?category_id=125606,Manual review - target not HTTP-validated
https://compassgrill.co.il/eitan-meat-2/frozen-ground-meat/cinnamon-kebab-on-stick-55g-12-pcs-tray/?category_id=66897&sort=p.model&order=ASC,Manual review - target not HTTP-validated
https://compassgrill.co.il/brand/רוקח/addizio,Manual review - target not HTTP-validated
https://compassgrill.co.il/שריר-אנגוס-מקוצב-קפוא-פידלוט-כ-1-ק-ג/?search&sort=pd.name&order=DESC,Manual review - target not HTTP-validated
https://compassgrill.co.il/מנגל-פחמים-ומנגל-לשיפודים/פחם-קוקוס-ללא-עשן/?sort=p.model&order=ASC,Manual review - target not HTTP-validated
https://compassgrill.co.il/מטבחי-גן-וציוד-נלווה/?sort=p.price&order=ASC,Manual review - target not HTTP-validated
https://compassgrill.co.il/בריכות-intex-ספא-ואביזרים/בריכות-שחייה-ביתיות/,Manual review - target not HTTP-validated
https://compassgrill.co.il/גריל-גז/גריל-גז-6-מבערים/,Manual review - target not HTTP-validated
https://compassgrill.co.il/ריהוט-גן-ומוצרים-נלווים/מעשנת-ארון-פלט-vertical-3/?category_id=80649,Manual review - target not HTTP-validated
https://compassgrill.co.il/שקיות-ואקום-מחורצות-במידה-40-30/?search&sort=rating&order=DESC,Manual review - target not HTTP-validated
https://compassgrill.co.il/eitan-meat-2/premium-packed-frozen-foie-gras/?category_id=66834&sort=pd.name&order=ASC,Manual review - target not HTTP-validated
https://compassgrill.co.il/בשרים-קפואים/premium-packed-frozen-foie-gras-1/,Manual review - target not HTTP-validated
https://compassgrill.co.il/o-f-b-lite-גריל-גז-מבער-עליון-סלמנדרה/?search&sort=rating&order=ASC,Manual review - target not HTTP-validated
https://compassgrill.co.il/שקיות-יישון-בשר-30-60-ס-מ-3-יחידות-umai-dry/?search&sort=pd.name&order=DESC,Manual review - target not HTTP-validated
https://compassgrill.co.il/ultra-zyme-pro-אנזים-למניעת-לכלוכים-במים-לו-כלור/?search&sort=rating&order=ASC,Manual review - target not HTTP-validated
https://compassgrill.co.il/שקיות-ואקום-מחורצות-במידה-15-30/?search&sort=rating&order=DESC,Manual review - target not HTTP-validated
https://compassgrill.co.il/תנור-לסאונה-יבשה-עם-פיקוד-חיצוני-9kw-מוסטנג/?search&sort=pd.name&order=DESC,Manual review - target not HTTP-validated
https://compassgrill.co.il/6-יח-שיפוד-נירוסטה-שטוח-לבשר-עופות-ירקות-700-3-20/?search&sort=rating&order=ASC,Manual review - target not HTTP-validated
https://compassgrill.co.il/eitan-meat-eilat-1/poultry/frozen-chicken-shawarma-1kg/?sort=price&order=DESC,Manual review - target not HTTP-validated
https://compassgrill.co.il/eitan-meat-2/frozen-meat/premium-packed-frozen-foie-gras/,Manual review - target not HTTP-validated
https://compassgrill.co.il/smoker-tandoor/מנגל-פחמים-ומנגל-לשיפודים/stainless-steel-charcoal-grill-for-6-skewers-foldable-with-bag/?category_id=36001&sort=pd.name&order=ASC,Manual review - target not HTTP-validated
https://compassgrill.co.il/פויקה-מספר-2/?search&sort=p.price&order=ASC,Manual review - target not HTTP-validated
https://compassgrill.co.il/eitan-meat-eilat/קבב-עגל-טלה-140-גר-6-יח-במארז/?sort=pd.name&order=DESC,Manual review - target not HTTP-validated
https://compassgrill.co.il/eitan-meat-eilat/קבב-עגל-טלה-140-גר-6-יח-במארז/?sort=p.sort_order&order=ASC,Manual review - target not HTTP-validated
https://compassgrill.co.il/eitan-meat-2/frozen-meat/kosher-calf-sweetbreads-argentina-1kg/?category_id=66836&sort=rating&order=DESC,Manual review - target not HTTP-validated
https://compassgrill.co.il/eitan-meat-2/meat-vending-machine-24-7/romanian-kebab-homemade-650g-frozen-automatic-meat-247/?category_id=125471&sort=pd.name&order=DESC,Manual review - target not HTTP-validated
https://compassgrill.co.il/eitan-meat-2/frozen-meat/flet-iron-feedlot-halak/?sort=pd.name&order=ASC,Manual review - target not HTTP-validated
https://compassgrill.co.il/בשרים-קפואים/קבב-עגל-טלה-140-גר-6-יח-במארז/,Manual review - target not HTTP-validated
https://compassgrill.co.il/eitan-meat-eilat/קבב-עגל-טלה-140-גר-6-יח-במארז/?sort=p.model&order=DESC,Manual review - target not HTTP-validated
https://compassgrill.co.il/קבב-עגל-טלה-140-גר-6-יח-במארז/,Manual review - target not HTTP-validated
https://compassgrill.co.il/eitan-meat-eilat/קבב-עגל-טלה-140-גר-6-יח-במארז/?sort=rating&order=DESC,Manual review - target not HTTP-validated
https://compassgrill.co.il/smoker-tandoor/מנגל-פחמים-ומנגל-לשיפודים/stainless-steel-charcoal-grill-for-6-skewers-foldable-with-bag/?sort=pd.name&order=ASC,Manual review - target not HTTP-validated
https://compassgrill.co.il/gas-grills/גריל-גז-rogue-xt-365sib-il-שחור/,Manual review - target not HTTP-validated
https://compassgrill.co.il/gas-grills/גריל-גז-rogue-xt-365sib-il-שחור/?category_id=35202,Manual review - target not HTTP-validated
https://compassgrill.co.il/frozen-meat/kosher-calf-sweetbreads-argentina-1kg/?category_id=66836,Manual review - target not HTTP-validated
https://compassgrill.co.il/smoker-tandoor/מעשנת-ארון-פלט-vertical-3/?sort=p.model&order=ASC,Manual review - target not HTTP-validated
https://compassgrill.co.il/smoker-tandoor/מעשנת-ארון-פלט-vertical-3/?sort=rating&order=DESC,Manual review - target not HTTP-validated
https://compassgrill.co.il/smoker-tandoor/מעשנות-פלט/מעשנת-ארון-פלט-vertical-3/,Manual review - target not HTTP-validated
https://compassgrill.co.il/eitan-meat-2/fresh-beef/black-angus-feedlot-shoulder-roast-no-5-2kg/?sort=p.sort_order&order=ASC,Manual review - target not HTTP-validated
https://compassgrill.co.il/eitan-meat-eilat/בשר-טרי/sliced-feedlot-sirloin-1/?sort=p.sort_order&order=ASC,Manual review - target not HTTP-validated
https://compassgrill.co.il/butcher-kfar-saba/chicken-steak-teriyaki-1kg/,Manual review - target not HTTP-validated
https://compassgrill.co.il/gas-grills/?sort=p.model&order=DESC,Manual review - target not HTTP-validated
https://compassgrill.co.il/eitan-meat-eilat/בשר-טרי/sliced-feedlot-sirloin-1/,Manual review - target not HTTP-validated
https://compassgrill.co.il/eitan-meat-eilat/בשר-טרי/sliced-feedlot-sirloin-1/?sort=p.model&order=DESC,Manual review - target not HTTP-validated
https://compassgrill.co.il/eitan-meat-eilat/kosher-calf-sweetbreads-argentina-1kg-1/?sort=price&order=DESC,Manual review - target not HTTP-validated
https://compassgrill.co.il/smoker-tandoor/מעשנת-ארון-פלט-vertical-3/?category_id=34515,Manual review - target not HTTP-validated
https://compassgrill.co.il/grill-smoker-accessories/פלנצ-ה-צליה-עגולה-דו-צ-יציקת-ברזל-1/?category_id=37972&sort=pd.name&order=DESC,Manual review - target not HTTP-validated
https://compassgrill.co.il/גריל-גז/גריל-גז-5-מבערים/,Manual review - target not HTTP-validated
https://compassgrill.co.il/מעשנת-ארון-פלט-vertical-3/,Manual review - target not HTTP-validated
https://compassgrill.co.il/מעשנות-וגרילים-טנדור/,Manual review - target not HTTP-validated
https://compassgrill.co.il/smoker-tandoor/מעשנת-ארון-פלט-vertical-3/,Manual review - target not HTTP-validated
https://compassgrill.co.il/grill-smoker-accessories/cast-iron-tools-plov-cooking/dual-cast-iron-round-griddle-1/?category_id=35279&sort=p.model&order=ASC,Manual review - target not HTTP-validated
https://compassgrill.co.il/grill-smoker-accessories/כלים-מברזל-ייצוק/פלנצ-ה-צליה-עגולה-דו-צ-יציקת-ברזל-1/?sort=p.sort_order&order=ASC,Manual review - target not HTTP-validated
https://compassgrill.co.il/grill-smoker-accessories/כלים-מברזל-ייצוק/פלנצ-ה-צליה-עגולה-דו-צ-יציקת-ברזל-1/?sort=rating&order=ASC,Manual review - target not HTTP-validated
https://compassgrill.co.il/grill-smoker-accessories/כלים-מברזל-ייצוק/פלנצ-ה-צליה-עגולה-דו-צ-יציקת-ברזל-1/?sort=price&order=DESC,Manual review - target not HTTP-validated
https://compassgrill.co.il/מטבחי-חוץ-alumex/?sort=price&order=ASC,Manual review - target not HTTP-validated
https://compassgrill.co.il/cast-iron-cooking-tools/dual-cast-iron-round-griddle-1/?category_id=35280&sort=pd.name&order=ASC,Manual review - target not HTTP-validated
https://compassgrill.co.il/outdoor-kitchen-1/מטבחי-חוץ-alumex/,Manual review - target not HTTP-validated
https://compassgrill.co.il/grill-smoker-accessories/כלים-מברזל-ייצוק/כלים-מברזל-ייצוק-1/פלנצ-ה-צליה-עגולה-דו-צ-יציקת-ברזל-1/?category_id=35280,Manual review - target not HTTP-validated
https://compassgrill.co.il/grill-smoker-accessories/cast-iron-tools-plov-cooking/dual-cast-iron-round-griddle-1/?sort=p.model&order=ASC,Manual review - target not HTTP-validated
https://compassgrill.co.il/eitan-meat-2/meat-vending-machine-24-7/angus-veal-chorizo-900g-tray-frozen-automatic-meat-247/?sort=p.model&order=DESC,Manual review - target not HTTP-validated
https://compassgrill.co.il/eitan-meat-2/meat-vending-machine-24-7/romanian-kebab-homemade-650g-frozen-automatic-meat-247/?sort=p.model&order=DESC,Manual review - target not HTTP-validated
https://compassgrill.co.il/eitan-meat-eilat/kosher-calf-sweetbreads-argentina-1kg-1/?sort=pd.name&order=DESC,Manual review - target not HTTP-validated
https://compassgrill.co.il/eitan-meat-eilat/kosher-calf-sweetbreads-argentina-1kg-1/?sort=rating&order=DESC,Manual review - target not HTTP-validated
https://compassgrill.co.il/eitan-meat-eilat/צלי-כתף-מס-5-פרוס-בלאק-אנגוס-פידלוט/,Manual review - target not HTTP-validated
https://compassgrill.co.il/תנור-לסאונה-יבשה-עם-פיקוד-עצמי-6kw-מוסטנג/?search&sort=pd.name&order=DESC,Manual review - target not HTTP-validated
https://compassgrill.co.il/מטבחי-גן-וציוד-נלווה-1/מטבחי-גן-וציוד-נלווה/מטבח-חוץ-קלאסיק-1/?category_id=80794,Manual review - target not HTTP-validated
https://compassgrill.co.il/שקדי-עגל-מוכשר-ארגנטינה-חלואיות-כ-1-ק-ג/?search&sort=rating&order=DESC,Manual review - target not HTTP-validated
https://compassgrill.co.il/compass-skewers/leather-case-stainless-steel-skewers-2/?sort=p.model&order=DESC,Manual review - target not HTTP-validated
https://compassgrill.co.il/grill-smoker-accessories/cast-iron-tools-plov-cooking/dual-cast-iron-round-griddle-1/?sort=price&order=ASC,Manual review - target not HTTP-validated
https://compassgrill.co.il/שיפודי-פרגית-קפוא-8-י-ח-שיפודים-כ-1-ק-ג/?search&sort=rating&order=DESC,Manual review - target not HTTP-validated
https://compassgrill.co.il/eitan-meat/frozen-ground-meat/,Manual review - target not HTTP-validated
https://compassgrill.co.il/grill-smoker-accessories/כלים-מברזל-ייצוק/פלנצ-ה-צליה-עגולה-דו-צ-יציקת-ברזל-1/?category_id=35279,Manual review - target not HTTP-validated
https://compassgrill.co.il/eitan-meat-2/teperberg-wines/teperberg-vizion-dry-white-750ml/?category_id=70397&sort=rating&order=ASC,Manual review - target not HTTP-validated
https://compassgrill.co.il/מערכת-ישיבה-הוואי-לבן-1/?sort=pd.name&order=DESC&limit=15,Manual review - target not HTTP-validated
https://compassgrill.co.il/כלים-מברזל-ייצוק-1/קאזן-אסייתי-10-ליטר-עם-מכסה-מברזל-יצוק-ללא-ציפוי-1/,Manual review - target not HTTP-validated
https://compassgrill.co.il/grill-smoker-accessories/כלים-מברזל-ייצוק/כלים-מברזל-ייצוק-1/פלנצ-ה-צליה-עגולה-דו-צ-יציקת-ברזל-1/,Manual review - target not HTTP-validated
https://compassgrill.co.il/eitan-meat-2/poultry-3/frozen-chicken-skewers-5-units/?category_id=105748&sort=p.model&order=DESC,Manual review - target not HTTP-validated
https://compassgrill.co.il/grill-smoker-accessories/כלים-מברזל-ייצוק/פלנצ-ה-צליה-עגולה-דו-צ-יציקת-ברזל-1/,Manual review - target not HTTP-validated
https://compassgrill.co.il/מערכת-ישיבה-אסנטו/?sort=pd.name&order=DESC&limit=15,Manual review - target not HTTP-validated
https://compassgrill.co.il/cast-iron-cooking-tools/dual-cast-iron-round-griddle-1/?sort=pd.name&order=ASC,Manual review - target not HTTP-validated
https://compassgrill.co.il/מזרן-ים-מלבני-intex-אינטקס/,Manual review - target not HTTP-validated
https://compassgrill.co.il/שיפוד-עם-ידית-עץ-עשוי-נירוסטה-730-3-12-מ-מ/?search&sort=rating&order=DESC,Manual review - target not HTTP-validated
https://compassgrill.co.il/eitan-meat/,Manual review - target not HTTP-validated
https://compassgrill.co.il/cast-iron-cooking-tools/dual-cast-iron-round-griddle-1/?sort=price&order=ASC,Manual review - target not HTTP-validated
https://compassgrill.co.il/eitan-meat-2/poultry-3/packed-chicken-hearts/?category_id=105748&sort=pd.name&order=DESC,Manual review - target not HTTP-validated
https://compassgrill.co.il/eitan-meat-eilat/בשר-טרי/feedlot-angus-sirloin-steak-1/?sort=price&order=ASC,Manual review - target not HTTP-validated
https://compassgrill.co.il/eitan-meat-2/meat-vending-machine-24-7/אנטריקוט-פידלוט-בלאק-אנגוס-copy-1/?category_id=125471&sort=p.model&order=ASC,Manual review - target not HTTP-validated
https://compassgrill.co.il/תנור-לסאונה-יבשה-עם-פיקוד-עצמי-9kw-מוסטנג/?search&sort=pd.name&order=DESC,Manual review - target not HTTP-validated
https://compassgrill.co.il/eitan-meat/frozen-ground-meat/?sort=price&order=DESC,Manual review - target not HTTP-validated
https://compassgrill.co.il/כלים-מברזל-ייצוק-1/cast-iron-round-griddle-1/?category_id=35280,Manual review - target not HTTP-validated
https://compassgrill.co.il/outdoor-kitchen/מטבחי-חוץ-alumex/?sort=rating&order=ASC,Manual review - target not HTTP-validated
https://compassgrill.co.il/בשר-טרי/אנטריקוט-פידלוט-בלאק-אנגוס-חצוי-טרי-1/,Manual review - target not HTTP-validated
https://compassgrill.co.il/eitan-meat-2/frozen-meat/cut-lamb-spareribs/?category_id=66836&sort=rating&order=DESC,Manual review - target not HTTP-validated
https://compassgrill.co.il/eitan-meat-2/poultry/,Manual review - target not HTTP-validated
https://compassgrill.co.il/eitan-meat-2/frozen-meat/flet-iron-feedlot-halak/?sort=rating&order=DESC,Manual review - target not HTTP-validated
https://compassgrill.co.il/eitan-meat-2/meat-vending-machine-24-7/angus-burger-880g-frozen-automatic-meat-247/?sort=rating&order=ASC,Manual review - target not HTTP-validated
https://compassgrill.co.il/oak-wood-for-smoking/hs-austrian-wood-brick/?category_id=97685&sort=rating&order=ASC,Manual review - target not HTTP-validated
https://compassgrill.co.il/tandoor-products-and-accessories/brass-brush-for-pizza-oven/?sort=p.sort_order&order=ASC,Manual review - target not HTTP-validated
https://compassgrill.co.il/eitan-meat-2/poultry-3/packed-chicken-hearts/?sort=p.model&order=ASC,Manual review - target not HTTP-validated
https://compassgrill.co.il/skome-woods-chips/pear-wood-smoking-chunks/?category_id=97765,Manual review - target not HTTP-validated
https://compassgrill.co.il/בשר-טרי/?sort=p.model&order=ASC,Manual review - target not HTTP-validated
https://compassgrill.co.il/eitan-meat-2/frozen-ground-meat/?sort=rating&order=DESC,Manual review - target not HTTP-validated
https://compassgrill.co.il/outdoor-kitchen-9/modular-outdoor-kitchens/128293-גריל-גז-סיזר-nero-6-מבערים-יחידת-מגירות-יחידת-כיור-caesar-nero-black/?sort=p.sort_order&order=ASC,Manual review - target not HTTP-validated
https://compassgrill.co.il/מנגל-פחמים-ומנגל-לשיפודים/מנגל-קערת-אש/?sort=p.price&order=DESC,Manual review - target not HTTP-validated
https://compassgrill.co.il/eitan-meat-2/frozen-meat/premium-sliced-lamb-ribs-6-pcs-tray/?sort=rating&order=DESC,Manual review - target not HTTP-validated
https://compassgrill.co.il/grill-smoker-accessories/סו-וויד/pair-vacuum-bags-with-channeled-rolls-for-sous-vide/,Manual review - target not HTTP-validated
https://compassgrill.co.il/גריל-גז/גריל-גז-4-מבערים/,Manual review - target not HTTP-validated
https://compassgrill.co.il/tandoor-products-and-accessories/cozzepro17/?sort=rating&order=DESC,Manual review - target not HTTP-validated
https://compassgrill.co.il/whiskey-blend-oak-smoking-wood-9kg/,Manual review - target not HTTP-validated
https://compassgrill.co.il/eitan-meat-2/fattened-angus-entrecote-sliced-pairs/?sort=pd.name&order=ASC,Manual review - target not HTTP-validated
https://compassgrill.co.il/outdoor-kitchen-9/modular-outdoor-kitchens/גריל-גז-סיזר-nero-6-מבערים-יחידת-מקרר-וכיור-יוקרתית/?sort=p.sort_order&order=ASC,Manual review - target not HTTP-validated
https://compassgrill.co.il/outdoor-kitchen-1-1/,Manual review - target not HTTP-validated
https://compassgrill.co.il/skome-woods-chips/pear-wood-smoking-chunks/,Manual review - target not HTTP-validated
https://compassgrill.co.il/eitan-meat-2/poultry-3/packed-chicken-hearts/?sort=rating&order=ASC,Manual review - target not HTTP-validated
https://compassgrill.co.il/brand/boretti-1/,Manual review - target not HTTP-validated
https://compassgrill.co.il/eitan-meat-2/frozen-meat/chicken-liver/,Manual review - target not HTTP-validated
https://compassgrill.co.il/eitan-meat-2/meat-vending-machine-24-7/veal-patties-800g-frozen-automatic-247/?category_id=125471,Manual review - target not HTTP-validated
https://compassgrill.co.il/tandoor-products-and-accessories/essenza-pizza-peel-34cm/?sort=price&order=DESC,Manual review - target not HTTP-validated
https://compassgrill.co.il/טנדיר-טנדור-כלי-בישול-וצליה-בחרס/persian/,Manual review - target not HTTP-validated
https://compassgrill.co.il/eitan-meat-2/poultry-3/frozen-chicken-shawarma-1kg/?sort=rating&order=ASC,Manual review - target not HTTP-validated
https://compassgrill.co.il/gas-grills/גריל-גז-3-מבערים/addizio-גריל-גז-3-מבערים/?category_id=108375&sort=rating&order=DESC,Manual review - target not HTTP-validated
https://compassgrill.co.il/sous-vide/sous-vide-ball-set/?sort=pd.name&order=DESC,Manual review - target not HTTP-validated
https://compassgrill.co.il/smoker-tandoor/מנגל-פחמים-ומנגל-לשיפודים/charcoal-grill-with-legs-for-8-skewers-foldable-with-bag/?category_id=36001&sort=rating&order=ASC,Manual review - target not HTTP-validated
https://compassgrill.co.il/tandoor-products-and-accessories/mineral-firebrick-for-pizza/?category_id=35145&sort=pd.name&order=DESC,Manual review - target not HTTP-validated
https://compassgrill.co.il/brand/אביגיל/,Manual review - target not HTTP-validated
https://compassgrill.co.il/skome-woods/apricot-wood-smoking-chips/,Manual review - target not HTTP-validated
https://compassgrill.co.il/tandoor-products-and-accessories/essenza-pizza-round-peel/?category_id=35145&sort=rating&order=DESC,Manual review - target not HTTP-validated
https://compassgrill.co.il/tandoor-products-and-accessories/brass-brush-for-pizza-oven/?category_id=35145&sort=p.model&order=ASC,Manual review - target not HTTP-validated
https://compassgrill.co.il/tandoor-products-and-accessories/cozzepro17/?sort=rating&order=ASC,Manual review - target not HTTP-validated
https://compassgrill.co.il/eitan-meat-2/meat-vending-machine-24-7/iraqi-meatballs-800g-frozen-automatic-247/?sort=price&order=ASC,Manual review - target not HTTP-validated
https://compassgrill.co.il/eitan-meat-2/meat-vending-machine-24-7/seasoned-chicken-wings-frozen-automatic-meat-247/?category_id=125471&sort=price&order=DESC,Manual review - target not HTTP-validated
https://compassgrill.co.il/eitan-meat-2/meat-vending-machine-24-7/kebab-cinnamon-stick-600g-frozen-automatic-meat-247/?category_id=125471&sort=p.model&order=ASC,Manual review - target not HTTP-validated
https://compassgrill.co.il/eitan-meat-2/meat-vending-machine-24-7/romanian-kebab-homemade-650g-frozen-automatic-meat-247/?sort=price&order=ASC,Manual review - target not HTTP-validated
https://compassgrill.co.il/eitan-meat-2/meat-vending-machine-24-7/veal-patties-800g-frozen-automatic-247/?category_id=125471&sort=price&order=DESC,Manual review - target not HTTP-validated
https://compassgrill.co.il/מנגל-פחמים-ומנגל-לשיפודים/מנגל-פחמים-ורטיקלי/?sort=p.price&order=DESC,Manual review - target not HTTP-validated
https://compassgrill.co.il/eitan-meat-2/meat-vending-machine-24-7/אנטריקוט-פידלוט-בלאק-אנגוס-copy-1/?category_id=125471&sort=rating&order=ASC,Manual review - target not HTTP-validated
https://compassgrill.co.il/eitan-meat-2/meat-vending-machine-24-7/veal-patties-800g-frozen-automatic-247/?category_id=125471&sort=rating&order=ASC,Manual review - target not HTTP-validated
https://compassgrill.co.il/eitan-meat-2/meat-vending-machine-24-7/chicken-thigh-steak-1kg-frozen-automatic-meat-247/?category_id=125471&sort=price&order=DESC,Manual review - target not HTTP-validated
https://compassgrill.co.il/eitan-meat-2/meat-vending-machine-24-7/אנטריקוט-פידלוט-בלאק-אנגוס-copy-1/?category_id=125471&sort=price&order=ASC,Manual review - target not HTTP-validated
https://compassgrill.co.il/eitan-meat-2/meat-vending-machine-24-7/seasoned-frozen-chicken-thigh-skewers-5pcs-automatic-meat-247/?category_id=125471&sort=pd.name&order=DESC,Manual review - target not HTTP-validated
https://compassgrill.co.il/oak-wood-for-smoking/hs-austrian-wood-brick/?category_id=97685&sort=price&order=DESC,Manual review - target not HTTP-validated
https://compassgrill.co.il/eitan-meat-2/meat-vending-machine-24-7/angus-burger-880g-frozen-automatic-meat-247/?category_id=125471&sort=price&order=ASC,Manual review - target not HTTP-validated
https://compassgrill.co.il/eitan-meat-2/meat-vending-machine-24-7/seasoned-frozen-chicken-thigh-skewers-5pcs-automatic-meat-247/?category_id=125471&sort=price&order=ASC,Manual review - target not HTTP-validated
https://compassgrill.co.il/eitan-meat-eilat/בשר-טרי/fresh-angus-sirloin-halved-2kg-1/?sort=price&order=ASC,Manual review - target not HTTP-validated
https://compassgrill.co.il/eitan-meat-2/meat-vending-machine-24-7/iraqi-meatballs-800g-frozen-automatic-247/?category_id=125471&sort=pd.name&order=DESC,Manual review - target not HTTP-validated
https://compassgrill.co.il/מנגל-פחמים-ומנגל-לשיפודים/מנגל-פחמים-מנירוסטה-ל-6-שיפודים-נפתח-עם-תיק-1/?sort=p.price&order=DESC,Manual review - target not HTTP-validated
https://compassgrill.co.il/tandoor-products-and-accessories/mineral-firebrick-for-pizza/?category_id=35145&sort=pd.name&order=ASC,Manual review - target not HTTP-validated
https://compassgrill.co.il/tandoor-products-and-accessories/essenza-pizza-round-peel/?category_id=35145&sort=p.model&order=DESC,Manual review - target not HTTP-validated
https://compassgrill.co.il/tandoor-products-and-accessories/brass-brush-for-pizza-oven/?sort=rating&order=DESC,Manual review - target not HTTP-validated
https://compassgrill.co.il/eitan-meat-2/frozen-meat/black-angus-feedlot-shoulder-roast-slice-5/?category_id=66836&sort=rating&order=DESC,Manual review - target not HTTP-validated
https://compassgrill.co.il/oak-wood-for-smoking/hs-austrian-wood-brick/?category_id=97685&sort=p.model&order=ASC,Manual review - target not HTTP-validated
https://compassgrill.co.il/eitan-meat-2/frozen-meat/premium-sliced-lamb-ribs-6-pieces-tray/?category_id=66836&sort=rating&order=DESC,Manual review - target not HTTP-validated
https://compassgrill.co.il/eitan-meat-2/salonika-kebab-pack/?sort=rating&order=DESC,Manual review - target not HTTP-validated
https://compassgrill.co.il/outdoor-kitchen-9/alumex/?sort=p.model&order=ASC,Manual review - target not HTTP-validated
https://compassgrill.co.il/מנגל-פחמים-ומנגל-לשיפודים/מנגל-קערת-אש/?sort=pd.name&order=DESC,Manual review - target not HTTP-validated
https://compassgrill.co.il/eitan-meat-2/frozen-meat/feedlot-butcher-steak/?category_id=66836&sort=rating&order=DESC,Manual review - target not HTTP-validated
https://compassgrill.co.il/בשר-טרי/fattened-angus-entrecote-sliced-pairs-1/?category_id=125606,Manual review - target not HTTP-validated
https://compassgrill.co.il/סט-ישיבה-מתכתי-מק-ט-jerry-g-copy-0/,Manual review - target not HTTP-validated
https://compassgrill.co.il/שיפודי-פרגית-קפוא-8-י-ח-שיפודים-כ-1-ק-ג/?search&sort=p.model&order=DESC,Manual review - target not HTTP-validated
https://compassgrill.co.il/גריל-גז-prestige-pro-665rsib/?search&sort=p.price&order=DESC,Manual review - target not HTTP-validated
https://compassgrill.co.il/tandoor-products-and-accessories/lg-3-piece-tool-set/?sort=price&order=ASC,Manual review - target not HTTP-validated
https://compassgrill.co.il/ultimate-griddle-4-גריל-פלנצ-ה-גז-4-מבערים/,Manual review - target not HTTP-validated
https://compassgrill.co.il/tandoor-products-and-accessories/essenza-pizza-peel-34cm/?sort=rating&order=ASC,Manual review - target not HTTP-validated
https://compassgrill.co.il/אביזרים-לגריל-ומעשנה/מדי-חום-וטמפרטורה/,Manual review - target not HTTP-validated
https://compassgrill.co.il/smoker-tandoor/מנגל-פחמים-ומנגל-לשיפודים/charcoal-grill-with-legs-for-8-skewers-foldable-with-bag/?sort=rating&order=ASC,Manual review - target not HTTP-validated
https://compassgrill.co.il/outdoor-kitchen-9/modular-outdoor-kitchens/גריל-גז-סיזר-nero-6-מבערים-יחידת-מקרר-וכיור-יוקרתית/?sort=rating&order=DESC,Manual review - target not HTTP-validated
https://compassgrill.co.il/eitan-meat-2/frozen-meat/angus-carpaccio-sliced-10-servings-700g-pack/?sort=rating&order=DESC,Manual review - target not HTTP-validated
https://compassgrill.co.il/teperberg-wines/teperberg-legasi-cabernet-franc/?sort=p.sort_order&order=ASC,Manual review - target not HTTP-validated
https://compassgrill.co.il/teperberg-wines/teperberg-essence-malbec-750ml/?sort=p.sort_order&order=ASC,Manual review - target not HTTP-validated
https://compassgrill.co.il/teperberg-wines/teperberg-inspire-debute-750ml/?sort=p.sort_order&order=ASC,Manual review - target not HTTP-validated
https://compassgrill.co.il/eitan-meat-2/poultry-3/thin-sliced-chicken-breast-1kg/?category_id=105748,Manual review - target not HTTP-validated
https://compassgrill.co.il/tandoor-products-and-accessories/cozzepro17/?sort=price&order=DESC,Manual review - target not HTTP-validated
https://compassgrill.co.il/בריאה-מערכת-ישיבה-תלת-ראטן/?search&sort=price&order=DESC,Manual review - target not HTTP-validated
https://compassgrill.co.il/outdoor-kitchen-9/modular-outdoor-kitchens/גריל-גז-סיזר-nero-6-מבערים-יחידת-מקרר-וכיור-יוקרתית/?category_id=80794&sort=rating&order=DESC,Manual review - target not HTTP-validated
https://compassgrill.co.il/gas-grills/גריל-גז-rogue-xt-365sib-il-שחור/?category_id=35202&sort=price&order=ASC,Manual review - target not HTTP-validated
https://compassgrill.co.il/smoker-tandoor/dual-cast-iron-round-griddle-1/?sort=price&order=ASC,Manual review - target not HTTP-validated
https://compassgrill.co.il/eitan-meat-2/frozen-meat/חזה-אווז-ארוז-בוואקום/,Manual review - target not HTTP-validated
https://compassgrill.co.il/sous-vide/pair-vacuum-bags-with-channeled-rolls-for-sous-vide/?sort=price&order=ASC,Manual review - target not HTTP-validated
https://compassgrill.co.il/charcoal-blend-smoking-wood-18kg/,Manual review - target not HTTP-validated
https://compassgrill.co.il/eitan-meat-eilat/בשר-טרי/fresh-angus-sirloin-halved-2kg-1/?sort=price&order=DESC,Manual review - target not HTTP-validated
https://compassgrill.co.il/grill-smoker-accessories/cast-iron-tools-plov-cooking/dual-cast-iron-round-griddle-1/?category_id=35279,Manual review - target not HTTP-validated
https://compassgrill.co.il/tandoor-products-and-accessories/mineral-firebrick-for-pizza/?category_id=35145&sort=price&order=ASC,Manual review - target not HTTP-validated
https://compassgrill.co.il/gas-grills/גריל-גז-rogue-xt-365sib-il-שחור/?category_id=35202&sort=rating&order=ASC,Manual review - target not HTTP-validated
https://compassgrill.co.il/tandoor-products-and-accessories/essenza-pizza-round-peel/?sort=rating&order=DESC,Manual review - target not HTTP-validated
https://compassgrill.co.il/oak-wood-for-smoking/hs-austrian-wood-brick/?category_id=97685&sort=price&order=ASC,Manual review - target not HTTP-validated
https://compassgrill.co.il/eitan-meat-2/frozen-meat/premium-sliced-lamb-ribs-6-pieces-tray/,Manual review - target not HTTP-validated
https://compassgrill.co.il/tandoor-products-and-accessories/brass-brush-for-pizza-oven/?sort=rating&order=ASC,Manual review - target not HTTP-validated
https://compassgrill.co.il/tandoor-products-and-accessories/essenza-pizza-round-peel/?sort=price&order=DESC,Manual review - target not HTTP-validated
https://compassgrill.co.il/smoker-tandoor/מנגל-פחמים-ומנגל-לשיפודים/charcoal-grill-with-legs-for-8-skewers-foldable-with-bag/?sort=pd.name&order=ASC,Manual review - target not HTTP-validated
https://compassgrill.co.il/tandoor-products-and-accessories/dough-working-board/?sort=p.sort_order&order=ASC,Manual review - target not HTTP-validated
https://compassgrill.co.il/eitan-meat-2/meat-vending-machine-24-7/iraqi-meatballs-800g-frozen-automatic-247/,Manual review - target not HTTP-validated
https://compassgrill.co.il/tandoor-products-and-accessories/dough-working-board/?category_id=35145&sort=price&order=DESC,Manual review - target not HTTP-validated
https://compassgrill.co.il/grill-smoker-accessories/wood-chips-and-chunks-for-smoking/pecan-wood-chunks/?sort=rating&order=DESC,Manual review - target not HTTP-validated
https://compassgrill.co.il/grill-smoker-accessories/wood-chips-and-chunks-for-smoking/oak-wood-chunks/?category_id=97766&sort=p.model&order=ASC,Manual review - target not HTTP-validated
https://compassgrill.co.il/grill-smoker-accessories/wood-chips-and-chunks-for-smoking/pecan-wood-chunks/?sort=p.model&order=ASC,Manual review - target not HTTP-validated
https://compassgrill.co.il/wood-chips-and-chunks-for-smoking/oak-wood-chunks/?category_id=97766&sort=rating&order=ASC,Manual review - target not HTTP-validated
https://compassgrill.co.il/tandoor-products-and-accessories/dough-working-board/?category_id=35145&sort=rating&order=ASC,Manual review - target not HTTP-validated
https://compassgrill.co.il/tandoor-products-and-accessories/essenza-pizza-peel-34cm/?sort=p.model&order=DESC,Manual review - target not HTTP-validated
https://compassgrill.co.il/grill-smoker-accessories/wood-chips-and-chunks-for-smoking/pecan-wood-chunks/?sort=rating&order=ASC,Manual review - target not HTTP-validated
https://compassgrill.co.il/grill-smoker-accessories/oak-wood-chunks/?category_id=37972&sort=price&order=ASC,Manual review - target not HTTP-validated
https://compassgrill.co.il/grill-smoker-accessories/wood-chips-and-chunks-for-smoking/oak-wood-chunks/?sort=rating&order=DESC,Manual review - target not HTTP-validated
https://compassgrill.co.il/grill-smoker-accessories/compass-skewers/leather-case-stainless-steel-skewers-2/?sort=rating&order=DESC,Manual review - target not HTTP-validated
https://compassgrill.co.il/grill-smoker-accessories/compass-skewers/leather-case-stainless-steel-skewers-2/?sort=pd.name&order=ASC,Manual review - target not HTTP-validated
https://compassgrill.co.il/meat-aging-treatment/רשת-רולדה-מידה-16-אורך-50-מטר/?category_id=121072&sort=p.sort_order&order=ASC,Manual review - target not HTTP-validated
https://compassgrill.co.il/grill-smoker-accessories/leather-case-stainless-steel-skewers-2/?sort=rating&order=DESC,Manual review - target not HTTP-validated
https://compassgrill.co.il/בשר-טרי/אנטריקוט-פידלוט-בלאק-אנגוס-חצוי-טרי-1/?category_id=125606,Manual review - target not HTTP-validated
https://compassgrill.co.il/grill-smoker-accessories/wood-chips-and-chunks-for-smoking/pecan-wood-chunks/?sort=price&order=DESC,Manual review - target not HTTP-validated
https://compassgrill.co.il/outdoor-kitchen-9/modular-outdoor-kitchens/גריל-גז-סיזר-nero-6-מבערים-יחידת-מקרר-וכיור-יוקרתית/?category_id=80794&sort=price&order=DESC,Manual review - target not HTTP-validated
https://compassgrill.co.il/smoker-tandoor/מנגל-פחמים-ומנגל-לשיפודים/charcoal-grill-with-legs-for-8-skewers-foldable-with-bag/?sort=price&order=ASC,Manual review - target not HTTP-validated
https://compassgrill.co.il/tandoor-products-and-accessories/cozzepro17/?sort=p.model&order=DESC,Manual review - target not HTTP-validated
https://compassgrill.co.il/smoker-tandoor/leather-case-stainless-steel-skewers-2/?sort=rating&order=DESC,Manual review - target not HTTP-validated
https://compassgrill.co.il/eitan-meat-eilat/בשר-טרי/fattened-angus-entrecote-sliced-pairs-1/?sort=p.sort_order&order=ASC,Manual review - target not HTTP-validated
https://compassgrill.co.il/meat-aging-treatment/רשת-רולדה-מידה-16-אורך-50-מטר/?category_id=121072&sort=pd.name&order=DESC,Manual review - target not HTTP-validated
https://compassgrill.co.il/eitan-meat-eilat-1/fresh-beef/?sort=p.model&order=DESC,Manual review - target not HTTP-validated
https://compassgrill.co.il/grill-smoker-accessories/wood-chips-and-chunks-for-smoking/oak-wood-chunks/?sort=p.model&order=ASC,Manual review - target not HTTP-validated
https://compassgrill.co.il/meat-aging-treatment/רשת-רולדה-מידה-16-אורך-50-מטר/?category_id=121072&sort=p.model&order=ASC,Manual review - target not HTTP-validated
https://compassgrill.co.il/grill-smoker-accessories/wood-chips-and-chunks-for-smoking/oak-wood-chunks/?sort=rating&order=ASC,Manual review - target not HTTP-validated
https://compassgrill.co.il/smoker-tandoor/pro-1600/?category_id=34515&sort=p.model&order=ASC,Manual review - target not HTTP-validated
https://compassgrill.co.il/eitan-meat-eilat/בשר-טרי/אנטריקוט-פידלוט-בלאק-אנגוס-חצוי-טרי-1/?category_id=125606,Manual review - target not HTTP-validated
https://compassgrill.co.il/eitan-meat-eilat/בשר-טרי/fattened-angus-entrecote-sliced-pairs-1/?category_id=125606,Manual review - target not HTTP-validated
https://compassgrill.co.il/oak-wood-for-smoking/hs-austrian-wood-brick/?category_id=97685&sort=p.model&order=DESC,Manual review - target not HTTP-validated
https://compassgrill.co.il/dual-cast-iron-round-griddle-1/,Manual review - target not HTTP-validated
https://compassgrill.co.il/tandoor-products-and-accessories/mineral-firebrick-for-pizza/?category_id=35145&sort=p.model&order=DESC,Manual review - target not HTTP-validated
https://compassgrill.co.il/smoker-tandoor/pro-1600/?category_id=34515&sort=rating&order=ASC,Manual review - target not HTTP-validated
https://compassgrill.co.il/grill-smoker-accessories/wood-chips-and-chunks-for-smoking/oak-wood-chunks/?sort=price&order=DESC,Manual review - target not HTTP-validated
https://compassgrill.co.il/eitan-meat-eilat/בשר-טרי/?sort=price&order=ASC,Manual review - target not HTTP-validated
https://compassgrill.co.il/eitan-meat-2/frozen-meat/?sort=price&order=ASC,Manual review - target not HTTP-validated
https://compassgrill.co.il/garden-furniture-accessories/fire-table-varna-porcelain/?category_id=80649&sort=price&order=DESC,Manual review - target not HTTP-validated
https://compassgrill.co.il/champion-barrel-smoker-1/,Manual review - target not HTTP-validated
https://compassgrill.co.il/meat-aging-treatment/רשת-רולדה-מידה-16-אורך-50-מטר/?category_id=121072&sort=price&order=ASC,Manual review - target not HTTP-validated
https://compassgrill.co.il/wood-chips-and-chunks-for-smoking/oak-wood-chunks/?sort=rating&order=ASC,Manual review - target not HTTP-validated
https://compassgrill.co.il/tandoor-products-and-accessories/brass-brush-for-pizza-oven/?sort=price&order=DESC,Manual review - target not HTTP-validated
https://compassgrill.co.il/eitan-meat-2/frozen-meat/black-angus-feedlot-shoulder-roast-slice-5/?sort=price&order=DESC,Manual review - target not HTTP-validated
https://compassgrill.co.il/grill-smoker-accessories/oak-wood-chunks/?sort=price&order=ASC,Manual review - target not HTTP-validated
https://compassgrill.co.il/outdoor-kitchen-9/classic-outdoor-kitchen-1/,Manual review - target not HTTP-validated
https://compassgrill.co.il/meat-aging-treatment/רשת-רולדה-מידה-16-אורך-50-מטר/?sort=p.sort_order&order=ASC,Manual review - target not HTTP-validated
https://compassgrill.co.il/grill-smoker-accessories/wood-chips-and-chunks-for-smoking/oak-wood-chunks/?category_id=97766,Manual review - target not HTTP-validated
https://compassgrill.co.il/meat-aging-treatment/רשת-רולדה-מידה-16-אורך-50-מטר/?sort=pd.name&order=DESC,Manual review - target not HTTP-validated
https://compassgrill.co.il/gas-grill-smokers-tandoor/pro-1600/?sort=p.sort_order&order=ASC,Manual review - target not HTTP-validated
https://compassgrill.co.il/meat-aging-treatment/רשת-רולדה-מידה-16-אורך-50-מטר/?sort=pd.name&order=ASC,Manual review - target not HTTP-validated
https://compassgrill.co.il/tandoor-products-and-accessories/essenza-pizza-round-peel/?sort=rating&order=ASC,Manual review - target not HTTP-validated
https://compassgrill.co.il/gas-grill-smokers-tandoor/pro-1600/?sort=p.model&order=DESC,Manual review - target not HTTP-validated
https://compassgrill.co.il/eitan-meat-2/fresh-beef/veal-filet-medallions-5-pcs-500g/?sort=rating&order=DESC,Manual review - target not HTTP-validated
https://compassgrill.co.il/outdoor-kitchen-9/alumex/?sort=p.sort_order&order=ASC,Manual review - target not HTTP-validated
https://compassgrill.co.il/gas-grills/imperatore-bi/?sort=rating&order=ASC,Manual review - target not HTTP-validated
https://compassgrill.co.il/gas-grill-smokers-tandoor/pro-1600/?sort=rating&order=DESC,Manual review - target not HTTP-validated
https://compassgrill.co.il/oak-wood-chunks/,Manual review - target not HTTP-validated
https://compassgrill.co.il/meat-aging-treatment/רשת-רולדה-מידה-16-אורך-50-מטר/?sort=p.model&order=ASC,Manual review - target not HTTP-validated
https://compassgrill.co.il/מעשנות-וגרילים-טנדור/פלנצ-ה-צליה-עגולה-דו-צ-יציקת-ברזל-1/,Manual review - target not HTTP-validated
https://compassgrill.co.il/smoker-tandoor/שיפודי-נירוסטה-יוקרתיים-עם-ידית-ברונזה-מארז-עור-פרימיום-copy-0/?category_id=34515&sort=p.model&order=DESC,Manual review - target not HTTP-validated
https://compassgrill.co.il/grill-smoker-accessories/compass-skewers/6-pcs-flat-stainless-steel-skewers-for-meat-poultry-vegetables-700x3x20-1/?category_id=38152&sort=rating&order=ASC,Manual review - target not HTTP-validated
https://compassgrill.co.il/meat-aging-treatment/רשת-רולדה-מידה-16-אורך-50-מטר/?sort=price&order=ASC,Manual review - target not HTTP-validated
https://compassgrill.co.il/smoker-tandoor/6-pcs-flat-stainless-steel-skewers-for-meat-poultry-vegetables-700x3x20-1/?category_id=34515&sort=rating&order=ASC,Manual review - target not HTTP-validated
https://compassgrill.co.il/bellini-coffee-corner-set/,Manual review - target not HTTP-validated
https://compassgrill.co.il/מוצרי-איתן-מעדני-בשר-אילת/קבב-עגל-טלה-140-גר-6-יח-במארז/?category_id=66834,Manual review - target not HTTP-validated
https://compassgrill.co.il/grill-smoker-accessories/compass-skewers/6-pcs-flat-stainless-steel-skewers-for-meat-poultry-vegetables-700x3x20-1/?sort=pd.name&order=DESC,Manual review - target not HTTP-validated
https://compassgrill.co.il/eitan-meat-eilat/בשר-טרי/?sort=p.model&order=ASC,Manual review - target not HTTP-validated
https://compassgrill.co.il/tandoor-products-and-accessories/dough-working-board/?category_id=35145&sort=pd.name&order=ASC,Manual review - target not HTTP-validated
https://compassgrill.co.il/eitan-meat-2/fresh-beef/fresh-angus-sirloin-halved-2kg/?sort=p.model&order=DESC,Manual review - target not HTTP-validated
https://compassgrill.co.il/grill-smoker-accessories/compass-skewers/שיפודי-נירוסטה-יוקרתיים-עם-ידית-ברונזה-מארז-עור-פרימיום-copy-0/?sort=pd.name&order=ASC,Manual review - target not HTTP-validated
https://compassgrill.co.il/grill-smoker-accessories/compass-skewers/6-pcs-flat-stainless-steel-skewers-for-meat-poultry-vegetables-700x3x20-1/?sort=pd.name&order=ASC,Manual review - target not HTTP-validated
https://compassgrill.co.il/fuel-wood-smoking-pellets-charcoal/oak-wood-chunks/?category_id=97685,Manual review - target not HTTP-validated
https://compassgrill.co.il/wood-chips-and-chunks-for-smoking/oak-wood-chunks/?category_id=97766,Manual review - target not HTTP-validated
https://compassgrill.co.il/grill-smoker-accessories/compass-skewers/6-pcs-flat-stainless-steel-skewers-for-meat-poultry-vegetables-700x3x20-1/?sort=rating&order=DESC,Manual review - target not HTTP-validated
https://compassgrill.co.il/tandoor-products-and-accessories/essenza-pizza-peel-34cm/?sort=pd.name&order=DESC,Manual review - target not HTTP-validated
https://compassgrill.co.il/oak-wood-for-smoking/hs-austrian-wood-brick/?sort=p.sort_order&order=ASC,Manual review - target not HTTP-validated
https://compassgrill.co.il/grill-smoker-accessories/compass-skewers/leather-case-stainless-steel-skewers-2/?category_id=38152,Manual review - target not HTTP-validated
https://compassgrill.co.il/רשת-רולדה-מידה-16-אורך-50-מטר/,Manual review - target not HTTP-validated
https://compassgrill.co.il/כלים-מברזל-ייצוק/פלנצ-ה-צליה-עגולה-דו-צ-יציקת-ברזל-1/,Manual review - target not HTTP-validated
https://compassgrill.co.il/grill-smoker-accessories/שיפודי-נירוסטה-יוקרתיים-עם-ידית-ברונזה-מארז-עור-פרימיום-copy-0/?sort=pd.name&order=DESC,Manual review - target not HTTP-validated
https://compassgrill.co.il/wood-chips-and-chunks-for-smoking/oak-wood-chunks/?sort=pd.name&order=DESC,Manual review - target not HTTP-validated
https://compassgrill.co.il/גריל-גז-2-מבערים/גריל-גז-rogue-xt-365sib-il-שחור/?category_id=108373,Manual review - target not HTTP-validated
https://compassgrill.co.il/grill-smoker-accessories/compass-skewers/6-pcs-flat-stainless-steel-skewers-for-meat-poultry-vegetables-700x3x20-1/?sort=rating&order=ASC,Manual review - target not HTTP-validated
https://compassgrill.co.il/eitan-meat-2/meat-vending-machine-24-7/seasoned-frozen-chicken-thigh-skewers-5pcs-automatic-meat-247/?category_id=125471&sort=price&order=DESC,Manual review - target not HTTP-validated
https://compassgrill.co.il/oak-wood-for-smoking/hs-austrian-wood-brick/?sort=pd.name&order=DESC,Manual review - target not HTTP-validated
https://compassgrill.co.il/poultry/thin-sliced-chicken-breast-1kg/?sort=price&order=DESC,Manual review - target not HTTP-validated
https://compassgrill.co.il/grill-smoker-accessories/compass-skewers/charcoal-grill-for-6-skewers-foldable-with-bag-1/?category_id=38152&sort=p.model&order=ASC,Manual review - target not HTTP-validated
https://compassgrill.co.il/כלים-מברזל-ייצוק/קאזן-אסייתי-10-ליטר-עם-מכסה-מברזל-יצוק-ללא-ציפוי-1/,Manual review - target not HTTP-validated
https://compassgrill.co.il/grill-smoker-accessories/wood-chips-and-chunks-for-smoking/oak-wood-chunks/?sort=pd.name&order=ASC,Manual review - target not HTTP-validated
https://compassgrill.co.il/tandoor-products-and-accessories/dough-working-board/?category_id=35145&sort=price&order=ASC,Manual review - target not HTTP-validated
https://compassgrill.co.il/oak-wood-for-smoking/hs-austrian-wood-brick/?sort=pd.name&order=ASC,Manual review - target not HTTP-validated
https://compassgrill.co.il/אביזרים-למטבח/פלנצ-ה-צליה-עגולה-דו-צ-יציקת-ברזל-1/,Manual review - target not HTTP-validated
https://compassgrill.co.il/אביזרים-לגריל-ומעשנה/כלים-מברזל-ייצוק/,Manual review - target not HTTP-validated
https://compassgrill.co.il/smoker-tandoor/שיפודי-נירוסטה-יוקרתיים-עם-ידית-ברונזה-מארז-עור-פרימיום-copy-0/?sort=p.sort_order&order=ASC,Manual review - target not HTTP-validated
https://compassgrill.co.il/eitan-meat-2/אנטריקוט-פידלוט-בלאק-אנגוס-חצוי-טרי/?category_id=66834&sort=price&order=DESC,Manual review - target not HTTP-validated
https://compassgrill.co.il/eitan-meat-eilat/בשר-טרי/?sort=price&order=DESC,Manual review - target not HTTP-validated
https://compassgrill.co.il/smoker-tandoor/מנגל-פחמים-ומנגל-לשיפודים/?sort=p.model&order=ASC,Manual review - target not HTTP-validated
https://compassgrill.co.il/eitan-meat-2/frozen-meat/angus-carpaccio-sliced-10-servings-700g-pack/?sort=price&order=ASC,Manual review - target not HTTP-validated
https://compassgrill.co.il/outdoor-kitchen-9/alumex/?sort=rating&order=DESC,Manual review - target not HTTP-validated
https://compassgrill.co.il/כלים-מברזל-ייצוק-1/dual-cast-iron-round-griddle-1/,Manual review - target not HTTP-validated
https://compassgrill.co.il/פלנצ-ה-צליה-עגולה-דו-צ-יציקת-ברזל-1/,Manual review - target not HTTP-validated
https://compassgrill.co.il/tandoor-products-and-accessories/brass-brush-for-pizza-oven/?sort=p.model&order=DESC,Manual review - target not HTTP-validated
https://compassgrill.co.il/leather-case-stainless-steel-skewers-2/,Manual review - target not HTTP-validated
https://compassgrill.co.il/outdoor-kitchen-9/modular-outdoor-kitchens/?sort=pd.name&order=ASC,Manual review - target not HTTP-validated
https://compassgrill.co.il/outdoor-kitchen-9/modular-outdoor-kitchens/classic-outdoor-kitchen-1/?sort=pd.name&order=DESC,Manual review - target not HTTP-validated
https://compassgrill.co.il/מדורות-גן/,Manual review - target not HTTP-validated
https://compassgrill.co.il/tandoor-products-and-accessories/cozzepro17/?sort=pd.name&order=DESC,Manual review - target not HTTP-validated
https://compassgrill.co.il/grill-smoker-accessories/cast-iron-tools-plov-cooking/dual-cast-iron-round-griddle-1/?sort=pd.name&order=DESC,Manual review - target not HTTP-validated
https://compassgrill.co.il/eitan-meat-eilat/בשר-טרי/?sort=p.sort_order&order=ASC,Manual review - target not HTTP-validated
https://compassgrill.co.il/eitan-meat-2/chicken-steak-teriyaki-1kg/,Manual review - target not HTTP-validated
https://compassgrill.co.il/grill-smoker-accessories/compass-skewers/6-pcs-flat-stainless-steel-skewers-for-meat-poultry-vegetables-700x3x20-1/?sort=price&order=DESC,Manual review - target not HTTP-validated
https://compassgrill.co.il/gas-grill-smokers-tandoor/pro-1600/?sort=p.model&order=ASC,Manual review - target not HTTP-validated
https://compassgrill.co.il/eitan-meat-2/fresh-beef/denver-steak-fl-sliced-vacuum-packed-300g/?category_id=66835&sort=pd.name&order=ASC,Manual review - target not HTTP-validated
https://compassgrill.co.il/smoker-tandoor/שיפודי-נירוסטה-יוקרתיים-עם-ידית-ברונזה-מארז-עור-פרימיום-copy-0/?sort=pd.name&order=DESC,Manual review - target not HTTP-validated
https://compassgrill.co.il/pecan-wood-chunks/,Manual review - target not HTTP-validated
https://compassgrill.co.il/grill-smoker-accessories/wood-chips-and-chunks-for-smoking/oak-wood-chunks/,Manual review - target not HTTP-validated
https://compassgrill.co.il/oak-wood-for-smoking/?sort=p.model&order=DESC,Manual review - target not HTTP-validated
https://compassgrill.co.il/compass-skewers/שיפודי-נירוסטה-יוקרתיים-עם-ידית-ברונזה-מארז-עור-פרימיום-copy-0/?sort=pd.name&order=ASC,Manual review - target not HTTP-validated
https://compassgrill.co.il/grill-smoker-accessories/compass-skewers/6-pcs-flat-stainless-steel-skewers-for-meat-poultry-vegetables-700x3x20-1/?sort=price&order=ASC,Manual review - target not HTTP-validated
https://compassgrill.co.il/tandoor-products-and-accessories/essenza-pizza-peel-34cm/?sort=pd.name&order=ASC,Manual review - target not HTTP-validated
https://compassgrill.co.il/grill-smoker-accessories/pecan-wood-chunks/?sort=p.model&order=DESC,Manual review - target not HTTP-validated
https://compassgrill.co.il/grill-smoker-accessories/cast-iron-tools-plov-cooking/dual-cast-iron-round-griddle-1/,Manual review - target not HTTP-validated
https://compassgrill.co.il/brand/giesser-1/tradition-chef-knife-20-26cm/,Manual review - target not HTTP-validated
https://compassgrill.co.il/outdoor-kitchen-9/modular-outdoor-kitchens/?sort=p.sort_order&order=ASC,Manual review - target not HTTP-validated
https://compassgrill.co.il/eitan-meat-2/meat-vending-machine-24-7/?sort=pd.name&order=ASC,Manual review - target not HTTP-validated
https://compassgrill.co.il/eitan-meat-2/fresh-beef/?sort=price&order=DESC,Manual review - target not HTTP-validated
https://compassgrill.co.il/grill-smoker-accessories/compass-skewers/leather-case-stainless-steel-skewers-2/?category_id=38152&sort=rating&order=ASC,Manual review - target not HTTP-validated
https://compassgrill.co.il/smoker-tandoor/מנגל-פחמים-ומנגל-לשיפודים/?sort=pd.name&order=DESC,Manual review - target not HTTP-validated
https://compassgrill.co.il/eitan-meat-2/teperberg-wines/?sort=p.model&order=ASC,Manual review - target not HTTP-validated
https://compassgrill.co.il/grill-smoker-accessories/compass-skewers/leather-case-stainless-steel-skewers-2/?sort=pd.name&order=DESC,Manual review - target not HTTP-validated
https://compassgrill.co.il/eitan-meat-2/fresh-beef/feedlot-angus-sirloin-steak/?category_id=66835,Manual review - target not HTTP-validated
https://compassgrill.co.il/eitan-meat-2/frozen-meat/kosher-calf-sweetbreads-argentina-1kg/?sort=price&order=DESC,Manual review - target not HTTP-validated
https://compassgrill.co.il/eitan-meat-2/frozen-meat/black-angus-feedlot-shoulder-roast-slice-5/?sort=pd.name&order=DESC,Manual review - target not HTTP-validated
https://compassgrill.co.il/eitan-meat-eilat/בשר-טרי/?sort=pd.name&order=ASC,Manual review - target not HTTP-validated
https://compassgrill.co.il/eitan-meat-2/?sort=p.model&order=ASC,Manual review - target not HTTP-validated
https://compassgrill.co.il/grill-smoker-accessories/compass-skewers/שיפודי-נירוסטה-יוקרתיים-עם-ידית-ברונזה-מארז-עור-פרימיום-copy-0/?category_id=38152,Manual review - target not HTTP-validated
https://compassgrill.co.il/tandoor-products-and-accessories/essenza-pizza-round-peel/?sort=p.model&order=DESC,Manual review - target not HTTP-validated
https://compassgrill.co.il/grill-smoker-accessories/compass-skewers/leather-case-stainless-steel-skewers-2/?sort=p.model&order=DESC,Manual review - target not HTTP-validated
https://compassgrill.co.il/grill-smoker-accessories/pecan-wood-chunks/?sort=pd.name&order=DESC,Manual review - target not HTTP-validated
https://compassgrill.co.il/grill-smoker-accessories/compass-skewers/leather-case-stainless-steel-skewers-2/?sort=p.model&order=ASC,Manual review - target not HTTP-validated
https://compassgrill.co.il/smoker-tandoor/6-pcs-flat-stainless-steel-skewers-for-meat-poultry-vegetables-700x3x20-1/?sort=p.model&order=DESC,Manual review - target not HTTP-validated
https://compassgrill.co.il/smoker-tandoor/dual-cast-iron-round-griddle-1/?sort=p.model&order=DESC,Manual review - target not HTTP-validated
https://compassgrill.co.il/grill-smoker-accessories/שיפודי-נירוסטה-יוקרתיים-עם-ידית-ברונזה-מארז-עור-פרימיום-copy-0/?category_id=37972,Manual review - target not HTTP-validated
https://compassgrill.co.il/smoker-tandoor/dual-cast-iron-round-griddle-1/?sort=pd.name&order=DESC,Manual review - target not HTTP-validated
https://compassgrill.co.il/choose-the-perfect-garden-furniture/,Manual review - target not HTTP-validated
https://compassgrill.co.il/aluminum-dining-sets-for-garden-perfect-choice-for-durable-elegant-and-comfortable-outdoor-design/,Manual review - target not HTTP-validated
https://compassgrill.co.il/oak-wood-for-smoking/?sort=pd.name&order=ASC,Manual review - target not HTTP-validated
https://compassgrill.co.il/eitan-meat-2/fresh-beef/?sort=rating&order=DESC,Manual review - target not HTTP-validated
https://compassgrill.co.il/outdoor-kitchen-9/?sort=price&order=ASC,Manual review - target not HTTP-validated
https://compassgrill.co.il/smoker-tandoor/מנגל-פחמים-ומנגל-לשיפודים/?sort=pd.name&order=ASC,Manual review - target not HTTP-validated
https://compassgrill.co.il/oak-wood-for-smoking/?sort=price&order=ASC,Manual review - target not HTTP-validated
https://compassgrill.co.il/smoker-tandoor/מנגל-פחמים-ומנגל-לשיפודים/?sort=p.model&order=DESC,Manual review - target not HTTP-validated
https://compassgrill.co.il/eitan-meat-2/fresh-beef/?sort=pd.name&order=ASC,Manual review - target not HTTP-validated
https://compassgrill.co.il/outdoor-kitchen-9/modular-outdoor-kitchens/?sort=price&order=ASC,Manual review - target not HTTP-validated
https://compassgrill.co.il/eitan-meat-eilat/בשר-טרי/?sort=rating&order=ASC,Manual review - target not HTTP-validated
https://compassgrill.co.il/eitan-meat-eilat/בשר-טרי/?sort=pd.name&order=DESC,Manual review - target not HTTP-validated
https://compassgrill.co.il/tandoor-products-and-accessories/?sort=pd.name&order=DESC,Manual review - target not HTTP-validated
https://compassgrill.co.il/meat-aging-treatment/רשת-רולדה-מידה-16-אורך-50-מטר/?category_id=121072&sort=p.model&order=DESC,Manual review - target not HTTP-validated
https://compassgrill.co.il/outdoor-kitchen-9/modular-outdoor-kitchens/?sort=rating&order=DESC,Manual review - target not HTTP-validated
https://compassgrill.co.il/eitan-meat-2/teperberg-wines/?sort=pd.name&order=ASC,Manual review - target not HTTP-validated
https://compassgrill.co.il/eitan-meat-2/frozen-ground-meat/?sort=pd.name&order=ASC,Manual review - target not HTTP-validated
https://compassgrill.co.il/grill-smoker-accessories/כלים-מברזל-ייצוק/פלנצ-ה-צליה-עגולה-דו-צ-יציקת-ברזל-1/?category_id=35279&sort=p.sort_order&order=ASC,Manual review - target not HTTP-validated
https://compassgrill.co.il/meat-aging-treatment/רשת-רולדה-מידה-16-אורך-50-מטר/?category_id=121072&sort=rating&order=DESC,Manual review - target not HTTP-validated
https://compassgrill.co.il/tandoor-products-and-accessories/premium-italian-basalte-firebrick-30x30/?category_id=35145,Manual review - target not HTTP-validated
https://compassgrill.co.il/tandoor-products-and-accessories/?sort=pd.name&order=ASC,Manual review - target not HTTP-validated
https://compassgrill.co.il/שיפודי-נירוסטה-יוקרתיים-עם-ידית-ברונזה-מארז-עור-פרימיום-copy-0/,Manual review - target not HTTP-validated
https://compassgrill.co.il/grill-smoker-accessories/knives-and-accessories/arcos-knives/?sort=price&order=DESC,Manual review - target not HTTP-validated
https://compassgrill.co.il/grill-smoker-accessories/skome-woods-chips/oak-wood-chunks/,Manual review - target not HTTP-validated
https://compassgrill.co.il/oak-wood-for-smoking/oak-wood-chunks/?category_id=97685,Manual review - target not HTTP-validated
https://compassgrill.co.il/outdoor-kitchen-9/modular-outdoor-kitchens/?sort=p.model&order=DESC,Manual review - target not HTTP-validated
https://compassgrill.co.il/eitan-meat-2/salonika-kebab-pack/,Manual review - target not HTTP-validated
https://compassgrill.co.il/tandoor-products-and-accessories/?sort=rating&order=DESC,Manual review - target not HTTP-validated
https://compassgrill.co.il/smoker-tandoor/6-pcs-flat-stainless-steel-skewers-for-meat-poultry-vegetables-700x3x20-1/?sort=pd.name&order=ASC,Manual review - target not HTTP-validated
https://compassgrill.co.il/smoker-tandoor/dual-cast-iron-round-griddle-1/?sort=rating&order=DESC,Manual review - target not HTTP-validated
https://compassgrill.co.il/meat-aging-treatment/רשת-רולדה-מידה-16-אורך-50-מטר/?category_id=121072&sort=price&order=DESC,Manual review - target not HTTP-validated
https://compassgrill.co.il/grill-smoker-accessories/compass-skewers/leather-case-stainless-steel-skewers-2/?sort=rating&order=ASC,Manual review - target not HTTP-validated
https://compassgrill.co.il/compass-skewers/6-pcs-flat-stainless-steel-skewers-for-meat-poultry-vegetables-700x3x20-1/?sort=price&order=ASC,Manual review - target not HTTP-validated
https://compassgrill.co.il/eitan-meat-2/frozen-meat/premium-sliced-lamb-ribs-6-pcs-tray/?sort=pd.name&order=DESC,Manual review - target not HTTP-validated
https://compassgrill.co.il/eitan-meat-2/frozen-meat/premium-sliced-lamb-ribs-6-pcs-tray/?sort=price&order=DESC,Manual review - target not HTTP-validated
https://compassgrill.co.il/grill-charcoal-abigail/,Manual review - target not HTTP-validated
https://compassgrill.co.il/brand/giesser-1/tradition-kitchen-knife-16cm,Manual review - target not HTTP-validated
https://compassgrill.co.il/outdoor-kitchen-9/?sort=p.model&order=DESC,Manual review - target not HTTP-validated
https://compassgrill.co.il/eitan-meat-2/poultry-3/?sort=p.sort_order&order=ASC,Manual review - target not HTTP-validated
https://compassgrill.co.il/smoker-tandoor/מנגל-פחמים-ומנגל-לשיפודים/?sort=price&order=ASC,Manual review - target not HTTP-validated
https://compassgrill.co.il/שולחנות-אש-ודקורציה-חיצונית/,Manual review - target not HTTP-validated
https://compassgrill.co.il/brand/כרמל-דיירקט/,Manual review - target not HTTP-validated
https://compassgrill.co.il/smoker-tandoor/מנגל-פחמים-ומנגל-לשיפודים/?sort=p.sort_order&order=ASC,Manual review - target not HTTP-validated
https://compassgrill.co.il/oak-wood-for-smoking/?sort=price&order=DESC,Manual review - target not HTTP-validated
https://compassgrill.co.il/outdoor-kitchen-9/modular-outdoor-kitchens/?sort=pd.name&order=DESC,Manual review - target not HTTP-validated
https://compassgrill.co.il/oak-wood-for-smoking/?sort=rating&order=DESC,Manual review - target not HTTP-validated
https://compassgrill.co.il/בשר-טרי/?sort=price&order=ASC,Manual review - target not HTTP-validated
https://compassgrill.co.il/grill-smoker-accessories/compass-skewers/leather-case-stainless-steel-skewers-2/?sort=price&order=DESC,Manual review - target not HTTP-validated
https://compassgrill.co.il/cast-iron-tools-plov-cooking/dual-cast-iron-round-griddle-1/,Manual review - target not HTTP-validated
https://compassgrill.co.il/eitan-meat-eilat/בשר-טרי/אנטריקוט-פידלוט-בלאק-אנגוס-חצוי-טרי-1/?sort=p.sort_order&order=ASC,Manual review - target not HTTP-validated
https://compassgrill.co.il/cast-iron-cooking-tools/dual-cast-iron-round-griddle-1/,Manual review - target not HTTP-validated
https://compassgrill.co.il/outdoor-kitchen-9/modular-outdoor-kitchens/classic-outdoor-kitchen-1/?category_id=80794&sort=p.model&order=ASC,Manual review - target not HTTP-validated
https://compassgrill.co.il/oak-wood-for-smoking/,Manual review - target not HTTP-validated
https://compassgrill.co.il/smoker-tandoor/grill-smokers-tandoor/charcoal-grill-smokers-tandoor/vertical-charcoal-grill/,Manual review - target not HTTP-validated
https://compassgrill.co.il/eitan-meat-2/?sort=price&order=DESC,Manual review - target not HTTP-validated
https://compassgrill.co.il/smoker-tandoor/grill-smokers-tandoor/charcoal-grill-smokers-tandoor/portable-charcoal-pellet-smoker/,Manual review - target not HTTP-validated
https://compassgrill.co.il/eitan-meat-eilat/בשר-טרי/fattened-angus-entrecote-sliced-pairs-1/?sort=p.model&order=DESC,Manual review - target not HTTP-validated
https://compassgrill.co.il/eitan-meat-2/teperberg-wines/?sort=p.model&order=DESC,Manual review - target not HTTP-validated
https://compassgrill.co.il/eitan-meat-2/?sort=p.sort_order&order=ASC,Manual review - target not HTTP-validated
https://compassgrill.co.il/outdoor-kitchen-9/alumex/?sort=pd.name&order=DESC,Manual review - target not HTTP-validated
https://compassgrill.co.il/eitan-meat-2/fresh-beef/?sort=rating&order=ASC,Manual review - target not HTTP-validated
https://compassgrill.co.il/eitan-meat-2/frozen-meat/sorted-brain-bones-sliced-6-8-pcs/?sort=pd.name&order=DESC,Manual review - target not HTTP-validated
https://compassgrill.co.il/gas-grill-smokers-tandoor/pro-1600/?sort=pd.name&order=ASC,Manual review - target not HTTP-validated
https://compassgrill.co.il/eitan-meat-2/teperberg-wines/?sort=price&order=DESC,Manual review - target not HTTP-validated
https://compassgrill.co.il/outdoor-kitchen-9/alumex/?sort=rating&order=ASC,Manual review - target not HTTP-validated
https://compassgrill.co.il/oak-wood-for-smoking/?sort=p.sort_order&order=ASC,Manual review - target not HTTP-validated
https://compassgrill.co.il/outdoor-kitchen-9/alumex/balcony/?sort=pd.name&order=DESC,Manual review - target not HTTP-validated
https://compassgrill.co.il/gas-grill-smokers-tandoor/pro-1600/?sort=price&order=DESC,Manual review - target not HTTP-validated
https://compassgrill.co.il/smoker-tandoor/שיפודי-נירוסטה-יוקרתיים-עם-ידית-ברונזה-מארז-עור-פרימיום-copy-0/?category_id=34515,Manual review - target not HTTP-validated
https://compassgrill.co.il/tandoor-products-and-accessories/?sort=p.sort_order&order=ASC,Manual review - target not HTTP-validated
https://compassgrill.co.il/tandoor-products-and-accessories/mineral-firebrick-for-pizza/?sort=rating&order=DESC,Manual review - target not HTTP-validated
https://compassgrill.co.il/gas-grill-smokers-tandoor/pro-1600/?sort=rating&order=ASC,Manual review - target not HTTP-validated
https://compassgrill.co.il/oak-wood-for-smoking/hs-austrian-wood-brick/?sort=rating&order=DESC,Manual review - target not HTTP-validated
https://compassgrill.co.il/tandoor-products-and-accessories/dough-working-board/?category_id=35145&sort=p.model&order=ASC,Manual review - target not HTTP-validated
https://compassgrill.co.il/eitan-meat-2/teperberg-wines/?sort=rating&order=DESC,Manual review - target not HTTP-validated
https://compassgrill.co.il/gas-grill-smokers-tandoor/pro-1600/?sort=price&order=ASC,Manual review - target not HTTP-validated
https://compassgrill.co.il/tandoor-products-and-accessories/?sort=price&order=ASC,Manual review - target not HTTP-validated
https://compassgrill.co.il/eitan-meat-2/teperberg-wines/?sort=pd.name&order=DESC,Manual review - target not HTTP-validated
https://compassgrill.co.il/grill-smoker-accessories/compass-skewers/6-pcs-flat-stainless-steel-skewers-for-meat-poultry-vegetables-700x3x20-1/?category_id=38152,Manual review - target not HTTP-validated
https://compassgrill.co.il/smoker-tandoor/pro-1600/?sort=p.model&order=ASC,Manual review - target not HTTP-validated
https://compassgrill.co.il/oak-wood-for-smoking/?sort=p.model&order=ASC,Manual review - target not HTTP-validated
https://compassgrill.co.il/meat-aging-treatment/רשת-רולדה-מידה-16-אורך-50-מטר/?sort=p.model&order=DESC,Manual review - target not HTTP-validated
https://compassgrill.co.il/meat-aging-treatment/רשת-רולדה-מידה-16-אורך-50-מטר/?sort=rating&order=DESC,Manual review - target not HTTP-validated
https://compassgrill.co.il/tandoor-products-and-accessories/brass-brush-for-pizza-oven/?sort=pd.name&order=DESC,Manual review - target not HTTP-validated
https://compassgrill.co.il/tandoor-products-and-accessories/essenza-pizza-peel-34cm/?sort=price&order=ASC,Manual review - target not HTTP-validated
https://compassgrill.co.il/eitan-meat-2/frozen-meat/feedlot-butcher-steak/?sort=pd.name&order=DESC,Manual review - target not HTTP-validated
https://compassgrill.co.il/meat-aging-treatment/רשת-רולדה-מידה-16-אורך-50-מטר/?sort=price&order=DESC,Manual review - target not HTTP-validated
https://compassgrill.co.il/grill-smoker-accessories/compass-skewers/שיפודי-נירוסטה-יוקרתיים-עם-ידית-ברונזה-מארז-עור-פרימיום-copy-0/,Manual review - target not HTTP-validated
https://compassgrill.co.il/grill-smoker-accessories/cast-iron-tools-plov-cooking/cast-iron-cooking-tools/dual-cast-iron-round-griddle-1/,Manual review - target not HTTP-validated
https://compassgrill.co.il/meat-aging-treatment/רשת-רולדה-מידה-16-אורך-50-מטר/,Manual review - target not HTTP-validated
https://compassgrill.co.il/eitan-meat-2/frozen-meat/flet-iron-feedlot-halak/,Manual review - target not HTTP-validated
https://compassgrill.co.il/tandoor-products-and-accessories/?sort=price&order=DESC,Manual review - target not HTTP-validated
https://compassgrill.co.il/brand/רוקח/,Manual review - target not HTTP-validated
https://compassgrill.co.il/brand/giesser-1/,Manual review - target not HTTP-validated
https://compassgrill.co.il/smoker-tandoor/grill-charcoal-abigail/?sort=price&order=DESC,Manual review - target not HTTP-validated
https://compassgrill.co.il/brand/רוקח/bernini-nero,Manual review - target not HTTP-validated
https://compassgrill.co.il/grill-smoker-accessories/compass-skewers/leather-case-stainless-steel-skewers-2/?sort=price&order=ASC,Manual review - target not HTTP-validated
https://compassgrill.co.il/brand/compass/oak-wood-chunks,Manual review - target not HTTP-validated
https://compassgrill.co.il/שיפודי-נירוסטה-יוקרתיים-עם-ידית-ברונזה-מארז-עור-פרימיום-1/,Manual review - target not HTTP-validated
https://compassgrill.co.il/tandoor-products-and-accessories/essenza-pizza-round-peel/?sort=pd.name&order=DESC,Manual review - target not HTTP-validated
https://compassgrill.co.il/eitan-meat-2/fresh-beef/feedlot-angus-sirloin-steak/?sort=pd.name&order=DESC,Manual review - target not HTTP-validated
https://compassgrill.co.il/eitan-meat-2/frozen-meat/brisket-1/?sort=price&order=ASC,Manual review - target not HTTP-validated
https://compassgrill.co.il/tandoor-products-and-accessories/mineral-firebrick-for-pizza/?sort=rating&order=ASC,Manual review - target not HTTP-validated
https://compassgrill.co.il/grill-smoker-accessories/compass-skewers/שיפודי-נירוסטה-יוקרתיים-עם-ידית-ברונזה-מארז-עור-פרימיום-1/?sort=rating&order=ASC,Manual review - target not HTTP-validated
https://compassgrill.co.il/eitan-meat-2/fresh-beef/?sort=pd.name&order=DESC,Manual review - target not HTTP-validated
https://compassgrill.co.il/outdoor-kitchen-9/?sort=pd.name&order=ASC,Manual review - target not HTTP-validated
https://compassgrill.co.il/creating-a-blending-indoor-outdoor-living-spaces-in-eilat/,Manual review - target not HTTP-validated
https://compassgrill.co.il/tandoor-products-and-accessories/?sort=rating&order=ASC,Manual review - target not HTTP-validated
https://compassgrill.co.il/smoker-tandoor/מנגל-פחמים-ומנגל-לשיפודים/?sort=rating&order=DESC,Manual review - target not HTTP-validated
https://compassgrill.co.il/outdoor-kitchen-9/modular-outdoor-kitchens/?sort=price&order=DESC,Manual review - target not HTTP-validated
https://compassgrill.co.il/smoker-tandoor/מעשנות-גרילים-וטנדור-מעשנות-גרילים-וטנדור-מעשנות-גרילים-וטנדור/מנגל-פחמים-ומנגל-לשיפודים-1/,Manual review - target not HTTP-validated
https://compassgrill.co.il/grill-smoker-accessories/שיפודי-פרימיום-מותג-compass/,Manual review - target not HTTP-validated
https://compassgrill.co.il/outdoor-kitchen-9/classic-outdoor-kitchen-1/?category_id=97698,Manual review - target not HTTP-validated
https://compassgrill.co.il/outdoor-kitchen-9/modular-outdoor-kitchens/cat4sib-ku-mwb-black/?sort=pd.name&order=DESC,Manual review - target not HTTP-validated
https://compassgrill.co.il/oak-wood-for-smoking/?sort=pd.name&order=DESC,Manual review - target not HTTP-validated
https://compassgrill.co.il/brand/teperberg-5/,Manual review - target not HTTP-validated
https://compassgrill.co.il/שולחנות-אש-ודקורציה-חיצונית/?sort=p.model&order=DESC,Manual review - target not HTTP-validated
https://compassgrill.co.il/eitan-meat-2/fresh-beef/bone-in-short-rib-3kg/?sort=p.model&order=DESC,Manual review - target not HTTP-validated
https://compassgrill.co.il/eitan-meat-2/fresh-beef/?sort=p.model&order=DESC,Manual review - target not HTTP-validated
https://compassgrill.co.il/smoker-tandoor/מנגל-פחמים-ומנגל-לשיפודים/?sort=rating&order=ASC,Manual review - target not HTTP-validated
https://compassgrill.co.il/tandoor-products-and-accessories/dough-working-board/?category_id=35145&sort=pd.name&order=DESC,Manual review - target not HTTP-validated
https://compassgrill.co.il/טבליית-הפלא-להצללת-המים-flovil-פלוביל/,Manual review - target not HTTP-validated
https://compassgrill.co.il/tandoor-products-and-accessories/?sort=p.model&order=ASC,Manual review - target not HTTP-validated
https://compassgrill.co.il/כדור-ים-מתנפח-מצויר-בקוטר-51-ס-מ-intex-אינטקס/,Manual review - target not HTTP-validated
https://compassgrill.co.il/גריל-גז/גריל-גז-rogue-xt-365sib-il-שחור/?category_id=35202&sort=rating&order=ASC,Manual review - target not HTTP-validated
https://compassgrill.co.il/eitan-meat-2/fresh-beef/fresh-angus-sirloin-halved-2kg/?sort=pd.name&order=DESC,Manual review - target not HTTP-validated
https://compassgrill.co.il/eitan-meat-2/fresh-beef/fresh-angus-sirloin-halved-2kg/?sort=p.model&order=ASC,Manual review - target not HTTP-validated
https://compassgrill.co.il/tandoor-products-and-accessories/,Manual review - target not HTTP-validated
https://compassgrill.co.il/meat-aging-treatment/20cm-chef-knife-arcos-niza/?sort=p.model&order=DESC,Manual review - target not HTTP-validated
https://compassgrill.co.il/smoker-tandoor/pro-1600/?sort=pd.name&order=ASC,Manual review - target not HTTP-validated
https://compassgrill.co.il/outdoor-kitchen-9/modular-outdoor-kitchens/classic-outdoor-kitchen-1/?sort=price&order=DESC,Manual review - target not HTTP-validated
https://compassgrill.co.il/smoker-tandoor/מנגל-פחמים-ומנגל-לשיפודים/?sort=price&order=DESC,Manual review - target not HTTP-validated
https://compassgrill.co.il/eitan-meat-2/fresh-beef/?sort=price&order=ASC,Manual review - target not HTTP-validated
https://compassgrill.co.il/oak-wood-for-smoking/?sort=rating&order=ASC,Manual review - target not HTTP-validated
https://compassgrill.co.il/שולחנות-אש-ודקורציה-חיצונית/מדורות-גן/,Manual review - target not HTTP-validated
https://compassgrill.co.il/smoker-tandoor/pro-1600/?sort=price&order=DESC,Manual review - target not HTTP-validated
https://compassgrill.co.il/eitan-meat-eilat/בשר-טרי/?sort=p.model&order=DESC,Manual review - target not HTTP-validated
https://compassgrill.co.il/tandoor-products-and-accessories/dough-working-board/?sort=rating&order=DESC,Manual review - target not HTTP-validated
https://compassgrill.co.il/brand/luciano/,Manual review - target not HTTP-validated
https://compassgrill.co.il/eitan-meat-eilat/בשר-טרי/?sort=rating&order=DESC,Manual review - target not HTTP-validated
https://compassgrill.co.il/בשר-טרי/,Manual review - target not HTTP-validated
https://compassgrill.co.il/poultry/frozen-chicken-shawarma-1kg/,Manual review - target not HTTP-validated
https://compassgrill.co.il/מוצרי-איתן-מעדני-בשר-אילת/טחונים-קפואים/,Manual review - target not HTTP-validated
https://compassgrill.co.il/eitan-meat-2/teperberg-wines/?sort=p.sort_order&order=ASC,Manual review - target not HTTP-validated
https://compassgrill.co.il/outdoor-kitchen-9/?sort=rating&order=DESC,Manual review - target not HTTP-validated
https://compassgrill.co.il/garden-furniture-accessories/fire-table-varna-porcelain/?sort=price&order=DESC,Manual review - target not HTTP-validated
https://compassgrill.co.il/premium-certified-entrecote-chilled-pairs-vacuum-packed-500g/,Manual review - target not HTTP-validated
https://compassgrill.co.il/eitan-meat-2/?sort=rating&order=ASC,Manual review - target not HTTP-validated
https://compassgrill.co.il/eitan-meat-eilat-1/,Manual review - target not HTTP-validated
https://compassgrill.co.il/gas-grills/ligorio-top/?sort=rating&order=ASC,Manual review - target not HTTP-validated
https://compassgrill.co.il/grill-smoker-accessories/pecan-wood-chunks/?sort=rating&order=DESC,Manual review - target not HTTP-validated
https://compassgrill.co.il/grill-smoker-accessories/pecan-wood-chunks/?sort=price&order=ASC,Manual review - target not HTTP-validated
https://compassgrill.co.il/outdoor-kitchen-9/modular-outdoor-kitchens/cat4sib-ku-mwb-black/?sort=p.model&order=DESC,Manual review - target not HTTP-validated
https://compassgrill.co.il/pro-1600/,Manual review - target not HTTP-validated
https://compassgrill.co.il/brand/gorilla-grill/רשת-רולדה-מידה-16-אורך-50-מטר,Manual review - target not HTTP-validated
https://compassgrill.co.il/eitan-meat-2/?sort=price&order=ASC,Manual review - target not HTTP-validated
https://compassgrill.co.il/טפרברג-לגסי-פטי-ורדו-750-מ-ל/,Manual review - target not HTTP-validated
https://compassgrill.co.il/eitan-meat-2/?sort=p.model&order=DESC,Manual review - target not HTTP-validated
https://compassgrill.co.il/outdoor-kitchen-9/modular-outdoor-kitchens/classic-outdoor-kitchen-1/?sort=p.model&order=ASC,Manual review - target not HTTP-validated
https://compassgrill.co.il/eitan-meat-eilat/בשר-טרי/fattened-angus-entrecote-sliced-pairs-1/?category_id=125606&sort=p.sort_order&order=ASC,Manual review - target not HTTP-validated
https://compassgrill.co.il/grill-smoker-accessories/compass-skewers/charcoal-grill-for-6-skewers-foldable-with-bag-1/?category_id=38152&sort=price&order=DESC,Manual review - target not HTTP-validated
https://compassgrill.co.il/grill-smoker-accessories/compass-skewers/charcoal-grill-for-6-skewers-foldable-with-bag-1/?sort=p.model&order=DESC,Manual review - target not HTTP-validated
https://compassgrill.co.il/פחם-קוקוס-איכותי-לנרגילה-0-5-1-ק-ג/,Manual review - target not HTTP-validated
https://compassgrill.co.il/grill-smoker-accessories/compass-skewers/charcoal-grill-for-6-skewers-foldable-with-bag-1/?sort=pd.name&order=DESC,Manual review - target not HTTP-validated
https://compassgrill.co.il/eitan-meat-2/?sort=pd.name&order=ASC,Manual review - target not HTTP-validated
https://compassgrill.co.il/brand/compass/oak-wood-chunks/,Manual review - target not HTTP-validated
https://compassgrill.co.il/grill-smoker-accessories/compass-skewers/שיפודי-נירוסטה-יוקרתיים-עם-ידית-ברונזה-מארז-עור-פרימיום-1/?sort=p.model&order=DESC,Manual review - target not HTTP-validated
https://compassgrill.co.il/eitan-meat-2/?sort=pd.name&order=DESC,Manual review - target not HTTP-validated
https://compassgrill.co.il/grill-smoker-accessories/wood-chips-and-chunks-for-smoking/pecan-wood-chunks/?category_id=97766,Manual review - target not HTTP-validated
https://compassgrill.co.il/eitan-meat-2/?sort=rating&order=DESC,Manual review - target not HTTP-validated
https://compassgrill.co.il/grill-smoker-accessories/compass-skewers/leather-case-stainless-steel-skewers-2/,Manual review - target not HTTP-validated
https://compassgrill.co.il/grill-smoker-accessories/wood-chips-and-chunks-for-smoking/pecan-wood-chunks/?sort=p.sort_order&order=ASC,Manual review - target not HTTP-validated
https://compassgrill.co.il/eitan-meat-2/fresh-beef/angus-filet-fl-block-1-5kg/?category_id=66835,Manual review - target not HTTP-validated
https://compassgrill.co.il/eitan-meat-2/fresh-beef/bone-in-short-rib-3kg/?sort=price&order=ASC,Manual review - target not HTTP-validated
https://compassgrill.co.il/grill-smoker-accessories/wood-chips-and-chunks-for-smoking/pecan-wood-chunks/?sort=pd.name&order=ASC,Manual review - target not HTTP-validated
https://compassgrill.co.il/grill-smoker-accessories/שיפודי-נירוסטה-יוקרתיים-עם-ידית-ברונזה-מארז-עור-פרימיום-1/?category_id=37972,Manual review - target not HTTP-validated
https://compassgrill.co.il/brand/giesser-1/premiumcut-barbecue-30,Manual review - target not HTTP-validated
https://compassgrill.co.il/eitan-meat-2/fresh-beef/denver-steak-fl-sliced-vacuum-packed-300g/?sort=price&order=ASC,Manual review - target not HTTP-validated
https://compassgrill.co.il/eitan-meat-2/poultry-3/?sort=pd.name&order=ASC,Manual review - target not HTTP-validated
https://compassgrill.co.il/tandoor-products-and-accessories/brass-brush-for-pizza-oven/?sort=pd.name&order=ASC,Manual review - target not HTTP-validated
https://compassgrill.co.il/eitan-meat-2/frozen-ground-meat/salonika-kebab-pack/?category_id=66897&sort=rating&order=DESC,Manual review - target not HTTP-validated
https://compassgrill.co.il/oak-wood-for-smoking/hs-austrian-wood-brick/?sort=rating&order=ASC,Manual review - target not HTTP-validated
https://compassgrill.co.il/tandoor-products-and-accessories/essenza-pizza-round-peel/?sort=price&order=ASC,Manual review - target not HTTP-validated
https://compassgrill.co.il/handmade-outdoor-furniture-ideas-for-homes-in-eilat/,Manual review - target not HTTP-validated
https://compassgrill.co.il/eitan-meat-2/meat-vending-machine-24-7/kebab-cinnamon-stick-600g-frozen-automatic-meat-247/?sort=price&order=ASC,Manual review - target not HTTP-validated
https://compassgrill.co.il/outdoor-furniture-maintenance-tips-for-eilat-residents-how-to-protect-patio-furniture-in-desert-climate/,Manual review - target not HTTP-validated
https://compassgrill.co.il/aluminum-seating-perfect-choice-for-style-and-comfort-in-your-garden/,Manual review - target not HTTP-validated
https://compassgrill.co.il/mylo-your-virtual-saver/,Manual review - target not HTTP-validated
https://compassgrill.co.il/eitan-meat-2/teperberg-wines/?sort=price&order=ASC,Manual review - target not HTTP-validated
https://compassgrill.co.il/sustainable-outdoor-furniture-eilat-complete-guide-green-eco-friendly-solutions/,Manual review - target not HTTP-validated
https://compassgrill.co.il/aluminum-garden-furniture-durability-style-and-comfort-for-your-outdoor-space/,Manual review - target not HTTP-validated
https://compassgrill.co.il/eitan-meat-2/fresh-beef/?sort=p.sort_order&order=ASC,Manual review - target not HTTP-validated
https://compassgrill.co.il/tandoor-products-and-accessories/premium-italian-basalte-firebrick-30x30/?category_id=35145&sort=rating&order=DESC,Manual review - target not HTTP-validated
https://compassgrill.co.il/grill-smoker-accessories/wood-chips-and-chunks-for-smoking/pecan-wood-chunks/,Manual review - target not HTTP-validated
https://compassgrill.co.il/tandoor-products-and-accessories/?sort=p.model&order=DESC,Manual review - target not HTTP-validated
https://compassgrill.co.il/tandoor-products-and-accessories/cozzepro17/?sort=price&order=ASC,Manual review - target not HTTP-validated
https://compassgrill.co.il/tandoor-products-and-accessories/premium-italian-basalte-firebrick-30x30/?category_id=35145&sort=price&order=DESC,Manual review - target not HTTP-validated
https://compassgrill.co.il/brand/compass/שיפודי-נירוסטה-יוקרתיים-עם-ידית-ברונזה-מארז-עור-פרימיום-copy-0,Manual review - target not HTTP-validated
https://compassgrill.co.il/grill-smoker-accessories/compass-skewers/שיפודי-נירוסטה-יוקרתיים-עם-ידית-ברונזה-מארז-עור-פרימיום-1/?sort=p.model&order=ASC,Manual review - target not HTTP-validated
https://compassgrill.co.il/tandoor-products-and-accessories/cozzepro17/?sort=p.model&order=ASC,Manual review - target not HTTP-validated
https://compassgrill.co.il/eitan-meat-2/frozen-meat/brisket-1/?sort=rating&order=ASC,Manual review - target not HTTP-validated
https://compassgrill.co.il/oak-wood-for-smoking/hs-austrian-wood-brick/?sort=p.model&order=DESC,Manual review - target not HTTP-validated
https://compassgrill.co.il/eitan-meat-2/frozen-meat/zigzag-sweet-potato-fries/?category_id=66836&sort=p.model&order=DESC,Manual review - target not HTTP-validated
https://compassgrill.co.il/בשר-טרי/?sort=rating&order=ASC,Manual review - target not HTTP-validated
https://compassgrill.co.il/eitan-meat-eilat/בשר-טרי/fresh-angus-sirloin-halved-2kg-1/?sort=p.model&order=DESC,Manual review - target not HTTP-validated
https://compassgrill.co.il/wood-chips-and-chunks-for-smoking/oak-wood-chunks/,Manual review - target not HTTP-validated
https://compassgrill.co.il/outdoor-kitchen-9/alumex/?sort=price&order=ASC,Manual review - target not HTTP-validated
https://compassgrill.co.il/eitan-meat-2/fresh-beef/?sort=p.model&order=ASC,Manual review - target not HTTP-validated
https://compassgrill.co.il/בשר-טרי/?sort=price&order=DESC,Manual review - target not HTTP-validated
https://compassgrill.co.il/eitan-meat-eilat/בשר-טרי/feedlot-angus-sirloin-steak-1/,Manual review - target not HTTP-validated
https://compassgrill.co.il/eitan-meat-2/frozen-meat/feedlot-butcher-steak/?sort=price&order=DESC,Manual review - target not HTTP-validated
https://compassgrill.co.il/tandoor-products-and-accessories/essenza-pizza-round-peel/?sort=p.model&order=ASC,Manual review - target not HTTP-validated
https://compassgrill.co.il/fuel-wood-smoking-pellets-charcoal/oak-wood-chunks/,Manual review - target not HTTP-validated
https://compassgrill.co.il/tandoor-products-and-accessories/essenza-pizza-peel-34cm/?sort=p.model&order=ASC,Manual review - target not HTTP-validated
https://compassgrill.co.il/eitan-meat-2/fresh-beef/premium-certified-entrecote-pairs-vacuum-packed-500g/?sort=p.model&order=DESC,Manual review - target not HTTP-validated
https://compassgrill.co.il/eitan-meat-2/fresh-beef/veal-filet-medallions-5-pcs-500g/?sort=price&order=ASC,Manual review - target not HTTP-validated
https://compassgrill.co.il/skome-woods-chips/apple-wood-chunks/?category_id=97765,Manual review - target not HTTP-validated
https://compassgrill.co.il/eitan-meat-2/fresh-beef/premium-certified-entrecote-pairs-vacuum-packed-500g/?sort=price&order=ASC,Manual review - target not HTTP-validated
https://compassgrill.co.il/eitan-meat-2/frozen-meat/crunch-coated-boat-fries/?sort=price&order=ASC,Manual review - target not HTTP-validated
https://compassgrill.co.il/eitan-meat-2/fresh-beef/sliced-feedlot-sirloin/?category_id=66835,Manual review - target not HTTP-validated
https://compassgrill.co.il/eitan-meat-2/teperberg-wines/teperberg-vizion-dry-white-750ml/,Manual review - target not HTTP-validated
https://compassgrill.co.il/outdoor-kitchen-9/?sort=p.model&order=ASC,Manual review - target not HTTP-validated
https://compassgrill.co.il/tandoor-products-and-accessories/dough-working-board/?sort=rating&order=ASC,Manual review - target not HTTP-validated
https://compassgrill.co.il/eitan-meat-2/frozen-meat/kosher-calf-sweetbreads-argentina-1kg/,Manual review - target not HTTP-validated
https://compassgrill.co.il/eitan-meat-2/fresh-beef/veal-filet-medallions-5-pcs-500g/?category_id=66835,Manual review - target not HTTP-validated
https://compassgrill.co.il/oak-wood-for-smoking/hs-austrian-wood-brick/,Manual review - target not HTTP-validated
https://compassgrill.co.il/eitan-meat-2/teperberg-wines/teperberg-impression-cabernet-sauvignon-750ml/,Manual review - target not HTTP-validated
https://compassgrill.co.il/skome-woods-chips/apple-wood-chunks/,Manual review - target not HTTP-validated
https://compassgrill.co.il/skome-woods-chips/cherry-wood-chips/?sort=rating&order=ASC,Manual review - target not HTTP-validated
https://compassgrill.co.il/eitan-meat-2/teperberg-wines/?sort=rating&order=ASC,Manual review - target not HTTP-validated
https://compassgrill.co.il/outdoor-kitchen-9/alumex/?sort=price&order=DESC,Manual review - target not HTTP-validated
https://compassgrill.co.il/smoker-tandoor/מנגל-פחמים-ומנגל-לשיפודים/charcoal-grill-with-legs-for-8-skewers-foldable-with-bag/?category_id=36001,Manual review - target not HTTP-validated
https://compassgrill.co.il/oak-wood-for-smoking/hs-austrian-wood-brick/?sort=p.model&order=ASC,Manual review - target not HTTP-validated
https://compassgrill.co.il/eitan-meat-eilat/בשר-טרי/feedlot-angus-sirloin-steak-1/?category_id=125606&sort=p.model&order=ASC,Manual review - target not HTTP-validated
https://compassgrill.co.il/wood-chips-and-chunks-for-smoking/pecan-wood-chunks/,Manual review - target not HTTP-validated
https://compassgrill.co.il/skome-woods/pecan-wood-chips/,Manual review - target not HTTP-validated
https://compassgrill.co.il/eitan-meat-2/fresh-beef/fattened-angus-entrecote-sliced-pairs/?sort=p.model&order=DESC,Manual review - target not HTTP-validated
https://compassgrill.co.il/eitan-meat-2/fresh-beef/fattened-angus-entrecote-sliced-pairs/?sort=rating&order=DESC,Manual review - target not HTTP-validated
https://compassgrill.co.il/skome-woods-chips/pecan-wood-chunks/,Manual review - target not HTTP-validated
https://compassgrill.co.il/eitan-meat-2/fresh-beef/fattened-angus-entrecote-sliced-pairs/?category_id=66835,Manual review - target not HTTP-validated
https://compassgrill.co.il/eitan-meat-2/fresh-beef/fattened-angus-entrecote-sliced-pairs/?sort=price&order=ASC,Manual review - target not HTTP-validated
https://compassgrill.co.il/brand/compass/leather-case-stainless-steel-skewers-2,Manual review - target not HTTP-validated
https://compassgrill.co.il/grill-smoker-accessories/compass-skewers/charcoal-grill-for-6-skewers-foldable-with-bag-1/?sort=p.model&order=ASC,Manual review - target not HTTP-validated
https://compassgrill.co.il/eitan-meat-2/fresh-beef/denver-steak-fl-sliced-vacuum-packed-300g/?category_id=66835,Manual review - target not HTTP-validated
https://compassgrill.co.il/eitan-meat-2/fresh-beef/feedlot-angus-sirloin-steak/,Manual review - target not HTTP-validated
https://compassgrill.co.il/eitan-meat-2/frozen-meat/angus-fl-boneless-assaado-snacks-500g/?sort=price&order=ASC,Manual review - target not HTTP-validated
https://compassgrill.co.il/sous-vide/vacuum-grooved-bags-size-20x30/,Manual review - target not HTTP-validated
https://compassgrill.co.il/grill-smoker-accessories/compass-skewers/charcoal-grill-for-6-skewers-foldable-with-bag-1/?sort=pd.name&order=ASC,Manual review - target not HTTP-validated
https://compassgrill.co.il/brand/compass/pecan-wood-chunks,Manual review - target not HTTP-validated
https://compassgrill.co.il/eitan-meat-2/chicken-steak-teriyaki-1kg/?category_id=66834,Manual review - target not HTTP-validated
https://compassgrill.co.il/tandoor-products-and-accessories/brass-brush-for-pizza-oven/?sort=price&order=ASC,Manual review - target not HTTP-validated
https://compassgrill.co.il/eitan-meat-eilat/בשר-טרי/fresh-angus-sirloin-halved-2kg-1/?category_id=125606&sort=p.model&order=DESC,Manual review - target not HTTP-validated
https://compassgrill.co.il/smoker-tandoor/pro-1600/?sort=rating&order=ASC,Manual review - target not HTTP-validated
https://compassgrill.co.il/skome-woods-chips/cherry-wood-chips/?sort=price&order=DESC,Manual review - target not HTTP-validated
https://compassgrill.co.il/charcoal-grill-for-6-skewers-foldable-with-bag-1/,Manual review - target not HTTP-validated
https://compassgrill.co.il/brand/compass/שיפודי-נירוסטה-יוקרתיים-עם-ידית-ברונזה-מארז-עור-פרימיום-copy-0/,Manual review - target not HTTP-validated
https://compassgrill.co.il/grill-smoker-accessories/שיפודי-נירוסטה-יוקרתיים-עם-ידית-ברונזה-מארז-עור-פרימיום-copy-0/,Manual review - target not HTTP-validated
https://compassgrill.co.il/tandoor-products-and-accessories/premium-italian-basalte-firebrick-30x30/?sort=price&order=DESC,Manual review - target not HTTP-validated
https://compassgrill.co.il/eitan-meat-eilat/בשר-טרי/,Manual review - target not HTTP-validated
https://compassgrill.co.il/eitan-meat-2/fresh-beef/premium-certified-entrecote-pairs-vacuum-packed-500g/?sort=pd.name&order=DESC,Manual review - target not HTTP-validated
https://compassgrill.co.il/outdoor-kitchen-9/alumex/?sort=p.model&order=DESC,Manual review - target not HTTP-validated
https://compassgrill.co.il/eitan-meat-2/poultry-3/כבד-אווז-קפוא-ארוז-פרימיום-copy-0/?category_id=105748,Manual review - target not HTTP-validated
https://compassgrill.co.il/eitan-meat-2/frozen-meat/כבד-אווז-קפוא-ארוז-פרימיום-copy-0/,Manual review - target not HTTP-validated
https://compassgrill.co.il/tandoor-products-and-accessories/premium-italian-basalte-firebrick-30x30/?sort=rating&order=DESC,Manual review - target not HTTP-validated
https://compassgrill.co.il/eitan-meat-2/poultry-3/כבד-אווז-קפוא-ארוז-פרימיום-copy-0/?sort=price&order=ASC,Manual review - target not HTTP-validated
https://compassgrill.co.il/smoker-tandoor/שיפודי-נירוסטה-יוקרתיים-עם-ידית-ברונזה-מארז-עור-פרימיום-1/,Manual review - target not HTTP-validated
https://compassgrill.co.il/grill-smoker-accessories/compass-skewers/charcoal-grill-for-6-skewers-foldable-with-bag-1/?sort=price&order=DESC,Manual review - target not HTTP-validated
https://compassgrill.co.il/eitan-meat-2/fresh-beef/black-angus-feedlot-shoulder-roast-no-5-2kg/?sort=rating&order=ASC,Manual review - target not HTTP-validated
https://compassgrill.co.il/tandoor-products-and-accessories/dough-working-board/?sort=price&order=DESC,Manual review - target not HTTP-validated
https://compassgrill.co.il/outdoor-kitchen-9/?sort=rating&order=ASC,Manual review - target not HTTP-validated
https://compassgrill.co.il/premium-side-pole-parasol-3x3/,Manual review - target not HTTP-validated
https://compassgrill.co.il/brand/compass/leather-case-stainless-steel-skewers-2/,Manual review - target not HTTP-validated
https://compassgrill.co.il/6-pcs-flat-stainless-steel-skewers-for-meat-poultry-vegetables-700x3x20-1/,Manual review - target not HTTP-validated
https://compassgrill.co.il/eitan-meat-eilat/בשר-טרי/angus-assado-boneless-feedlot-2-5kg-1/?sort=rating&order=DESC,Manual review - target not HTTP-validated
https://compassgrill.co.il/gas-grill-smokers-tandoor/pro-1600/?category_id=97701,Manual review - target not HTTP-validated
https://compassgrill.co.il/בשר-טרי/?sort=pd.name&order=DESC,Manual review - target not HTTP-validated
https://compassgrill.co.il/eitan-meat-2/meat-vending-machine-24-7/,Manual review - target not HTTP-validated
https://compassgrill.co.il/grill-smoker-accessories/compass-skewers/6-pcs-flat-stainless-steel-skewers-for-meat-poultry-vegetables-700x3x20-1/,Manual review - target not HTTP-validated
https://compassgrill.co.il/tandoor-products-and-accessories/cozzepro17/?category_id=35145,Manual review - target not HTTP-validated
https://compassgrill.co.il/grill-smoker-accessories/שיפודי-נירוסטה-יוקרתיים-עם-ידית-ברונזה-מארז-עור-פרימיום-1/,Manual review - target not HTTP-validated
https://compassgrill.co.il/brand/gorilla-grill/רשת-רולדה-מידה-16-אורך-50-מטר/,Manual review - target not HTTP-validated
https://compassgrill.co.il/eitan-meat-2/frozen-meat/sorted-brain-bones-sliced-6-8-pcs/?sort=rating&order=ASC,Manual review - target not HTTP-validated
https://compassgrill.co.il/eitan-meat-2/stuffed-spleen-4-pcs-vacuum-packed/?sort=p.model&order=ASC,Manual review - target not HTTP-validated
https://compassgrill.co.il/eitan-meat-2/frozen-meat/stuffed-spleen-4-pcs-vacuum-packed/?category_id=66836&sort=price&order=DESC,Manual review - target not HTTP-validated
https://compassgrill.co.il/eitan-meat-eilat/בשר-טרי/argentina-beef-6-1/?sort=rating&order=DESC,Manual review - target not HTTP-validated
https://compassgrill.co.il/tandoor-products-and-accessories/dough-working-board/?sort=p.model&order=DESC,Manual review - target not HTTP-validated
https://compassgrill.co.il/tandoor-products-and-accessories/mineral-firebrick-for-pizza/?sort=p.model&order=DESC,Manual review - target not HTTP-validated
https://compassgrill.co.il/gas-grill-smokers-tandoor/pro-1600/,Manual review - target not HTTP-validated
https://compassgrill.co.il/brand/compass/pecan-wood-chunks/,Manual review - target not HTTP-validated
https://compassgrill.co.il/בשר-טרי/?sort=rating&order=DESC,Manual review - target not HTTP-validated
https://compassgrill.co.il/eitan-meat-2/frozen-meat/chicken-steak-teriyaki-1kg/?sort=price&order=ASC,Manual review - target not HTTP-validated
https://compassgrill.co.il/brand/pit-boss/pro-1600,Manual review - target not HTTP-validated
https://compassgrill.co.il/בשר-טרי/?sort=pd.name&order=ASC,Manual review - target not HTTP-validated
https://compassgrill.co.il/tandoor-products-and-accessories/essenza-pizza-peel-34cm/?category_id=35145,Manual review - target not HTTP-validated
https://compassgrill.co.il/eitan-meat-2/frozen-ground-meat/?sort=p.model&order=ASC,Manual review - target not HTTP-validated
https://compassgrill.co.il/eitan-meat-2/veal-lamb-kebab-140g-6-pcs-pack/?category_id=66834&sort=p.sort_order&order=ASC,Manual review - target not HTTP-validated
https://compassgrill.co.il/eitan-meat-2/fresh-beef/premium-certified-entrecote-pairs-vacuum-packed-500g/?category_id=66835,Manual review - target not HTTP-validated
https://compassgrill.co.il/tandoor-products-and-accessories/rocker-pizza-cutter/,Manual review - target not HTTP-validated
https://compassgrill.co.il/gas-grills/גריל-גז-2-מבערים/גריל-גז-rogue-xt-365sib-il-שחור/?category_id=108373&sort=rating&order=DESC,Manual review - target not HTTP-validated
https://compassgrill.co.il/eitan-meat-2/frozen-meat/feedlot-butcher-steak/?sort=p.model&order=ASC,Manual review - target not HTTP-validated
https://compassgrill.co.il/grill-smoker-accessories/leather-case-stainless-steel-skewers-2/?sort=price&order=DESC,Manual review - target not HTTP-validated
https://compassgrill.co.il/compass-skewers/leather-case-stainless-steel-skewers-2/,Manual review - target not HTTP-validated
https://compassgrill.co.il/eitan-meat-2/meat-vending-machine-24-7/seasoned-frozen-chicken-thigh-skewers-5pcs-automatic-meat-247/,Manual review - target not HTTP-validated
https://compassgrill.co.il/smoker-tandoor/grill-charcoal-abigail/?sort=p.sort_order&order=ASC,Manual review - target not HTTP-validated
https://compassgrill.co.il/outdoor-kitchen-9/modular-outdoor-kitchens/גריל-גז-סיזר-nero-6-מבערים-יחידת-מקרר-וכיור-יוקרתית/,Manual review - target not HTTP-validated
https://compassgrill.co.il/eitan-meat-2/frozen-ground-meat/cinnamon-kebab-on-stick-55g-12-pcs-tray/?category_id=66897,Manual review - target not HTTP-validated
https://compassgrill.co.il/tandoor-products-and-accessories/dough-working-board/?sort=pd.name&order=DESC,Manual review - target not HTTP-validated
https://compassgrill.co.il/eitan-meat-2/frozen-ground-meat/cinnamon-kebab-on-stick-55g-12-pcs-tray/?sort=pd.name&order=ASC,Manual review - target not HTTP-validated
https://compassgrill.co.il/smoker-tandoor/grill-charcoal-abigail/?sort=p.model&order=DESC,Manual review - target not HTTP-validated
https://compassgrill.co.il/outdoor-kitchen-9/modular-outdoor-kitchens/classic-outdoor-kitchen-1/?sort=price&order=ASC,Manual review - target not HTTP-validated
https://compassgrill.co.il/smoker-tandoor/grill-charcoal-abigail/?sort=pd.name&order=ASC,Manual review - target not HTTP-validated
https://compassgrill.co.il/tandoor-products-and-accessories/mineral-firebrick-for-pizza/?sort=pd.name&order=DESC,Manual review - target not HTTP-validated
https://compassgrill.co.il/smoker-tandoor/grill-charcoal-abigail/?sort=rating&order=ASC,Manual review - target not HTTP-validated
https://compassgrill.co.il/smoker-tandoor/grill-charcoal-abigail/?sort=price&order=ASC,Manual review - target not HTTP-validated
https://compassgrill.co.il/grill-charcoal-abigail/?sort=p.sort_order&order=ASC,Manual review - target not HTTP-validated
https://compassgrill.co.il/brand/giesser-1/tradition-chef-knife-20-26cm,Manual review - target not HTTP-validated
https://compassgrill.co.il/grill-charcoal-abigail/?sort=pd.name&order=DESC,Manual review - target not HTTP-validated
https://compassgrill.co.il/grill-charcoal-abigail/?sort=p.model&order=DESC,Manual review - target not HTTP-validated
https://compassgrill.co.il/tandoor-products-and-accessories/dough-working-board/?sort=pd.name&order=ASC,Manual review - target not HTTP-validated
https://compassgrill.co.il/בשר-טרי/?sort=p.sort_order&order=ASC,Manual review - target not HTTP-validated
https://compassgrill.co.il/grill-charcoal-abigail/?sort=rating&order=DESC,Manual review - target not HTTP-validated
https://compassgrill.co.il/grill-smoker-accessories/knives-and-accessories/giesser-knives/premiumcut-butcher-22/?sort=price&order=DESC,Manual review - target not HTTP-validated
https://compassgrill.co.il/מנגל-פחמים-ומנגל-לשיפודים/?sort=rating&order=ASC,Manual review - target not HTTP-validated
https://compassgrill.co.il/fuel-wood-smoking-pellets-charcoal/pecan-wood-chunks/,Manual review - target not HTTP-validated
https://compassgrill.co.il/grill-charcoal-abigail/?sort=p.model&order=ASC,Manual review - target not HTTP-validated
https://compassgrill.co.il/eitan-meat-2/fresh-beef/אנטריקוט-פידלוט-בלאק-אנגוס-חצוי-טרי/?category_id=66835&sort=p.model&order=ASC,Manual review - target not HTTP-validated
https://compassgrill.co.il/טאבונים-ומוצרים-לטאבונים/oak-trees-in-bags-for-smokers-tabons-fireplaces-and-heating-1/?sort=price&order=DESC,Manual review - target not HTTP-validated
https://compassgrill.co.il/eitan-meat-eilat/בשר-טרי/premium-certified-entrecote-pairs-vacuum-packed-500g-1/,Manual review - target not HTTP-validated
https://compassgrill.co.il/eitan-meat-2/poultry-3/כבד-אווז-קפוא-ארוז-פרימיום-copy-0/,Manual review - target not HTTP-validated
https://compassgrill.co.il/outdoor-kitchen-9/alumex/?sort=pd.name&order=ASC,Manual review - target not HTTP-validated
https://compassgrill.co.il/grill-charcoal-abigail/?sort=pd.name&order=ASC,Manual review - target not HTTP-validated
https://compassgrill.co.il/grill-smoker-accessories/compass-skewers/charcoal-grill-for-6-skewers-foldable-with-bag-1/?sort=rating&order=ASC,Manual review - target not HTTP-validated
https://compassgrill.co.il/בשר-טרי/?sort=p.model&order=DESC,Manual review - target not HTTP-validated
https://compassgrill.co.il/eitan-meat-2/frozen-meat/stuffed-spleen-4-pcs-vacuum-packed/?sort=pd.name&order=ASC,Manual review - target not HTTP-validated
https://compassgrill.co.il/smoker-tandoor/charcoal-grill-for-6-skewers-foldable-with-bag-1/?sort=rating&order=DESC,Manual review - target not HTTP-validated
https://compassgrill.co.il/eitan-meat-2/salonika-kebab-pack/?sort=p.model&order=DESC,Manual review - target not HTTP-validated
https://compassgrill.co.il/compass-skewers/שיפודי-נירוסטה-יוקרתיים-עם-ידית-ברונזה-מארז-עור-פרימיום-copy-0/,Manual review - target not HTTP-validated
https://compassgrill.co.il/meat-aging-treatment/arcos-chicken-cutting-and-boning-scissors/?category_id=121072&sort=pd.name&order=DESC,Manual review - target not HTTP-validated
https://compassgrill.co.il/brand/pit-boss/pro-1600/,Manual review - target not HTTP-validated
https://compassgrill.co.il/compass-skewers/charcoal-grill-for-6-skewers-foldable-with-bag-1/?category_id=38152,Manual review - target not HTTP-validated
https://compassgrill.co.il/smoker-tandoor/שיפודי-נירוסטה-יוקרתיים-עם-ידית-ברונזה-מארז-עור-פרימיום-copy-0/,Manual review - target not HTTP-validated
https://compassgrill.co.il/outdoor-kitchen-9/modular-outdoor-kitchens/cat4sib-ku-mwb-black/?category_id=80794&sort=p.model&order=DESC,Manual review - target not HTTP-validated
https://compassgrill.co.il/outdoor-kitchen-9/modular-outdoor-kitchens/cat4sib-ku-mwb-black/?sort=price&order=DESC,Manual review - target not HTTP-validated
https://compassgrill.co.il/outdoor-kitchen-9/modular-outdoor-kitchens/cat4sib-ku-mwb-black/?sort=pd.name&order=ASC,Manual review - target not HTTP-validated
https://compassgrill.co.il/outdoor-kitchen-9/modular-outdoor-kitchens/cbu-611-al-black-kit/,Manual review - target not HTTP-validated
https://compassgrill.co.il/בסיס-שמשייה-עגול-40-ק-ג/,Manual review - target not HTTP-validated
https://compassgrill.co.il/outdoor-kitchen-9/alumex/balcony/,Manual review - target not HTTP-validated
https://compassgrill.co.il/outdoor-kitchen-9/modular-outdoor-kitchens/,Manual review - target not HTTP-validated
https://compassgrill.co.il/oak-wood-for-smoking/hs-austrian-wood-brick/?sort=price&order=DESC,Manual review - target not HTTP-validated
https://compassgrill.co.il/outdoor-kitchen-9/?sort=pd.name&order=DESC,Manual review - target not HTTP-validated
https://compassgrill.co.il/eitan-meat-2/fresh-beef/veal-filet-medallions-5-pcs-500g/,Manual review - target not HTTP-validated
https://compassgrill.co.il/eitan-meat-2/frozen-ground-meat/iraqi-meatballs-1/?sort=pd.name&order=ASC,Manual review - target not HTTP-validated
https://compassgrill.co.il/eitan-meat-2/fresh-beef/black-angus-feedlot-shoulder-roast-no-5-2kg/?category_id=66835,Manual review - target not HTTP-validated
https://compassgrill.co.il/meat-aging-treatment/רשת-רולדה-מידה-16-אורך-50-מטר/?category_id=121072,Manual review - target not HTTP-validated
https://compassgrill.co.il/outdoor-kitchen-9/modular-outdoor-kitchens/classic-outdoor-kitchen-1/,Manual review - target not HTTP-validated
https://compassgrill.co.il/blog/choose-the-perfect-garden-furniture/,Manual review - target not HTTP-validated
https://compassgrill.co.il/שיפודי-פרימיום-מותג-compass/מארז-פרימיום-שיפודי-נירוסטה-כולל-סכין-ומזלג-להורדת-בשר-1/,Manual review - target not HTTP-validated
https://compassgrill.co.il/tandoor-products-and-accessories/dough-working-board/?sort=price&order=ASC,Manual review - target not HTTP-validated
https://compassgrill.co.il/tandoor-products-and-accessories/dough-working-board/?sort=p.model&order=ASC,Manual review - target not HTTP-validated
https://compassgrill.co.il/poultry/frozen-chicken-skewers-5-units/?sort=pd.name&order=DESC,Manual review - target not HTTP-validated
https://compassgrill.co.il/eitan-meat-2/frozen-ground-meat/?sort=p.model&order=DESC,Manual review - target not HTTP-validated
https://compassgrill.co.il/eitan-meat-2/frozen-meat/?sort=pd.name&order=ASC,Manual review - target not HTTP-validated
https://compassgrill.co.il/eitan-meat-2/frozen-ground-meat/iraqi-meatballs-1/?category_id=66897,Manual review - target not HTTP-validated
https://compassgrill.co.il/grill-smoker-accessories/compass-skewers/charcoal-grill-for-6-skewers-foldable-with-bag-1/?sort=rating&order=DESC,Manual review - target not HTTP-validated
https://compassgrill.co.il/eitan-meat-2/frozen-ground-meat/?sort=rating&order=ASC,Manual review - target not HTTP-validated
https://compassgrill.co.il/tandoor-products-and-accessories/mineral-firebrick-for-pizza/?sort=pd.name&order=ASC,Manual review - target not HTTP-validated
https://compassgrill.co.il/smoker-tandoor/fratello-גריל-מעשנה-פחמים-פרטלו/?sort=rating&order=ASC,Manual review - target not HTTP-validated
https://compassgrill.co.il/eitan-meat-2/frozen-ground-meat/?sort=pd.name&order=DESC,Manual review - target not HTTP-validated
https://compassgrill.co.il/תנור-לסאונה-יבשה-עם-פיקוד-חיצוני-9kw-מוסטנג/?search&sort=p.model&order=DESC,Manual review - target not HTTP-validated
https://compassgrill.co.il/eitan-meat-eilat/בשר-טרי/fresh-sliced-tomahawk-1kg-1/?category_id=125606&sort=rating&order=DESC,Manual review - target not HTTP-validated
https://compassgrill.co.il/oak-wood-for-smoking/smoking-enthusiast-set/?sort=price&order=DESC,Manual review - target not HTTP-validated
https://compassgrill.co.il/blog/aluminum-dining-sets-for-garden-perfect-choice-for-durable-elegant-and-comfortable-outdoor-design/,Manual review - target not HTTP-validated
https://compassgrill.co.il/eitan-meat-2/frozen-meat/angus-fl-boneless-assaado-snacks-500g/?sort=rating&order=ASC,Manual review - target not HTTP-validated
https://compassgrill.co.il/eitan-meat-2/frozen-meat/?sort=p.model&order=ASC,Manual review - target not HTTP-validated
https://compassgrill.co.il/eitan-meat-2/frozen-meat/?sort=p.model&order=DESC,Manual review - target not HTTP-validated
https://compassgrill.co.il/eitan-meat-2/meat-vending-machine-24-7/angus-veal-chorizo-900g-tray-frozen-automatic-meat-247/,Manual review - target not HTTP-validated
https://compassgrill.co.il/eitan-meat-2/meat-vending-machine-24-7/kebab-cinnamon-stick-600g-frozen-automatic-meat-247/,Manual review - target not HTTP-validated
https://compassgrill.co.il/eitan-meat-2/frozen-meat/crunch-coated-boat-fries/?sort=pd.name&order=DESC,Manual review - target not HTTP-validated
https://compassgrill.co.il/sous-vide/dumbbells/,Manual review - target not HTTP-validated
https://compassgrill.co.il/oak-wood-for-smoking/oak-trees-in-bags-for-smokers-tabons-fireplaces-and-heating-1/,Manual review - target not HTTP-validated
https://compassgrill.co.il/oak-wood-for-smoking/oak-trees-in-bags-for-smokers-tabons-fireplaces-and-heating-1/?sort=price&order=ASC,Manual review - target not HTTP-validated
https://compassgrill.co.il/eitan-meat-2/meat-vending-machine-24-7/angus-burger-880g-frozen-automatic-meat-247/,Manual review - target not HTTP-validated
https://compassgrill.co.il/oak-wood-for-smoking/plum-smoking-chips/,Manual review - target not HTTP-validated
https://compassgrill.co.il/eitan-meat-2/frozen-meat/angus-carpaccio-sliced-10-servings-700g-pack/?sort=pd.name&order=DESC,Manual review - target not HTTP-validated
https://compassgrill.co.il/smoker-tandoor/מנגל-פחמים-ומנגל-לשיפודים/stainless-steel-charcoal-grill-for-6-skewers-foldable-with-bag/,Manual review - target not HTTP-validated
https://compassgrill.co.il/eitan-meat-2/fresh-beef/denver-steak-fl-sliced-vacuum-packed-300g/,Manual review - target not HTTP-validated
https://compassgrill.co.il/tandoor-products-and-accessories/pizza-party-ardore/,Manual review - target not HTTP-validated
https://compassgrill.co.il/eitan-meat-eilat/בשר-טרי/fresh-angus-sirloin-halved-2kg-1/?sort=rating&order=DESC,Manual review - target not HTTP-validated
https://compassgrill.co.il/eitan-meat-eilat/בשר-טרי/veal-filet-medallions-5-pcs-500g-1/,Manual review - target not HTTP-validated
https://compassgrill.co.il/grill-charcoal-abigail/?sort=price&order=DESC,Manual review - target not HTTP-validated
https://compassgrill.co.il/eitan-meat-2/frozen-ground-meat/veal-lamb-kebab-140g-6-pcs-pack/?category_id=66897,Manual review - target not HTTP-validated
https://compassgrill.co.il/smoker-tandoor/grill-charcoal-abigail/?sort=p.model&order=ASC,Manual review - target not HTTP-validated
https://compassgrill.co.il/grill-smoker-accessories/compass-skewers/charcoal-grill-for-6-skewers-foldable-with-bag-1/?sort=price&order=ASC,Manual review - target not HTTP-validated
