url,issue_type,suggested_action,target_url
https://compassgrill.co.il/gas-grills-1/sportsman-2-grill-with-cart/?sort=pd.name&order=DESC,parameters,Noindex,https://compassgrill.co.il/gas-grills-1/sportsman-2-grill-with-cart/
https://compassgrill.co.il/grill-smoker-accessories/wood-chips-and-chunks-for-smoking/שבבי-עץ-בוק-למעשנה-5-ליטר/?sort=rating&order=ASC,parameters,Noindex,https://compassgrill.co.il/grill-smoker-accessories/wood-chips-and-chunks-for-smoking/שבבי-עץ-בוק-למעשנה-5-ליטר/
https://compassgrill.co.il/wood-chips-and-chunks-for-smoking/pear-wood-smoking-chunks/?sort=pd.name&order=DESC,parameters,Noindex,https://compassgrill.co.il/wood-chips-and-chunks-for-smoking/pear-wood-smoking-chunks/
https://compassgrill.co.il/brisket-1/?from_admin,duplicate,Redirect 301,https://compassgrill.co.il/brisket/
https://compassgrill.co.il/wood-chips-and-chunks-for-smoking/pear-wood-smoking-chunks/?category_id=97766&sort=price&order=ASC,parameters,Noindex,https://compassgrill.co.il/wood-chips-and-chunks-for-smoking/pear-wood-smoking-chunks/
https://compassgrill.co.il/meat-aging-treatment/premiumcut-steel-sharpening-stone-25cm-fine/?sort=rating&order=DESC,parameters,Noindex,https://compassgrill.co.il/meat-aging-treatment/premiumcut-steel-sharpening-stone-25cm-fine/
https://compassgrill.co.il/gas-grills-1/6-burner-gas-grill/videro-g6-s/?category_id=108563&sort=price&order=DESC,parameters,Noindex,https://compassgrill.co.il/gas-grills-1/6-burner-gas-grill/videro-g6-s/
https://compassgrill.co.il/smoker-tandoor/premium-set-stainless-steel-skewers-with-knife-and-fork-for-meat-remova/?category_id=34515&sort=p.model&order=DESC,parameters,Noindex,https://compassgrill.co.il/smoker-tandoor/premium-set-stainless-steel-skewers-with-knife-and-fork-for-meat-remova/
https://compassgrill.co.il/gas-grills-1/6-burner-gas-grill/videro-g6-s/?sort=pd.name&order=ASC,parameters,Noindex,https://compassgrill.co.il/gas-grills-1/6-burner-gas-grill/videro-g6-s/
https://compassgrill.co.il/charcoal-grill-smokers-tandoor/charcoal-professional/?sort=p.sort_order&order=ASC,parameters,Noindex,https://compassgrill.co.il/charcoal-grill-smokers-tandoor/charcoal-professional/
https://compassgrill.co.il/wood-chips-and-chunks-for-smoking/apple-wood-chunks/?category_id=97766&sort=price&order=ASC,parameters,Noindex,https://compassgrill.co.il/wood-chips-and-chunks-for-smoking/apple-wood-chunks/
https://compassgrill.co.il/gas-grills-1/3-burner-gas-grill/addizio/?sort=price&order=DESC,parameters,Noindex,https://compassgrill.co.il/gas-grills-1/3-burner-gas-grill/addizio/
https://compassgrill.co.il/grill-smoker-accessories/cast-iron-tools-plov-cooking/dual-cast-iron-round-griddle/?category_id=35279&sort=p.sort_order&order=ASC,parameters,Noindex,https://compassgrill.co.il/grill-smoker-accessories/cast-iron-tools-plov-cooking/dual-cast-iron-round-griddle/
https://compassgrill.co.il/gas-grills-1/3-burner-gas-grill/addizio/?sort=rating&order=ASC,parameters,Noindex,https://compassgrill.co.il/gas-grills-1/3-burner-gas-grill/addizio/
https://compassgrill.co.il/gifts/מארז-פריסת-חלה-לשבת-קרש-סיסם-סכין-לחם-berox/?category_id=128869,parameters,Canonical,https://compassgrill.co.il/gifts/מארז-פריסת-חלה-לשבת-קרש-סיסם-סכין-לחם-berox/
https://compassgrill.co.il/gifts/מתנה-ממותגת-ליום-הולדת-בוצ-ר-אלון-סכין-שף-dick/?category_id=128869,parameters,Canonical,https://compassgrill.co.il/gifts/מתנה-ממותגת-ליום-הולדת-בוצ-ר-אלון-סכין-שף-dick/
https://compassgrill.co.il/gas-grills-1/sportsman-2-grill-with-cart/?category_id=35202&sort=pd.name&order=DESC,parameters,Noindex,https://compassgrill.co.il/gas-grills-1/sportsman-2-grill-with-cart/
https://compassgrill.co.il/butcher-kfar-saba/עופות-טרי/?sort=p.sort_order&order=ASC,parameters,Noindex,https://compassgrill.co.il/butcher-kfar-saba/עופות-טרי/
https://compassgrill.co.il/grill-smoker-accessories/butcher-board/?sort=price&order=DESC,parameters,Noindex,https://compassgrill.co.il/grill-smoker-accessories/butcher-board/
https://compassgrill.co.il/meat-aging-treatment/meat-accessories-tools/burger-patty-mold/?category_id=121090&sort=p.sort_order&order=ASC,parameters,Noindex,https://compassgrill.co.il/meat-aging-treatment/meat-accessories-tools/burger-patty-mold/
https://compassgrill.co.il/cast-iron-cooking-tools/striped-pan-with-wooden-handle-cast-spout/?sort=pd.name&order=ASC,parameters,Noindex,https://compassgrill.co.il/cast-iron-cooking-tools/striped-pan-with-wooden-handle-cast-spout/
https://compassgrill.co.il/gas-grills-1/rogue-xt-365sib-il-black/?sort=pd.name&order=DESC,parameters,Noindex,https://compassgrill.co.il/gas-grills-1/rogue-xt-365sib-il-black/
https://compassgrill.co.il/gas-grills-1/f365dsibpgt-il/?category_id=35202&sort=pd.name&order=DESC,parameters,Noindex,https://compassgrill.co.il/gas-grills-1/f365dsibpgt-il/
https://compassgrill.co.il/grill-smoker-accessories/wood-chips-and-chunks-for-smoking/שבבי-עץ-אלון-למעשנה-5-ליטר/?sort=price&order=DESC,parameters,Noindex,https://compassgrill.co.il/grill-smoker-accessories/wood-chips-and-chunks-for-smoking/שבבי-עץ-אלון-למעשנה-5-ליטר/
https://compassgrill.co.il/frozen-meat/premium-sliced-lamb-ribs-6-pcs-tray/?sort=p.model&order=ASC,parameters,Noindex,https://compassgrill.co.il/frozen-meat/premium-sliced-lamb-ribs-6-pcs-tray/
https://compassgrill.co.il/gas-grills-1/rogue-xt-365sib-il-black/?category_id=35202&sort=price&order=ASC,parameters,Noindex,https://compassgrill.co.il/gas-grills-1/rogue-xt-365sib-il-black/
https://compassgrill.co.il/garden-firepits-and-decor/?sort=price&order=ASC,parameters,Noindex,https://compassgrill.co.il/garden-firepits-and-decor/
https://compassgrill.co.il/grill-smoker-accessories/wood-chips-and-chunks-for-smoking/שבבי-עץ-מייפל-למעשנה-5-ליטר/?sort=price&order=DESC,parameters,Noindex,https://compassgrill.co.il/grill-smoker-accessories/wood-chips-and-chunks-for-smoking/שבבי-עץ-מייפל-למעשנה-5-ליטר/
https://compassgrill.co.il/giesser-knives/tradition-butcher-slicer-knife-24-30cm/?category_id=104927&sort=p.model&order=DESC,parameters,Noindex,https://compassgrill.co.il/giesser-knives/tradition-butcher-slicer-knife-24-30cm/
https://compassgrill.co.il/gas-grills-1/5-burner-gas-grill/prestige-pro-665rsib/?category_id=108565&sort=p.sort_order&order=ASC,parameters,Noindex,https://compassgrill.co.il/gas-grills-1/5-burner-gas-grill/prestige-pro-665rsib/
https://compassgrill.co.il/giesser-knives/tradition-butcher-slicer-knife-24-30cm/?sort=p.model&order=DESC,parameters,Noindex,https://compassgrill.co.il/giesser-knives/tradition-butcher-slicer-knife-24-30cm/
https://compassgrill.co.il/knives-and-accessories/giesser-knives/tradition-butcher-slicer-knife-24-30cm/?category_id=104927,parameters,Canonical,https://compassgrill.co.il/knives-and-accessories/giesser-knives/tradition-butcher-slicer-knife-24-30cm/
https://compassgrill.co.il/butcher-kfar-saba/poultry-3/כרעיים-עוף-ארוז-שחיטת-הרב-מחפוד-אילת/?sort=price&order=DESC,parameters,Noindex,https://compassgrill.co.il/butcher-kfar-saba/poultry-3/כרעיים-עוף-ארוז-שחיטת-הרב-מחפוד-אילת/
https://compassgrill.co.il/meat-aging-treatment/meat-accessories-tools/premiumcut-filet/?sort=pd.name&order=ASC,parameters,Noindex,https://compassgrill.co.il/meat-aging-treatment/meat-accessories-tools/premiumcut-filet/
https://compassgrill.co.il/grill-smoker-accessories/wood-chips-and-chunks-for-smoking/שבבי-עץ-בוק-למעשנה-5-ליטר/?sort=price&order=DESC,parameters,Noindex,https://compassgrill.co.il/grill-smoker-accessories/wood-chips-and-chunks-for-smoking/שבבי-עץ-בוק-למעשנה-5-ליטר/
https://compassgrill.co.il/eitan-meat-eilat/fresh-beef/?sort=rating&order=ASC,parameters,Noindex,https://compassgrill.co.il/eitan-meat-eilat/fresh-beef/
https://compassgrill.co.il/grill-smoker-accessories/knives-and-accessories/premiumcut-steel-sharpening-stone-25cm-fine/?sort=p.model&order=DESC,parameters,Noindex,https://compassgrill.co.il/grill-smoker-accessories/knives-and-accessories/premiumcut-steel-sharpening-stone-25cm-fine/
https://compassgrill.co.il/gas-grills-1/rxt365sibpk-1-il/?category_id=35202&sort=pd.name&order=DESC,parameters,Noindex,https://compassgrill.co.il/gas-grills-1/rxt365sibpk-1-il/
https://compassgrill.co.il/meat-aging-treatment/meat-accessories-tools/premiumcut-filet/?sort=rating&order=DESC,parameters,Noindex,https://compassgrill.co.il/meat-aging-treatment/meat-accessories-tools/premiumcut-filet/
https://compassgrill.co.il/grill-smoker-accessories/lg-big-head-spatula/?category_id=37972&sort=p.sort_order&order=ASC,parameters,Noindex,https://compassgrill.co.il/grill-smoker-accessories/lg-big-head-spatula/
https://compassgrill.co.il/grill-smoker-accessories/lg-big-head-spatula/?sort=p.sort_order&order=ASC,parameters,Noindex,https://compassgrill.co.il/grill-smoker-accessories/lg-big-head-spatula/
https://compassgrill.co.il/poultry-3/frozen-chicken-shawarma-1kg/?category_id=105748&sort=pd.name&order=DESC,parameters,Noindex,https://compassgrill.co.il/poultry-3/frozen-chicken-shawarma-1kg/
https://compassgrill.co.il/eitan-meat-eilat/בשרים-קפואים/angus-fl-boneless-assaado-snacks-500g-1/?category_id=125607&sort=rating&order=ASC,parameters,Noindex,https://compassgrill.co.il/eitan-meat-eilat/בשרים-קפואים/angus-fl-boneless-assaado-snacks-500g/
https://compassgrill.co.il/eitan-meat-eilat/בשרים-קפואים/angus-fl-boneless-assaado-snacks-500g-1/?category_id=125607&sort=rating&order=ASC,duplicate,Redirect 301,https://compassgrill.co.il/eitan-meat-eilat/בשרים-קפואים/angus-fl-boneless-assaado-snacks-500g/
https://compassgrill.co.il/sous-vide-5/sous-vide-ball-set/?sort=pd.name&order=ASC,parameters,Noindex,https://compassgrill.co.il/sous-vide-5/sous-vide-ball-set/
https://compassgrill.co.il/garden-firepits-and-decor/hampton/?sort=pd.name&order=ASC,parameters,Noindex,https://compassgrill.co.il/garden-firepits-and-decor/hampton/
https://compassgrill.co.il/eitan-meat-eilat/בשרים-קפואים/אילת-סטייק-סינטה-בלאק-אנגוס-פידלוט-copy-0/?sort=rating&order=DESC,parameters,Noindex,https://compassgrill.co.il/eitan-meat-eilat/בשרים-קפואים/אילת-סטייק-סינטה-בלאק-אנגוס-פידלוט/
https://compassgrill.co.il/eitan-meat-eilat/בשרים-קפואים/אילת-סטייק-סינטה-בלאק-אנגוס-פידלוט-copy-0/?sort=rating&order=DESC,duplicate,Redirect 301,https://compassgrill.co.il/eitan-meat-eilat/בשרים-קפואים/אילת-סטייק-סינטה-בלאק-אנגוס-פידלוט/
https://compassgrill.co.il/eitan-meat-eilat/בשרים-קפואים/אילת-סטייק-סינטה-בלאק-אנגוס-פידלוט-copy-0/?category_id=125607&sort=rating&order=DESC,parameters,Noindex,https://compassgrill.co.il/eitan-meat-eilat/בשרים-קפואים/אילת-סטייק-סינטה-בלאק-אנגוס-פידלוט/
https://compassgrill.co.il/eitan-meat-eilat/בשרים-קפואים/אילת-סטייק-סינטה-בלאק-אנגוס-פידלוט-copy-0/?category_id=125607&sort=rating&order=DESC,duplicate,Redirect 301,https://compassgrill.co.il/eitan-meat-eilat/בשרים-קפואים/אילת-סטייק-סינטה-בלאק-אנגוס-פידלוט/
https://compassgrill.co.il/gas-grills-1/compass-basalt-stones/?category_id=35202&sort=pd.name&order=DESC,parameters,Noindex,https://compassgrill.co.il/gas-grills-1/compass-basalt-stones/
https://compassgrill.co.il/gas-grills-1/compass-basalt-stones/?sort=pd.name&order=DESC,parameters,Noindex,https://compassgrill.co.il/gas-grills-1/compass-basalt-stones/
https://compassgrill.co.il/grill-smoker-accessories/knives-and-accessories/סכין-סנטוקו-מחוזקת-חריצים-18-ס-מ-berox/?category_id=35161&sort=price&order=ASC,parameters,Noindex,https://compassgrill.co.il/grill-smoker-accessories/knives-and-accessories/סכין-סנטוקו-מחוזקת-חריצים-18-ס-מ-berox/
https://compassgrill.co.il/meat-aging-treatment/meat-accessories-tools/burger-patty-mold/?sort=p.sort_order&order=ASC,parameters,Noindex,https://compassgrill.co.il/meat-aging-treatment/meat-accessories-tools/burger-patty-mold/
https://compassgrill.co.il/grill-smoker-accessories/butcher-board/קרש-חיתוך-מעץ-סיסם-אירופאי-40-25-עם-תעלת-ניקוז/?sort=price&order=ASC,parameters,Noindex,https://compassgrill.co.il/grill-smoker-accessories/butcher-board/קרש-חיתוך-מעץ-סיסם-אירופאי-40-25-עם-תעלת-ניקוז/
https://compassgrill.co.il/grill-smoker-accessories/butcher-board/קרש-חיתוך-מעץ-סיסם-אירופאי-40-25-עם-תעלת-ניקוז/?category_id=128801,parameters,Canonical,https://compassgrill.co.il/grill-smoker-accessories/butcher-board/קרש-חיתוך-מעץ-סיסם-אירופאי-40-25-עם-תעלת-ניקוז/
https://compassgrill.co.il/smoker-tandoor/pellet-smokers/pit-boss-austin-xl-onyx-מעשנת-וגריל-פלט-מקצועי/?sort=price&order=DESC,parameters,Noindex,https://compassgrill.co.il/smoker-tandoor/pellet-smokers/pit-boss-austin-xl-onyx-מעשנת-וגריל-פלט-מקצועי/
https://compassgrill.co.il/smoker-tandoor/ultimate-griddle-4/?sort=rating&order=ASC,parameters,Noindex,https://compassgrill.co.il/smoker-tandoor/ultimate-griddle-4/
https://compassgrill.co.il/gas-grills-1/ultimate-griddle-4/?sort=pd.name&order=DESC,parameters,Noindex,https://compassgrill.co.il/gas-grills-1/ultimate-griddle-4/
https://compassgrill.co.il/grill-smoker-accessories/plates-for-serving/צלחת-אובלית-מעץ-מלא-25-35-דו-צדדית/?sort=pd.name&order=ASC,parameters,Noindex,https://compassgrill.co.il/grill-smoker-accessories/plates-for-serving/צלחת-אובלית-מעץ-מלא-25-35-דו-צדדית/
https://compassgrill.co.il/grill-smoker-accessories/italian-basalt-premium-products/premium-italian-basalte-firebrick-30x30/?category_id=100557&sort=rating&order=DESC,parameters,Noindex,https://compassgrill.co.il/grill-smoker-accessories/italian-basalt-premium-products/premium-italian-basalte-firebrick-30x30/
https://compassgrill.co.il/eitan-meat-eilat/עופות-קפוא/לבבות-עוף-ארוז-קפוא-שחיטת-הרב-מחפוד-אילת/?sort=p.model&order=ASC,parameters,Noindex,https://compassgrill.co.il/eitan-meat-eilat/עופות-קפוא/לבבות-עוף-ארוז-קפוא-שחיטת-הרב-מחפוד-אילת/
https://compassgrill.co.il/eitan-meat-eilat/לבבות-עוף-ארוז-קפוא-שחיטת-הרב-מחפוד-אילת/?sort=pd.name&order=DESC,parameters,Noindex,https://compassgrill.co.il/eitan-meat-eilat/לבבות-עוף-ארוז-קפוא-שחיטת-הרב-מחפוד-אילת/
https://compassgrill.co.il/grill-smoker-accessories/italian-basalt-premium-products/premium-italian-basalte-firebrick-30x30/?category_id=100557&sort=price&order=ASC,parameters,Noindex,https://compassgrill.co.il/grill-smoker-accessories/italian-basalt-premium-products/premium-italian-basalte-firebrick-30x30/
https://compassgrill.co.il/eitan-meat-eilat/לבבות-עוף-ארוז-קפוא-שחיטת-הרב-מחפוד-אילת/?sort=price&order=ASC,parameters,Noindex,https://compassgrill.co.il/eitan-meat-eilat/לבבות-עוף-ארוז-קפוא-שחיטת-הרב-מחפוד-אילת/
https://compassgrill.co.il/grill-smoker-accessories/knives-and-accessories/סכין-סנטוקו-מחוזקת-חריצים-18-ס-מ-berox/?sort=price&order=ASC,parameters,Noindex,https://compassgrill.co.il/grill-smoker-accessories/knives-and-accessories/סכין-סנטוקו-מחוזקת-חריצים-18-ס-מ-berox/
https://compassgrill.co.il/grill-smoker-accessories/butcher-board/בוצ-ר-אנדגריין-אלון-30x40-עם-תעלה/?category_id=128801&sort=price&order=DESC,parameters,Noindex,https://compassgrill.co.il/grill-smoker-accessories/butcher-board/בוצ-ר-אנדגריין-אלון-30x40-עם-תעלה/
https://compassgrill.co.il/teperberg-wines/teperberg-impression-cabernet-sauvignon-750ml/?category_id=70397&sort=rating&order=DESC,parameters,Noindex,https://compassgrill.co.il/teperberg-wines/teperberg-impression-cabernet-sauvignon-750ml/
https://compassgrill.co.il/teperberg-wines/teperberg-impression-cabernet-sauvignon-750ml/?sort=rating&order=DESC,parameters,Noindex,https://compassgrill.co.il/teperberg-wines/teperberg-impression-cabernet-sauvignon-750ml/
https://compassgrill.co.il/teperberg-wines/?sort=rating&order=DESC,parameters,Noindex,https://compassgrill.co.il/teperberg-wines/
https://compassgrill.co.il/meat-aging-treatment/butcher-paper-sheets-brown-for-smoking-meat/?category_id=121072&sort=rating&order=DESC,parameters,Noindex,https://compassgrill.co.il/meat-aging-treatment/butcher-paper-sheets-brown-for-smoking-meat/
https://compassgrill.co.il/garden-firepits-and-decor/?sort=pd.name&order=ASC,parameters,Noindex,https://compassgrill.co.il/garden-firepits-and-decor/
https://compassgrill.co.il/grill-smoker-accessories/knives-and-accessories/סכין-בשר-26-ס-מ-להב-גבוה-dick-ergogrip/?sort=price&order=ASC,parameters,Noindex,https://compassgrill.co.il/grill-smoker-accessories/knives-and-accessories/סכין-בשר-26-ס-מ-להב-גבוה-dick-ergogrip/
https://compassgrill.co.il/gifts/מארז-פריסת-חלה-לשבת-קרש-סיסם-סכין-לחם-berox/?sort=price&order=ASC,parameters,Noindex,https://compassgrill.co.il/gifts/מארז-פריסת-חלה-לשבת-קרש-סיסם-סכין-לחם-berox/
https://compassgrill.co.il/gifts/מארז-מתנה-לגבר-בוצ-ר-עץ-אלון-סכין-שף-dick/?category_id=128869,parameters,Canonical,https://compassgrill.co.il/gifts/מארז-מתנה-לגבר-בוצ-ר-עץ-אלון-סכין-שף-dick/
https://compassgrill.co.il/butcher-kfar-saba/frozen-ground-meat/angus-chorizo-1-1/?sort=p.model&order=DESC,parameters,Noindex,https://compassgrill.co.il/butcher-kfar-saba/frozen-ground-meat/angus-chorizo-1/
https://compassgrill.co.il/butcher-kfar-saba/frozen-ground-meat/angus-chorizo-1-1/?sort=p.model&order=DESC,duplicate,Redirect 301,https://compassgrill.co.il/butcher-kfar-saba/frozen-ground-meat/angus-chorizo-1/
https://compassgrill.co.il/butcher-kfar-saba/frozen-ground-meat/angus-chorizo-1-1/?sort=rating&order=DESC,parameters,Noindex,https://compassgrill.co.il/butcher-kfar-saba/frozen-ground-meat/angus-chorizo-1/
https://compassgrill.co.il/butcher-kfar-saba/frozen-ground-meat/angus-chorizo-1-1/?sort=rating&order=DESC,duplicate,Redirect 301,https://compassgrill.co.il/butcher-kfar-saba/frozen-ground-meat/angus-chorizo-1/
https://compassgrill.co.il/gifts/מארז-מתנה-לגבר-בוצ-ר-עץ-אלון-סכין-שף-dick/?category_id=128869&sort=rating&order=DESC,parameters,Noindex,https://compassgrill.co.il/gifts/מארז-מתנה-לגבר-בוצ-ר-עץ-אלון-סכין-שף-dick/
https://compassgrill.co.il/smoker-tandoor/pellet-smokers/navigator-150/?sort=p.model&order=DESC,parameters,Noindex,https://compassgrill.co.il/smoker-tandoor/pellet-smokers/navigator-150/
https://compassgrill.co.il/grill-smoker-accessories/knives-and-accessories/סכין-שף-21-ס-מ-berox/?sort=price&order=ASC,parameters,Noindex,https://compassgrill.co.il/grill-smoker-accessories/knives-and-accessories/סכין-שף-21-ס-מ-berox/
https://compassgrill.co.il/frozen-meat/black-angus-feedlot-shoulder-roast-slice-5/?category_id=66836&sort=p.model&order=ASC,parameters,Noindex,https://compassgrill.co.il/frozen-meat/black-angus-feedlot-shoulder-roast-slice-5/
https://compassgrill.co.il/sous-vide-5/sous-vide-ball-set/?sort=price&order=DESC,parameters,Noindex,https://compassgrill.co.il/sous-vide-5/sous-vide-ball-set/
https://compassgrill.co.il/gas-grills-1/5-burner-gas-grill/ultimate-griddle-5/?sort=rating&order=DESC,parameters,Noindex,https://compassgrill.co.il/gas-grills-1/5-burner-gas-grill/ultimate-griddle-5/
https://compassgrill.co.il/sous-vide-5/sous-vide-ball-set/?sort=p.model&order=ASC,parameters,Noindex,https://compassgrill.co.il/sous-vide-5/sous-vide-ball-set/
https://compassgrill.co.il/butcher-kfar-saba/frozen-ground-meat/angus-chorizo-1-1/?sort=rating&order=ASC,parameters,Noindex,https://compassgrill.co.il/butcher-kfar-saba/frozen-ground-meat/angus-chorizo-1/
https://compassgrill.co.il/butcher-kfar-saba/frozen-ground-meat/angus-chorizo-1-1/?sort=rating&order=ASC,duplicate,Redirect 301,https://compassgrill.co.il/butcher-kfar-saba/frozen-ground-meat/angus-chorizo-1/
https://compassgrill.co.il/gas-grills-1/o-f-b-lite-גריל-גז-מבער-עליון-סלמנדרה-מתצוגה/?category_id=35202&sort=price&order=ASC,parameters,Noindex,https://compassgrill.co.il/gas-grills-1/o-f-b-lite-גריל-גז-מבער-עליון-סלמנדרה-מתצוגה/
https://compassgrill.co.il/gas-grills-1/o-f-b-lite-גריל-גז-מבער-עליון-סלמנדרה-מתצוגה/?sort=price&order=ASC,parameters,Noindex,https://compassgrill.co.il/gas-grills-1/o-f-b-lite-גריל-גז-מבער-עליון-סלמנדרה-מתצוגה/
https://compassgrill.co.il/eitan-meat-eilat/angus-merguez-60g-13-15-pcs-tray-1/?sort=price&order=ASC,parameters,Noindex,https://compassgrill.co.il/eitan-meat-eilat/angus-merguez-60g-13-15-pcs-tray/
https://compassgrill.co.il/eitan-meat-eilat/angus-merguez-60g-13-15-pcs-tray-1/?sort=price&order=ASC,duplicate,Redirect 301,https://compassgrill.co.il/eitan-meat-eilat/angus-merguez-60g-13-15-pcs-tray/
https://compassgrill.co.il/grill-smoker-accessories/wood-chips-and-chunks-for-smoking/שבבי-עץ-היקורי-למעשנה-5-ליטר/?sort=price&order=DESC,parameters,Noindex,https://compassgrill.co.il/grill-smoker-accessories/wood-chips-and-chunks-for-smoking/שבבי-עץ-היקורי-למעשנה-5-ליטר/
https://compassgrill.co.il/gifts/מארז-לשף-שלנו-באהבה-קרש-עץ-סכין-שף-berox/?category_id=128869,parameters,Canonical,https://compassgrill.co.il/gifts/מארז-לשף-שלנו-באהבה-קרש-עץ-סכין-שף-berox/
https://compassgrill.co.il/gifts/מארז-לשף-שלנו-באהבה-קרש-עץ-סכין-שף-berox/?sort=price&order=ASC,parameters,Noindex,https://compassgrill.co.il/gifts/מארז-לשף-שלנו-באהבה-קרש-עץ-סכין-שף-berox/
https://compassgrill.co.il/grill-smoker-accessories/plates-for-serving/פרוסת-סיסם-אירופאי-100-קרש-הגשה-טבעי-מעץ-מלא/?sort=pd.name&order=ASC,parameters,Noindex,https://compassgrill.co.il/grill-smoker-accessories/plates-for-serving/פרוסת-סיסם-אירופאי-100-קרש-הגשה-טבעי-מעץ-מלא/
https://compassgrill.co.il/meat-aging-treatment/meat-accessories-tools/magnetic-butcher-board/?sort=price&order=DESC,parameters,Noindex,https://compassgrill.co.il/meat-aging-treatment/meat-accessories-tools/magnetic-butcher-board/
https://compassgrill.co.il/grill-smoker-accessories/knives-and-accessories/סכין-בשר-26-ס-מ-להב-גבוה-dick-ergogrip/?sort=rating&order=ASC,parameters,Noindex,https://compassgrill.co.il/grill-smoker-accessories/knives-and-accessories/סכין-בשר-26-ס-מ-להב-גבוה-dick-ergogrip/
https://compassgrill.co.il/grill-smoker-accessories/plates-for-serving/פרוסת-סיסם-אירופאי-100-קרש-הגשה-טבעי-מעץ-מלא/?category_id=128868,parameters,Canonical,https://compassgrill.co.il/grill-smoker-accessories/plates-for-serving/פרוסת-סיסם-אירופאי-100-קרש-הגשה-טבעי-מעץ-מלא/
https://compassgrill.co.il/grill-smoker-accessories/knives-and-accessories/premiumcut-3-piece-set/?category_id=35161&sort=p.sort_order&order=ASC,parameters,Noindex,https://compassgrill.co.il/grill-smoker-accessories/knives-and-accessories/premiumcut-3-piece-set/
https://compassgrill.co.il/fresh-beef/sliced-feedlot-sirloin/?sort=pd.name&order=DESC,parameters,Noindex,https://compassgrill.co.il/fresh-beef/sliced-feedlot-sirloin/
https://compassgrill.co.il/smoker-tandoor/pellet-smokers/pit-boss-austin-xl-onyx-מעשנת-וגריל-פלט-מקצועי/?category_id=34516&sort=p.model&order=DESC,parameters,Noindex,https://compassgrill.co.il/smoker-tandoor/pellet-smokers/pit-boss-austin-xl-onyx-מעשנת-וגריל-פלט-מקצועי/
https://compassgrill.co.il/grill-smoker-accessories/knives-and-accessories/premiumcut-3-piece-set/?sort=p.sort_order&order=ASC,parameters,Noindex,https://compassgrill.co.il/grill-smoker-accessories/knives-and-accessories/premiumcut-3-piece-set/
https://compassgrill.co.il/smoker-tandoor/pellet-smokers/pit-boss-austin-xl-onyx-מעשנת-וגריל-פלט-מקצועי/?sort=p.model&order=DESC,parameters,Noindex,https://compassgrill.co.il/smoker-tandoor/pellet-smokers/pit-boss-austin-xl-onyx-מעשנת-וגריל-פלט-מקצועי/
https://compassgrill.co.il/smoker-tandoor/pellet-smokers/tailgater-pellet-smoker/?category_id=34516&sort=p.model&order=DESC,parameters,Noindex,https://compassgrill.co.il/smoker-tandoor/pellet-smokers/tailgater-pellet-smoker/
https://compassgrill.co.il/smoker-tandoor/charcoal-grill-with-legs-for-6-skewers-foldable-with-bag/?category_id=34515&sort=p.model&order=DESC,parameters,Noindex,https://compassgrill.co.il/smoker-tandoor/charcoal-grill-with-legs-for-6-skewers-foldable-with-bag/
https://compassgrill.co.il/plates-for-serving/פרוסת-סיסם-אירופאי-100-קרש-הגשה-טבעי-מעץ-מלא/?sort=p.model&order=ASC,parameters,Noindex,https://compassgrill.co.il/plates-for-serving/פרוסת-סיסם-אירופאי-100-קרש-הגשה-טבעי-מעץ-מלא/
https://compassgrill.co.il/smoker-tandoor/charcoal-grill-with-legs-for-6-skewers-foldable-with-bag/?sort=p.model&order=DESC,parameters,Noindex,https://compassgrill.co.il/smoker-tandoor/charcoal-grill-with-legs-for-6-skewers-foldable-with-bag/
https://compassgrill.co.il/grill-smoker-accessories/knives-and-accessories/סכין-בשר-חריצים-26-ס-מ-להב-גבוה-dick-ergogrip/?category_id=35161&sort=p.sort_order&order=ASC,parameters,Noindex,https://compassgrill.co.il/grill-smoker-accessories/knives-and-accessories/סכין-בשר-חריצים-26-ס-מ-להב-גבוה-dick-ergogrip/
https://compassgrill.co.il/smoker-tandoor/pellet-smokers/tailgater-pellet-smoker/?sort=p.model&order=DESC,parameters,Noindex,https://compassgrill.co.il/smoker-tandoor/pellet-smokers/tailgater-pellet-smoker/
https://compassgrill.co.il/smoker-tandoor/pellet-smokers/lg1200fl-founders-legacy/?sort=p.model&order=DESC,parameters,Noindex,https://compassgrill.co.il/smoker-tandoor/pellet-smokers/lg1200fl-founders-legacy/
https://compassgrill.co.il/smoker-tandoor/pellet-smokers/lg800fp-founders-premier/?sort=p.model&order=DESC,parameters,Noindex,https://compassgrill.co.il/smoker-tandoor/pellet-smokers/lg800fp-founders-premier/
https://compassgrill.co.il/plates-for-serving/?sort=price&order=ASC,parameters,Noindex,https://compassgrill.co.il/plates-for-serving/
https://compassgrill.co.il/grill-smoker-accessories/knives-and-accessories/סכין-בשר-חריצים-26-ס-מ-להב-גבוה-dick-ergogrip/?sort=p.sort_order&order=ASC,parameters,Noindex,https://compassgrill.co.il/grill-smoker-accessories/knives-and-accessories/סכין-בשר-חריצים-26-ס-מ-להב-גבוה-dick-ergogrip/
https://compassgrill.co.il/plates-for-serving/?sort=pd.name&order=ASC,parameters,Noindex,https://compassgrill.co.il/plates-for-serving/
https://compassgrill.co.il/fresh-beef/אנטריקוט-פידלוט-בלאק-אנגוס-חצוי-טרי/?sort=rating&order=ASC,parameters,Noindex,https://compassgrill.co.il/fresh-beef/אנטריקוט-פידלוט-בלאק-אנגוס-חצוי-טרי/
https://compassgrill.co.il/smoker-tandoor/lg800fp-founders-premier/?sort=rating&order=ASC,parameters,Noindex,https://compassgrill.co.il/smoker-tandoor/lg800fp-founders-premier/
https://compassgrill.co.il/smoker-tandoor/cast-iron-round-griddle-1/?sort=p.model&order=DESC,parameters,Noindex,https://compassgrill.co.il/smoker-tandoor/cast-iron-round-griddle/
https://compassgrill.co.il/smoker-tandoor/cast-iron-round-griddle-1/?sort=p.model&order=DESC,duplicate,Redirect 301,https://compassgrill.co.il/smoker-tandoor/cast-iron-round-griddle/
https://compassgrill.co.il/frozen-meat/black-angus-feedlot-shoulder-roast-slice-5/?sort=p.model&order=ASC,parameters,Noindex,https://compassgrill.co.il/frozen-meat/black-angus-feedlot-shoulder-roast-slice-5/
https://compassgrill.co.il/frozen-meat/premium-sliced-lamb-ribs-6-pcs-tray/?category_id=66836&sort=p.model&order=ASC,parameters,Noindex,https://compassgrill.co.il/frozen-meat/premium-sliced-lamb-ribs-6-pcs-tray/
https://compassgrill.co.il/frozen-meat/black-angus-feedlot-shoulder-roast-slice-5/?sort=pd.name&order=ASC,parameters,Noindex,https://compassgrill.co.il/frozen-meat/black-angus-feedlot-shoulder-roast-slice-5/
https://compassgrill.co.il/grill-smoker-accessories/butcher-board/?sort=pd.name&order=ASC,parameters,Noindex,https://compassgrill.co.il/grill-smoker-accessories/butcher-board/
https://compassgrill.co.il/pellet-smokers/lg800fp-founders-premier/?sort=p.model&order=ASC,parameters,Noindex,https://compassgrill.co.il/pellet-smokers/lg800fp-founders-premier/
https://compassgrill.co.il/sous-vide-5/dumbbells/?sort=price&order=ASC,parameters,Noindex,https://compassgrill.co.il/sous-vide-5/dumbbells/
https://compassgrill.co.il/grill-smoker-accessories/wood-chips-and-chunks-for-smoking/שבבי-עץ-היקורי-למעשנה-5-ליטר/?category_id=97766&sort=price&order=ASC,parameters,Noindex,https://compassgrill.co.il/grill-smoker-accessories/wood-chips-and-chunks-for-smoking/שבבי-עץ-היקורי-למעשנה-5-ליטר/
https://compassgrill.co.il/sous-vide-5/dumbbells/?sort=rating&order=ASC,parameters,Noindex,https://compassgrill.co.il/sous-vide-5/dumbbells/
https://compassgrill.co.il/grill-smoker-accessories/italian-basalt-premium-products/premium-italian-basalte-firebrick-30x30/?sort=p.model&order=DESC,parameters,Noindex,https://compassgrill.co.il/grill-smoker-accessories/italian-basalt-premium-products/premium-italian-basalte-firebrick-30x30/
https://compassgrill.co.il/grill-smoker-accessories/wood-chips-and-chunks-for-smoking/שבבי-עץ-היקורי-למעשנה-5-ליטר/?category_id=97766&sort=pd.name&order=ASC,parameters,Noindex,https://compassgrill.co.il/grill-smoker-accessories/wood-chips-and-chunks-for-smoking/שבבי-עץ-היקורי-למעשנה-5-ליטר/
https://compassgrill.co.il/טחונים-קפואים/angus-burger-220g-4-pcs-tray-chef-recipe-1/?category_id=125609,parameters,Canonical,https://compassgrill.co.il/טחונים-קפואים/angus-burger-220g-4-pcs-tray-chef-recipe-1/
https://compassgrill.co.il/טחונים-קפואים/angus-burger-220g-4-pcs-tray-chef-recipe-1/?category_id=125609,duplicate,Redirect 301,https://compassgrill.co.il/טחונים-קפואים/angus-burger-220g-4-pcs-tray-chef-recipe-1/
https://compassgrill.co.il/טחונים-קפואים/angus-burger-220g-4-pcs-tray-chef-recipe-1/,duplicate,Redirect 301,https://compassgrill.co.il/טחונים-קפואים/angus-burger-220g-4-pcs-tray-chef-recipe-1/
https://compassgrill.co.il/grill-smoker-accessories/wood-chips-and-chunks-for-smoking/שבבי-עץ-היקורי-למעשנה-5-ליטר/?sort=pd.name&order=ASC,parameters,Noindex,https://compassgrill.co.il/grill-smoker-accessories/wood-chips-and-chunks-for-smoking/שבבי-עץ-היקורי-למעשנה-5-ליטר/
https://compassgrill.co.il/meat-aging-treatment/butcher-paper-sheets-brown-for-smoking-meat/?sort=rating&order=DESC,parameters,Noindex,https://compassgrill.co.il/meat-aging-treatment/butcher-paper-sheets-brown-for-smoking-meat/
https://compassgrill.co.il/grill-smoker-accessories/wood-chips-and-chunks-for-smoking/שבבי-עץ-היקורי-למעשנה-5-ליטר/?sort=price&order=ASC,parameters,Noindex,https://compassgrill.co.il/grill-smoker-accessories/wood-chips-and-chunks-for-smoking/שבבי-עץ-היקורי-למעשנה-5-ליטר/
https://compassgrill.co.il/meat-aging-treatment/butcher-paper-sheets-brown-for-smoking-meat/?category_id=121072&sort=pd.name&order=ASC,parameters,Noindex,https://compassgrill.co.il/meat-aging-treatment/butcher-paper-sheets-brown-for-smoking-meat/
https://compassgrill.co.il/gifts/מארז-פריסת-חלה-לשבת-קרש-סיסם-סכין-לחם-berox/?sort=pd.name&order=DESC,parameters,Noindex,https://compassgrill.co.il/gifts/מארז-פריסת-חלה-לשבת-קרש-סיסם-סכין-לחם-berox/
https://compassgrill.co.il/gas-grills-1/gas-grill-charcoal-smoker-combo/pit-boss-lexington-charcoal-מעשנת-וגריל-פחמים-מקצועי/?category_id=108566&sort=pd.name&order=ASC,parameters,Noindex,https://compassgrill.co.il/gas-grills-1/gas-grill-charcoal-smoker-combo/pit-boss-lexington-charcoal-מעשנת-וגריל-פחמים-מקצועי/
https://compassgrill.co.il/eitan-meat-eilat/בשרים-קפואים/black-angus-feedlot-shoulder-roast-slice-5-1/?sort=p.model&order=DESC,parameters,Noindex,https://compassgrill.co.il/eitan-meat-eilat/בשרים-קפואים/black-angus-feedlot-shoulder-roast-slice-5/
https://compassgrill.co.il/eitan-meat-eilat/בשרים-קפואים/black-angus-feedlot-shoulder-roast-slice-5-1/?sort=p.model&order=DESC,duplicate,Redirect 301,https://compassgrill.co.il/eitan-meat-eilat/בשרים-קפואים/black-angus-feedlot-shoulder-roast-slice-5/
https://compassgrill.co.il/gas-grills-1/rubicon-modular-kitchen/?category_id=35202&sort=pd.name&order=DESC,parameters,Noindex,https://compassgrill.co.il/gas-grills-1/rubicon-modular-kitchen/
https://compassgrill.co.il/eitan-meat-eilat/thin-sliced-chicken-breast-1kg-1/?sort=price&order=ASC,parameters,Noindex,https://compassgrill.co.il/eitan-meat-eilat/thin-sliced-chicken-breast-1kg/
https://compassgrill.co.il/eitan-meat-eilat/thin-sliced-chicken-breast-1kg-1/?sort=price&order=ASC,duplicate,Redirect 301,https://compassgrill.co.il/eitan-meat-eilat/thin-sliced-chicken-breast-1kg/
https://compassgrill.co.il/grill-smoker-accessories/wood-chips-and-chunks-for-smoking/שבבי-עץ-אלון-למעשנה-5-ליטר/?category_id=97766&sort=pd.name&order=ASC,parameters,Noindex,https://compassgrill.co.il/grill-smoker-accessories/wood-chips-and-chunks-for-smoking/שבבי-עץ-אלון-למעשנה-5-ליטר/
https://compassgrill.co.il/gas-grills-1/sportsman-3-1/?category_id=35202&sort=pd.name&order=DESC,parameters,Noindex,https://compassgrill.co.il/gas-grills-1/sportsman-3/
https://compassgrill.co.il/gas-grills-1/sportsman-3-1/?category_id=35202&sort=pd.name&order=DESC,duplicate,Redirect 301,https://compassgrill.co.il/gas-grills-1/sportsman-3/
https://compassgrill.co.il/knives-and-accessories/premiumcut-steel-sharpening-stone-25cm-fine/?sort=price&order=ASC,parameters,Noindex,https://compassgrill.co.il/knives-and-accessories/premiumcut-steel-sharpening-stone-25cm-fine/
https://compassgrill.co.il/gas-grills-1/gas-grill-charcoal-smoker-combo/boretti-ibrido/?sort=p.model&order=DESC,parameters,Noindex,https://compassgrill.co.il/gas-grills-1/gas-grill-charcoal-smoker-combo/boretti-ibrido/
https://compassgrill.co.il/gas-grills-1/gas-grill-charcoal-smoker-combo/pit-boss-lexington-charcoal-מעשנת-וגריל-פחמים-מקצועי/?sort=pd.name&order=ASC,parameters,Noindex,https://compassgrill.co.il/gas-grills-1/gas-grill-charcoal-smoker-combo/pit-boss-lexington-charcoal-מעשנת-וגריל-פחמים-מקצועי/
https://compassgrill.co.il/gas-grills-1/gas-grill-charcoal-smoker-combo/boretti-ibrido/?category_id=108566&sort=p.model&order=DESC,parameters,Noindex,https://compassgrill.co.il/gas-grills-1/gas-grill-charcoal-smoker-combo/boretti-ibrido/
https://compassgrill.co.il/grill-smoker-accessories/wood-chips-and-chunks-for-smoking/שבבי-עץ-אלון-למעשנה-5-ליטר/?sort=pd.name&order=ASC,parameters,Noindex,https://compassgrill.co.il/grill-smoker-accessories/wood-chips-and-chunks-for-smoking/שבבי-עץ-אלון-למעשנה-5-ליטר/
https://compassgrill.co.il/smoker-tandoor/stainless-steel-skewer-wooden-handle-handcrafted-with-bronze-casting/?category_id=34515&sort=p.model&order=DESC,parameters,Noindex,https://compassgrill.co.il/smoker-tandoor/stainless-steel-skewer-wooden-handle-handcrafted-with-bronze-casting/
https://compassgrill.co.il/grill-smoker-accessories/grease-bucket/?category_id=37972&sort=p.model&order=ASC,parameters,Noindex,https://compassgrill.co.il/grill-smoker-accessories/grease-bucket/
https://compassgrill.co.il/grill-smoker-accessories/grease-bucket/?sort=p.model&order=ASC,parameters,Noindex,https://compassgrill.co.il/grill-smoker-accessories/grease-bucket/
https://compassgrill.co.il/gas-grills-1/sportsman-3-1/?sort=pd.name&order=DESC,parameters,Noindex,https://compassgrill.co.il/gas-grills-1/sportsman-3/
https://compassgrill.co.il/gas-grills-1/sportsman-3-1/?sort=pd.name&order=DESC,duplicate,Redirect 301,https://compassgrill.co.il/gas-grills-1/sportsman-3/
https://compassgrill.co.il/grill-smoker-accessories/wood-chips-and-chunks-for-smoking/שבבי-עץ-מייפל-למעשנה-5-ליטר/?sort=pd.name&order=ASC,parameters,Noindex,https://compassgrill.co.il/grill-smoker-accessories/wood-chips-and-chunks-for-smoking/שבבי-עץ-מייפל-למעשנה-5-ליטר/
https://compassgrill.co.il/butcher-kfar-saba/poultry-3/כרעיים-עוף-ארוז-שחיטת-הרב-מחפוד-אילת/?sort=pd.name&order=DESC,parameters,Noindex,https://compassgrill.co.il/butcher-kfar-saba/poultry-3/כרעיים-עוף-ארוז-שחיטת-הרב-מחפוד-אילת/
https://compassgrill.co.il/grill-smoker-accessories/wood-chips-and-chunks-for-smoking/שבבי-עץ-בוק-למעשנה-5-ליטר/?category_id=97766&sort=pd.name&order=ASC,parameters,Noindex,https://compassgrill.co.il/grill-smoker-accessories/wood-chips-and-chunks-for-smoking/שבבי-עץ-בוק-למעשנה-5-ליטר/
https://compassgrill.co.il/grill-smoker-accessories/knives-and-accessories/giesser-knives/premiumcut-chef/?category_id=104927&sort=rating&order=ASC,parameters,Noindex,https://compassgrill.co.il/grill-smoker-accessories/knives-and-accessories/giesser-knives/premiumcut-chef/
https://compassgrill.co.il/grill-smoker-accessories/grill-grate/?category_id=37972&sort=p.model&order=ASC,parameters,Noindex,https://compassgrill.co.il/grill-smoker-accessories/grill-grate/
https://compassgrill.co.il/butcher-kfar-saba/poultry-3/כרעיים-עוף-ארוז-שחיטת-הרב-מחפוד-אילת/?sort=p.model&order=ASC,parameters,Noindex,https://compassgrill.co.il/butcher-kfar-saba/poultry-3/כרעיים-עוף-ארוז-שחיטת-הרב-מחפוד-אילת/
https://compassgrill.co.il/grill-smoker-accessories/grill-grate/?sort=p.model&order=ASC,parameters,Noindex,https://compassgrill.co.il/grill-smoker-accessories/grill-grate/
https://compassgrill.co.il/meat-aging-treatment/meat-accessories-tools/yakitori-skewers/?sort=p.sort_order&order=ASC,parameters,Noindex,https://compassgrill.co.il/meat-aging-treatment/meat-accessories-tools/yakitori-skewers/
https://compassgrill.co.il/meat-aging-treatment/meat-accessories-tools/yakitori-skewers/?category_id=121090&sort=p.sort_order&order=ASC,parameters,Noindex,https://compassgrill.co.il/meat-aging-treatment/meat-accessories-tools/yakitori-skewers/
https://compassgrill.co.il/butcher-kfar-saba/poultry-3/כרעיים-עוף-ארוז-שחיטת-הרב-מחפוד-אילת/?sort=rating&order=ASC,parameters,Noindex,https://compassgrill.co.il/butcher-kfar-saba/poultry-3/כרעיים-עוף-ארוז-שחיטת-הרב-מחפוד-אילת/
https://compassgrill.co.il/grill-smoker-accessories/wood-chips-and-chunks-for-smoking/שבבי-עץ-בוק-למעשנה-5-ליטר/?sort=pd.name&order=ASC,parameters,Noindex,https://compassgrill.co.il/grill-smoker-accessories/wood-chips-and-chunks-for-smoking/שבבי-עץ-בוק-למעשנה-5-ליטר/
https://compassgrill.co.il/grill-smoker-accessories/knives-and-accessories/giesser-knives/premiumcut-chef/?sort=rating&order=ASC,parameters,Noindex,https://compassgrill.co.il/grill-smoker-accessories/knives-and-accessories/giesser-knives/premiumcut-chef/
https://compassgrill.co.il/grill-smoker-accessories/knives-and-accessories/giesser-knives/premiumcut-slicer-31/?category_id=104927&sort=rating&order=ASC,parameters,Noindex,https://compassgrill.co.il/grill-smoker-accessories/knives-and-accessories/giesser-knives/premiumcut-slicer-31/
https://compassgrill.co.il/grill-smoker-accessories/knives-and-accessories/giesser-knives/premiumcut-carving-set/?sort=rating&order=ASC,parameters,Noindex,https://compassgrill.co.il/grill-smoker-accessories/knives-and-accessories/giesser-knives/premiumcut-carving-set/
https://compassgrill.co.il/butcher-kfar-saba/frozen-ground-meat/angus-chorizo-1-1/?category_id=66897&sort=p.model&order=DESC,parameters,Noindex,https://compassgrill.co.il/butcher-kfar-saba/frozen-ground-meat/angus-chorizo-1/
https://compassgrill.co.il/butcher-kfar-saba/frozen-ground-meat/angus-chorizo-1-1/?category_id=66897&sort=p.model&order=DESC,duplicate,Redirect 301,https://compassgrill.co.il/butcher-kfar-saba/frozen-ground-meat/angus-chorizo-1/
https://compassgrill.co.il/butcher-kfar-saba/angus-feedlot-ribs-no-2-3kg/?category_id=66834&sort=pd.name&order=DESC,parameters,Noindex,https://compassgrill.co.il/butcher-kfar-saba/angus-feedlot-ribs-no-2-3kg/
https://compassgrill.co.il/butcher-kfar-saba/frozen-ground-meat/angus-chorizo-1-1/?category_id=66897&sort=price&order=ASC,parameters,Noindex,https://compassgrill.co.il/butcher-kfar-saba/frozen-ground-meat/angus-chorizo-1/
https://compassgrill.co.il/butcher-kfar-saba/frozen-ground-meat/angus-chorizo-1-1/?category_id=66897&sort=price&order=ASC,duplicate,Redirect 301,https://compassgrill.co.il/butcher-kfar-saba/frozen-ground-meat/angus-chorizo-1/
https://compassgrill.co.il/meat-aging-treatment/premiumcut-fork/?category_id=121072&sort=p.model&order=ASC,parameters,Noindex,https://compassgrill.co.il/meat-aging-treatment/premiumcut-fork/
https://compassgrill.co.il/grill-smoker-accessories/knives-and-accessories/giesser-knives/premiumcut-slicer-31/?sort=rating&order=ASC,parameters,Noindex,https://compassgrill.co.il/grill-smoker-accessories/knives-and-accessories/giesser-knives/premiumcut-slicer-31/
https://compassgrill.co.il/meat-aging-treatment/premiumcut-fork/?sort=p.model&order=ASC,parameters,Noindex,https://compassgrill.co.il/meat-aging-treatment/premiumcut-fork/
https://compassgrill.co.il/fresh-beef/premium-certified-entrecote-pairs-vacuum-packed-500g/?sort=rating&order=ASC,parameters,Noindex,https://compassgrill.co.il/fresh-beef/premium-certified-entrecote-pairs-vacuum-packed-500g/
https://compassgrill.co.il/gas-grills-1/rse625rsibpk-1-il-a/?category_id=35202&sort=pd.name&order=DESC,parameters,Noindex,https://compassgrill.co.il/gas-grills-1/rse625rsibpk-1-il-a/
https://compassgrill.co.il/butcher-kfar-saba/frozen-meat/stuffed-spleen-4-pcs-vacuum-packed/?category_id=66836&sort=pd.name&order=ASC,parameters,Noindex,https://compassgrill.co.il/butcher-kfar-saba/frozen-meat/stuffed-spleen-4-pcs-vacuum-packed/
https://compassgrill.co.il/gas-grills-1/6-burner-gas-grill/videro-g6-s/?sort=pd.name&order=DESC,parameters,Noindex,https://compassgrill.co.il/gas-grills-1/6-burner-gas-grill/videro-g6-s/
https://compassgrill.co.il/butcher-kfar-saba/frozen-meat/stuffed-spleen-4-pcs-vacuum-packed/?sort=pd.name&order=ASC,parameters,Noindex,https://compassgrill.co.il/butcher-kfar-saba/frozen-meat/stuffed-spleen-4-pcs-vacuum-packed/
https://compassgrill.co.il/teperberg-wines/teperberg-vision-merlot-750ml/?category_id=70397&sort=rating&order=ASC,parameters,Noindex,https://compassgrill.co.il/teperberg-wines/teperberg-vision-merlot-750ml/
https://compassgrill.co.il/grill-smoker-accessories/butcher-board/cutting-board-otto/?sort=p.model&order=ASC,parameters,Noindex,https://compassgrill.co.il/grill-smoker-accessories/butcher-board/cutting-board-otto/
https://compassgrill.co.il/butcher-kfar-saba/frozen-meat/stuffed-spleen-4-pcs-vacuum-packed/?sort=p.model&order=ASC,parameters,Noindex,https://compassgrill.co.il/butcher-kfar-saba/frozen-meat/stuffed-spleen-4-pcs-vacuum-packed/
https://compassgrill.co.il/meat-aging-treatment/meat-accessories-tools/?sort=pd.name&order=DESC,parameters,Noindex,https://compassgrill.co.il/meat-aging-treatment/meat-accessories-tools/
https://compassgrill.co.il/teperberg-wines/teperberg-vision-merlot-750ml/?sort=rating&order=ASC,parameters,Noindex,https://compassgrill.co.il/teperberg-wines/teperberg-vision-merlot-750ml/
https://compassgrill.co.il/smoker-tandoor/stainless-steel-skewer-wooden-handle-handcrafted-with-bronze-casting/?sort=p.model&order=DESC,parameters,Noindex,https://compassgrill.co.il/smoker-tandoor/stainless-steel-skewer-wooden-handle-handcrafted-with-bronze-casting/
https://compassgrill.co.il/grill-smoker-accessories/butcher-board/בוצ-ר-אנדגריין-אלון-עגול-40-ס-מ-עבודת-יד/?sort=p.sort_order&order=ASC,parameters,Noindex,https://compassgrill.co.il/grill-smoker-accessories/butcher-board/בוצ-ר-אנדגריין-אלון-עגול-40-ס-מ-עבודת-יד/
https://compassgrill.co.il/grill-smoker-accessories/butcher-board/cutting-board-otto/?sort=pd.name&order=ASC,parameters,Noindex,https://compassgrill.co.il/grill-smoker-accessories/butcher-board/cutting-board-otto/
https://compassgrill.co.il/grill-smoker-accessories/wood-chips-and-chunks-for-smoking/apricot-wood-smoking-chips/?sort=price&order=DESC,parameters,Noindex,https://compassgrill.co.il/grill-smoker-accessories/wood-chips-and-chunks-for-smoking/apricot-wood-smoking-chips/
https://compassgrill.co.il/grill-smoker-accessories/butcher-board/בוצ-ר-אנדגריין-אלון-30x40-עם-תעלה/?sort=p.sort_order&order=ASC,parameters,Noindex,https://compassgrill.co.il/grill-smoker-accessories/butcher-board/בוצ-ר-אנדגריין-אלון-30x40-עם-תעלה/
https://compassgrill.co.il/frozen-ground-meat/homemade-romanian-kebab-140g-6-pieces-pack/?category_id=66897&sort=price&order=DESC,parameters,Noindex,https://compassgrill.co.il/frozen-ground-meat/homemade-romanian-kebab-140g-6-pieces-pack/
https://compassgrill.co.il/frozen-ground-meat/homemade-romanian-kebab-140g-6-pieces-pack/?sort=price&order=DESC,parameters,Noindex,https://compassgrill.co.il/frozen-ground-meat/homemade-romanian-kebab-140g-6-pieces-pack/
https://compassgrill.co.il/taboon-products-and-accessories/alfa-moderno-1/?sort=p.sort_order&order=ASC,parameters,Noindex,https://compassgrill.co.il/taboon-products-and-accessories/alfa-moderno-1/
https://compassgrill.co.il/taboon-products-and-accessories/alfa-moderno-1/?sort=p.sort_order&order=ASC,duplicate,Redirect 301,https://compassgrill.co.il/taboon-products-and-accessories/alfa-moderno-1/
https://compassgrill.co.il/gas-grills-1/3-burner-gas-grill/caesar-rubicon-3/?category_id=108375&sort=price&order=DESC,parameters,Noindex,https://compassgrill.co.il/gas-grills-1/3-burner-gas-grill/caesar-rubicon/
https://compassgrill.co.il/gas-grills-1/3-burner-gas-grill/caesar-rubicon-3/?category_id=108375&sort=price&order=DESC,duplicate,Redirect 301,https://compassgrill.co.il/gas-grills-1/3-burner-gas-grill/caesar-rubicon/
https://compassgrill.co.il/gas-grills-1/freestyle-425-gas-grill-with-infrared-side-burner-1/?sort=pd.name&order=DESC,parameters,Noindex,https://compassgrill.co.il/gas-grills-1/freestyle-425-gas-grill-with-infrared-side-burner/
https://compassgrill.co.il/gas-grills-1/freestyle-425-gas-grill-with-infrared-side-burner-1/?sort=pd.name&order=DESC,duplicate,Redirect 301,https://compassgrill.co.il/gas-grills-1/freestyle-425-gas-grill-with-infrared-side-burner/
https://compassgrill.co.il/plates-for-serving/צלחת-מעץ-אשא-קוטר-20-ס-מ-דו-צדדית/?category_id=128868&sort=rating&order=ASC,parameters,Noindex,https://compassgrill.co.il/plates-for-serving/צלחת-מעץ-אשא-קוטר-20-ס-מ-דו-צדדית/
https://compassgrill.co.il/gas-grills-1/3-burner-gas-grill/addizio/?category_id=108375&sort=price&order=DESC,parameters,Noindex,https://compassgrill.co.il/gas-grills-1/3-burner-gas-grill/addizio/
https://compassgrill.co.il/tandoor-clay-cooking-tools/tandoor-roma-model/?sort=price&order=DESC,parameters,Noindex,https://compassgrill.co.il/tandoor-clay-cooking-tools/tandoor-roma-model/
https://compassgrill.co.il/gas-grills-1/3-burner-gas-grill/caesar-rubicon-3/?sort=price&order=DESC,parameters,Noindex,https://compassgrill.co.il/gas-grills-1/3-burner-gas-grill/caesar-rubicon/
https://compassgrill.co.il/gas-grills-1/3-burner-gas-grill/caesar-rubicon-3/?sort=price&order=DESC,duplicate,Redirect 301,https://compassgrill.co.il/gas-grills-1/3-burner-gas-grill/caesar-rubicon/
https://compassgrill.co.il/gas-grills-1/3-burner-gas-grill/sportsman-3-grill-with-cart/?category_id=108375&sort=rating&order=ASC,parameters,Noindex,https://compassgrill.co.il/gas-grills-1/3-burner-gas-grill/sportsman-3-grill-with-cart/
https://compassgrill.co.il/frozen-meat/molard/?sort=p.model&order=DESC,parameters,Noindex,https://compassgrill.co.il/frozen-meat/molard/
https://compassgrill.co.il/garden-firepits-and-decor/hampton/?category_id=95012&sort=rating&order=ASC,parameters,Noindex,https://compassgrill.co.il/garden-firepits-and-decor/hampton/
https://compassgrill.co.il/grill-smoker-accessories/knives-and-accessories/סכין-בשר-26-ס-מ-להב-גבוה-dick-ergogrip/?category_id=35161&sort=p.model&order=ASC,parameters,Noindex,https://compassgrill.co.il/grill-smoker-accessories/knives-and-accessories/סכין-בשר-26-ס-מ-להב-גבוה-dick-ergogrip/
https://compassgrill.co.il/garden-firepits-and-decor/hampton/?sort=rating&order=ASC,parameters,Noindex,https://compassgrill.co.il/garden-firepits-and-decor/hampton/
https://compassgrill.co.il/garden-firepits-and-decor/capertee/?category_id=95012&sort=rating&order=ASC,parameters,Noindex,https://compassgrill.co.il/garden-firepits-and-decor/capertee/
https://compassgrill.co.il/gas-grills-1/sportsman-3-1/?sort=rating&order=DESC,parameters,Noindex,https://compassgrill.co.il/gas-grills-1/sportsman-3/
https://compassgrill.co.il/gas-grills-1/sportsman-3-1/?sort=rating&order=DESC,duplicate,Redirect 301,https://compassgrill.co.il/gas-grills-1/sportsman-3/
https://compassgrill.co.il/gas-grills-1/3-burner-gas-grill/addizio/?category_id=108375&sort=rating&order=ASC,parameters,Noindex,https://compassgrill.co.il/gas-grills-1/3-burner-gas-grill/addizio/
https://compassgrill.co.il/gas-grills-1/3-burner-gas-grill/caesar-rubicon-3/?category_id=108375&sort=rating&order=ASC,parameters,Noindex,https://compassgrill.co.il/gas-grills-1/3-burner-gas-grill/caesar-rubicon/
https://compassgrill.co.il/gas-grills-1/3-burner-gas-grill/caesar-rubicon-3/?category_id=108375&sort=rating&order=ASC,duplicate,Redirect 301,https://compassgrill.co.il/gas-grills-1/3-burner-gas-grill/caesar-rubicon/
https://compassgrill.co.il/garden-firepits-and-decor/capertee/?sort=rating&order=ASC,parameters,Noindex,https://compassgrill.co.il/garden-firepits-and-decor/capertee/
https://compassgrill.co.il/eitan-meat-eilat/?sort=rating&order=DESC,parameters,Noindex,https://compassgrill.co.il/eitan-meat-eilat/
https://compassgrill.co.il/eitan-meat-eilat/?sort=pd.name&order=DESC,parameters,Noindex,https://compassgrill.co.il/eitan-meat-eilat/
https://compassgrill.co.il/garden-firepits-and-decor/?sort=rating&order=ASC,parameters,Noindex,https://compassgrill.co.il/garden-firepits-and-decor/
https://compassgrill.co.il/smoker-tandoor/pellet-smokers/pit-boss-austin-xl-onyx-מעשנת-וגריל-פלט-מקצועי/?sort=p.model&order=ASC,parameters,Noindex,https://compassgrill.co.il/smoker-tandoor/pellet-smokers/pit-boss-austin-xl-onyx-מעשנת-וגריל-פלט-מקצועי/
https://compassgrill.co.il/gas-grills-1/3-burner-gas-grill/caesar-rubicon-3/?sort=rating&order=ASC,parameters,Noindex,https://compassgrill.co.il/gas-grills-1/3-burner-gas-grill/caesar-rubicon/
https://compassgrill.co.il/gas-grills-1/3-burner-gas-grill/caesar-rubicon-3/?sort=rating&order=ASC,duplicate,Redirect 301,https://compassgrill.co.il/gas-grills-1/3-burner-gas-grill/caesar-rubicon/
https://compassgrill.co.il/frozen-meat/חזה-אווז-ארוז-בוואקום/?sort=price&order=ASC,parameters,Noindex,https://compassgrill.co.il/frozen-meat/חזה-אווז-ארוז-בוואקום/
https://compassgrill.co.il/grill-smoker-accessories/wood-chips-and-chunks-for-smoking/apricot-wood-smoking-chips/?category_id=97766&sort=price&order=DESC,parameters,Noindex,https://compassgrill.co.il/grill-smoker-accessories/wood-chips-and-chunks-for-smoking/apricot-wood-smoking-chips/
https://compassgrill.co.il/grill-smoker-accessories/knives-and-accessories/סכין-בשר-26-ס-מ-להב-גבוה-dick-ergogrip/?sort=p.model&order=ASC,parameters,Noindex,https://compassgrill.co.il/grill-smoker-accessories/knives-and-accessories/סכין-בשר-26-ס-מ-להב-גבוה-dick-ergogrip/
https://compassgrill.co.il/smoker-tandoor/tailgater-pellet-smoker/?sort=p.sort_order&order=ASC,parameters,Noindex,https://compassgrill.co.il/smoker-tandoor/tailgater-pellet-smoker/
https://compassgrill.co.il/gifts/מארז-מתנה-לגבר-בוצ-ר-עץ-אלון-סכין-שף-dick/?sort=price&order=ASC,parameters,Noindex,https://compassgrill.co.il/gifts/מארז-מתנה-לגבר-בוצ-ר-עץ-אלון-סכין-שף-dick/
https://compassgrill.co.il/gas-grills-1/3-burner-gas-grill/sportsman-3-grill-with-cart/?sort=rating&order=ASC,parameters,Noindex,https://compassgrill.co.il/gas-grills-1/3-burner-gas-grill/sportsman-3-grill-with-cart/
https://compassgrill.co.il/smoker-tandoor/pellet-smokers/pit-boss-austin-xl-onyx-מעשנת-וגריל-פלט-מקצועי/?sort=pd.name&order=ASC,parameters,Noindex,https://compassgrill.co.il/smoker-tandoor/pellet-smokers/pit-boss-austin-xl-onyx-מעשנת-וגריל-פלט-מקצועי/
https://compassgrill.co.il/grill-smokers-tandoor/charcoal-grill-with-legs-for-8-skewers-foldable-with-bag/?category_id=97703&sort=price&order=ASC,parameters,Noindex,https://compassgrill.co.il/grill-smokers-tandoor/charcoal-grill-with-legs-for-8-skewers-foldable-with-bag/
https://compassgrill.co.il/grill-smokers-tandoor/charcoal-grill-with-legs-for-8-skewers-foldable-with-bag/?category_id=97703&sort=p.model&order=ASC,parameters,Noindex,https://compassgrill.co.il/grill-smokers-tandoor/charcoal-grill-with-legs-for-8-skewers-foldable-with-bag/
https://compassgrill.co.il/grill-smokers-tandoor/charcoal-grill-with-legs-for-8-skewers-foldable-with-bag/?category_id=97703&sort=price&order=DESC,parameters,Noindex,https://compassgrill.co.il/grill-smokers-tandoor/charcoal-grill-with-legs-for-8-skewers-foldable-with-bag/
https://compassgrill.co.il/frozen-ground-meat/cinnamon-kebab-on-stick-55g-12-pcs-tray/?category_id=66897&sort=rating&order=ASC,parameters,Noindex,https://compassgrill.co.il/frozen-ground-meat/cinnamon-kebab-on-stick-55g-12-pcs-tray/
https://compassgrill.co.il/giesser-knives/premiumcut-steel-sharpening-stone-25cm-fine/?sort=pd.name&order=DESC,parameters,Noindex,https://compassgrill.co.il/giesser-knives/premiumcut-steel-sharpening-stone-25cm-fine/
https://compassgrill.co.il/frozen-meat/חזה-אווז-ארוז-בוואקום/?category_id=66836&sort=price&order=ASC,parameters,Noindex,https://compassgrill.co.il/frozen-meat/חזה-אווז-ארוז-בוואקום/
https://compassgrill.co.il/eitan-meat-eilat/teperberg-wines/teperberg-impression-cabernet-sauvignon-750ml/?sort=rating&order=DESC,parameters,Noindex,https://compassgrill.co.il/eitan-meat-eilat/teperberg-wines/teperberg-impression-cabernet-sauvignon-750ml/
https://compassgrill.co.il/eitan-meat-eilat/frozen-ground-meat/veal-lamb-kebab-140g-6-pcs-pack/?category_id=66897&sort=price&order=ASC,parameters,Noindex,https://compassgrill.co.il/eitan-meat-eilat/frozen-ground-meat/veal-lamb-kebab-140g-6-pcs-pack/
https://compassgrill.co.il/garden-firepits-and-decor/capertee/?category_id=95012&sort=price&order=DESC,parameters,Noindex,https://compassgrill.co.il/garden-firepits-and-decor/capertee/
https://compassgrill.co.il/eitan-meat-eilat/עופות-קפוא/frozen-chicken-shawarma-1kg-1/?category_id=125608&sort=p.model&order=DESC,parameters,Noindex,https://compassgrill.co.il/eitan-meat-eilat/עופות-קפוא/frozen-chicken-shawarma-1kg/
https://compassgrill.co.il/eitan-meat-eilat/עופות-קפוא/frozen-chicken-shawarma-1kg-1/?category_id=125608&sort=p.model&order=DESC,duplicate,Redirect 301,https://compassgrill.co.il/eitan-meat-eilat/עופות-קפוא/frozen-chicken-shawarma-1kg/
https://compassgrill.co.il/gas-grills-1/freestyle-425-gas-grill-with-infrared-side-burner-1/?category_id=35202&sort=pd.name&order=DESC,parameters,Noindex,https://compassgrill.co.il/gas-grills-1/freestyle-425-gas-grill-with-infrared-side-burner/
https://compassgrill.co.il/gas-grills-1/freestyle-425-gas-grill-with-infrared-side-burner-1/?category_id=35202&sort=pd.name&order=DESC,duplicate,Redirect 301,https://compassgrill.co.il/gas-grills-1/freestyle-425-gas-grill-with-infrared-side-burner/
https://compassgrill.co.il/eitan-meat-eilat/עופות-קפוא/frozen-chicken-shawarma-1kg-1/?sort=p.model&order=DESC,parameters,Noindex,https://compassgrill.co.il/eitan-meat-eilat/עופות-קפוא/frozen-chicken-shawarma-1kg/
https://compassgrill.co.il/eitan-meat-eilat/עופות-קפוא/frozen-chicken-shawarma-1kg-1/?sort=p.model&order=DESC,duplicate,Redirect 301,https://compassgrill.co.il/eitan-meat-eilat/עופות-קפוא/frozen-chicken-shawarma-1kg/
https://compassgrill.co.il/garden-firepits-and-decor/hampton/?category_id=95012&sort=price&order=DESC,parameters,Noindex,https://compassgrill.co.il/garden-firepits-and-decor/hampton/
https://compassgrill.co.il/eitan-meat-eilat/עופות-קפוא/כבד-אווז-קפוא-ארוז-פרימיום-copy-0-1/?category_id=125608&sort=p.model&order=DESC,parameters,Noindex,https://compassgrill.co.il/eitan-meat-eilat/עופות-קפוא/כבד-אווז-קפוא-ארוז-פרימיום-copy-0/
https://compassgrill.co.il/eitan-meat-eilat/עופות-קפוא/כבד-אווז-קפוא-ארוז-פרימיום-copy-0-1/?category_id=125608&sort=p.model&order=DESC,duplicate,Redirect 301,https://compassgrill.co.il/eitan-meat-eilat/עופות-קפוא/כבד-אווז-קפוא-ארוז-פרימיום-copy-0/
https://compassgrill.co.il/meat-vending-machine-24-7/?sort=p.model&order=DESC,parameters,Noindex,https://compassgrill.co.il/meat-vending-machine-24-7/
https://compassgrill.co.il/garden-firepits-and-decor/hampton/?sort=price&order=DESC,parameters,Noindex,https://compassgrill.co.il/garden-firepits-and-decor/hampton/
https://compassgrill.co.il/garden-firepits-and-decor/capertee/?sort=price&order=DESC,parameters,Noindex,https://compassgrill.co.il/garden-firepits-and-decor/capertee/
https://compassgrill.co.il/butcher-kfar-saba/poultry-3/לבבות-עוף-ארוז-קפוא-copy-1/?category_id=105748&sort=pd.name&order=DESC,parameters,Noindex,https://compassgrill.co.il/butcher-kfar-saba/poultry-3/לבבות-עוף-ארוז-קפוא/
https://compassgrill.co.il/butcher-kfar-saba/poultry-3/לבבות-עוף-ארוז-קפוא-copy-1/?category_id=105748&sort=pd.name&order=DESC,duplicate,Redirect 301,https://compassgrill.co.il/butcher-kfar-saba/poultry-3/לבבות-עוף-ארוז-קפוא/
https://compassgrill.co.il/gas-grills-1/f365dsibpgt-il/?sort=pd.name&order=DESC,parameters,Noindex,https://compassgrill.co.il/gas-grills-1/f365dsibpgt-il/
https://compassgrill.co.il/fresh-beef/angus-feedlot-ribs-no-2-3kg/?category_id=66835,parameters,Canonical,https://compassgrill.co.il/fresh-beef/angus-feedlot-ribs-no-2-3kg/
https://compassgrill.co.il/meat-aging-treatment/premiumcut-chef/?category_id=121072&sort=p.model&order=ASC,parameters,Noindex,https://compassgrill.co.il/meat-aging-treatment/premiumcut-chef/
https://compassgrill.co.il/butcher-kfar-saba/poultry-3/לבבות-עוף-ארוז-קפוא-copy-1/?sort=pd.name&order=DESC,parameters,Noindex,https://compassgrill.co.il/butcher-kfar-saba/poultry-3/לבבות-עוף-ארוז-קפוא/
https://compassgrill.co.il/butcher-kfar-saba/poultry-3/לבבות-עוף-ארוז-קפוא-copy-1/?sort=pd.name&order=DESC,duplicate,Redirect 301,https://compassgrill.co.il/butcher-kfar-saba/poultry-3/לבבות-עוף-ארוז-קפוא/
https://compassgrill.co.il/grill-smoker-accessories/butcher-board/?sort=price&order=ASC,parameters,Noindex,https://compassgrill.co.il/grill-smoker-accessories/butcher-board/
https://compassgrill.co.il/meat-aging-treatment/premiumcut-chef/?sort=p.model&order=ASC,parameters,Noindex,https://compassgrill.co.il/meat-aging-treatment/premiumcut-chef/
https://compassgrill.co.il/meat-aging-treatment/premiumcut-barbecue-30/?category_id=121072&sort=p.model&order=ASC,parameters,Noindex,https://compassgrill.co.il/meat-aging-treatment/premiumcut-barbecue-30/
https://compassgrill.co.il/smoker-tandoor/pellet-smokers/pit-boss-austin-xl-onyx-מעשנת-וגריל-פלט-מקצועי/?category_id=34516&sort=p.sort_order&order=ASC,parameters,Noindex,https://compassgrill.co.il/smoker-tandoor/pellet-smokers/pit-boss-austin-xl-onyx-מעשנת-וגריל-פלט-מקצועי/
https://compassgrill.co.il/grill-smoker-accessories/butcher-board/cutting-board-otto/?sort=price&order=DESC,parameters,Noindex,https://compassgrill.co.il/grill-smoker-accessories/butcher-board/cutting-board-otto/
https://compassgrill.co.il/eitan-meat-eilat/בשרים-קפואים/sliced-calf-leg-6-8-pcs-vacuum-packed-1/?category_id=125607&sort=p.sort_order&order=ASC,parameters,Noindex,https://compassgrill.co.il/eitan-meat-eilat/בשרים-קפואים/sliced-calf-leg-6-8-pcs-vacuum-packed/
https://compassgrill.co.il/eitan-meat-eilat/בשרים-קפואים/sliced-calf-leg-6-8-pcs-vacuum-packed-1/?category_id=125607&sort=p.sort_order&order=ASC,duplicate,Redirect 301,https://compassgrill.co.il/eitan-meat-eilat/בשרים-קפואים/sliced-calf-leg-6-8-pcs-vacuum-packed/
https://compassgrill.co.il/meat-aging-treatment/premiumcut-carving-set/?category_id=121072&sort=p.model&order=ASC,parameters,Noindex,https://compassgrill.co.il/meat-aging-treatment/premiumcut-carving-set/
https://compassgrill.co.il/meat-aging-treatment/premiumcut-carving-set/?sort=p.model&order=ASC,parameters,Noindex,https://compassgrill.co.il/meat-aging-treatment/premiumcut-carving-set/
https://compassgrill.co.il/cast-iron-cooking-tools/striped-pan-with-wooden-handle-cast-spout/?category_id=35280&sort=pd.name&order=ASC,parameters,Noindex,https://compassgrill.co.il/cast-iron-cooking-tools/striped-pan-with-wooden-handle-cast-spout/
https://compassgrill.co.il/meat-aging-treatment/meat-accessories-tools/premiumcut-filet/?category_id=121090&sort=rating&order=ASC,parameters,Noindex,https://compassgrill.co.il/meat-aging-treatment/meat-accessories-tools/premiumcut-filet/
https://compassgrill.co.il/knives-and-accessories/premiumcut-3-piece-set/?sort=p.model&order=ASC,parameters,Noindex,https://compassgrill.co.il/knives-and-accessories/premiumcut-3-piece-set/
https://compassgrill.co.il/meat-aging-treatment/meat-accessories-tools/premiumcut-filet/?sort=rating&order=ASC,parameters,Noindex,https://compassgrill.co.il/meat-aging-treatment/meat-accessories-tools/premiumcut-filet/
https://compassgrill.co.il/fresh-beef/angus-feedlot-ribs-no-2-3kg/?sort=price&order=ASC,parameters,Noindex,https://compassgrill.co.il/fresh-beef/angus-feedlot-ribs-no-2-3kg/
https://compassgrill.co.il/eitan-meat-eilat/בשרים-קפואים/sliced-calf-leg-6-8-pcs-vacuum-packed-1/?sort=p.sort_order&order=ASC,parameters,Noindex,https://compassgrill.co.il/eitan-meat-eilat/בשרים-קפואים/sliced-calf-leg-6-8-pcs-vacuum-packed/
https://compassgrill.co.il/eitan-meat-eilat/בשרים-קפואים/sliced-calf-leg-6-8-pcs-vacuum-packed-1/?sort=p.sort_order&order=ASC,duplicate,Redirect 301,https://compassgrill.co.il/eitan-meat-eilat/בשרים-קפואים/sliced-calf-leg-6-8-pcs-vacuum-packed/
https://compassgrill.co.il/eitan-meat-eilat/frozen-ground-meat/veal-lamb-kebab-140g-6-pcs-pack/?category_id=66897,parameters,Canonical,https://compassgrill.co.il/eitan-meat-eilat/frozen-ground-meat/veal-lamb-kebab-140g-6-pcs-pack/
https://compassgrill.co.il/eitan-meat-eilat/?sort=p.sort_order&order=ASC,parameters,Noindex,https://compassgrill.co.il/eitan-meat-eilat/
https://compassgrill.co.il/grill-smoker-accessories/wood-chips-and-chunks-for-smoking/שבבי-עץ-היקורי-למעשנה-5-ליטר/?category_id=97766&sort=p.sort_order&order=ASC,parameters,Noindex,https://compassgrill.co.il/grill-smoker-accessories/wood-chips-and-chunks-for-smoking/שבבי-עץ-היקורי-למעשנה-5-ליטר/
https://compassgrill.co.il/butcher-kfar-saba/poultry-3/לבבות-עוף-ארוז-קפוא-copy-1/?category_id=105748&sort=price&order=DESC,parameters,Noindex,https://compassgrill.co.il/butcher-kfar-saba/poultry-3/לבבות-עוף-ארוז-קפוא/
https://compassgrill.co.il/butcher-kfar-saba/poultry-3/לבבות-עוף-ארוז-קפוא-copy-1/?category_id=105748&sort=price&order=DESC,duplicate,Redirect 301,https://compassgrill.co.il/butcher-kfar-saba/poultry-3/לבבות-עוף-ארוז-קפוא/
https://compassgrill.co.il/butcher-kfar-saba/poultry-3/שוקיים-עוף-ארוז-מחפוד/?category_id=105748&sort=price&order=DESC,parameters,Noindex,https://compassgrill.co.il/butcher-kfar-saba/poultry-3/שוקיים-עוף-ארוז-מחפוד/
https://compassgrill.co.il/butcher-kfar-saba/poultry-3/כרעיים-עוף-ארוז-שחיטת-הרב-מחפוד-אילת/?category_id=105748&sort=price&order=DESC,parameters,Noindex,https://compassgrill.co.il/butcher-kfar-saba/poultry-3/כרעיים-עוף-ארוז-שחיטת-הרב-מחפוד-אילת/
https://compassgrill.co.il/butcher-kfar-saba/poultry-3/שוקיים-עוף-ארוז-מחפוד/?sort=price&order=DESC,parameters,Noindex,https://compassgrill.co.il/butcher-kfar-saba/poultry-3/שוקיים-עוף-ארוז-מחפוד/
https://compassgrill.co.il/grill-smoker-accessories/wood-chips-and-chunks-for-smoking/שבבי-עץ-בוק-למעשנה-5-ליטר/?category_id=97766&sort=p.sort_order&order=ASC,parameters,Noindex,https://compassgrill.co.il/grill-smoker-accessories/wood-chips-and-chunks-for-smoking/שבבי-עץ-בוק-למעשנה-5-ליטר/
https://compassgrill.co.il/gifts/מתנה-ממותגת-ליום-הולדת-בוצ-ר-אלון-סכין-שף-dick/?sort=price&order=ASC,parameters,Noindex,https://compassgrill.co.il/gifts/מתנה-ממותגת-ליום-הולדת-בוצ-ר-אלון-סכין-שף-dick/
https://compassgrill.co.il/gas-grills-1/rubicon-modular-kitchen/?sort=pd.name&order=DESC,parameters,Noindex,https://compassgrill.co.il/gas-grills-1/rubicon-modular-kitchen/
https://compassgrill.co.il/butcher-kfar-saba/poultry-3/כרעיים-עוף-ארוז-copy-2/?category_id=105748&sort=price&order=DESC,parameters,Noindex,https://compassgrill.co.il/butcher-kfar-saba/poultry-3/כרעיים-עוף-ארוז/
https://compassgrill.co.il/butcher-kfar-saba/poultry-3/כרעיים-עוף-ארוז-copy-2/?category_id=105748&sort=price&order=DESC,duplicate,Redirect 301,https://compassgrill.co.il/butcher-kfar-saba/poultry-3/כרעיים-עוף-ארוז/
https://compassgrill.co.il/eitan-meat-eilat/frozen-ground-meat/veal-lamb-kebab-140g-6-pcs-pack/?sort=pd.name&order=ASC,parameters,Noindex,https://compassgrill.co.il/eitan-meat-eilat/frozen-ground-meat/veal-lamb-kebab-140g-6-pcs-pack/
https://compassgrill.co.il/butcher-kfar-saba/poultry-3/לבבות-עוף-ארוז-קפוא-copy-1/?sort=price&order=DESC,parameters,Noindex,https://compassgrill.co.il/butcher-kfar-saba/poultry-3/לבבות-עוף-ארוז-קפוא/
https://compassgrill.co.il/butcher-kfar-saba/poultry-3/לבבות-עוף-ארוז-קפוא-copy-1/?sort=price&order=DESC,duplicate,Redirect 301,https://compassgrill.co.il/butcher-kfar-saba/poultry-3/לבבות-עוף-ארוז-קפוא/
https://compassgrill.co.il/grill-smoker-accessories/wood-chips-and-chunks-for-smoking/שבבי-עץ-מייפל-למעשנה-5-ליטר/?category_id=97766&sort=p.sort_order&order=ASC,parameters,Noindex,https://compassgrill.co.il/grill-smoker-accessories/wood-chips-and-chunks-for-smoking/שבבי-עץ-מייפל-למעשנה-5-ליטר/
https://compassgrill.co.il/butcher-kfar-saba/poultry-3/כרעיים-עוף-ארוז-copy-2/?sort=price&order=DESC,parameters,Noindex,https://compassgrill.co.il/butcher-kfar-saba/poultry-3/כרעיים-עוף-ארוז/
https://compassgrill.co.il/butcher-kfar-saba/poultry-3/כרעיים-עוף-ארוז-copy-2/?sort=price&order=DESC,duplicate,Redirect 301,https://compassgrill.co.il/butcher-kfar-saba/poultry-3/כרעיים-עוף-ארוז/
https://compassgrill.co.il/grill-smoker-accessories/wood-chips-and-chunks-for-smoking/שבבי-עץ-אלון-למעשנה-5-ליטר/?category_id=97766&sort=p.sort_order&order=ASC,parameters,Noindex,https://compassgrill.co.il/grill-smoker-accessories/wood-chips-and-chunks-for-smoking/שבבי-עץ-אלון-למעשנה-5-ליטר/
https://compassgrill.co.il/grill-smoker-accessories/wood-chips-and-chunks-for-smoking/שבבי-עץ-בוק-למעשנה-5-ליטר/?sort=p.sort_order&order=ASC,parameters,Noindex,https://compassgrill.co.il/grill-smoker-accessories/wood-chips-and-chunks-for-smoking/שבבי-עץ-בוק-למעשנה-5-ליטר/
https://compassgrill.co.il/grill-smoker-accessories/wood-chips-and-chunks-for-smoking/שבבי-עץ-היקורי-למעשנה-5-ליטר/?sort=p.sort_order&order=ASC,parameters,Noindex,https://compassgrill.co.il/grill-smoker-accessories/wood-chips-and-chunks-for-smoking/שבבי-עץ-היקורי-למעשנה-5-ליטר/
https://compassgrill.co.il/grill-smoker-accessories/wood-chips-and-chunks-for-smoking/שבבי-עץ-אלון-למעשנה-5-ליטר/?sort=p.sort_order&order=ASC,parameters,Noindex,https://compassgrill.co.il/grill-smoker-accessories/wood-chips-and-chunks-for-smoking/שבבי-עץ-אלון-למעשנה-5-ליטר/
https://compassgrill.co.il/grill-smoker-accessories/wood-chips-and-chunks-for-smoking/שבבי-עץ-מייפל-למעשנה-5-ליטר/?sort=p.sort_order&order=ASC,parameters,Noindex,https://compassgrill.co.il/grill-smoker-accessories/wood-chips-and-chunks-for-smoking/שבבי-עץ-מייפל-למעשנה-5-ליטר/
https://compassgrill.co.il/plates-for-serving/צלחת-פיצה-אשא-קוטר-30-ס-מ/?category_id=128868&sort=rating&order=DESC,parameters,Noindex,https://compassgrill.co.il/plates-for-serving/צלחת-פיצה-אשא-קוטר-30-ס-מ/
https://compassgrill.co.il/plates-for-serving/צלחת-פיצה-אשא-קוטר-30-ס-מ/?sort=rating&order=DESC,parameters,Noindex,https://compassgrill.co.il/plates-for-serving/צלחת-פיצה-אשא-קוטר-30-ס-מ/
https://compassgrill.co.il/grill-smoker-accessories/knives-and-accessories/premiumcut-3-piece-set/?sort=p.model&order=DESC,parameters,Noindex,https://compassgrill.co.il/grill-smoker-accessories/knives-and-accessories/premiumcut-3-piece-set/
https://compassgrill.co.il/taboon-products-and-accessories/alfa-moderno-1/?sort=pd.name&order=ASC,parameters,Noindex,https://compassgrill.co.il/taboon-products-and-accessories/alfa-moderno-1/
https://compassgrill.co.il/taboon-products-and-accessories/alfa-moderno-1/?sort=pd.name&order=ASC,duplicate,Redirect 301,https://compassgrill.co.il/taboon-products-and-accessories/alfa-moderno-1/
https://compassgrill.co.il/grill-smoker-accessories/knives-and-accessories/premiumcut-3-piece-set/?sort=price&order=ASC,parameters,Noindex,https://compassgrill.co.il/grill-smoker-accessories/knives-and-accessories/premiumcut-3-piece-set/
https://compassgrill.co.il/smoker-tandoor/pellet-smokers/pit-boss-austin-xl-onyx-מעשנת-וגריל-פלט-מקצועי/?sort=rating&order=ASC,parameters,Noindex,https://compassgrill.co.il/smoker-tandoor/pellet-smokers/pit-boss-austin-xl-onyx-מעשנת-וגריל-פלט-מקצועי/
https://compassgrill.co.il/grill-smoker-accessories/plates-for-serving/קרש-חיתוך-סיסם-ארוך-עם-ידית-60-20/?category_id=128868&sort=rating&order=DESC,parameters,Noindex,https://compassgrill.co.il/grill-smoker-accessories/plates-for-serving/קרש-חיתוך-סיסם-ארוך-עם-ידית-60-20/
https://compassgrill.co.il/fresh-beef/angus-feedlot-ribs-no-2-3kg/?category_id=66835&sort=pd.name&order=DESC,parameters,Noindex,https://compassgrill.co.il/fresh-beef/angus-feedlot-ribs-no-2-3kg/
https://compassgrill.co.il/meat-aging-treatment/meat-accessories-tools/premiumcut-filet/?category_id=121090&sort=pd.name&order=DESC,parameters,Noindex,https://compassgrill.co.il/meat-aging-treatment/meat-accessories-tools/premiumcut-filet/
https://compassgrill.co.il/meat-aging-treatment/meat-accessories-tools/premiumcut-filet/?sort=pd.name&order=DESC,parameters,Noindex,https://compassgrill.co.il/meat-aging-treatment/meat-accessories-tools/premiumcut-filet/
https://compassgrill.co.il/sous-vide-5/dumbbells/?category_id=70271&sort=rating&order=DESC,parameters,Noindex,https://compassgrill.co.il/sous-vide-5/dumbbells/
https://compassgrill.co.il/smoker-tandoor/pellet-smokers/pit-boss-austin-xl-onyx-מעשנת-וגריל-פלט-מקצועי/?category_id=34516&sort=price&order=ASC,parameters,Noindex,https://compassgrill.co.il/smoker-tandoor/pellet-smokers/pit-boss-austin-xl-onyx-מעשנת-וגריל-פלט-מקצועי/
https://compassgrill.co.il/gifts/שמן-טבעי-לעץ-100-מ-ל-להגנה-וחידוש-קרשי-חיתוך-ובוצ-רים/?category_id=128869&sort=p.sort_order&order=ASC,parameters,Noindex,https://compassgrill.co.il/gifts/שמן-טבעי-לעץ-100-מ-ל-להגנה-וחידוש-קרשי-חיתוך-ובוצ-רים/
https://compassgrill.co.il/smoker-tandoor/pellet-smokers/pit-boss-austin-xl-onyx-מעשנת-וגריל-פלט-מקצועי/?sort=price&order=ASC,parameters,Noindex,https://compassgrill.co.il/smoker-tandoor/pellet-smokers/pit-boss-austin-xl-onyx-מעשנת-וגריל-פלט-מקצועי/
https://compassgrill.co.il/grill-smoker-accessories/butcher-board/קרש-חיתוך-סיסם-אירופאי-המלח-פלפל-30-45/?sort=price&order=ASC,parameters,Noindex,https://compassgrill.co.il/grill-smoker-accessories/butcher-board/קרש-חיתוך-סיסם-אירופאי-המלח-פלפל-30-45/
https://compassgrill.co.il/gifts/שמן-טבעי-לעץ-100-מ-ל-להגנה-וחידוש-קרשי-חיתוך-ובוצ-רים/?sort=p.sort_order&order=ASC,parameters,Noindex,https://compassgrill.co.il/gifts/שמן-טבעי-לעץ-100-מ-ל-להגנה-וחידוש-קרשי-חיתוך-ובוצ-רים/
https://compassgrill.co.il/taboon-products-and-accessories/alfa-moderno-1/?category_id=35145,parameters,Canonical,https://compassgrill.co.il/taboon-products-and-accessories/alfa-moderno-1/
https://compassgrill.co.il/taboon-products-and-accessories/alfa-moderno-1/?category_id=35145,duplicate,Redirect 301,https://compassgrill.co.il/taboon-products-and-accessories/alfa-moderno-1/
https://compassgrill.co.il/eitan-meat-eilat/עופות-קפוא/כבד-אווז-קפוא-ארוז-פרימיום-copy-0-1/?sort=rating&order=DESC,parameters,Noindex,https://compassgrill.co.il/eitan-meat-eilat/עופות-קפוא/כבד-אווז-קפוא-ארוז-פרימיום-copy-0/
https://compassgrill.co.il/eitan-meat-eilat/עופות-קפוא/כבד-אווז-קפוא-ארוז-פרימיום-copy-0-1/?sort=rating&order=DESC,duplicate,Redirect 301,https://compassgrill.co.il/eitan-meat-eilat/עופות-קפוא/כבד-אווז-קפוא-ארוז-פרימיום-copy-0/
https://compassgrill.co.il/gas-grills-1/4-burner-gas-grill/ligorio-top/?sort=rating&order=DESC,parameters,Noindex,https://compassgrill.co.il/gas-grills-1/4-burner-gas-grill/ligorio-top/
https://compassgrill.co.il/taboon-products-and-accessories/alfa-moderno-1/,duplicate,Redirect 301,https://compassgrill.co.il/taboon-products-and-accessories/alfa-moderno-1/
https://compassgrill.co.il/grill-smoker-accessories/knives-and-accessories/סכין-בשר-26-ס-מ-להב-גבוה-dick-ergogrip/?category_id=35161&sort=price&order=DESC,parameters,Noindex,https://compassgrill.co.il/grill-smoker-accessories/knives-and-accessories/סכין-בשר-26-ס-מ-להב-גבוה-dick-ergogrip/
https://compassgrill.co.il/grill-smoker-accessories/שקיות-יישון-בשר-25-50-ס-מ-4-יחידות-umai-dry/?sort=rating&order=DESC,parameters,Noindex,https://compassgrill.co.il/grill-smoker-accessories/שקיות-יישון-בשר-25-50-ס-מ-4-יחידות-umai-dry/
https://compassgrill.co.il/grill-smoker-accessories/knives-and-accessories/סכין-שף-21-ס-מ-berox/?category_id=35161&sort=price&order=DESC,parameters,Noindex,https://compassgrill.co.il/grill-smoker-accessories/knives-and-accessories/סכין-שף-21-ס-מ-berox/
https://compassgrill.co.il/grill-smoker-accessories/knives-and-accessories/סכין-שף-חלקה-ידית-שחורה-21-ס-מ-berox/?category_id=35161&sort=pd.name&order=DESC,parameters,Noindex,https://compassgrill.co.il/grill-smoker-accessories/knives-and-accessories/סכין-שף-חלקה-ידית-שחורה-21-ס-מ-berox/
https://compassgrill.co.il/meat-aging-refrigerators-products/שקיות-יישון-בשר-25-50-ס-מ-4-יחידות-umai-dry/?category_id=35146&sort=rating&order=ASC,parameters,Noindex,https://compassgrill.co.il/meat-aging-refrigerators-products/שקיות-יישון-בשר-25-50-ס-מ-4-יחידות-umai-dry/
https://compassgrill.co.il/grill-smoker-accessories/knives-and-accessories/סכין-בשר-חריצים-26-ס-מ-להב-גבוה-dick-ergogrip/?category_id=35161&sort=price&order=DESC,parameters,Noindex,https://compassgrill.co.il/grill-smoker-accessories/knives-and-accessories/סכין-בשר-חריצים-26-ס-מ-להב-גבוה-dick-ergogrip/
https://compassgrill.co.il/grill-smoker-accessories/knives-and-accessories/סכין-סנטוקו-מחוזקת-חריצים-18-ס-מ-berox/?sort=price&order=DESC,parameters,Noindex,https://compassgrill.co.il/grill-smoker-accessories/knives-and-accessories/סכין-סנטוקו-מחוזקת-חריצים-18-ס-מ-berox/
https://compassgrill.co.il/gas-grills-1/rxt365sibpk-1-il/?sort=pd.name&order=DESC,parameters,Noindex,https://compassgrill.co.il/gas-grills-1/rxt365sibpk-1-il/
https://compassgrill.co.il/grill-smoker-accessories/knives-and-accessories/סכין-בשר-חריצים-26-ס-מ-להב-גבוה-dick-ergogrip/?sort=price&order=DESC,parameters,Noindex,https://compassgrill.co.il/grill-smoker-accessories/knives-and-accessories/סכין-בשר-חריצים-26-ס-מ-להב-גבוה-dick-ergogrip/
https://compassgrill.co.il/grill-smoker-accessories/plates-for-serving/צלחת-3-תאים-מעץ-אשא-קוטר-25-ס-מ/?category_id=128868&sort=price&order=ASC,parameters,Noindex,https://compassgrill.co.il/grill-smoker-accessories/plates-for-serving/צלחת-3-תאים-מעץ-אשא-קוטר-25-ס-מ/
https://compassgrill.co.il/grill-smoker-accessories/knives-and-accessories/סכין-שף-21-ס-מ-berox/?sort=price&order=DESC,parameters,Noindex,https://compassgrill.co.il/grill-smoker-accessories/knives-and-accessories/סכין-שף-21-ס-מ-berox/
https://compassgrill.co.il/meat-aging-treatment/premiumcut-filet/?category_id=121072&sort=p.model&order=ASC,parameters,Noindex,https://compassgrill.co.il/meat-aging-treatment/premiumcut-filet/
https://compassgrill.co.il/eitan-meat-eilat/עופות-קפוא/כבד-אווז-קפוא-ארוז-פרימיום-copy-0-1/?category_id=125608&sort=rating&order=DESC,parameters,Noindex,https://compassgrill.co.il/eitan-meat-eilat/עופות-קפוא/כבד-אווז-קפוא-ארוז-פרימיום-copy-0/
https://compassgrill.co.il/eitan-meat-eilat/עופות-קפוא/כבד-אווז-קפוא-ארוז-פרימיום-copy-0-1/?category_id=125608&sort=rating&order=DESC,duplicate,Redirect 301,https://compassgrill.co.il/eitan-meat-eilat/עופות-קפוא/כבד-אווז-קפוא-ארוז-פרימיום-copy-0/
https://compassgrill.co.il/grill-smoker-accessories/knives-and-accessories/סכין-שף-חלקה-ידית-שחורה-21-ס-מ-berox/?sort=pd.name&order=DESC,parameters,Noindex,https://compassgrill.co.il/grill-smoker-accessories/knives-and-accessories/סכין-שף-חלקה-ידית-שחורה-21-ס-מ-berox/
https://compassgrill.co.il/meat-aging-treatment/premiumcut-filet/?sort=p.model&order=ASC,parameters,Noindex,https://compassgrill.co.il/meat-aging-treatment/premiumcut-filet/
https://compassgrill.co.il/butcher-kfar-saba/poultry-3/שוקיים-עוף-ארוז-מחפוד/?category_id=105748&sort=pd.name&order=DESC,parameters,Noindex,https://compassgrill.co.il/butcher-kfar-saba/poultry-3/שוקיים-עוף-ארוז-מחפוד/
https://compassgrill.co.il/grill-smoker-accessories/knives-and-accessories/סכין-בשר-26-ס-מ-להב-גבוה-dick-ergogrip/?sort=price&order=DESC,parameters,Noindex,https://compassgrill.co.il/grill-smoker-accessories/knives-and-accessories/סכין-בשר-26-ס-מ-להב-גבוה-dick-ergogrip/
https://compassgrill.co.il/grill-smoker-accessories/butcher-board/קרש-חיתוך-אשא-25-35-עם-תעלה/?category_id=128801&sort=p.model&order=ASC,parameters,Noindex,https://compassgrill.co.il/grill-smoker-accessories/butcher-board/קרש-חיתוך-אשא-25-35-עם-תעלה/
https://compassgrill.co.il/butcher-kfar-saba/poultry-3/כרעיים-עוף-ארוז-שחיטת-הרב-מחפוד-אילת/?category_id=105748&sort=pd.name&order=DESC,parameters,Noindex,https://compassgrill.co.il/butcher-kfar-saba/poultry-3/כרעיים-עוף-ארוז-שחיטת-הרב-מחפוד-אילת/
https://compassgrill.co.il/meat-aging-treatment/premiumcut-barbecue-30/?sort=p.model&order=ASC,parameters,Noindex,https://compassgrill.co.il/meat-aging-treatment/premiumcut-barbecue-30/
https://compassgrill.co.il/meat-aging-treatment/sauce-pan-with-brush/?sort=p.model&order=ASC,parameters,Noindex,https://compassgrill.co.il/meat-aging-treatment/sauce-pan-with-brush/
https://compassgrill.co.il/grill-smokers-tandoor/charcoal-professional/?category_id=97703&sort=p.sort_order&order=ASC,parameters,Noindex,https://compassgrill.co.il/grill-smokers-tandoor/charcoal-professional/
https://compassgrill.co.il/grill-smoker-accessories/butcher-board/שמן-טבעי-לעץ-100-מ-ל-להגנה-וחידוש-קרשי-חיתוך-ובוצ-רים/?category_id=128801&sort=p.model&order=ASC,parameters,Noindex,https://compassgrill.co.il/grill-smoker-accessories/butcher-board/שמן-טבעי-לעץ-100-מ-ל-להגנה-וחידוש-קרשי-חיתוך-ובוצ-רים/
https://compassgrill.co.il/grill-smoker-accessories/butcher-board/בוצ-ר-אנדגריין-אלון-30x40-עם-תעלה/?category_id=128801&sort=p.model&order=ASC,parameters,Noindex,https://compassgrill.co.il/grill-smoker-accessories/butcher-board/בוצ-ר-אנדגריין-אלון-30x40-עם-תעלה/
https://compassgrill.co.il/grill-smoker-accessories/butcher-board/butcher-cutting-board/?category_id=128801&sort=p.model&order=ASC,parameters,Noindex,https://compassgrill.co.il/grill-smoker-accessories/butcher-board/butcher-cutting-board/
https://compassgrill.co.il/grill-smoker-accessories/butcher-board/בוצ-ר-אנדגריין-מייפל-25-40-ללא-תעלה/?category_id=128801&sort=p.model&order=ASC,parameters,Noindex,https://compassgrill.co.il/grill-smoker-accessories/butcher-board/בוצ-ר-אנדגריין-מייפל-25-40-ללא-תעלה/
https://compassgrill.co.il/taboon-products-and-accessories/alfa-moderno-1/?category_id=35145&sort=p.sort_order&order=ASC,parameters,Noindex,https://compassgrill.co.il/taboon-products-and-accessories/alfa-moderno-1/
https://compassgrill.co.il/taboon-products-and-accessories/alfa-moderno-1/?category_id=35145&sort=p.sort_order&order=ASC,duplicate,Redirect 301,https://compassgrill.co.il/taboon-products-and-accessories/alfa-moderno-1/
https://compassgrill.co.il/grill-smoker-accessories/butcher-board/קרש-חיתוך-אשא-25-35-עם-תעלה/?sort=p.model&order=ASC,parameters,Noindex,https://compassgrill.co.il/grill-smoker-accessories/butcher-board/קרש-חיתוך-אשא-25-35-עם-תעלה/
https://compassgrill.co.il/grill-smoker-accessories/butcher-board/בוצ-ר-אנדגריין-אלון-45-ריבוע-עם-תעלה-דגם-king-size/?category_id=128801&sort=p.sort_order&order=ASC,parameters,Noindex,https://compassgrill.co.il/grill-smoker-accessories/butcher-board/בוצ-ר-אנדגריין-אלון-45-ריבוע-עם-תעלה-דגם-king-size/
https://compassgrill.co.il/grill-smoker-accessories/butcher-board/butcher-cutting-board/?category_id=128801&sort=p.sort_order&order=ASC,parameters,Noindex,https://compassgrill.co.il/grill-smoker-accessories/butcher-board/butcher-cutting-board/
https://compassgrill.co.il/grill-smoker-accessories/butcher-board/קרש-חיתוך-אלון-עם-ידית-35-20/?category_id=128801&sort=p.sort_order&order=ASC,parameters,Noindex,https://compassgrill.co.il/grill-smoker-accessories/butcher-board/קרש-חיתוך-אלון-עם-ידית-35-20/
https://compassgrill.co.il/smoker-tandoor/pellet-smokers/pit-boss-austin-xl-onyx-מעשנת-וגריל-פלט-מקצועי/?sort=p.sort_order&order=ASC,parameters,Noindex,https://compassgrill.co.il/smoker-tandoor/pellet-smokers/pit-boss-austin-xl-onyx-מעשנת-וגריל-פלט-מקצועי/
https://compassgrill.co.il/grill-smoker-accessories/butcher-board/בוצ-ר-אנדגריין-אלון-25-40-ללא-תעלה/?category_id=128801&sort=p.model&order=ASC,parameters,Noindex,https://compassgrill.co.il/grill-smoker-accessories/butcher-board/בוצ-ר-אנדגריין-אלון-25-40-ללא-תעלה/
https://compassgrill.co.il/grill-smoker-accessories/butcher-board/בוצ-ר-אנדגריין-אלון-30x40-עם-תעלה/?category_id=128801&sort=p.sort_order&order=ASC,parameters,Noindex,https://compassgrill.co.il/grill-smoker-accessories/butcher-board/בוצ-ר-אנדגריין-אלון-30x40-עם-תעלה/
https://compassgrill.co.il/gifts/מארז-לחג-בוצ-ר-עץ-אלון-סכין-שף-berox/?sort=price&order=ASC,parameters,Noindex,https://compassgrill.co.il/gifts/מארז-לחג-בוצ-ר-עץ-אלון-סכין-שף-berox/
https://compassgrill.co.il/grill-smoker-accessories/butcher-board/קרש-חיתוך-אשא-25-35-עם-תעלה/?category_id=128801&sort=p.sort_order&order=ASC,parameters,Noindex,https://compassgrill.co.il/grill-smoker-accessories/butcher-board/קרש-חיתוך-אשא-25-35-עם-תעלה/
https://compassgrill.co.il/grill-smoker-accessories/butcher-board/קרש-חיתוך-אשא-20-30-עם-תעלה/?category_id=128801&sort=p.sort_order&order=ASC,parameters,Noindex,https://compassgrill.co.il/grill-smoker-accessories/butcher-board/קרש-חיתוך-אשא-20-30-עם-תעלה/
https://compassgrill.co.il/grill-smoker-accessories/butcher-board/בוצ-ר-אנדגריין-אלון-25-40-ללא-תעלה/?category_id=128801&sort=p.sort_order&order=ASC,parameters,Noindex,https://compassgrill.co.il/grill-smoker-accessories/butcher-board/בוצ-ר-אנדגריין-אלון-25-40-ללא-תעלה/
https://compassgrill.co.il/grill-smoker-accessories/butcher-board/בוצ-ר-אנדגריין-אלון-20x35-עם-תעלה/?category_id=128801&sort=p.sort_order&order=ASC,parameters,Noindex,https://compassgrill.co.il/grill-smoker-accessories/butcher-board/בוצ-ר-אנדגריין-אלון-20x35-עם-תעלה/
https://compassgrill.co.il/grill-smoker-accessories/butcher-board/קרש-חיתוך-אלון-עם-ידית-35-20/?sort=p.sort_order&order=ASC,parameters,Noindex,https://compassgrill.co.il/grill-smoker-accessories/butcher-board/קרש-חיתוך-אלון-עם-ידית-35-20/
https://compassgrill.co.il/grill-smoker-accessories/butcher-board/שמן-טבעי-לעץ-100-מ-ל-להגנה-וחידוש-קרשי-חיתוך-ובוצ-רים/?category_id=128801&sort=p.sort_order&order=ASC,parameters,Noindex,https://compassgrill.co.il/grill-smoker-accessories/butcher-board/שמן-טבעי-לעץ-100-מ-ל-להגנה-וחידוש-קרשי-חיתוך-ובוצ-רים/
https://compassgrill.co.il/smoker-tandoor/stainless-steel-charcoal-grill-for-6-skewers-foldable-with-bag/?sort=p.model&order=DESC,parameters,Noindex,https://compassgrill.co.il/smoker-tandoor/stainless-steel-charcoal-grill-for-6-skewers-foldable-with-bag/
https://compassgrill.co.il/grill-smoker-accessories/butcher-board/בוצ-ר-אנדגריין-אלון-25-40-ללא-תעלה/?sort=p.model&order=ASC,parameters,Noindex,https://compassgrill.co.il/grill-smoker-accessories/butcher-board/בוצ-ר-אנדגריין-אלון-25-40-ללא-תעלה/
https://compassgrill.co.il/grill-smokers-tandoor/charcoal-grill-smokers-tandoor/stainless-steel-charcoal-grill-for-6-skewers-foldable-with-bag/?sort=price&order=DESC,parameters,Noindex,https://compassgrill.co.il/grill-smokers-tandoor/charcoal-grill-smokers-tandoor/stainless-steel-charcoal-grill-for-6-skewers-foldable-with-bag/
https://compassgrill.co.il/grill-smoker-accessories/butcher-board/בוצ-ר-אנדגריין-אלון-30x40-עם-תעלה/?category_id=128801&sort=pd.name&order=ASC,parameters,Noindex,https://compassgrill.co.il/grill-smoker-accessories/butcher-board/בוצ-ר-אנדגריין-אלון-30x40-עם-תעלה/
https://compassgrill.co.il/grill-smoker-accessories/butcher-board/בוצ-ר-אנדגריין-אלון-20x35-עם-תעלה/?sort=p.sort_order&order=ASC,parameters,Noindex,https://compassgrill.co.il/grill-smoker-accessories/butcher-board/בוצ-ר-אנדגריין-אלון-20x35-עם-תעלה/
https://compassgrill.co.il/grill-smoker-accessories/butcher-board/cutting-board-otto/?category_id=128801&sort=p.sort_order&order=ASC,parameters,Noindex,https://compassgrill.co.il/grill-smoker-accessories/butcher-board/cutting-board-otto/
https://compassgrill.co.il/grill-smoker-accessories/butcher-board/שמן-טבעי-לעץ-100-מ-ל-להגנה-וחידוש-קרשי-חיתוך-ובוצ-רים/?sort=p.sort_order&order=ASC,parameters,Noindex,https://compassgrill.co.il/grill-smoker-accessories/butcher-board/שמן-טבעי-לעץ-100-מ-ל-להגנה-וחידוש-קרשי-חיתוך-ובוצ-רים/
https://compassgrill.co.il/grill-smoker-accessories/butcher-board/בוצ-ר-אנדגריין-מייפל-25-40-ללא-תעלה/?category_id=128801&sort=p.sort_order&order=ASC,parameters,Noindex,https://compassgrill.co.il/grill-smoker-accessories/butcher-board/בוצ-ר-אנדגריין-מייפל-25-40-ללא-תעלה/
https://compassgrill.co.il/plates-for-serving/?sort=p.model&order=DESC,parameters,Noindex,https://compassgrill.co.il/plates-for-serving/
https://compassgrill.co.il/grill-smoker-accessories/butcher-board/קרש-חיתוך-אשא-25-35-עם-תעלה/?sort=p.sort_order&order=ASC,parameters,Noindex,https://compassgrill.co.il/grill-smoker-accessories/butcher-board/קרש-חיתוך-אשא-25-35-עם-תעלה/
https://compassgrill.co.il/grill-smoker-accessories/plates-for-serving/צלחת-מעץ-אשא-קוטר-25-ס-מ/?category_id=128868&sort=pd.name&order=DESC,parameters,Noindex,https://compassgrill.co.il/grill-smoker-accessories/plates-for-serving/צלחת-מעץ-אשא-קוטר-25-ס-מ/
https://compassgrill.co.il/grill-smoker-accessories/butcher-board/בוצ-ר-אנדגריין-מייפל-25-40-ללא-תעלה/?sort=p.sort_order&order=ASC,parameters,Noindex,https://compassgrill.co.il/grill-smoker-accessories/butcher-board/בוצ-ר-אנדגריין-מייפל-25-40-ללא-תעלה/
https://compassgrill.co.il/grill-smoker-accessories/butcher-board/בוצ-ר-אנדגריין-אלון-50-35-עם-תעלה-קרש-חיתוך-עבודת-יד/?category_id=128801&sort=p.sort_order&order=ASC,parameters,Noindex,https://compassgrill.co.il/grill-smoker-accessories/butcher-board/בוצ-ר-אנדגריין-אלון-50-35-עם-תעלה-קרש-חיתוך-עבודת-יד/
https://compassgrill.co.il/grill-smoker-accessories/butcher-board/בוצ-ר-אנדגריין-מעץ-אגוז-אמריקאי-קוטר-40-ס-מ/?category_id=128801&sort=p.sort_order&order=ASC,parameters,Noindex,https://compassgrill.co.il/grill-smoker-accessories/butcher-board/בוצ-ר-אנדגריין-מעץ-אגוז-אמריקאי-קוטר-40-ס-מ/
https://compassgrill.co.il/grill-smoker-accessories/knives-and-accessories/premiumcut-fork/?sort=p.model&order=DESC,parameters,Noindex,https://compassgrill.co.il/grill-smoker-accessories/knives-and-accessories/premiumcut-fork/
https://compassgrill.co.il/grill-smoker-accessories/butcher-board/קרש-חיתוך-אשא-25-40-עם-תעלה/?category_id=128801&sort=p.sort_order&order=ASC,parameters,Noindex,https://compassgrill.co.il/grill-smoker-accessories/butcher-board/קרש-חיתוך-אשא-25-40-עם-תעלה/
https://compassgrill.co.il/grill-smoker-accessories/butcher-board/בוצ-ר-אנדגריין-אלון-20-30-עם-תעלה/?category_id=128801&sort=p.sort_order&order=ASC,parameters,Noindex,https://compassgrill.co.il/grill-smoker-accessories/butcher-board/בוצ-ר-אנדגריין-אלון-20-30-עם-תעלה/
https://compassgrill.co.il/grill-smoker-accessories/knives-and-accessories/premiumcut-fork/?category_id=35161&sort=p.model&order=DESC,parameters,Noindex,https://compassgrill.co.il/grill-smoker-accessories/knives-and-accessories/premiumcut-fork/
https://compassgrill.co.il/grill-smoker-accessories/butcher-board/קרש-חיתוך-אשא-25-40-עם-תעלה/?sort=p.sort_order&order=ASC,parameters,Noindex,https://compassgrill.co.il/grill-smoker-accessories/butcher-board/קרש-חיתוך-אשא-25-40-עם-תעלה/
https://compassgrill.co.il/grill-smoker-accessories/butcher-board/בוצ-ר-אנדגריין-אלון-50-35-עם-תעלה-קרש-חיתוך-עבודת-יד/?sort=p.sort_order&order=ASC,parameters,Noindex,https://compassgrill.co.il/grill-smoker-accessories/butcher-board/בוצ-ר-אנדגריין-אלון-50-35-עם-תעלה-קרש-חיתוך-עבודת-יד/
https://compassgrill.co.il/grill-smoker-accessories/butcher-board/בוצ-ר-אנדגריין-אלון-עגול-40-ס-מ-עבודת-יד/?category_id=128801&sort=p.sort_order&order=ASC,parameters,Noindex,https://compassgrill.co.il/grill-smoker-accessories/butcher-board/בוצ-ר-אנדגריין-אלון-עגול-40-ס-מ-עבודת-יד/
https://compassgrill.co.il/grill-smoker-accessories/butcher-board/בוצ-ר-אנדגריין-אלון-25-40-ללא-תעלה/?sort=p.sort_order&order=ASC,parameters,Noindex,https://compassgrill.co.il/grill-smoker-accessories/butcher-board/בוצ-ר-אנדגריין-אלון-25-40-ללא-תעלה/
https://compassgrill.co.il/smoker-tandoor/pellet-smokers/tailgater-pellet-smoker/?sort=p.sort_order&order=ASC,parameters,Noindex,https://compassgrill.co.il/smoker-tandoor/pellet-smokers/tailgater-pellet-smoker/
https://compassgrill.co.il/grill-smoker-accessories/butcher-board/בוצ-ר-אנדגריין-מייפל-30-40-ללא-תעלה-עבודת-יד/?sort=p.sort_order&order=ASC,parameters,Noindex,https://compassgrill.co.il/grill-smoker-accessories/butcher-board/בוצ-ר-אנדגריין-מייפל-30-40-ללא-תעלה-עבודת-יד/
https://compassgrill.co.il/smoker-tandoor/pellet-smokers/lg800fl-founders-legacy/?sort=p.sort_order&order=ASC,parameters,Noindex,https://compassgrill.co.il/smoker-tandoor/pellet-smokers/lg800fl-founders-legacy/
https://compassgrill.co.il/grill-smoker-accessories/butcher-board/בוצ-ר-אנדגריין-סיסם-אירופאי-לסושי/?category_id=128801&sort=p.sort_order&order=ASC,parameters,Noindex,https://compassgrill.co.il/grill-smoker-accessories/butcher-board/בוצ-ר-אנדגריין-סיסם-אירופאי-לסושי/
https://compassgrill.co.il/grill-smoker-accessories/butcher-board/בוצ-ר-אנדגריין-אלון-20-30-עם-תעלה/?sort=p.sort_order&order=ASC,parameters,Noindex,https://compassgrill.co.il/grill-smoker-accessories/butcher-board/בוצ-ר-אנדגריין-אלון-20-30-עם-תעלה/
https://compassgrill.co.il/grill-smoker-accessories/butcher-board/butcher-cutting-board/?sort=p.sort_order&order=ASC,parameters,Noindex,https://compassgrill.co.il/grill-smoker-accessories/butcher-board/butcher-cutting-board/
https://compassgrill.co.il/plates-for-serving/צלחת-אובלית-מעץ-מלא-25-35-דו-צדדית/?category_id=128868&sort=p.model&order=DESC,parameters,Noindex,https://compassgrill.co.il/plates-for-serving/צלחת-אובלית-מעץ-מלא-25-35-דו-צדדית/
https://compassgrill.co.il/grill-smoker-accessories/butcher-board/בוצ-ר-אנדגריין-אלון-25-40-עם-תעלה-עבודת-יד/?sort=p.sort_order&order=ASC,parameters,Noindex,https://compassgrill.co.il/grill-smoker-accessories/butcher-board/בוצ-ר-אנדגריין-אלון-25-40-עם-תעלה-עבודת-יד/
https://compassgrill.co.il/fresh-beef/angus-feedlot-ribs-no-2-3kg/?category_id=66835&sort=price&order=ASC,parameters,Noindex,https://compassgrill.co.il/fresh-beef/angus-feedlot-ribs-no-2-3kg/
https://compassgrill.co.il/grill-smoker-accessories/butcher-board/בוצ-ר-אנדגריין-אלון-45-פינות-מעוגלות-עם-תעלה/?sort=p.sort_order&order=ASC,parameters,Noindex,https://compassgrill.co.il/grill-smoker-accessories/butcher-board/בוצ-ר-אנדגריין-אלון-45-פינות-מעוגלות-עם-תעלה/
https://compassgrill.co.il/grill-smoker-accessories/butcher-board/בוצ-ר-אנדגריין-סיסם-אירופאי-לסושי/?sort=p.sort_order&order=ASC,parameters,Noindex,https://compassgrill.co.il/grill-smoker-accessories/butcher-board/בוצ-ר-אנדגריין-סיסם-אירופאי-לסושי/
https://compassgrill.co.il/grill-smoker-accessories/butcher-board/קרש-חיתוך-אלון-עם-ידית-35-20/?category_id=128801&sort=p.model&order=ASC,parameters,Noindex,https://compassgrill.co.il/grill-smoker-accessories/butcher-board/קרש-חיתוך-אלון-עם-ידית-35-20/
https://compassgrill.co.il/עופות-טרי/כרעיים-עוף-ארוז-copy-1/?category_id=128479&sort=pd.name&order=ASC,parameters,Noindex,https://compassgrill.co.il/עופות-טרי/כרעיים-עוף-ארוז/
https://compassgrill.co.il/עופות-טרי/כרעיים-עוף-ארוז-copy-1/?category_id=128479&sort=pd.name&order=ASC,duplicate,Redirect 301,https://compassgrill.co.il/עופות-טרי/כרעיים-עוף-ארוז/
https://compassgrill.co.il/grill-smoker-accessories/butcher-board/בוצ-ר-אנדגריין-אלון-45-ריבוע-עם-תעלה-דגם-king-size/?sort=p.sort_order&order=ASC,parameters,Noindex,https://compassgrill.co.il/grill-smoker-accessories/butcher-board/בוצ-ר-אנדגריין-אלון-45-ריבוע-עם-תעלה-דגם-king-size/
https://compassgrill.co.il/grill-smoker-accessories/butcher-board/?sort=p.sort_order&order=ASC,parameters,Noindex,https://compassgrill.co.il/grill-smoker-accessories/butcher-board/
https://compassgrill.co.il/gas-grills-1/4-burner-gas-grill/ultimate-griddle-4/?sort=p.model&order=DESC,parameters,Noindex,https://compassgrill.co.il/gas-grills-1/4-burner-gas-grill/ultimate-griddle-4/
https://compassgrill.co.il/gas-grill-smokers-tandoor/rogue-xt-365sib-il-black/?category_id=97701&sort=pd.name&order=ASC,parameters,Noindex,https://compassgrill.co.il/gas-grill-smokers-tandoor/rogue-xt-365sib-il-black/
https://compassgrill.co.il/gas-grill-smokers-tandoor/rogue-xt-365sib-il-black/?category_id=97701&sort=rating&order=DESC,parameters,Noindex,https://compassgrill.co.il/gas-grill-smokers-tandoor/rogue-xt-365sib-il-black/
https://compassgrill.co.il/grill-smoker-accessories/butcher-board/בוצ-ר-אנדגריין-מייפל-30-40-ללא-תעלה-עבודת-יד/?category_id=128801&sort=p.model&order=ASC,parameters,Noindex,https://compassgrill.co.il/grill-smoker-accessories/butcher-board/בוצ-ר-אנדגריין-מייפל-30-40-ללא-תעלה-עבודת-יד/
https://compassgrill.co.il/butcher-kfar-saba/poultry-3/כרעיים-עוף-ארוז-copy-2/?category_id=105748&sort=pd.name&order=DESC,parameters,Noindex,https://compassgrill.co.il/butcher-kfar-saba/poultry-3/כרעיים-עוף-ארוז/
https://compassgrill.co.il/butcher-kfar-saba/poultry-3/כרעיים-עוף-ארוז-copy-2/?category_id=105748&sort=pd.name&order=DESC,duplicate,Redirect 301,https://compassgrill.co.il/butcher-kfar-saba/poultry-3/כרעיים-עוף-ארוז/
https://compassgrill.co.il/grill-smoker-accessories/butcher-board/cutting-board-otto/?category_id=128801&sort=p.model&order=ASC,parameters,Noindex,https://compassgrill.co.il/grill-smoker-accessories/butcher-board/cutting-board-otto/
https://compassgrill.co.il/butcher-kfar-saba/poultry-3/כרעיים-עוף-ארוז-copy-2/?sort=pd.name&order=DESC,parameters,Noindex,https://compassgrill.co.il/butcher-kfar-saba/poultry-3/כרעיים-עוף-ארוז/
https://compassgrill.co.il/butcher-kfar-saba/poultry-3/כרעיים-עוף-ארוז-copy-2/?sort=pd.name&order=DESC,duplicate,Redirect 301,https://compassgrill.co.il/butcher-kfar-saba/poultry-3/כרעיים-עוף-ארוז/
https://compassgrill.co.il/butcher-kfar-saba/poultry-3/שוקיים-עוף-ארוז-מחפוד/?sort=pd.name&order=DESC,parameters,Noindex,https://compassgrill.co.il/butcher-kfar-saba/poultry-3/שוקיים-עוף-ארוז-מחפוד/
https://compassgrill.co.il/grill-smoker-accessories/butcher-board/בוצ-ר-אנדגריין-אלון-25-40-עם-תעלה-עבודת-יד/?category_id=128801&sort=p.model&order=ASC,parameters,Noindex,https://compassgrill.co.il/grill-smoker-accessories/butcher-board/בוצ-ר-אנדגריין-אלון-25-40-עם-תעלה-עבודת-יד/
https://compassgrill.co.il/grill-smoker-accessories/knives-and-accessories/סכין-בשר-חריצים-26-ס-מ-להב-גבוה-dick-ergogrip/?category_id=35161&sort=pd.name&order=DESC,parameters,Noindex,https://compassgrill.co.il/grill-smoker-accessories/knives-and-accessories/סכין-בשר-חריצים-26-ס-מ-להב-גבוה-dick-ergogrip/
https://compassgrill.co.il/grill-smoker-accessories/knives-and-accessories/סכין-בשר-26-ס-מ-להב-גבוה-dick-ergogrip/?category_id=35161&sort=pd.name&order=DESC,parameters,Noindex,https://compassgrill.co.il/grill-smoker-accessories/knives-and-accessories/סכין-בשר-26-ס-מ-להב-גבוה-dick-ergogrip/
https://compassgrill.co.il/grill-smoker-accessories/butcher-board/בוצ-ר-אנדגריין-מייפל-30-40-ללא-תעלה-עבודת-יד/?sort=p.model&order=ASC,parameters,Noindex,https://compassgrill.co.il/grill-smoker-accessories/butcher-board/בוצ-ר-אנדגריין-מייפל-30-40-ללא-תעלה-עבודת-יד/
https://compassgrill.co.il/grill-smoker-accessories/knives-and-accessories/סכין-סנטוקו-מחוזקת-חריצים-18-ס-מ-berox/?category_id=35161&sort=pd.name&order=DESC,parameters,Noindex,https://compassgrill.co.il/grill-smoker-accessories/knives-and-accessories/סכין-סנטוקו-מחוזקת-חריצים-18-ס-מ-berox/
https://compassgrill.co.il/grill-smoker-accessories/knives-and-accessories/סכין-סנטוקו-מחוזקת-חריצים-18-ס-מ-berox/?sort=pd.name&order=DESC,parameters,Noindex,https://compassgrill.co.il/grill-smoker-accessories/knives-and-accessories/סכין-סנטוקו-מחוזקת-חריצים-18-ס-מ-berox/
https://compassgrill.co.il/grill-smoker-accessories/butcher-board/שמן-טבעי-לעץ-100-מ-ל-להגנה-וחידוש-קרשי-חיתוך-ובוצ-רים/?sort=p.model&order=ASC,parameters,Noindex,https://compassgrill.co.il/grill-smoker-accessories/butcher-board/שמן-טבעי-לעץ-100-מ-ל-להגנה-וחידוש-קרשי-חיתוך-ובוצ-רים/
https://compassgrill.co.il/grill-smoker-accessories/butcher-board/בוצ-ר-אנדגריין-אלון-20x35-עם-תעלה/?category_id=128801&sort=p.model&order=ASC,parameters,Noindex,https://compassgrill.co.il/grill-smoker-accessories/butcher-board/בוצ-ר-אנדגריין-אלון-20x35-עם-תעלה/
https://compassgrill.co.il/grill-smoker-accessories/butcher-board/בוצ-ר-אנדגריין-אלון-20x35-עם-תעלה/?sort=p.model&order=ASC,parameters,Noindex,https://compassgrill.co.il/grill-smoker-accessories/butcher-board/בוצ-ר-אנדגריין-אלון-20x35-עם-תעלה/
https://compassgrill.co.il/grill-smoker-accessories/butcher-board/בוצ-ר-אנדגריין-אלון-45-ריבוע-עם-תעלה-דגם-king-size/?category_id=128801&sort=p.model&order=ASC,parameters,Noindex,https://compassgrill.co.il/grill-smoker-accessories/butcher-board/בוצ-ר-אנדגריין-אלון-45-ריבוע-עם-תעלה-דגם-king-size/
https://compassgrill.co.il/grill-smoker-accessories/butcher-board/בוצ-ר-אנדגריין-אלון-30x40-עם-תעלה/?sort=p.model&order=ASC,parameters,Noindex,https://compassgrill.co.il/grill-smoker-accessories/butcher-board/בוצ-ר-אנדגריין-אלון-30x40-עם-תעלה/
https://compassgrill.co.il/grill-smoker-accessories/butcher-board/בוצ-ר-אנדגריין-אלון-45-ריבוע-עם-תעלה-דגם-king-size/?sort=p.model&order=ASC,parameters,Noindex,https://compassgrill.co.il/grill-smoker-accessories/butcher-board/בוצ-ר-אנדגריין-אלון-45-ריבוע-עם-תעלה-דגם-king-size/
https://compassgrill.co.il/grill-smoker-accessories/knives-and-accessories/סכין-בשר-26-ס-מ-להב-גבוה-dick-ergogrip/?sort=pd.name&order=DESC,parameters,Noindex,https://compassgrill.co.il/grill-smoker-accessories/knives-and-accessories/סכין-בשר-26-ס-מ-להב-גבוה-dick-ergogrip/
https://compassgrill.co.il/grill-smoker-accessories/butcher-board/בוצ-ר-אנדגריין-אלון-עגול-40-ס-מ-עבודת-יד/?category_id=128801&sort=p.model&order=ASC,parameters,Noindex,https://compassgrill.co.il/grill-smoker-accessories/butcher-board/בוצ-ר-אנדגריין-אלון-עגול-40-ס-מ-עבודת-יד/
https://compassgrill.co.il/grill-smoker-accessories/butcher-board/בוצ-ר-אנדגריין-סיסם-אירופאי-לסושי/?category_id=128801&sort=p.model&order=ASC,parameters,Noindex,https://compassgrill.co.il/grill-smoker-accessories/butcher-board/בוצ-ר-אנדגריין-סיסם-אירופאי-לסושי/
https://compassgrill.co.il/grill-smoker-accessories/knives-and-accessories/סכין-בשר-חריצים-26-ס-מ-להב-גבוה-dick-ergogrip/?sort=pd.name&order=DESC,parameters,Noindex,https://compassgrill.co.il/grill-smoker-accessories/knives-and-accessories/סכין-בשר-חריצים-26-ס-מ-להב-גבוה-dick-ergogrip/
https://compassgrill.co.il/grill-smoker-accessories/knives-and-accessories/סכין-שף-21-ס-מ-berox/?category_id=35161&sort=pd.name&order=DESC,parameters,Noindex,https://compassgrill.co.il/grill-smoker-accessories/knives-and-accessories/סכין-שף-21-ס-מ-berox/
https://compassgrill.co.il/grill-smoker-accessories/knives-and-accessories/סכין-שף-21-ס-מ-berox/?sort=pd.name&order=DESC,parameters,Noindex,https://compassgrill.co.il/grill-smoker-accessories/knives-and-accessories/סכין-שף-21-ס-מ-berox/
https://compassgrill.co.il/grill-smoker-accessories/butcher-board/קרש-חיתוך-אשא-20-30-עם-תעלה/?category_id=128801&sort=p.model&order=ASC,parameters,Noindex,https://compassgrill.co.il/grill-smoker-accessories/butcher-board/קרש-חיתוך-אשא-20-30-עם-תעלה/
https://compassgrill.co.il/grill-smoker-accessories/butcher-board/בוצ-ר-אנדגריין-מייפל-25-40-ללא-תעלה/?sort=p.model&order=ASC,parameters,Noindex,https://compassgrill.co.il/grill-smoker-accessories/butcher-board/בוצ-ר-אנדגריין-מייפל-25-40-ללא-תעלה/
https://compassgrill.co.il/grill-smoker-accessories/butcher-board/בוצ-ר-אנדגריין-אלון-עגול-40-ס-מ-עבודת-יד/?sort=p.model&order=ASC,parameters,Noindex,https://compassgrill.co.il/grill-smoker-accessories/butcher-board/בוצ-ר-אנדגריין-אלון-עגול-40-ס-מ-עבודת-יד/
https://compassgrill.co.il/grill-smoker-accessories/butcher-board/קרש-חיתוך-אשא-25-40-עם-תעלה/?category_id=128801&sort=p.model&order=ASC,parameters,Noindex,https://compassgrill.co.il/grill-smoker-accessories/butcher-board/קרש-חיתוך-אשא-25-40-עם-תעלה/
https://compassgrill.co.il/grill-smoker-accessories/butcher-board/בוצ-ר-אנדגריין-אלון-20-30-עם-תעלה/?category_id=128801&sort=p.model&order=ASC,parameters,Noindex,https://compassgrill.co.il/grill-smoker-accessories/butcher-board/בוצ-ר-אנדגריין-אלון-20-30-עם-תעלה/
https://compassgrill.co.il/grill-smoker-accessories/butcher-board/בוצ-ר-אנדגריין-אלון-20-30-עם-תעלה/?sort=p.model&order=ASC,parameters,Noindex,https://compassgrill.co.il/grill-smoker-accessories/butcher-board/בוצ-ר-אנדגריין-אלון-20-30-עם-תעלה/
https://compassgrill.co.il/grill-smoker-accessories/butcher-board/butcher-cutting-board/?sort=p.model&order=ASC,parameters,Noindex,https://compassgrill.co.il/grill-smoker-accessories/butcher-board/butcher-cutting-board/
https://compassgrill.co.il/grill-smoker-accessories/butcher-board/בוצ-ר-אנדגריין-אלון-25-40-עם-תעלה-עבודת-יד/?sort=p.model&order=ASC,parameters,Noindex,https://compassgrill.co.il/grill-smoker-accessories/butcher-board/בוצ-ר-אנדגריין-אלון-25-40-עם-תעלה-עבודת-יד/
https://compassgrill.co.il/grill-smoker-accessories/butcher-board/בוצ-ר-אנדגריין-סיסם-אירופאי-לסושי/?sort=p.model&order=ASC,parameters,Noindex,https://compassgrill.co.il/grill-smoker-accessories/butcher-board/בוצ-ר-אנדגריין-סיסם-אירופאי-לסושי/
https://compassgrill.co.il/grill-smoker-accessories/butcher-board/קרש-חיתוך-אשא-25-40-עם-תעלה/?sort=p.model&order=ASC,parameters,Noindex,https://compassgrill.co.il/grill-smoker-accessories/butcher-board/קרש-חיתוך-אשא-25-40-עם-תעלה/
https://compassgrill.co.il/grill-smoker-accessories/butcher-board/קרש-חיתוך-אשא-20-30-עם-תעלה/?sort=p.model&order=ASC,parameters,Noindex,https://compassgrill.co.il/grill-smoker-accessories/butcher-board/קרש-חיתוך-אשא-20-30-עם-תעלה/
https://compassgrill.co.il/grill-smoker-accessories/butcher-board/קרש-חיתוך-אלון-עם-ידית-35-20/?sort=p.model&order=ASC,parameters,Noindex,https://compassgrill.co.il/grill-smoker-accessories/butcher-board/קרש-חיתוך-אלון-עם-ידית-35-20/
https://compassgrill.co.il/grill-smoker-accessories/butcher-board/בוצ-ר-אנדגריין-אלון-50-35-עם-תעלה-קרש-חיתוך-עבודת-יד/?sort=p.model&order=ASC,parameters,Noindex,https://compassgrill.co.il/grill-smoker-accessories/butcher-board/בוצ-ר-אנדגריין-אלון-50-35-עם-תעלה-קרש-חיתוך-עבודת-יד/
https://compassgrill.co.il/grill-smoker-accessories/butcher-board/?sort=p.model&order=ASC,parameters,Noindex,https://compassgrill.co.il/grill-smoker-accessories/butcher-board/
https://compassgrill.co.il/butcher-kfar-saba/poultry-3/כרעיים-עוף-ארוז-שחיטת-הרב-מחפוד-אילת/?category_id=105748&sort=rating&order=ASC,parameters,Noindex,https://compassgrill.co.il/butcher-kfar-saba/poultry-3/כרעיים-עוף-ארוז-שחיטת-הרב-מחפוד-אילת/
https://compassgrill.co.il/eitan-meat-eilat/עופות-קפוא/frozen-chicken-shawarma-1kg-1/?category_id=125608&sort=pd.name&order=DESC,parameters,Noindex,https://compassgrill.co.il/eitan-meat-eilat/עופות-קפוא/frozen-chicken-shawarma-1kg/
https://compassgrill.co.il/eitan-meat-eilat/עופות-קפוא/frozen-chicken-shawarma-1kg-1/?category_id=125608&sort=pd.name&order=DESC,duplicate,Redirect 301,https://compassgrill.co.il/eitan-meat-eilat/עופות-קפוא/frozen-chicken-shawarma-1kg/
https://compassgrill.co.il/grill-smoker-accessories/butcher-board/קרש-חיתוך-אשא-30-45-עם-תעלה-קרש-חיתוך-אשא-30-45-עם-תעלה/?category_id=128801&sort=price&order=ASC,parameters,Noindex,https://compassgrill.co.il/grill-smoker-accessories/butcher-board/קרש-חיתוך-אשא-30-45-עם-תעלה-קרש-חיתוך-אשא-30-45-עם-תעלה/
https://compassgrill.co.il/grill-smoker-accessories/wood-chips-and-chunks-for-smoking/שבבי-עץ-אלון-למעשנה-5-ליטר/?sort=price&order=ASC,parameters,Noindex,https://compassgrill.co.il/grill-smoker-accessories/wood-chips-and-chunks-for-smoking/שבבי-עץ-אלון-למעשנה-5-ליטר/
https://compassgrill.co.il/grill-smoker-accessories/wood-chips-and-chunks-for-smoking/שבבי-עץ-בוק-למעשנה-5-ליטר/?sort=price&order=ASC,parameters,Noindex,https://compassgrill.co.il/grill-smoker-accessories/wood-chips-and-chunks-for-smoking/שבבי-עץ-בוק-למעשנה-5-ליטר/
https://compassgrill.co.il/gas-grills-1/6-burner-gas-grill/videro-g6-s/?category_id=108563&sort=pd.name&order=ASC,parameters,Noindex,https://compassgrill.co.il/gas-grills-1/6-burner-gas-grill/videro-g6-s/
https://compassgrill.co.il/grill-smoker-accessories/butcher-board/בוצ-ר-אנדגריין-מייפל-25-40-ללא-תעלה/?category_id=128801&sort=price&order=ASC,parameters,Noindex,https://compassgrill.co.il/grill-smoker-accessories/butcher-board/בוצ-ר-אנדגריין-מייפל-25-40-ללא-תעלה/
https://compassgrill.co.il/grill-smoker-accessories/butcher-board/קרש-חיתוך-אשא-25-35-עם-תעלה/?sort=price&order=ASC,parameters,Noindex,https://compassgrill.co.il/grill-smoker-accessories/butcher-board/קרש-חיתוך-אשא-25-35-עם-תעלה/
https://compassgrill.co.il/butcher-kfar-saba/poultry-3/שוקיים-עוף-ארוז-מחפוד/?category_id=105748&sort=p.model&order=DESC,parameters,Noindex,https://compassgrill.co.il/butcher-kfar-saba/poultry-3/שוקיים-עוף-ארוז-מחפוד/
https://compassgrill.co.il/butcher-kfar-saba/poultry-3/כרעיים-עוף-ארוז-שחיטת-הרב-מחפוד-אילת/?category_id=105748&sort=p.model&order=DESC,parameters,Noindex,https://compassgrill.co.il/butcher-kfar-saba/poultry-3/כרעיים-עוף-ארוז-שחיטת-הרב-מחפוד-אילת/
https://compassgrill.co.il/butcher-kfar-saba/poultry-3/לבבות-עוף-ארוז-קפוא-copy-1/?category_id=105748&sort=p.model&order=DESC,parameters,Noindex,https://compassgrill.co.il/butcher-kfar-saba/poultry-3/לבבות-עוף-ארוז-קפוא/
https://compassgrill.co.il/butcher-kfar-saba/poultry-3/לבבות-עוף-ארוז-קפוא-copy-1/?category_id=105748&sort=p.model&order=DESC,duplicate,Redirect 301,https://compassgrill.co.il/butcher-kfar-saba/poultry-3/לבבות-עוף-ארוז-קפוא/
https://compassgrill.co.il/grill-smoker-accessories/wood-chips-and-chunks-for-smoking/שבבי-עץ-מייפל-למעשנה-5-ליטר/?sort=rating&order=ASC,parameters,Noindex,https://compassgrill.co.il/grill-smoker-accessories/wood-chips-and-chunks-for-smoking/שבבי-עץ-מייפל-למעשנה-5-ליטר/
https://compassgrill.co.il/butcher-kfar-saba/poultry-3/כרעיים-עוף-ארוז-copy-2/?category_id=105748&sort=p.model&order=DESC,parameters,Noindex,https://compassgrill.co.il/butcher-kfar-saba/poultry-3/כרעיים-עוף-ארוז/
https://compassgrill.co.il/butcher-kfar-saba/poultry-3/כרעיים-עוף-ארוז-copy-2/?category_id=105748&sort=p.model&order=DESC,duplicate,Redirect 301,https://compassgrill.co.il/butcher-kfar-saba/poultry-3/כרעיים-עוף-ארוז/
https://compassgrill.co.il/butcher-kfar-saba/poultry-3/כרעיים-עוף-ארוז-שחיטת-הרב-מחפוד-אילת/?sort=p.model&order=DESC,parameters,Noindex,https://compassgrill.co.il/butcher-kfar-saba/poultry-3/כרעיים-עוף-ארוז-שחיטת-הרב-מחפוד-אילת/
https://compassgrill.co.il/butcher-kfar-saba/poultry-3/כרעיים-עוף-ארוז-copy-2/?sort=p.model&order=DESC,parameters,Noindex,https://compassgrill.co.il/butcher-kfar-saba/poultry-3/כרעיים-עוף-ארוז/
https://compassgrill.co.il/butcher-kfar-saba/poultry-3/כרעיים-עוף-ארוז-copy-2/?sort=p.model&order=DESC,duplicate,Redirect 301,https://compassgrill.co.il/butcher-kfar-saba/poultry-3/כרעיים-עוף-ארוז/
https://compassgrill.co.il/butcher-kfar-saba/poultry-3/לבבות-עוף-ארוז-קפוא-copy-1/?sort=p.model&order=DESC,parameters,Noindex,https://compassgrill.co.il/butcher-kfar-saba/poultry-3/לבבות-עוף-ארוז-קפוא/
https://compassgrill.co.il/butcher-kfar-saba/poultry-3/לבבות-עוף-ארוז-קפוא-copy-1/?sort=p.model&order=DESC,duplicate,Redirect 301,https://compassgrill.co.il/butcher-kfar-saba/poultry-3/לבבות-עוף-ארוז-קפוא/
https://compassgrill.co.il/butcher-kfar-saba/poultry-3/שוקיים-עוף-ארוז-מחפוד/?sort=p.model&order=DESC,parameters,Noindex,https://compassgrill.co.il/butcher-kfar-saba/poultry-3/שוקיים-עוף-ארוז-מחפוד/
https://compassgrill.co.il/smoker-tandoor/pellet-smokers/navigator-150/?category_id=34516&sort=p.model&order=DESC,parameters,Noindex,https://compassgrill.co.il/smoker-tandoor/pellet-smokers/navigator-150/
https://compassgrill.co.il/compass-skewers/?sort=p.sort_order&order=ASC,parameters,Noindex,https://compassgrill.co.il/compass-skewers/
https://compassgrill.co.il/eitan-meat-eilat/fresh-beef/angus-feedlot-ribs-no-2-3kg/?sort=rating&order=ASC,parameters,Noindex,https://compassgrill.co.il/eitan-meat-eilat/fresh-beef/angus-feedlot-ribs-no-2-3kg/
https://compassgrill.co.il/gas-grills-1/gas-grill-charcoal-smoker-combo/memphis-ultimate-2-0-grill-combination/?category_id=108566&sort=pd.name&order=ASC,parameters,Noindex,https://compassgrill.co.il/gas-grills-1/gas-grill-charcoal-smoker-combo/memphis-ultimate-2-0-grill-combination/
https://compassgrill.co.il/grill-smoker-accessories/plates-for-serving/קרש-חיתוך-והגשה-רינג-אובלי-65/?sort=p.model&order=ASC,parameters,Noindex,https://compassgrill.co.il/grill-smoker-accessories/plates-for-serving/קרש-חיתוך-והגשה-רינג-אובלי-65/
https://compassgrill.co.il/gas-grills-1/6-burner-gas-grill/videro-g6-s/?category_id=108563&sort=p.sort_order&order=ASC,parameters,Noindex,https://compassgrill.co.il/gas-grills-1/6-burner-gas-grill/videro-g6-s/
https://compassgrill.co.il/gas-grills-1/gas-grill-charcoal-smoker-combo/pit-boss-lexington-charcoal-מעשנת-וגריל-פחמים-מקצועי/?category_id=108566&sort=p.model&order=ASC,parameters,Noindex,https://compassgrill.co.il/gas-grills-1/gas-grill-charcoal-smoker-combo/pit-boss-lexington-charcoal-מעשנת-וגריל-פחמים-מקצועי/
https://compassgrill.co.il/gas-grills-1/gas-grill-charcoal-smoker-combo/pit-boss-lexington-charcoal-מעשנת-וגריל-פחמים-מקצועי/?sort=p.model&order=ASC,parameters,Noindex,https://compassgrill.co.il/gas-grills-1/gas-grill-charcoal-smoker-combo/pit-boss-lexington-charcoal-מעשנת-וגריל-פחמים-מקצועי/
https://compassgrill.co.il/grill-smoker-accessories/wood-chips-and-chunks-for-smoking/שבבי-עץ-היקורי-למעשנה-5-ליטר/?sort=rating&order=ASC,parameters,Noindex,https://compassgrill.co.il/grill-smoker-accessories/wood-chips-and-chunks-for-smoking/שבבי-עץ-היקורי-למעשנה-5-ליטר/
https://compassgrill.co.il/gas-grills-1/rse625rsibpk-1-il-a/?sort=pd.name&order=DESC,parameters,Noindex,https://compassgrill.co.il/gas-grills-1/rse625rsibpk-1-il-a/
https://compassgrill.co.il/grill-smoker-accessories/plates-for-serving/צלחת-מעץ-אשא-קוטר-20-ס-מ-דו-צדדית/?category_id=128868,parameters,Canonical,https://compassgrill.co.il/grill-smoker-accessories/plates-for-serving/צלחת-מעץ-אשא-קוטר-20-ס-מ-דו-צדדית/
https://compassgrill.co.il/grill-smoker-accessories/plates-for-serving/צלחת-3-תאים-מעץ-אשא-קוטר-25-ס-מ/?category_id=128868,parameters,Canonical,https://compassgrill.co.il/grill-smoker-accessories/plates-for-serving/צלחת-3-תאים-מעץ-אשא-קוטר-25-ס-מ/
https://compassgrill.co.il/grill-smoker-accessories/plates-for-serving/צלחת-מעץ-אשא-קוטר-25-ס-מ/?category_id=128868,parameters,Canonical,https://compassgrill.co.il/grill-smoker-accessories/plates-for-serving/צלחת-מעץ-אשא-קוטר-25-ס-מ/
https://compassgrill.co.il/grill-smoker-accessories/plates-for-serving/קרש-חיתוך-והגשה-רינג-אובלי-75/?category_id=128868,parameters,Canonical,https://compassgrill.co.il/grill-smoker-accessories/plates-for-serving/קרש-חיתוך-והגשה-רינג-אובלי-75/
https://compassgrill.co.il/grill-smoker-accessories/plates-for-serving/קרש-חיתוך-והגשה-רינג-אובלי-65/?category_id=128868,parameters,Canonical,https://compassgrill.co.il/grill-smoker-accessories/plates-for-serving/קרש-חיתוך-והגשה-רינג-אובלי-65/
https://compassgrill.co.il/grill-smoker-accessories/plates-for-serving/שמן-טבעי-לעץ-100-מ-ל-להגנה-וחידוש-קרשי-חיתוך-ובוצ-רים/?category_id=128868,parameters,Canonical,https://compassgrill.co.il/grill-smoker-accessories/plates-for-serving/שמן-טבעי-לעץ-100-מ-ל-להגנה-וחידוש-קרשי-חיתוך-ובוצ-רים/
https://compassgrill.co.il/grill-smoker-accessories/butcher-board/קרש-חיתוך-אשא-25-40-עם-תעלה/?sort=price&order=ASC,parameters,Noindex,https://compassgrill.co.il/grill-smoker-accessories/butcher-board/קרש-חיתוך-אשא-25-40-עם-תעלה/
https://compassgrill.co.il/grill-smoker-accessories/plates-for-serving/צלחת-פיצה-אשא-קוטר-30-ס-מ/?category_id=128868,parameters,Canonical,https://compassgrill.co.il/grill-smoker-accessories/plates-for-serving/צלחת-פיצה-אשא-קוטר-30-ס-מ/
https://compassgrill.co.il/grill-smoker-accessories/plates-for-serving/צלחת-שישה-תאים-מעץ-מלא-קוטר-30-דו-צדדית/?category_id=128868,parameters,Canonical,https://compassgrill.co.il/grill-smoker-accessories/plates-for-serving/צלחת-שישה-תאים-מעץ-מלא-קוטר-30-דו-צדדית/
https://compassgrill.co.il/grill-smoker-accessories/plates-for-serving/צלחת-אובלית-מעץ-מלא-25-35-דו-צדדית/?category_id=128868,parameters,Canonical,https://compassgrill.co.il/grill-smoker-accessories/plates-for-serving/צלחת-אובלית-מעץ-מלא-25-35-דו-צדדית/
https://compassgrill.co.il/grill-smoker-accessories/plates-for-serving/קרש-חיתוך-והגשה-רינג-אובלי-55/?category_id=128868,parameters,Canonical,https://compassgrill.co.il/grill-smoker-accessories/plates-for-serving/קרש-חיתוך-והגשה-רינג-אובלי-55/
https://compassgrill.co.il/grill-smoker-accessories/wood-chips-and-chunks-for-smoking/שבבי-עץ-מייפל-למעשנה-5-ליטר/?category_id=97766&sort=p.model&order=DESC,parameters,Noindex,https://compassgrill.co.il/grill-smoker-accessories/wood-chips-and-chunks-for-smoking/שבבי-עץ-מייפל-למעשנה-5-ליטר/
https://compassgrill.co.il/grill-smoker-accessories/wood-chips-and-chunks-for-smoking/שבבי-עץ-מייפל-למעשנה-5-ליטר/?sort=p.model&order=DESC,parameters,Noindex,https://compassgrill.co.il/grill-smoker-accessories/wood-chips-and-chunks-for-smoking/שבבי-עץ-מייפל-למעשנה-5-ליטר/
https://compassgrill.co.il/בשרים-קפואים/angus-carpaccio-sliced-10-servings-700g-pack-1/?category_id=125607&sort=p.sort_order&order=ASC,parameters,Noindex,https://compassgrill.co.il/בשרים-קפואים/angus-carpaccio-sliced-10-servings-700g-pack/
https://compassgrill.co.il/בשרים-קפואים/angus-carpaccio-sliced-10-servings-700g-pack-1/?category_id=125607&sort=p.sort_order&order=ASC,duplicate,Redirect 301,https://compassgrill.co.il/בשרים-קפואים/angus-carpaccio-sliced-10-servings-700g-pack/
https://compassgrill.co.il/eitan-meat-eilat/בשרים-קפואים/stuffed-spleen-4-pcs-vacuum-packed-1/?category_id=125607&sort=rating&order=DESC,parameters,Noindex,https://compassgrill.co.il/eitan-meat-eilat/בשרים-קפואים/stuffed-spleen-4-pcs-vacuum-packed/
https://compassgrill.co.il/eitan-meat-eilat/בשרים-קפואים/stuffed-spleen-4-pcs-vacuum-packed-1/?category_id=125607&sort=rating&order=DESC,duplicate,Redirect 301,https://compassgrill.co.il/eitan-meat-eilat/בשרים-קפואים/stuffed-spleen-4-pcs-vacuum-packed/
https://compassgrill.co.il/grill-smoker-accessories/wood-chips-and-chunks-for-smoking/שבבי-עץ-אלון-למעשנה-5-ליטר/?sort=rating&order=ASC,parameters,Noindex,https://compassgrill.co.il/grill-smoker-accessories/wood-chips-and-chunks-for-smoking/שבבי-עץ-אלון-למעשנה-5-ליטר/
https://compassgrill.co.il/grill-smoker-accessories/butcher-board/קרש-חיתוך-אשא-25-40-עם-תעלה/?category_id=128801&sort=price&order=DESC,parameters,Noindex,https://compassgrill.co.il/grill-smoker-accessories/butcher-board/קרש-חיתוך-אשא-25-40-עם-תעלה/
https://compassgrill.co.il/grill-smoker-accessories/wood-chips-and-chunks-for-smoking/שבבי-עץ-היקורי-למעשנה-5-ליטר/?sort=p.model&order=ASC,parameters,Noindex,https://compassgrill.co.il/grill-smoker-accessories/wood-chips-and-chunks-for-smoking/שבבי-עץ-היקורי-למעשנה-5-ליטר/
https://compassgrill.co.il/eitan-meat-eilat/עופות-קפוא/frozen-chicken-shawarma-1kg-1/?category_id=125608&sort=rating&order=DESC,parameters,Noindex,https://compassgrill.co.il/eitan-meat-eilat/עופות-קפוא/frozen-chicken-shawarma-1kg/
https://compassgrill.co.il/eitan-meat-eilat/עופות-קפוא/frozen-chicken-shawarma-1kg-1/?category_id=125608&sort=rating&order=DESC,duplicate,Redirect 301,https://compassgrill.co.il/eitan-meat-eilat/עופות-קפוא/frozen-chicken-shawarma-1kg/
https://compassgrill.co.il/eitan-meat-eilat/עופות-קפוא/frozen-chicken-shawarma-1kg-1/?sort=rating&order=DESC,parameters,Noindex,https://compassgrill.co.il/eitan-meat-eilat/עופות-קפוא/frozen-chicken-shawarma-1kg/
https://compassgrill.co.il/eitan-meat-eilat/עופות-קפוא/frozen-chicken-shawarma-1kg-1/?sort=rating&order=DESC,duplicate,Redirect 301,https://compassgrill.co.il/eitan-meat-eilat/עופות-קפוא/frozen-chicken-shawarma-1kg/
https://compassgrill.co.il/gifts/מתנה-ממותגת-לחג-קרש-המלח-פלפל-סכין-סנטוקו-berox/?sort=price&order=ASC,parameters,Noindex,https://compassgrill.co.il/gifts/מתנה-ממותגת-לחג-קרש-המלח-פלפל-סכין-סנטוקו-berox/
https://compassgrill.co.il/grill-smoker-accessories/butcher-board/בוצ-ר-אנדגריין-אלון-25-40-עם-תעלה-עבודת-יד/?sort=price&order=ASC,parameters,Noindex,https://compassgrill.co.il/grill-smoker-accessories/butcher-board/בוצ-ר-אנדגריין-אלון-25-40-עם-תעלה-עבודת-יד/
https://compassgrill.co.il/grill-smoker-accessories/plates-for-serving/קרש-חיתוך-והגשה-רינג-אובלי-55/?category_id=128868&sort=p.model&order=ASC,parameters,Noindex,https://compassgrill.co.il/grill-smoker-accessories/plates-for-serving/קרש-חיתוך-והגשה-רינג-אובלי-55/
https://compassgrill.co.il/grill-smoker-accessories/wood-chips-and-chunks-for-smoking/שבבי-עץ-מייפל-למעשנה-5-ליטר/?sort=price&order=ASC,parameters,Noindex,https://compassgrill.co.il/grill-smoker-accessories/wood-chips-and-chunks-for-smoking/שבבי-עץ-מייפל-למעשנה-5-ליטר/
https://compassgrill.co.il/grill-smoker-accessories/wood-chips-and-chunks-for-smoking/שבבי-עץ-בוק-למעשנה-5-ליטר/?category_id=97766&sort=p.model&order=DESC,parameters,Noindex,https://compassgrill.co.il/grill-smoker-accessories/wood-chips-and-chunks-for-smoking/שבבי-עץ-בוק-למעשנה-5-ליטר/
https://compassgrill.co.il/grill-smoker-accessories/wood-chips-and-chunks-for-smoking/שבבי-עץ-היקורי-למעשנה-5-ליטר/?category_id=97766&sort=p.model&order=DESC,parameters,Noindex,https://compassgrill.co.il/grill-smoker-accessories/wood-chips-and-chunks-for-smoking/שבבי-עץ-היקורי-למעשנה-5-ליטר/
https://compassgrill.co.il/grill-smoker-accessories/wood-chips-and-chunks-for-smoking/שבבי-עץ-בוק-למעשנה-5-ליטר/?sort=p.model&order=DESC,parameters,Noindex,https://compassgrill.co.il/grill-smoker-accessories/wood-chips-and-chunks-for-smoking/שבבי-עץ-בוק-למעשנה-5-ליטר/
https://compassgrill.co.il/smoker-tandoor/pellet-smokers/pit-boss-austin-xl-onyx-מעשנת-וגריל-פלט-מקצועי/?category_id=34516&sort=rating&order=ASC,parameters,Noindex,https://compassgrill.co.il/smoker-tandoor/pellet-smokers/pit-boss-austin-xl-onyx-מעשנת-וגריל-פלט-מקצועי/
https://compassgrill.co.il/grill-smoker-accessories/wood-chips-and-chunks-for-smoking/שבבי-עץ-אלון-למעשנה-5-ליטר/?sort=p.model&order=DESC,parameters,Noindex,https://compassgrill.co.il/grill-smoker-accessories/wood-chips-and-chunks-for-smoking/שבבי-עץ-אלון-למעשנה-5-ליטר/
https://compassgrill.co.il/meat-aging-treatment/meat-accessories-tools/premiumcut-chef/?category_id=121090&sort=p.model&order=ASC,parameters,Noindex,https://compassgrill.co.il/meat-aging-treatment/meat-accessories-tools/premiumcut-chef/
https://compassgrill.co.il/meat-aging-treatment/meat-accessories-tools/premiumcut-slicer-31/?category_id=121090&sort=p.model&order=ASC,parameters,Noindex,https://compassgrill.co.il/meat-aging-treatment/meat-accessories-tools/premiumcut-slicer-31/
https://compassgrill.co.il/meat-aging-treatment/meat-accessories-tools/premiumcut-filet/?category_id=121090&sort=rating&order=DESC,parameters,Noindex,https://compassgrill.co.il/meat-aging-treatment/meat-accessories-tools/premiumcut-filet/
https://compassgrill.co.il/meat-aging-treatment/meat-accessories-tools/premiumcut-chef/?sort=p.model&order=ASC,parameters,Noindex,https://compassgrill.co.il/meat-aging-treatment/meat-accessories-tools/premiumcut-chef/
https://compassgrill.co.il/grill-smoker-accessories/wood-chips-and-chunks-for-smoking/שבבי-עץ-היקורי-למעשנה-5-ליטר/?sort=p.model&order=DESC,parameters,Noindex,https://compassgrill.co.il/grill-smoker-accessories/wood-chips-and-chunks-for-smoking/שבבי-עץ-היקורי-למעשנה-5-ליטר/
https://compassgrill.co.il/meat-aging-treatment/meat-accessories-tools/premiumcut-slicer-31/?sort=p.model&order=ASC,parameters,Noindex,https://compassgrill.co.il/meat-aging-treatment/meat-accessories-tools/premiumcut-slicer-31/
https://compassgrill.co.il/grill-smoker-accessories/butcher-board/קרש-חיתוך-אשא-25-40-עם-תעלה/?category_id=128801,parameters,Canonical,https://compassgrill.co.il/grill-smoker-accessories/butcher-board/קרש-חיתוך-אשא-25-40-עם-תעלה/
https://compassgrill.co.il/grill-smoker-accessories/plates-for-serving/קרש-חיתוך-סיסם-ארוך-עם-ידית-60-20/?category_id=128868,parameters,Canonical,https://compassgrill.co.il/grill-smoker-accessories/plates-for-serving/קרש-חיתוך-סיסם-ארוך-עם-ידית-60-20/
https://compassgrill.co.il/grill-smoker-accessories/butcher-board/קרש-חיתוך-אשא-25-35-עם-תעלה/?category_id=128801,parameters,Canonical,https://compassgrill.co.il/grill-smoker-accessories/butcher-board/קרש-חיתוך-אשא-25-35-עם-תעלה/
https://compassgrill.co.il/gas-grills-1/gas-grill-charcoal-smoker-combo/memphis-ultimate-2-0-grill-combination/?sort=p.model&order=DESC,parameters,Noindex,https://compassgrill.co.il/gas-grills-1/gas-grill-charcoal-smoker-combo/memphis-ultimate-2-0-grill-combination/
https://compassgrill.co.il/gas-grills-1/gas-grill-charcoal-smoker-combo/memphis-ultimate-2-0-grill-combination/?category_id=108566&sort=p.model&order=DESC,parameters,Noindex,https://compassgrill.co.il/gas-grills-1/gas-grill-charcoal-smoker-combo/memphis-ultimate-2-0-grill-combination/
https://compassgrill.co.il/meat-aging-treatment/meat-accessories-tools/premiumcut-filet/?category_id=121090&sort=pd.name&order=ASC,parameters,Noindex,https://compassgrill.co.il/meat-aging-treatment/meat-accessories-tools/premiumcut-filet/
https://compassgrill.co.il/eitan-meat-eilat/עופות-קפוא/chicken-liver-1/?category_id=125608&sort=pd.name&order=DESC,parameters,Noindex,https://compassgrill.co.il/eitan-meat-eilat/עופות-קפוא/chicken-liver/
https://compassgrill.co.il/eitan-meat-eilat/עופות-קפוא/chicken-liver-1/?category_id=125608&sort=pd.name&order=DESC,duplicate,Redirect 301,https://compassgrill.co.il/eitan-meat-eilat/עופות-קפוא/chicken-liver/
https://compassgrill.co.il/eitan-meat-eilat/עופות-קפוא/frozen-chicken-shawarma-1kg-1/?sort=pd.name&order=DESC,parameters,Noindex,https://compassgrill.co.il/eitan-meat-eilat/עופות-קפוא/frozen-chicken-shawarma-1kg/
https://compassgrill.co.il/eitan-meat-eilat/עופות-קפוא/frozen-chicken-shawarma-1kg-1/?sort=pd.name&order=DESC,duplicate,Redirect 301,https://compassgrill.co.il/eitan-meat-eilat/עופות-קפוא/frozen-chicken-shawarma-1kg/
https://compassgrill.co.il/eitan-meat-eilat/עופות-קפוא/chicken-liver-1/?sort=pd.name&order=DESC,parameters,Noindex,https://compassgrill.co.il/eitan-meat-eilat/עופות-קפוא/chicken-liver/
https://compassgrill.co.il/eitan-meat-eilat/עופות-קפוא/chicken-liver-1/?sort=pd.name&order=DESC,duplicate,Redirect 301,https://compassgrill.co.il/eitan-meat-eilat/עופות-קפוא/chicken-liver/
https://compassgrill.co.il/eitan-meat-eilat/שוקיים-עוף-ארוז-שחיטת-הרב-מחפוד-אילת/?category_id=125603&sort=pd.name&order=DESC,parameters,Noindex,https://compassgrill.co.il/eitan-meat-eilat/שוקיים-עוף-ארוז-שחיטת-הרב-מחפוד-אילת/
https://compassgrill.co.il/grill-smoker-accessories/butcher-board/קרש-חיתוך-סיסם-אירופאי-המלח-פלפל-30-45/?category_id=128801&sort=price&order=ASC,parameters,Noindex,https://compassgrill.co.il/grill-smoker-accessories/butcher-board/קרש-חיתוך-סיסם-אירופאי-המלח-פלפל-30-45/
https://compassgrill.co.il/eitan-meat-eilat/שוקיים-עוף-ארוז-שחיטת-הרב-מחפוד-אילת/?sort=pd.name&order=DESC,parameters,Noindex,https://compassgrill.co.il/eitan-meat-eilat/שוקיים-עוף-ארוז-שחיטת-הרב-מחפוד-אילת/
https://compassgrill.co.il/grill-smoker-accessories/butcher-board/בוצ-ר-אנדגריין-אלון-25-40-ללא-תעלה/?category_id=128801&sort=price&order=DESC,parameters,Noindex,https://compassgrill.co.il/grill-smoker-accessories/butcher-board/בוצ-ר-אנדגריין-אלון-25-40-ללא-תעלה/
https://compassgrill.co.il/eitan-meat-eilat/אילת-שייטל-בלאק-אנגוס-פידלוט-גוש/?category_id=125603&sort=pd.name&order=DESC,parameters,Noindex,https://compassgrill.co.il/eitan-meat-eilat/אילת-שייטל-בלאק-אנגוס-פידלוט-גוש/
https://compassgrill.co.il/grill-smoker-accessories/butcher-board/קרש-חיתוך-מעץ-סיסם-אירופאי-30-50-עם-תעלת-ניקוז/?sort=price&order=ASC,parameters,Noindex,https://compassgrill.co.il/grill-smoker-accessories/butcher-board/קרש-חיתוך-מעץ-סיסם-אירופאי-30-50-עם-תעלת-ניקוז/
https://compassgrill.co.il/eitan-meat-eilat/אילת-שייטל-בלאק-אנגוס-פידלוט-גוש/?sort=pd.name&order=DESC,parameters,Noindex,https://compassgrill.co.il/eitan-meat-eilat/אילת-שייטל-בלאק-אנגוס-פידלוט-גוש/
https://compassgrill.co.il/grill-smoker-accessories/butcher-board/בוצ-ר-אנדגריין-אלון-20x35-עם-תעלה/?sort=price&order=ASC,parameters,Noindex,https://compassgrill.co.il/grill-smoker-accessories/butcher-board/בוצ-ר-אנדגריין-אלון-20x35-עם-תעלה/
https://compassgrill.co.il/butcher-board/בוצ-ר-אנדגריין-אלון-25-40-עם-תעלה-עבודת-יד/?category_id=128801,parameters,Canonical,https://compassgrill.co.il/butcher-board/בוצ-ר-אנדגריין-אלון-25-40-עם-תעלה-עבודת-יד/
https://compassgrill.co.il/butcher-board/בוצ-ר-אנדגריין-אלון-25-40-ללא-תעלה/?category_id=128801,parameters,Canonical,https://compassgrill.co.il/butcher-board/בוצ-ר-אנדגריין-אלון-25-40-ללא-תעלה/
https://compassgrill.co.il/butcher-board/קרש-חיתוך-סיסם-אירופאי-המלח-פלפל-30-45/?category_id=128801,parameters,Canonical,https://compassgrill.co.il/butcher-board/קרש-חיתוך-סיסם-אירופאי-המלח-פלפל-30-45/
https://compassgrill.co.il/grill-smoker-accessories/butcher-board/בוצ-ר-אנדגריין-אלון-25-40-עם-תעלה-עבודת-יד/?category_id=128801&sort=price&order=DESC,parameters,Noindex,https://compassgrill.co.il/grill-smoker-accessories/butcher-board/בוצ-ר-אנדגריין-אלון-25-40-עם-תעלה-עבודת-יד/
https://compassgrill.co.il/grill-smoker-accessories/butcher-board/בוצ-ר-אנדגריין-אלון-45-ריבוע-עם-תעלה-דגם-king-size/?category_id=128801&sort=price&order=DESC,parameters,Noindex,https://compassgrill.co.il/grill-smoker-accessories/butcher-board/בוצ-ר-אנדגריין-אלון-45-ריבוע-עם-תעלה-דגם-king-size/
https://compassgrill.co.il/grill-smoker-accessories/butcher-board/בוצ-ר-אנדגריין-אלון-25-40-עם-תעלה-עבודת-יד/?sort=price&order=DESC,parameters,Noindex,https://compassgrill.co.il/grill-smoker-accessories/butcher-board/בוצ-ר-אנדגריין-אלון-25-40-עם-תעלה-עבודת-יד/
https://compassgrill.co.il/grill-smoker-accessories/butcher-board/בוצ-ר-אנדגריין-אלון-45-פינות-מעוגלות-עם-תעלה/?sort=price&order=ASC,parameters,Noindex,https://compassgrill.co.il/grill-smoker-accessories/butcher-board/בוצ-ר-אנדגריין-אלון-45-פינות-מעוגלות-עם-תעלה/
https://compassgrill.co.il/wood-chips-and-chunks-for-smoking/שבבי-עץ-בוק-למעשנה-5-ליטר/?category_id=97766,parameters,Canonical,https://compassgrill.co.il/wood-chips-and-chunks-for-smoking/שבבי-עץ-בוק-למעשנה-5-ליטר/
https://compassgrill.co.il/grill-smoker-accessories/butcher-board/בוצ-ר-אנדגריין-אלון-20x35-עם-תעלה/?category_id=128801&sort=price&order=ASC,parameters,Noindex,https://compassgrill.co.il/grill-smoker-accessories/butcher-board/בוצ-ר-אנדגריין-אלון-20x35-עם-תעלה/
https://compassgrill.co.il/grill-smoker-accessories/butcher-board/קרש-חיתוך-סיסם-ארוך-עם-ידית-60-20/?category_id=128801&sort=price&order=ASC,parameters,Noindex,https://compassgrill.co.il/grill-smoker-accessories/butcher-board/קרש-חיתוך-סיסם-ארוך-עם-ידית-60-20/
https://compassgrill.co.il/grill-smoker-accessories/butcher-board/בוצ-ר-אנדגריין-אלון-20-30-עם-תעלה/?category_id=128801&sort=price&order=ASC,parameters,Noindex,https://compassgrill.co.il/grill-smoker-accessories/butcher-board/בוצ-ר-אנדגריין-אלון-20-30-עם-תעלה/
https://compassgrill.co.il/grill-smoker-accessories/butcher-board/קרש-חיתוך-אשא-25-40-עם-תעלה/?category_id=128801&sort=price&order=ASC,parameters,Noindex,https://compassgrill.co.il/grill-smoker-accessories/butcher-board/קרש-חיתוך-אשא-25-40-עם-תעלה/
https://compassgrill.co.il/grill-smoker-accessories/butcher-board/בוצ-ר-אנדגריין-סיסם-אירופאי-לסושי/?category_id=128801&sort=price&order=ASC,parameters,Noindex,https://compassgrill.co.il/grill-smoker-accessories/butcher-board/בוצ-ר-אנדגריין-סיסם-אירופאי-לסושי/
https://compassgrill.co.il/grill-smoker-accessories/butcher-board/קרש-חיתוך-מעץ-סיסם-אירופאי-40-30-עם-תעלת-ניקוז/?category_id=128801&sort=price&order=ASC,parameters,Noindex,https://compassgrill.co.il/grill-smoker-accessories/butcher-board/קרש-חיתוך-מעץ-סיסם-אירופאי-40-30-עם-תעלת-ניקוז/
https://compassgrill.co.il/grill-smoker-accessories/butcher-board/קרש-חיתוך-אשא-25-35-עם-תעלה/?category_id=128801&sort=price&order=ASC,parameters,Noindex,https://compassgrill.co.il/grill-smoker-accessories/butcher-board/קרש-חיתוך-אשא-25-35-עם-תעלה/
https://compassgrill.co.il/grill-smoker-accessories/butcher-board/בוצ-ר-אנדגריין-סיסם-אירופאי-לסושי/?sort=price&order=ASC,parameters,Noindex,https://compassgrill.co.il/grill-smoker-accessories/butcher-board/בוצ-ר-אנדגריין-סיסם-אירופאי-לסושי/
https://compassgrill.co.il/grill-smoker-accessories/butcher-board/בוצ-ר-אנדגריין-אלון-25-40-עם-תעלה-עבודת-יד/?category_id=128801&sort=price&order=ASC,parameters,Noindex,https://compassgrill.co.il/grill-smoker-accessories/butcher-board/בוצ-ר-אנדגריין-אלון-25-40-עם-תעלה-עבודת-יד/
https://compassgrill.co.il/grill-smoker-accessories/butcher-board/קרש-חיתוך-מעץ-סיסם-אירופאי-40-30-עם-תעלת-ניקוז/?sort=price&order=ASC,parameters,Noindex,https://compassgrill.co.il/grill-smoker-accessories/butcher-board/קרש-חיתוך-מעץ-סיסם-אירופאי-40-30-עם-תעלת-ניקוז/
https://compassgrill.co.il/grill-smoker-accessories/butcher-board/קרש-חיתוך-אשא-20-30-עם-תעלה/?category_id=128801&sort=price&order=ASC,parameters,Noindex,https://compassgrill.co.il/grill-smoker-accessories/butcher-board/קרש-חיתוך-אשא-20-30-עם-תעלה/
https://compassgrill.co.il/grill-smoker-accessories/butcher-board/קרש-חיתוך-אשא-30-45-עם-תעלה-קרש-חיתוך-אשא-30-45-עם-תעלה/?sort=price&order=ASC,parameters,Noindex,https://compassgrill.co.il/grill-smoker-accessories/butcher-board/קרש-חיתוך-אשא-30-45-עם-תעלה-קרש-חיתוך-אשא-30-45-עם-תעלה/
https://compassgrill.co.il/grill-smoker-accessories/butcher-board/בוצ-ר-אנדגריין-אלון-25-40-ללא-תעלה/?category_id=128801&sort=price&order=ASC,parameters,Noindex,https://compassgrill.co.il/grill-smoker-accessories/butcher-board/בוצ-ר-אנדגריין-אלון-25-40-ללא-תעלה/
https://compassgrill.co.il/grill-smoker-accessories/butcher-board/קרש-חיתוך-מעץ-אשא-30x45-בעובי-4-ס-מ/?category_id=128801&sort=price&order=ASC,parameters,Noindex,https://compassgrill.co.il/grill-smoker-accessories/butcher-board/קרש-חיתוך-מעץ-אשא-30x45-בעובי-4-ס-מ/
https://compassgrill.co.il/grill-smoker-accessories/butcher-board/קרש-חיתוך-אלון-עם-ידית-35-20/?category_id=128801&sort=price&order=ASC,parameters,Noindex,https://compassgrill.co.il/grill-smoker-accessories/butcher-board/קרש-חיתוך-אלון-עם-ידית-35-20/
https://compassgrill.co.il/grill-smoker-accessories/butcher-board/קרש-חיתוך-אשא-30-45-עם-תעלה-קרש-חיתוך-אשא-30-45-עם-תעלה/?sort=pd.name&order=ASC,parameters,Noindex,https://compassgrill.co.il/grill-smoker-accessories/butcher-board/קרש-חיתוך-אשא-30-45-עם-תעלה-קרש-חיתוך-אשא-30-45-עם-תעלה/
https://compassgrill.co.il/grill-smoker-accessories/butcher-board/קרש-חיתוך-מעץ-סיסם-אירופאי-20-30-עם-תעלת-ניקוז/?category_id=128801&sort=price&order=ASC,parameters,Noindex,https://compassgrill.co.il/grill-smoker-accessories/butcher-board/קרש-חיתוך-מעץ-סיסם-אירופאי-20-30-עם-תעלת-ניקוז/
https://compassgrill.co.il/grill-smoker-accessories/butcher-board/קרש-חיתוך-אלון-עם-ידית-35-20/?sort=price&order=ASC,parameters,Noindex,https://compassgrill.co.il/grill-smoker-accessories/butcher-board/קרש-חיתוך-אלון-עם-ידית-35-20/
https://compassgrill.co.il/grill-smoker-accessories/butcher-board/בוצ-ר-אנדגריין-מייפל-25-40-ללא-תעלה/?sort=price&order=ASC,parameters,Noindex,https://compassgrill.co.il/grill-smoker-accessories/butcher-board/בוצ-ר-אנדגריין-מייפל-25-40-ללא-תעלה/
https://compassgrill.co.il/grill-smoker-accessories/butcher-board/butcher-cutting-board/?category_id=128801&sort=price&order=ASC,parameters,Noindex,https://compassgrill.co.il/grill-smoker-accessories/butcher-board/butcher-cutting-board/
https://compassgrill.co.il/grill-smoker-accessories/butcher-board/קרש-חיתוך-מעץ-אשא-30x45-בעובי-4-ס-מ/?sort=price&order=ASC,parameters,Noindex,https://compassgrill.co.il/grill-smoker-accessories/butcher-board/קרש-חיתוך-מעץ-אשא-30x45-בעובי-4-ס-מ/
https://compassgrill.co.il/grill-smoker-accessories/butcher-board/קרש-חיתוך-מעץ-סיסם-אירופאי-40-25-עם-תעלת-ניקוז/?category_id=128801&sort=price&order=ASC,parameters,Noindex,https://compassgrill.co.il/grill-smoker-accessories/butcher-board/קרש-חיתוך-מעץ-סיסם-אירופאי-40-25-עם-תעלת-ניקוז/
https://compassgrill.co.il/poultry-3/לבבות-עוף-ארוז-קפוא-copy-1/,duplicate,Redirect 301,https://compassgrill.co.il/poultry-3/לבבות-עוף-ארוז-קפוא-copy-1/
https://compassgrill.co.il/grill-smoker-accessories/butcher-board/butcher-cutting-board/?sort=price&order=ASC,parameters,Noindex,https://compassgrill.co.il/grill-smoker-accessories/butcher-board/butcher-cutting-board/
https://compassgrill.co.il/grill-smoker-accessories/butcher-board/קרש-חיתוך-אשא-20-30-עם-תעלה/?sort=price&order=ASC,parameters,Noindex,https://compassgrill.co.il/grill-smoker-accessories/butcher-board/קרש-חיתוך-אשא-20-30-עם-תעלה/
https://compassgrill.co.il/grill-smoker-accessories/butcher-board/קרש-חיתוך-מעץ-סיסם-אירופאי-20-30-עם-תעלת-ניקוז/?sort=price&order=ASC,parameters,Noindex,https://compassgrill.co.il/grill-smoker-accessories/butcher-board/קרש-חיתוך-מעץ-סיסם-אירופאי-20-30-עם-תעלת-ניקוז/
https://compassgrill.co.il/grill-smoker-accessories/butcher-board/בוצ-ר-אנדגריין-אלון-20-30-עם-תעלה/?sort=price&order=ASC,parameters,Noindex,https://compassgrill.co.il/grill-smoker-accessories/butcher-board/בוצ-ר-אנדגריין-אלון-20-30-עם-תעלה/
https://compassgrill.co.il/smoker-tandoor/pellet-smokers/pitboss-fb500/?category_id=34516&sort=p.sort_order&order=ASC,parameters,Noindex,https://compassgrill.co.il/smoker-tandoor/pellet-smokers/pitboss-fb500/
https://compassgrill.co.il/butcher-board/קרש-חיתוך-מעץ-סיסם-אירופאי-30-50-עם-תעלת-ניקוז/?category_id=128801,parameters,Canonical,https://compassgrill.co.il/butcher-board/קרש-חיתוך-מעץ-סיסם-אירופאי-30-50-עם-תעלת-ניקוז/
https://compassgrill.co.il/grill-smoker-accessories/butcher-board/שמן-טבעי-לעץ-100-מ-ל-להגנה-וחידוש-קרשי-חיתוך-ובוצ-רים/?category_id=128801&sort=price&order=ASC,parameters,Noindex,https://compassgrill.co.il/grill-smoker-accessories/butcher-board/שמן-טבעי-לעץ-100-מ-ל-להגנה-וחידוש-קרשי-חיתוך-ובוצ-רים/
https://compassgrill.co.il/grill-smoker-accessories/butcher-board/שמן-טבעי-לעץ-100-מ-ל-להגנה-וחידוש-קרשי-חיתוך-ובוצ-רים/?sort=price&order=ASC,parameters,Noindex,https://compassgrill.co.il/grill-smoker-accessories/butcher-board/שמן-טבעי-לעץ-100-מ-ל-להגנה-וחידוש-קרשי-חיתוך-ובוצ-רים/
https://compassgrill.co.il/grill-smoker-accessories/butcher-board/קרש-חיתוך-סיסם-ארוך-עם-ידית-60-20/?sort=price&order=ASC,parameters,Noindex,https://compassgrill.co.il/grill-smoker-accessories/butcher-board/קרש-חיתוך-סיסם-ארוך-עם-ידית-60-20/
https://compassgrill.co.il/grill-smoker-accessories/butcher-board/בוצ-ר-אנדגריין-אלון-25-40-ללא-תעלה/?sort=price&order=ASC,parameters,Noindex,https://compassgrill.co.il/grill-smoker-accessories/butcher-board/בוצ-ר-אנדגריין-אלון-25-40-ללא-תעלה/
https://compassgrill.co.il/butcher-board/בוצ-ר-אנדגריין-אלון-20x35-עם-תעלה/?category_id=128801,parameters,Canonical,https://compassgrill.co.il/butcher-board/בוצ-ר-אנדגריין-אלון-20x35-עם-תעלה/
https://compassgrill.co.il/butcher-board/בוצ-ר-אנדגריין-סיסם-אירופאי-לסושי/?category_id=128801,parameters,Canonical,https://compassgrill.co.il/butcher-board/בוצ-ר-אנדגריין-סיסם-אירופאי-לסושי/
https://compassgrill.co.il/butcher-board/קרש-חיתוך-אלון-עם-ידית-35-20/?category_id=128801,parameters,Canonical,https://compassgrill.co.il/butcher-board/קרש-חיתוך-אלון-עם-ידית-35-20/
https://compassgrill.co.il/butcher-board/בוצ-ר-אנדגריין-מייפל-30-40-ללא-תעלה-עבודת-יד/?category_id=128801,parameters,Canonical,https://compassgrill.co.il/butcher-board/בוצ-ר-אנדגריין-מייפל-30-40-ללא-תעלה-עבודת-יד/
https://compassgrill.co.il/butcher-board/קרש-חיתוך-סיסם-ארוך-עם-ידית-60-20/?category_id=128801,parameters,Canonical,https://compassgrill.co.il/butcher-board/קרש-חיתוך-סיסם-ארוך-עם-ידית-60-20/
https://compassgrill.co.il/butcher-board/קרש-חיתוך-מעץ-סיסם-אירופאי-40-30-עם-תעלת-ניקוז/?category_id=128801,parameters,Canonical,https://compassgrill.co.il/butcher-board/קרש-חיתוך-מעץ-סיסם-אירופאי-40-30-עם-תעלת-ניקוז/
https://compassgrill.co.il/butcher-board/בוצ-ר-אנדגריין-אלון-30x40-עם-תעלה/?category_id=128801,parameters,Canonical,https://compassgrill.co.il/butcher-board/בוצ-ר-אנדגריין-אלון-30x40-עם-תעלה/
https://compassgrill.co.il/butcher-board/קרש-חיתוך-אשא-25-40-עם-תעלה/?category_id=128801,parameters,Canonical,https://compassgrill.co.il/butcher-board/קרש-חיתוך-אשא-25-40-עם-תעלה/
https://compassgrill.co.il/butcher-board/קרש-חיתוך-אשא-20-30-עם-תעלה/?category_id=128801,parameters,Canonical,https://compassgrill.co.il/butcher-board/קרש-חיתוך-אשא-20-30-עם-תעלה/
https://compassgrill.co.il/grill-smoker-accessories/butcher-board/קרש-חיתוך-סיסם-אירופאי-המלח-פלפל-30-45/?category_id=128801&sort=price&order=DESC,parameters,Noindex,https://compassgrill.co.il/grill-smoker-accessories/butcher-board/קרש-חיתוך-סיסם-אירופאי-המלח-פלפל-30-45/
https://compassgrill.co.il/butcher-board/קרש-חיתוך-אשא-30-45-עם-תעלה-קרש-חיתוך-אשא-30-45-עם-תעלה/?category_id=128801,parameters,Canonical,https://compassgrill.co.il/butcher-board/קרש-חיתוך-אשא-30-45-עם-תעלה-קרש-חיתוך-אשא-30-45-עם-תעלה/
https://compassgrill.co.il/butcher-board/בוצ-ר-אנדגריין-מייפל-25-40-ללא-תעלה/?category_id=128801,parameters,Canonical,https://compassgrill.co.il/butcher-board/בוצ-ר-אנדגריין-מייפל-25-40-ללא-תעלה/
https://compassgrill.co.il/grill-smoker-accessories/butcher-board/בוצ-ר-אנדגריין-אלון-עגול-40-ס-מ-עבודת-יד/?category_id=128801&sort=price&order=DESC,parameters,Noindex,https://compassgrill.co.il/grill-smoker-accessories/butcher-board/בוצ-ר-אנדגריין-אלון-עגול-40-ס-מ-עבודת-יד/
https://compassgrill.co.il/butcher-board/קרש-חיתוך-אשא-25-35-עם-תעלה/?category_id=128801,parameters,Canonical,https://compassgrill.co.il/butcher-board/קרש-חיתוך-אשא-25-35-עם-תעלה/
https://compassgrill.co.il/grill-smoker-accessories/butcher-board/בוצ-ר-אנדגריין-אלון-עגול-40-ס-מ-עבודת-יד/?sort=price&order=DESC,parameters,Noindex,https://compassgrill.co.il/grill-smoker-accessories/butcher-board/בוצ-ר-אנדגריין-אלון-עגול-40-ס-מ-עבודת-יד/
https://compassgrill.co.il/grill-smoker-accessories/butcher-board/בוצ-ר-אנדגריין-אלון-20x35-עם-תעלה/?category_id=128801&sort=price&order=DESC,parameters,Noindex,https://compassgrill.co.il/grill-smoker-accessories/butcher-board/בוצ-ר-אנדגריין-אלון-20x35-עם-תעלה/
https://compassgrill.co.il/grill-smoker-accessories/butcher-board/קרש-חיתוך-סיסם-ארוך-עם-ידית-60-20/?category_id=128801&sort=price&order=DESC,parameters,Noindex,https://compassgrill.co.il/grill-smoker-accessories/butcher-board/קרש-חיתוך-סיסם-ארוך-עם-ידית-60-20/
https://compassgrill.co.il/grill-smoker-accessories/butcher-board/קרש-חיתוך-סיסם-אירופאי-המלח-פלפל-30-45/?sort=price&order=DESC,parameters,Noindex,https://compassgrill.co.il/grill-smoker-accessories/butcher-board/קרש-חיתוך-סיסם-אירופאי-המלח-פלפל-30-45/
https://compassgrill.co.il/grill-smoker-accessories/butcher-board/בוצ-ר-אנדגריין-אלון-20x35-עם-תעלה/?sort=price&order=DESC,parameters,Noindex,https://compassgrill.co.il/grill-smoker-accessories/butcher-board/בוצ-ר-אנדגריין-אלון-20x35-עם-תעלה/
https://compassgrill.co.il/grill-smoker-accessories/butcher-board/קרש-חיתוך-אשא-30-45-עם-תעלה-קרש-חיתוך-אשא-30-45-עם-תעלה/?category_id=128801&sort=price&order=DESC,parameters,Noindex,https://compassgrill.co.il/grill-smoker-accessories/butcher-board/קרש-חיתוך-אשא-30-45-עם-תעלה-קרש-חיתוך-אשא-30-45-עם-תעלה/
https://compassgrill.co.il/butcher-board/קרש-חיתוך-מעץ-אשא-30x45-בעובי-4-ס-מ/?category_id=128801,parameters,Canonical,https://compassgrill.co.il/butcher-board/קרש-חיתוך-מעץ-אשא-30x45-בעובי-4-ס-מ/
https://compassgrill.co.il/grill-smoker-accessories/butcher-board/קרש-חיתוך-אשא-30-45-עם-תעלה-קרש-חיתוך-אשא-30-45-עם-תעלה/?sort=price&order=DESC,parameters,Noindex,https://compassgrill.co.il/grill-smoker-accessories/butcher-board/קרש-חיתוך-אשא-30-45-עם-תעלה-קרש-חיתוך-אשא-30-45-עם-תעלה/
https://compassgrill.co.il/grill-smoker-accessories/butcher-board/בוצ-ר-אנדגריין-מייפל-30-40-ללא-תעלה-עבודת-יד/?category_id=128801&sort=price&order=DESC,parameters,Noindex,https://compassgrill.co.il/grill-smoker-accessories/butcher-board/בוצ-ר-אנדגריין-מייפל-30-40-ללא-תעלה-עבודת-יד/
https://compassgrill.co.il/butcher-board/קרש-חיתוך-מעץ-סיסם-אירופאי-20-30-עם-תעלת-ניקוז/?category_id=128801,parameters,Canonical,https://compassgrill.co.il/butcher-board/קרש-חיתוך-מעץ-סיסם-אירופאי-20-30-עם-תעלת-ניקוז/
https://compassgrill.co.il/grill-smoker-accessories/butcher-board/קרש-חיתוך-סיסם-ארוך-עם-ידית-60-20/?sort=price&order=DESC,parameters,Noindex,https://compassgrill.co.il/grill-smoker-accessories/butcher-board/קרש-חיתוך-סיסם-ארוך-עם-ידית-60-20/
https://compassgrill.co.il/grill-smoker-accessories/butcher-board/cutting-board-otto/?category_id=128801&sort=price&order=DESC,parameters,Noindex,https://compassgrill.co.il/grill-smoker-accessories/butcher-board/cutting-board-otto/
https://compassgrill.co.il/butcher-board/בוצ-ר-אנדגריין-אלון-20-30-עם-תעלה/?category_id=128801,parameters,Canonical,https://compassgrill.co.il/butcher-board/בוצ-ר-אנדגריין-אלון-20-30-עם-תעלה/
https://compassgrill.co.il/grill-smoker-accessories/butcher-board/בוצ-ר-אנדגריין-אלון-45-ריבוע-עם-תעלה-דגם-king-size/?sort=price&order=DESC,parameters,Noindex,https://compassgrill.co.il/grill-smoker-accessories/butcher-board/בוצ-ר-אנדגריין-אלון-45-ריבוע-עם-תעלה-דגם-king-size/
https://compassgrill.co.il/butcher-board/קרש-חיתוך-מעץ-סיסם-אירופאי-40-25-עם-תעלת-ניקוז/?category_id=128801,parameters,Canonical,https://compassgrill.co.il/butcher-board/קרש-חיתוך-מעץ-סיסם-אירופאי-40-25-עם-תעלת-ניקוז/
https://compassgrill.co.il/grill-smoker-accessories/butcher-board/קרש-חיתוך-אשא-25-40-עם-תעלה/?sort=price&order=DESC,parameters,Noindex,https://compassgrill.co.il/grill-smoker-accessories/butcher-board/קרש-חיתוך-אשא-25-40-עם-תעלה/
https://compassgrill.co.il/grill-smoker-accessories/butcher-board/קרש-חיתוך-מעץ-סיסם-אירופאי-30-50-עם-תעלת-ניקוז/?category_id=128801&sort=price&order=DESC,parameters,Noindex,https://compassgrill.co.il/grill-smoker-accessories/butcher-board/קרש-חיתוך-מעץ-סיסם-אירופאי-30-50-עם-תעלת-ניקוז/
https://compassgrill.co.il/grill-smoker-accessories/butcher-board/בוצ-ר-אנדגריין-אלון-50-35-עם-תעלה-קרש-חיתוך-עבודת-יד/?category_id=128801&sort=price&order=DESC,parameters,Noindex,https://compassgrill.co.il/grill-smoker-accessories/butcher-board/בוצ-ר-אנדגריין-אלון-50-35-עם-תעלה-קרש-חיתוך-עבודת-יד/
https://compassgrill.co.il/grill-smoker-accessories/butcher-board/קרש-חיתוך-מעץ-סיסם-אירופאי-30-50-עם-תעלת-ניקוז/?sort=price&order=DESC,parameters,Noindex,https://compassgrill.co.il/grill-smoker-accessories/butcher-board/קרש-חיתוך-מעץ-סיסם-אירופאי-30-50-עם-תעלת-ניקוז/
https://compassgrill.co.il/grill-smoker-accessories/butcher-board/קרש-חיתוך-מעץ-סיסם-אירופאי-40-30-עם-תעלת-ניקוז/?category_id=128801&sort=price&order=DESC,parameters,Noindex,https://compassgrill.co.il/grill-smoker-accessories/butcher-board/קרש-חיתוך-מעץ-סיסם-אירופאי-40-30-עם-תעלת-ניקוז/
https://compassgrill.co.il/grill-smoker-accessories/butcher-board/בוצ-ר-אנדגריין-מייפל-25-40-ללא-תעלה/?category_id=128801&sort=price&order=DESC,parameters,Noindex,https://compassgrill.co.il/grill-smoker-accessories/butcher-board/בוצ-ר-אנדגריין-מייפל-25-40-ללא-תעלה/
https://compassgrill.co.il/grill-smoker-accessories/butcher-board/בוצ-ר-אנדגריין-אלון-25-40-ללא-תעלה/?sort=price&order=DESC,parameters,Noindex,https://compassgrill.co.il/grill-smoker-accessories/butcher-board/בוצ-ר-אנדגריין-אלון-25-40-ללא-תעלה/
https://compassgrill.co.il/grill-smoker-accessories/butcher-board/butcher-cutting-board/?category_id=128801&sort=price&order=DESC,parameters,Noindex,https://compassgrill.co.il/grill-smoker-accessories/butcher-board/butcher-cutting-board/
https://compassgrill.co.il/grill-smoker-accessories/butcher-board/butcher-cutting-board/?sort=price&order=DESC,parameters,Noindex,https://compassgrill.co.il/grill-smoker-accessories/butcher-board/butcher-cutting-board/
https://compassgrill.co.il/grill-smoker-accessories/butcher-board/בוצ-ר-אנדגריין-מייפל-25-40-ללא-תעלה/?sort=price&order=DESC,parameters,Noindex,https://compassgrill.co.il/grill-smoker-accessories/butcher-board/בוצ-ר-אנדגריין-מייפל-25-40-ללא-תעלה/
https://compassgrill.co.il/grill-smoker-accessories/butcher-board/קרש-חיתוך-מעץ-אשא-30x45-בעובי-4-ס-מ/?category_id=128801&sort=price&order=DESC,parameters,Noindex,https://compassgrill.co.il/grill-smoker-accessories/butcher-board/קרש-חיתוך-מעץ-אשא-30x45-בעובי-4-ס-מ/
https://compassgrill.co.il/grill-smoker-accessories/butcher-board/בוצ-ר-אנדגריין-אלון-30x40-עם-תעלה/?sort=price&order=DESC,parameters,Noindex,https://compassgrill.co.il/grill-smoker-accessories/butcher-board/בוצ-ר-אנדגריין-אלון-30x40-עם-תעלה/
https://compassgrill.co.il/grill-smoker-accessories/butcher-board/בוצ-ר-אנדגריין-מייפל-30-40-ללא-תעלה-עבודת-יד/?sort=price&order=DESC,parameters,Noindex,https://compassgrill.co.il/grill-smoker-accessories/butcher-board/בוצ-ר-אנדגריין-מייפל-30-40-ללא-תעלה-עבודת-יד/
https://compassgrill.co.il/grill-smoker-accessories/butcher-board/בוצ-ר-אנדגריין-אלון-50-35-עם-תעלה-קרש-חיתוך-עבודת-יד/?sort=price&order=DESC,parameters,Noindex,https://compassgrill.co.il/grill-smoker-accessories/butcher-board/בוצ-ר-אנדגריין-אלון-50-35-עם-תעלה-קרש-חיתוך-עבודת-יד/
https://compassgrill.co.il/grill-smoker-accessories/butcher-board/קרש-חיתוך-מעץ-אשא-30x45-בעובי-4-ס-מ/?sort=price&order=DESC,parameters,Noindex,https://compassgrill.co.il/grill-smoker-accessories/butcher-board/קרש-חיתוך-מעץ-אשא-30x45-בעובי-4-ס-מ/
https://compassgrill.co.il/grill-smoker-accessories/butcher-board/קרש-חיתוך-מעץ-סיסם-אירופאי-40-30-עם-תעלת-ניקוז/?sort=price&order=DESC,parameters,Noindex,https://compassgrill.co.il/grill-smoker-accessories/butcher-board/קרש-חיתוך-מעץ-סיסם-אירופאי-40-30-עם-תעלת-ניקוז/
https://compassgrill.co.il/grill-smoker-accessories/butcher-board/קרש-חיתוך-אשא-25-35-עם-תעלה/?category_id=128801&sort=pd.name&order=ASC,parameters,Noindex,https://compassgrill.co.il/grill-smoker-accessories/butcher-board/קרש-חיתוך-אשא-25-35-עם-תעלה/
https://compassgrill.co.il/frozen-meat/black-angus-feedlot-shoulder-roast-slice-5/?category_id=66836&sort=pd.name&order=ASC,parameters,Noindex,https://compassgrill.co.il/frozen-meat/black-angus-feedlot-shoulder-roast-slice-5/
https://compassgrill.co.il/grill-smoker-accessories/butcher-board/קרש-חיתוך-אשא-25-40-עם-תעלה/?sort=pd.name&order=ASC,parameters,Noindex,https://compassgrill.co.il/grill-smoker-accessories/butcher-board/קרש-חיתוך-אשא-25-40-עם-תעלה/
https://compassgrill.co.il/plates-for-serving/קרש-חיתוך-והגשה-רינג-אובלי-65/?sort=p.model&order=ASC,parameters,Noindex,https://compassgrill.co.il/plates-for-serving/קרש-חיתוך-והגשה-רינג-אובלי-65/
https://compassgrill.co.il/butcher-kfar-saba/poultry-3/כרעיים-עוף-ארוז-copy-2/?category_id=105748&sort=rating&order=ASC,parameters,Noindex,https://compassgrill.co.il/butcher-kfar-saba/poultry-3/כרעיים-עוף-ארוז/
https://compassgrill.co.il/butcher-kfar-saba/poultry-3/כרעיים-עוף-ארוז-copy-2/?category_id=105748&sort=rating&order=ASC,duplicate,Redirect 301,https://compassgrill.co.il/butcher-kfar-saba/poultry-3/כרעיים-עוף-ארוז/
https://compassgrill.co.il/butcher-kfar-saba/poultry-3/כרעיים-עוף-ארוז-copy-2/?sort=rating&order=ASC,parameters,Noindex,https://compassgrill.co.il/butcher-kfar-saba/poultry-3/כרעיים-עוף-ארוז/
https://compassgrill.co.il/butcher-kfar-saba/poultry-3/כרעיים-עוף-ארוז-copy-2/?sort=rating&order=ASC,duplicate,Redirect 301,https://compassgrill.co.il/butcher-kfar-saba/poultry-3/כרעיים-עוף-ארוז/
https://compassgrill.co.il/grill-smoker-accessories/plates-for-serving/צלחת-מעץ-אשא-קוטר-20-ס-מ-דו-צדדית/?category_id=128868&sort=pd.name&order=DESC,parameters,Noindex,https://compassgrill.co.il/grill-smoker-accessories/plates-for-serving/צלחת-מעץ-אשא-קוטר-20-ס-מ-דו-צדדית/
https://compassgrill.co.il/grill-smoker-accessories/butcher-board/קרש-חיתוך-מעץ-אשא-30x45-בעובי-4-ס-מ/?category_id=128801,parameters,Canonical,https://compassgrill.co.il/grill-smoker-accessories/butcher-board/קרש-חיתוך-מעץ-אשא-30x45-בעובי-4-ס-מ/
https://compassgrill.co.il/plates-for-serving/צלחת-פיצה-אשא-קוטר-30-ס-מ/?category_id=128868&sort=pd.name&order=DESC,parameters,Noindex,https://compassgrill.co.il/plates-for-serving/צלחת-פיצה-אשא-קוטר-30-ס-מ/
https://compassgrill.co.il/grill-smoker-accessories/butcher-board/בוצ-ר-אנדגריין-מעץ-אגוז-אמריקאי-קוטר-40-ס-מ/?category_id=128801&sort=pd.name&order=ASC,parameters,Noindex,https://compassgrill.co.il/grill-smoker-accessories/butcher-board/בוצ-ר-אנדגריין-מעץ-אגוז-אמריקאי-קוטר-40-ס-מ/
https://compassgrill.co.il/gas-grills-1/gas-grill-charcoal-smoker-combo/pit-boss-lexington-charcoal-מעשנת-וגריל-פחמים-מקצועי/?category_id=108566&sort=p.sort_order&order=ASC,parameters,Noindex,https://compassgrill.co.il/gas-grills-1/gas-grill-charcoal-smoker-combo/pit-boss-lexington-charcoal-מעשנת-וגריל-פחמים-מקצועי/
https://compassgrill.co.il/grill-smoker-accessories/plates-for-serving/קרש-חיתוך-והגשה-רינג-אובלי-65/?sort=pd.name&order=ASC,parameters,Noindex,https://compassgrill.co.il/grill-smoker-accessories/plates-for-serving/קרש-חיתוך-והגשה-רינג-אובלי-65/
https://compassgrill.co.il/plates-for-serving/פרוסת-סיסם-אירופאי-100-קרש-הגשה-טבעי-מעץ-מלא/?category_id=128868&sort=price&order=ASC,parameters,Noindex,https://compassgrill.co.il/plates-for-serving/פרוסת-סיסם-אירופאי-100-קרש-הגשה-טבעי-מעץ-מלא/
https://compassgrill.co.il/plates-for-serving/צלחת-פיצה-אשא-קוטר-30-ס-מ/?sort=pd.name&order=DESC,parameters,Noindex,https://compassgrill.co.il/plates-for-serving/צלחת-פיצה-אשא-קוטר-30-ס-מ/
https://compassgrill.co.il/gas-grills-1/gas-grill-charcoal-smoker-combo/pit-boss-lexington-charcoal-מעשנת-וגריל-פחמים-מקצועי/?sort=p.sort_order&order=ASC,parameters,Noindex,https://compassgrill.co.il/gas-grills-1/gas-grill-charcoal-smoker-combo/pit-boss-lexington-charcoal-מעשנת-וגריל-פחמים-מקצועי/
https://compassgrill.co.il/eitan-meat-eilat/fresh-beef/angus-feedlot-ribs-no-2-3kg/?category_id=66835&sort=rating&order=ASC,parameters,Noindex,https://compassgrill.co.il/eitan-meat-eilat/fresh-beef/angus-feedlot-ribs-no-2-3kg/
https://compassgrill.co.il/grill-smoker-accessories/plates-for-serving/צלחת-3-תאים-מעץ-אשא-קוטר-25-ס-מ/?category_id=128868&sort=price&order=DESC,parameters,Noindex,https://compassgrill.co.il/grill-smoker-accessories/plates-for-serving/צלחת-3-תאים-מעץ-אשא-קוטר-25-ס-מ/
https://compassgrill.co.il/grill-smoker-accessories/plates-for-serving/צלחת-שישה-תאים-מעץ-מלא-קוטר-30-דו-צדדית/?category_id=128868&sort=p.model&order=ASC,parameters,Noindex,https://compassgrill.co.il/grill-smoker-accessories/plates-for-serving/צלחת-שישה-תאים-מעץ-מלא-קוטר-30-דו-צדדית/
https://compassgrill.co.il/knives-and-accessories/סכין-בשר-26-ס-מ-להב-גבוה-dick-ergogrip/?category_id=35161,parameters,Canonical,https://compassgrill.co.il/knives-and-accessories/סכין-בשר-26-ס-מ-להב-גבוה-dick-ergogrip/
https://compassgrill.co.il/grill-smoker-accessories/plates-for-serving/קרש-חיתוך-סיסם-ארוך-עם-ידית-60-20/?category_id=128868&sort=p.model&order=ASC,parameters,Noindex,https://compassgrill.co.il/grill-smoker-accessories/plates-for-serving/קרש-חיתוך-סיסם-ארוך-עם-ידית-60-20/
https://compassgrill.co.il/plates-for-serving/צלחת-אובלית-מעץ-מלא-25-35-דו-צדדית/?category_id=128868&sort=rating&order=DESC,parameters,Noindex,https://compassgrill.co.il/plates-for-serving/צלחת-אובלית-מעץ-מלא-25-35-דו-צדדית/
https://compassgrill.co.il/plates-for-serving/צלחת-מעץ-אשא-קוטר-25-ס-מ/?category_id=128868&sort=pd.name&order=ASC,parameters,Noindex,https://compassgrill.co.il/plates-for-serving/צלחת-מעץ-אשא-קוטר-25-ס-מ/
https://compassgrill.co.il/plates-for-serving/שמן-טבעי-לעץ-100-מ-ל-להגנה-וחידוש-קרשי-חיתוך-ובוצ-רים/?category_id=128868,parameters,Canonical,https://compassgrill.co.il/plates-for-serving/שמן-טבעי-לעץ-100-מ-ל-להגנה-וחידוש-קרשי-חיתוך-ובוצ-רים/
https://compassgrill.co.il/grill-smoker-accessories/wood-chips-and-chunks-for-smoking/שבבי-עץ-מייפל-למעשנה-5-ליטר/?category_id=97766&sort=rating&order=ASC,parameters,Noindex,https://compassgrill.co.il/grill-smoker-accessories/wood-chips-and-chunks-for-smoking/שבבי-עץ-מייפל-למעשנה-5-ליטר/
https://compassgrill.co.il/plates-for-serving/צלחת-שישה-תאים-מעץ-מלא-קוטר-30-דו-צדדית/?category_id=128868&sort=rating&order=DESC,parameters,Noindex,https://compassgrill.co.il/plates-for-serving/צלחת-שישה-תאים-מעץ-מלא-קוטר-30-דו-צדדית/
https://compassgrill.co.il/plates-for-serving/צלחת-אובלית-מעץ-מלא-25-35-דו-צדדית/?sort=rating&order=DESC,parameters,Noindex,https://compassgrill.co.il/plates-for-serving/צלחת-אובלית-מעץ-מלא-25-35-דו-צדדית/
https://compassgrill.co.il/grill-smoker-accessories/butcher-board/butcher-cutting-board/?category_id=128801&sort=pd.name&order=ASC,parameters,Noindex,https://compassgrill.co.il/grill-smoker-accessories/butcher-board/butcher-cutting-board/
https://compassgrill.co.il/plates-for-serving/צלחת-3-תאים-מעץ-אשא-קוטר-25-ס-מ/?category_id=128868&sort=price&order=ASC,parameters,Noindex,https://compassgrill.co.il/plates-for-serving/צלחת-3-תאים-מעץ-אשא-קוטר-25-ס-מ/
https://compassgrill.co.il/grill-smoker-accessories/knives-and-accessories/סכין-בשר-26-ס-מ-להב-גבוה-dick-ergogrip/?category_id=35161&sort=pd.name&order=ASC,parameters,Noindex,https://compassgrill.co.il/grill-smoker-accessories/knives-and-accessories/סכין-בשר-26-ס-מ-להב-גבוה-dick-ergogrip/
https://compassgrill.co.il/plates-for-serving/צלחת-פיצה-אשא-קוטר-30-ס-מ/?category_id=128868,parameters,Canonical,https://compassgrill.co.il/plates-for-serving/צלחת-פיצה-אשא-קוטר-30-ס-מ/
https://compassgrill.co.il/grill-smoker-accessories/plates-for-serving/צלחת-אובלית-מעץ-מלא-25-35-דו-צדדית/?category_id=128868&sort=rating&order=DESC,parameters,Noindex,https://compassgrill.co.il/grill-smoker-accessories/plates-for-serving/צלחת-אובלית-מעץ-מלא-25-35-דו-צדדית/
https://compassgrill.co.il/grill-smoker-accessories/butcher-board/בוצ-ר-אנדגריין-אלון-45-ריבוע-עם-תעלה-דגם-king-size/?category_id=128801&sort=pd.name&order=ASC,parameters,Noindex,https://compassgrill.co.il/grill-smoker-accessories/butcher-board/בוצ-ר-אנדגריין-אלון-45-ריבוע-עם-תעלה-דגם-king-size/
https://compassgrill.co.il/plates-for-serving/צלחת-אובלית-מעץ-מלא-25-35-דו-צדדית/?category_id=128868&sort=rating&order=ASC,parameters,Noindex,https://compassgrill.co.il/plates-for-serving/צלחת-אובלית-מעץ-מלא-25-35-דו-צדדית/
https://compassgrill.co.il/plates-for-serving/פרוסת-סיסם-אירופאי-100-קרש-הגשה-טבעי-מעץ-מלא/?category_id=128868&sort=p.sort_order&order=ASC,parameters,Noindex,https://compassgrill.co.il/plates-for-serving/פרוסת-סיסם-אירופאי-100-קרש-הגשה-טבעי-מעץ-מלא/
https://compassgrill.co.il/grill-smoker-accessories/plates-for-serving/קרש-חיתוך-והגשה-רינג-אובלי-75/?category_id=128868&sort=p.model&order=ASC,parameters,Noindex,https://compassgrill.co.il/grill-smoker-accessories/plates-for-serving/קרש-חיתוך-והגשה-רינג-אובלי-75/
https://compassgrill.co.il/plates-for-serving/פרוסת-סיסם-אירופאי-120/?category_id=128868&sort=rating&order=ASC,parameters,Noindex,https://compassgrill.co.il/plates-for-serving/פרוסת-סיסם-אירופאי-120/
https://compassgrill.co.il/grill-smoker-accessories/plates-for-serving/צלחת-מעץ-אשא-קוטר-25-ס-מ/?category_id=128868&sort=rating&order=ASC,parameters,Noindex,https://compassgrill.co.il/grill-smoker-accessories/plates-for-serving/צלחת-מעץ-אשא-קוטר-25-ס-מ/
https://compassgrill.co.il/grill-smoker-accessories/wood-chips-and-chunks-for-smoking/שבבי-עץ-היקורי-למעשנה-5-ליטר/?category_id=97766&sort=p.model&order=ASC,parameters,Noindex,https://compassgrill.co.il/grill-smoker-accessories/wood-chips-and-chunks-for-smoking/שבבי-עץ-היקורי-למעשנה-5-ליטר/
https://compassgrill.co.il/grill-smoker-accessories/plates-for-serving/קרש-חיתוך-והגשה-רינג-אובלי-75/?category_id=128868&sort=rating&order=ASC,parameters,Noindex,https://compassgrill.co.il/grill-smoker-accessories/plates-for-serving/קרש-חיתוך-והגשה-רינג-אובלי-75/
https://compassgrill.co.il/plates-for-serving/צלחת-3-תאים-מעץ-אשא-קוטר-25-ס-מ/?category_id=128868&sort=pd.name&order=ASC,parameters,Noindex,https://compassgrill.co.il/plates-for-serving/צלחת-3-תאים-מעץ-אשא-קוטר-25-ס-מ/
https://compassgrill.co.il/plates-for-serving/קרש-חיתוך-סיסם-ארוך-עם-ידית-60-20/?category_id=128868&sort=rating&order=ASC,parameters,Noindex,https://compassgrill.co.il/plates-for-serving/קרש-חיתוך-סיסם-ארוך-עם-ידית-60-20/
https://compassgrill.co.il/plates-for-serving/פרוסת-סיסם-אירופאי-100-קרש-הגשה-טבעי-מעץ-מלא/?category_id=128868&sort=rating&order=ASC,parameters,Noindex,https://compassgrill.co.il/plates-for-serving/פרוסת-סיסם-אירופאי-100-קרש-הגשה-טבעי-מעץ-מלא/
https://compassgrill.co.il/gifts/מארז-לשף-שלנו-באהבה-קרש-עץ-סכין-שף-berox/?category_id=128869&sort=p.sort_order&order=ASC,parameters,Noindex,https://compassgrill.co.il/gifts/מארז-לשף-שלנו-באהבה-קרש-עץ-סכין-שף-berox/
https://compassgrill.co.il/plates-for-serving/פרוסת-סיסם-אירופאי-100-קרש-הגשה-טבעי-מעץ-מלא/?sort=p.sort_order&order=ASC,parameters,Noindex,https://compassgrill.co.il/plates-for-serving/פרוסת-סיסם-אירופאי-100-קרש-הגשה-טבעי-מעץ-מלא/
https://compassgrill.co.il/grill-smoker-accessories/plates-for-serving/קרש-חיתוך-והגשה-רינג-אובלי-65/?category_id=128868&sort=p.model&order=ASC,parameters,Noindex,https://compassgrill.co.il/grill-smoker-accessories/plates-for-serving/קרש-חיתוך-והגשה-רינג-אובלי-65/
https://compassgrill.co.il/grill-smoker-accessories/butcher-board/בוצ-ר-אנדגריין-אלון-45-ריבוע-עם-תעלה-דגם-king-size/?sort=pd.name&order=ASC,parameters,Noindex,https://compassgrill.co.il/grill-smoker-accessories/butcher-board/בוצ-ר-אנדגריין-אלון-45-ריבוע-עם-תעלה-דגם-king-size/
https://compassgrill.co.il/grill-smoker-accessories/plates-for-serving/צלחת-3-תאים-מעץ-אשא-קוטר-25-ס-מ/?category_id=128868&sort=p.model&order=ASC,parameters,Noindex,https://compassgrill.co.il/grill-smoker-accessories/plates-for-serving/צלחת-3-תאים-מעץ-אשא-קוטר-25-ס-מ/
https://compassgrill.co.il/plates-for-serving/קרש-חיתוך-והגשה-רינג-אובלי-65/?category_id=128868&sort=rating&order=ASC,parameters,Noindex,https://compassgrill.co.il/plates-for-serving/קרש-חיתוך-והגשה-רינג-אובלי-65/
https://compassgrill.co.il/gifts/מארז-לשף-שלנו-באהבה-קרש-עץ-סכין-שף-berox/?sort=p.sort_order&order=ASC,parameters,Noindex,https://compassgrill.co.il/gifts/מארז-לשף-שלנו-באהבה-קרש-עץ-סכין-שף-berox/
https://compassgrill.co.il/plates-for-serving/צלחת-3-תאים-מעץ-אשא-קוטר-25-ס-מ/?category_id=128868&sort=rating&order=ASC,parameters,Noindex,https://compassgrill.co.il/plates-for-serving/צלחת-3-תאים-מעץ-אשא-קוטר-25-ס-מ/
https://compassgrill.co.il/grill-smoker-accessories/plates-for-serving/קרש-חיתוך-והגשה-רינג-אובלי-75/?sort=p.model&order=DESC,parameters,Noindex,https://compassgrill.co.il/grill-smoker-accessories/plates-for-serving/קרש-חיתוך-והגשה-רינג-אובלי-75/
https://compassgrill.co.il/grill-smoker-accessories/plates-for-serving/צלחת-מעץ-אשא-קוטר-20-ס-מ-דו-צדדית/?category_id=128868&sort=p.model&order=ASC,parameters,Noindex,https://compassgrill.co.il/grill-smoker-accessories/plates-for-serving/צלחת-מעץ-אשא-קוטר-20-ס-מ-דו-צדדית/
https://compassgrill.co.il/grill-smoker-accessories/plates-for-serving/צלחת-פיצה-אשא-קוטר-30-ס-מ/?category_id=128868&sort=p.model&order=ASC,parameters,Noindex,https://compassgrill.co.il/grill-smoker-accessories/plates-for-serving/צלחת-פיצה-אשא-קוטר-30-ס-מ/
https://compassgrill.co.il/grill-smoker-accessories/plates-for-serving/פרוסת-סיסם-אירופאי-100-קרש-הגשה-טבעי-מעץ-מלא/?category_id=128868&sort=p.model&order=ASC,parameters,Noindex,https://compassgrill.co.il/grill-smoker-accessories/plates-for-serving/פרוסת-סיסם-אירופאי-100-קרש-הגשה-טבעי-מעץ-מלא/
https://compassgrill.co.il/plates-for-serving/קרש-חיתוך-סיסם-ארוך-עם-ידית-60-20/?category_id=128868&sort=pd.name&order=ASC,parameters,Noindex,https://compassgrill.co.il/plates-for-serving/קרש-חיתוך-סיסם-ארוך-עם-ידית-60-20/
https://compassgrill.co.il/plates-for-serving/צלחת-3-תאים-מעץ-אשא-קוטר-25-ס-מ/?sort=pd.name&order=ASC,parameters,Noindex,https://compassgrill.co.il/plates-for-serving/צלחת-3-תאים-מעץ-אשא-קוטר-25-ס-מ/
https://compassgrill.co.il/gifts/שמן-טבעי-לעץ-100-מ-ל-להגנה-וחידוש-קרשי-חיתוך-ובוצ-רים/?category_id=128869&sort=pd.name&order=ASC,parameters,Noindex,https://compassgrill.co.il/gifts/שמן-טבעי-לעץ-100-מ-ל-להגנה-וחידוש-קרשי-חיתוך-ובוצ-רים/
https://compassgrill.co.il/grill-smoker-accessories/plates-for-serving/צלחת-3-תאים-מעץ-אשא-קוטר-25-ס-מ/?sort=p.model&order=ASC,parameters,Noindex,https://compassgrill.co.il/grill-smoker-accessories/plates-for-serving/צלחת-3-תאים-מעץ-אשא-קוטר-25-ס-מ/
https://compassgrill.co.il/gas-grills-1/5-burner-gas-grill/rse625rsibpss-1-il/?category_id=108565&sort=price&order=DESC,parameters,Noindex,https://compassgrill.co.il/gas-grills-1/5-burner-gas-grill/rse625rsibpss-1-il/
https://compassgrill.co.il/plates-for-serving/צלחת-שישה-תאים-מעץ-מלא-קוטר-30-דו-צדדית/?category_id=128868&sort=rating&order=ASC,parameters,Noindex,https://compassgrill.co.il/plates-for-serving/צלחת-שישה-תאים-מעץ-מלא-קוטר-30-דו-צדדית/
https://compassgrill.co.il/plates-for-serving/צלחת-אובלית-מעץ-מלא-25-35-דו-צדדית/?sort=rating&order=ASC,parameters,Noindex,https://compassgrill.co.il/plates-for-serving/צלחת-אובלית-מעץ-מלא-25-35-דו-צדדית/
https://compassgrill.co.il/grill-smoker-accessories/knives-and-accessories/סכין-בשר-26-ס-מ-להב-גבוה-dick-ergogrip/?sort=pd.name&order=ASC,parameters,Noindex,https://compassgrill.co.il/grill-smoker-accessories/knives-and-accessories/סכין-בשר-26-ס-מ-להב-גבוה-dick-ergogrip/
https://compassgrill.co.il/grill-smoker-accessories/plates-for-serving/פרוסת-סיסם-אירופאי-120/?category_id=128868&sort=p.model&order=ASC,parameters,Noindex,https://compassgrill.co.il/grill-smoker-accessories/plates-for-serving/פרוסת-סיסם-אירופאי-120/
https://compassgrill.co.il/plates-for-serving/צלחת-3-תאים-מעץ-אשא-קוטר-25-ס-מ/?sort=rating&order=ASC,parameters,Noindex,https://compassgrill.co.il/plates-for-serving/צלחת-3-תאים-מעץ-אשא-קוטר-25-ס-מ/
https://compassgrill.co.il/grill-smoker-accessories/plates-for-serving/קרש-חיתוך-סיסם-ארוך-עם-ידית-60-20/?sort=p.model&order=ASC,parameters,Noindex,https://compassgrill.co.il/grill-smoker-accessories/plates-for-serving/קרש-חיתוך-סיסם-ארוך-עם-ידית-60-20/
https://compassgrill.co.il/plates-for-serving/צלחת-פיצה-אשא-קוטר-30-ס-מ/?category_id=128868&sort=rating&order=ASC,parameters,Noindex,https://compassgrill.co.il/plates-for-serving/צלחת-פיצה-אשא-קוטר-30-ס-מ/
https://compassgrill.co.il/eitan-meat-eilat/fresh-beef/פוינט-בריסקט-מס-3-אנגוס-פידלוט/?category_id=66835&sort=rating&order=ASC,parameters,Noindex,https://compassgrill.co.il/eitan-meat-eilat/fresh-beef/פוינט-בריסקט-מס-3-אנגוס-פידלוט/
https://compassgrill.co.il/plates-for-serving/צלחת-שישה-תאים-מעץ-מלא-קוטר-30-דו-צדדית/?sort=rating&order=ASC,parameters,Noindex,https://compassgrill.co.il/plates-for-serving/צלחת-שישה-תאים-מעץ-מלא-קוטר-30-דו-צדדית/
https://compassgrill.co.il/grill-smoker-accessories/plates-for-serving/קרש-חיתוך-והגשה-רינג-אובלי-75/?sort=p.model&order=ASC,parameters,Noindex,https://compassgrill.co.il/grill-smoker-accessories/plates-for-serving/קרש-חיתוך-והגשה-רינג-אובלי-75/
https://compassgrill.co.il/plates-for-serving/צלחת-מעץ-אשא-קוטר-25-ס-מ/?category_id=128868&sort=rating&order=ASC,parameters,Noindex,https://compassgrill.co.il/plates-for-serving/צלחת-מעץ-אשא-קוטר-25-ס-מ/
https://compassgrill.co.il/grill-smoker-accessories/plates-for-serving/צלחת-מעץ-אשא-קוטר-25-ס-מ/?category_id=128868&sort=p.model&order=ASC,parameters,Noindex,https://compassgrill.co.il/grill-smoker-accessories/plates-for-serving/צלחת-מעץ-אשא-קוטר-25-ס-מ/
https://compassgrill.co.il/gifts/מתנה-ממותגת-לחג-קרש-המלח-פלפל-סכין-סנטוקו-berox/?category_id=128869&sort=pd.name&order=DESC,parameters,Noindex,https://compassgrill.co.il/gifts/מתנה-ממותגת-לחג-קרש-המלח-פלפל-סכין-סנטוקו-berox/
https://compassgrill.co.il/plates-for-serving/פרוסת-סיסם-אירופאי-120/?sort=rating&order=ASC,parameters,Noindex,https://compassgrill.co.il/plates-for-serving/פרוסת-סיסם-אירופאי-120/
https://compassgrill.co.il/grill-smoker-accessories/plates-for-serving/קרש-חיתוך-והגשה-רינג-אובלי-55/?sort=p.model&order=ASC,parameters,Noindex,https://compassgrill.co.il/grill-smoker-accessories/plates-for-serving/קרש-חיתוך-והגשה-רינג-אובלי-55/
https://compassgrill.co.il/plates-for-serving/קרש-חיתוך-והגשה-רינג-אובלי-55/?category_id=128868&sort=rating&order=ASC,parameters,Noindex,https://compassgrill.co.il/plates-for-serving/קרש-חיתוך-והגשה-רינג-אובלי-55/
https://compassgrill.co.il/plates-for-serving/צלחת-3-תאים-מעץ-אשא-קוטר-25-ס-מ/?category_id=128868&sort=p.sort_order&order=ASC,parameters,Noindex,https://compassgrill.co.il/plates-for-serving/צלחת-3-תאים-מעץ-אשא-קוטר-25-ס-מ/
https://compassgrill.co.il/grill-smoker-accessories/plates-for-serving/שמן-טבעי-לעץ-100-מ-ל-להגנה-וחידוש-קרשי-חיתוך-ובוצ-רים/?category_id=128868&sort=p.model&order=ASC,parameters,Noindex,https://compassgrill.co.il/grill-smoker-accessories/plates-for-serving/שמן-טבעי-לעץ-100-מ-ל-להגנה-וחידוש-קרשי-חיתוך-ובוצ-רים/
https://compassgrill.co.il/plates-for-serving/צלחת-מעץ-אשא-קוטר-25-ס-מ/?sort=rating&order=ASC,parameters,Noindex,https://compassgrill.co.il/plates-for-serving/צלחת-מעץ-אשא-קוטר-25-ס-מ/
https://compassgrill.co.il/grill-smoker-accessories/plates-for-serving/צלחת-שישה-תאים-מעץ-מלא-קוטר-30-דו-צדדית/?sort=p.model&order=ASC,parameters,Noindex,https://compassgrill.co.il/grill-smoker-accessories/plates-for-serving/צלחת-שישה-תאים-מעץ-מלא-קוטר-30-דו-צדדית/
https://compassgrill.co.il/gifts/מארז-לשף-שלנו-באהבה-קרש-עץ-סכין-שף-berox/?category_id=128869&sort=price&order=ASC,parameters,Noindex,https://compassgrill.co.il/gifts/מארז-לשף-שלנו-באהבה-קרש-עץ-סכין-שף-berox/
https://compassgrill.co.il/grill-smoker-accessories/butcher-board/cutting-board-otto/?category_id=128801&sort=pd.name&order=ASC,parameters,Noindex,https://compassgrill.co.il/grill-smoker-accessories/butcher-board/cutting-board-otto/
https://compassgrill.co.il/plates-for-serving/קרש-חיתוך-והגשה-רינג-אובלי-65/?sort=rating&order=ASC,parameters,Noindex,https://compassgrill.co.il/plates-for-serving/קרש-חיתוך-והגשה-רינג-אובלי-65/
https://compassgrill.co.il/grill-smoker-accessories/plates-for-serving/צלחת-מעץ-אשא-קוטר-20-ס-מ-דו-צדדית/?sort=p.model&order=ASC,parameters,Noindex,https://compassgrill.co.il/grill-smoker-accessories/plates-for-serving/צלחת-מעץ-אשא-קוטר-20-ס-מ-דו-צדדית/
https://compassgrill.co.il/plates-for-serving/קרש-חיתוך-והגשה-רינג-אובלי-75/?category_id=128868&sort=rating&order=ASC,parameters,Noindex,https://compassgrill.co.il/plates-for-serving/קרש-חיתוך-והגשה-רינג-אובלי-75/
https://compassgrill.co.il/grill-smoker-accessories/plates-for-serving/פרוסת-סיסם-אירופאי-120/?category_id=128868&sort=price&order=ASC,parameters,Noindex,https://compassgrill.co.il/grill-smoker-accessories/plates-for-serving/פרוסת-סיסם-אירופאי-120/
https://compassgrill.co.il/plates-for-serving/קרש-חיתוך-סיסם-ארוך-עם-ידית-60-20/?sort=rating&order=ASC,parameters,Noindex,https://compassgrill.co.il/plates-for-serving/קרש-חיתוך-סיסם-ארוך-עם-ידית-60-20/
https://compassgrill.co.il/grill-smoker-accessories/plates-for-serving/צלחת-מעץ-אשא-קוטר-25-ס-מ/?sort=p.model&order=ASC,parameters,Noindex,https://compassgrill.co.il/grill-smoker-accessories/plates-for-serving/צלחת-מעץ-אשא-קוטר-25-ס-מ/
https://compassgrill.co.il/gifts/שמן-טבעי-לעץ-100-מ-ל-להגנה-וחידוש-קרשי-חיתוך-ובוצ-רים/?category_id=128869&sort=p.model&order=DESC,parameters,Noindex,https://compassgrill.co.il/gifts/שמן-טבעי-לעץ-100-מ-ל-להגנה-וחידוש-קרשי-חיתוך-ובוצ-רים/
https://compassgrill.co.il/grill-smoker-accessories/wood-chips-and-chunks-for-smoking/שבבי-עץ-מייפל-למעשנה-5-ליטר/?category_id=97766&sort=p.model&order=ASC,parameters,Noindex,https://compassgrill.co.il/grill-smoker-accessories/wood-chips-and-chunks-for-smoking/שבבי-עץ-מייפל-למעשנה-5-ליטר/
https://compassgrill.co.il/plates-for-serving/קרש-חיתוך-והגשה-רינג-אובלי-75/?sort=rating&order=ASC,parameters,Noindex,https://compassgrill.co.il/plates-for-serving/קרש-חיתוך-והגשה-רינג-אובלי-75/
https://compassgrill.co.il/grill-smoker-accessories/plates-for-serving/צלחת-פיצה-אשא-קוטר-30-ס-מ/?sort=p.model&order=ASC,parameters,Noindex,https://compassgrill.co.il/grill-smoker-accessories/plates-for-serving/צלחת-פיצה-אשא-קוטר-30-ס-מ/
https://compassgrill.co.il/gifts/מתנה-ממותגת-לחג-קרש-המלח-פלפל-סכין-סנטוקו-berox/?category_id=128869&sort=rating&order=ASC,parameters,Noindex,https://compassgrill.co.il/gifts/מתנה-ממותגת-לחג-קרש-המלח-פלפל-סכין-סנטוקו-berox/
https://compassgrill.co.il/grill-smoker-accessories/plates-for-serving/צלחת-אובלית-מעץ-מלא-25-35-דו-צדדית/?category_id=128868&sort=p.model&order=ASC,parameters,Noindex,https://compassgrill.co.il/grill-smoker-accessories/plates-for-serving/צלחת-אובלית-מעץ-מלא-25-35-דו-צדדית/
https://compassgrill.co.il/gas-grills-1/5-burner-gas-grill/rse625rsibpss-1-il/?sort=price&order=DESC,parameters,Noindex,https://compassgrill.co.il/gas-grills-1/5-burner-gas-grill/rse625rsibpss-1-il/
https://compassgrill.co.il/plates-for-serving/שמן-טבעי-לעץ-100-מ-ל-להגנה-וחידוש-קרשי-חיתוך-ובוצ-רים/?category_id=128868&sort=rating&order=ASC,parameters,Noindex,https://compassgrill.co.il/plates-for-serving/שמן-טבעי-לעץ-100-מ-ל-להגנה-וחידוש-קרשי-חיתוך-ובוצ-רים/
https://compassgrill.co.il/grill-smoker-accessories/plates-for-serving/פרוסת-סיסם-אירופאי-100-קרש-הגשה-טבעי-מעץ-מלא/?sort=p.model&order=ASC,parameters,Noindex,https://compassgrill.co.il/grill-smoker-accessories/plates-for-serving/פרוסת-סיסם-אירופאי-100-קרש-הגשה-טבעי-מעץ-מלא/
https://compassgrill.co.il/grill-smoker-accessories/wood-chips-and-chunks-for-smoking/שבבי-עץ-אלון-למעשנה-5-ליטר/?category_id=97766&sort=p.model&order=ASC,parameters,Noindex,https://compassgrill.co.il/grill-smoker-accessories/wood-chips-and-chunks-for-smoking/שבבי-עץ-אלון-למעשנה-5-ליטר/
https://compassgrill.co.il/gifts/מתנה-ממותגת-לחג-קרש-המלח-פלפל-סכין-סנטוקו-berox/?sort=pd.name&order=DESC,parameters,Noindex,https://compassgrill.co.il/gifts/מתנה-ממותגת-לחג-קרש-המלח-פלפל-סכין-סנטוקו-berox/
https://compassgrill.co.il/plates-for-serving/פרוסת-סיסם-אירופאי-100-קרש-הגשה-טבעי-מעץ-מלא/?sort=rating&order=ASC,parameters,Noindex,https://compassgrill.co.il/plates-for-serving/פרוסת-סיסם-אירופאי-100-קרש-הגשה-טבעי-מעץ-מלא/
https://compassgrill.co.il/grill-smoker-accessories/plates-for-serving/צלחת-אובלית-מעץ-מלא-25-35-דו-צדדית/?sort=p.model&order=ASC,parameters,Noindex,https://compassgrill.co.il/grill-smoker-accessories/plates-for-serving/צלחת-אובלית-מעץ-מלא-25-35-דו-צדדית/
https://compassgrill.co.il/plates-for-serving/שמן-טבעי-לעץ-100-מ-ל-להגנה-וחידוש-קרשי-חיתוך-ובוצ-רים/?category_id=128868&sort=p.model&order=ASC,parameters,Noindex,https://compassgrill.co.il/plates-for-serving/שמן-טבעי-לעץ-100-מ-ל-להגנה-וחידוש-קרשי-חיתוך-ובוצ-רים/
https://compassgrill.co.il/plates-for-serving/קרש-חיתוך-והגשה-רינג-אובלי-55/?sort=rating&order=ASC,parameters,Noindex,https://compassgrill.co.il/plates-for-serving/קרש-חיתוך-והגשה-רינג-אובלי-55/
https://compassgrill.co.il/grill-smoker-accessories/plates-for-serving/צלחת-מעץ-אשא-קוטר-25-ס-מ/?category_id=128868&sort=price&order=DESC,parameters,Noindex,https://compassgrill.co.il/grill-smoker-accessories/plates-for-serving/צלחת-מעץ-אשא-קוטר-25-ס-מ/
https://compassgrill.co.il/plates-for-serving/שמן-טבעי-לעץ-100-מ-ל-להגנה-וחידוש-קרשי-חיתוך-ובוצ-רים/?sort=rating&order=ASC,parameters,Noindex,https://compassgrill.co.il/plates-for-serving/שמן-טבעי-לעץ-100-מ-ל-להגנה-וחידוש-קרשי-חיתוך-ובוצ-רים/
https://compassgrill.co.il/grill-smoker-accessories/plates-for-serving/פרוסת-סיסם-אירופאי-120/?sort=p.model&order=ASC,parameters,Noindex,https://compassgrill.co.il/grill-smoker-accessories/plates-for-serving/פרוסת-סיסם-אירופאי-120/
https://compassgrill.co.il/gifts/מארז-פריסת-חלה-לשבת-קרש-סיסם-סכין-לחם-berox/?category_id=128869&sort=rating&order=DESC,parameters,Noindex,https://compassgrill.co.il/gifts/מארז-פריסת-חלה-לשבת-קרש-סיסם-סכין-לחם-berox/
https://compassgrill.co.il/grill-smoker-accessories/plates-for-serving/צלחת-3-תאים-מעץ-אשא-קוטר-25-ס-מ/?category_id=128868&sort=pd.name&order=ASC,parameters,Noindex,https://compassgrill.co.il/grill-smoker-accessories/plates-for-serving/צלחת-3-תאים-מעץ-אשא-קוטר-25-ס-מ/
https://compassgrill.co.il/grill-smoker-accessories/plates-for-serving/קרש-חיתוך-סיסם-ארוך-עם-ידית-60-20/?category_id=128868&sort=pd.name&order=DESC,parameters,Noindex,https://compassgrill.co.il/grill-smoker-accessories/plates-for-serving/קרש-חיתוך-סיסם-ארוך-עם-ידית-60-20/
https://compassgrill.co.il/plates-for-serving/צלחת-מעץ-אשא-קוטר-20-ס-מ-דו-צדדית/?sort=rating&order=ASC,parameters,Noindex,https://compassgrill.co.il/plates-for-serving/צלחת-מעץ-אשא-קוטר-20-ס-מ-דו-צדדית/
https://compassgrill.co.il/grill-smoker-accessories/plates-for-serving/שמן-טבעי-לעץ-100-מ-ל-להגנה-וחידוש-קרשי-חיתוך-ובוצ-רים/?sort=p.model&order=ASC,parameters,Noindex,https://compassgrill.co.il/grill-smoker-accessories/plates-for-serving/שמן-טבעי-לעץ-100-מ-ל-להגנה-וחידוש-קרשי-חיתוך-ובוצ-רים/
https://compassgrill.co.il/plates-for-serving/קרש-חיתוך-והגשה-רינג-אובלי-55/?category_id=128868&sort=p.sort_order&order=ASC,parameters,Noindex,https://compassgrill.co.il/plates-for-serving/קרש-חיתוך-והגשה-רינג-אובלי-55/
https://compassgrill.co.il/grill-smoker-accessories/wood-chips-and-chunks-for-smoking/שבבי-עץ-בוק-למעשנה-5-ליטר/?category_id=97766&sort=p.model&order=ASC,parameters,Noindex,https://compassgrill.co.il/grill-smoker-accessories/wood-chips-and-chunks-for-smoking/שבבי-עץ-בוק-למעשנה-5-ליטר/
https://compassgrill.co.il/plates-for-serving/שמן-טבעי-לעץ-100-מ-ל-להגנה-וחידוש-קרשי-חיתוך-ובוצ-רים/?sort=p.model&order=ASC,parameters,Noindex,https://compassgrill.co.il/plates-for-serving/שמן-טבעי-לעץ-100-מ-ל-להגנה-וחידוש-קרשי-חיתוך-ובוצ-רים/
https://compassgrill.co.il/grill-smoker-accessories/wood-chips-and-chunks-for-smoking/שבבי-עץ-בוק-למעשנה-5-ליטר/?sort=p.model&order=ASC,parameters,Noindex,https://compassgrill.co.il/grill-smoker-accessories/wood-chips-and-chunks-for-smoking/שבבי-עץ-בוק-למעשנה-5-ליטר/
https://compassgrill.co.il/plates-for-serving/פרוסת-סיסם-אירופאי-120/?category_id=128868&sort=p.sort_order&order=ASC,parameters,Noindex,https://compassgrill.co.il/plates-for-serving/פרוסת-סיסם-אירופאי-120/
https://compassgrill.co.il/plates-for-serving/קרש-חיתוך-והגשה-רינג-אובלי-65/?category_id=128868&sort=p.sort_order&order=ASC,parameters,Noindex,https://compassgrill.co.il/plates-for-serving/קרש-חיתוך-והגשה-רינג-אובלי-65/
https://compassgrill.co.il/plates-for-serving/צלחת-אובלית-מעץ-מלא-25-35-דו-צדדית/?category_id=128868&sort=p.model&order=ASC,parameters,Noindex,https://compassgrill.co.il/plates-for-serving/צלחת-אובלית-מעץ-מלא-25-35-דו-צדדית/
https://compassgrill.co.il/plates-for-serving/?sort=rating&order=ASC,parameters,Noindex,https://compassgrill.co.il/plates-for-serving/
https://compassgrill.co.il/grill-smoker-accessories/plates-for-serving/?sort=p.model&order=ASC,parameters,Noindex,https://compassgrill.co.il/grill-smoker-accessories/plates-for-serving/
https://compassgrill.co.il/grill-smoker-accessories/butcher-board/קרש-חיתוך-אשא-25-35-עם-תעלה/?sort=pd.name&order=ASC,parameters,Noindex,https://compassgrill.co.il/grill-smoker-accessories/butcher-board/קרש-חיתוך-אשא-25-35-עם-תעלה/
https://compassgrill.co.il/plates-for-serving/קרש-חיתוך-והגשה-רינג-אובלי-75/?category_id=128868&sort=p.sort_order&order=ASC,parameters,Noindex,https://compassgrill.co.il/plates-for-serving/קרש-חיתוך-והגשה-רינג-אובלי-75/
https://compassgrill.co.il/grill-smoker-accessories/butcher-board/קרש-חיתוך-אשא-30-45-עם-תעלה-קרש-חיתוך-אשא-30-45-עם-תעלה/?category_id=128801&sort=pd.name&order=ASC,parameters,Noindex,https://compassgrill.co.il/grill-smoker-accessories/butcher-board/קרש-חיתוך-אשא-30-45-עם-תעלה-קרש-חיתוך-אשא-30-45-עם-תעלה/
https://compassgrill.co.il/plates-for-serving/קרש-חיתוך-והגשה-רינג-אובלי-55/?sort=p.sort_order&order=ASC,parameters,Noindex,https://compassgrill.co.il/plates-for-serving/קרש-חיתוך-והגשה-רינג-אובלי-55/
https://compassgrill.co.il/plates-for-serving/צלחת-מעץ-אשא-קוטר-25-ס-מ/?category_id=128868&sort=p.sort_order&order=ASC,parameters,Noindex,https://compassgrill.co.il/plates-for-serving/צלחת-מעץ-אשא-קוטר-25-ס-מ/
https://compassgrill.co.il/grill-smoker-accessories/wood-chips-and-chunks-for-smoking/שבבי-עץ-מייפל-למעשנה-5-ליטר/?category_id=97766&sort=rating&order=DESC,parameters,Noindex,https://compassgrill.co.il/grill-smoker-accessories/wood-chips-and-chunks-for-smoking/שבבי-עץ-מייפל-למעשנה-5-ליטר/
https://compassgrill.co.il/grill-smoker-accessories/butcher-board/בוצ-ר-אנדגריין-מייפל-25-40-ללא-תעלה/?category_id=128801&sort=pd.name&order=ASC,parameters,Noindex,https://compassgrill.co.il/grill-smoker-accessories/butcher-board/בוצ-ר-אנדגריין-מייפל-25-40-ללא-תעלה/
https://compassgrill.co.il/plates-for-serving/קרש-חיתוך-והגשה-רינג-אובלי-75/?sort=p.sort_order&order=ASC,parameters,Noindex,https://compassgrill.co.il/plates-for-serving/קרש-חיתוך-והגשה-רינג-אובלי-75/
https://compassgrill.co.il/grill-smoker-accessories/plates-for-serving/צלחת-מעץ-אשא-קוטר-25-ס-מ/?sort=price&order=DESC,parameters,Noindex,https://compassgrill.co.il/grill-smoker-accessories/plates-for-serving/צלחת-מעץ-אשא-קוטר-25-ס-מ/
https://compassgrill.co.il/plates-for-serving/פרוסת-סיסם-אירופאי-120/?sort=p.sort_order&order=ASC,parameters,Noindex,https://compassgrill.co.il/plates-for-serving/פרוסת-סיסם-אירופאי-120/
https://compassgrill.co.il/grill-smoker-accessories/plates-for-serving/צלחת-3-תאים-מעץ-אשא-קוטר-25-ס-מ/?sort=price&order=DESC,parameters,Noindex,https://compassgrill.co.il/grill-smoker-accessories/plates-for-serving/צלחת-3-תאים-מעץ-אשא-קוטר-25-ס-מ/
https://compassgrill.co.il/plates-for-serving/צלחת-מעץ-אשא-קוטר-20-ס-מ-דו-צדדית/?category_id=128868&sort=p.sort_order&order=ASC,parameters,Noindex,https://compassgrill.co.il/plates-for-serving/צלחת-מעץ-אשא-קוטר-20-ס-מ-דו-צדדית/
https://compassgrill.co.il/grill-smoker-accessories/plates-for-serving/שמן-טבעי-לעץ-100-מ-ל-להגנה-וחידוש-קרשי-חיתוך-ובוצ-רים/?category_id=128868&sort=price&order=DESC,parameters,Noindex,https://compassgrill.co.il/grill-smoker-accessories/plates-for-serving/שמן-טבעי-לעץ-100-מ-ל-להגנה-וחידוש-קרשי-חיתוך-ובוצ-רים/
https://compassgrill.co.il/plates-for-serving/צלחת-מעץ-אשא-קוטר-25-ס-מ/?sort=p.sort_order&order=ASC,parameters,Noindex,https://compassgrill.co.il/plates-for-serving/צלחת-מעץ-אשא-קוטר-25-ס-מ/
https://compassgrill.co.il/eitan-meat-eilat/fresh-beef/פוינט-בריסקט-מס-3-אנגוס-פידלוט/?sort=rating&order=ASC,parameters,Noindex,https://compassgrill.co.il/eitan-meat-eilat/fresh-beef/פוינט-בריסקט-מס-3-אנגוס-פידלוט/
https://compassgrill.co.il/grill-smoker-accessories/plates-for-serving/צלחת-פיצה-אשא-קוטר-30-ס-מ/?category_id=128868&sort=p.sort_order&order=ASC,parameters,Noindex,https://compassgrill.co.il/grill-smoker-accessories/plates-for-serving/צלחת-פיצה-אשא-קוטר-30-ס-מ/
https://compassgrill.co.il/plates-for-serving/קרש-חיתוך-והגשה-רינג-אובלי-65/?sort=p.sort_order&order=ASC,parameters,Noindex,https://compassgrill.co.il/plates-for-serving/קרש-חיתוך-והגשה-רינג-אובלי-65/
https://compassgrill.co.il/plates-for-serving/קרש-חיתוך-סיסם-ארוך-עם-ידית-60-20/?category_id=128868&sort=p.model&order=DESC,parameters,Noindex,https://compassgrill.co.il/plates-for-serving/קרש-חיתוך-סיסם-ארוך-עם-ידית-60-20/
https://compassgrill.co.il/grill-smoker-accessories/butcher-board/קרש-חיתוך-אשא-20-30-עם-תעלה/?category_id=128801&sort=pd.name&order=ASC,parameters,Noindex,https://compassgrill.co.il/grill-smoker-accessories/butcher-board/קרש-חיתוך-אשא-20-30-עם-תעלה/
https://compassgrill.co.il/plates-for-serving/צלחת-מעץ-אשא-קוטר-20-ס-מ-דו-צדדית/?sort=p.sort_order&order=ASC,parameters,Noindex,https://compassgrill.co.il/plates-for-serving/צלחת-מעץ-אשא-קוטר-20-ס-מ-דו-צדדית/
https://compassgrill.co.il/grill-smoker-accessories/wood-chips-and-chunks-for-smoking/שבבי-עץ-אלון-למעשנה-5-ליטר/?sort=p.model&order=ASC,parameters,Noindex,https://compassgrill.co.il/grill-smoker-accessories/wood-chips-and-chunks-for-smoking/שבבי-עץ-אלון-למעשנה-5-ליטר/
https://compassgrill.co.il/plates-for-serving/צלחת-אובלית-מעץ-מלא-25-35-דו-צדדית/?category_id=128868&sort=p.sort_order&order=ASC,parameters,Noindex,https://compassgrill.co.il/plates-for-serving/צלחת-אובלית-מעץ-מלא-25-35-דו-צדדית/
https://compassgrill.co.il/grill-smoker-accessories/butcher-board/בוצ-ר-אנדגריין-אלון-20-30-עם-תעלה/?category_id=128801&sort=pd.name&order=ASC,parameters,Noindex,https://compassgrill.co.il/grill-smoker-accessories/butcher-board/בוצ-ר-אנדגריין-אלון-20-30-עם-תעלה/
https://compassgrill.co.il/plates-for-serving/צלחת-3-תאים-מעץ-אשא-קוטר-25-ס-מ/?sort=p.sort_order&order=ASC,parameters,Noindex,https://compassgrill.co.il/plates-for-serving/צלחת-3-תאים-מעץ-אשא-קוטר-25-ס-מ/
https://compassgrill.co.il/plates-for-serving/קרש-חיתוך-והגשה-רינג-אובלי-55/?category_id=128868&sort=p.model&order=DESC,parameters,Noindex,https://compassgrill.co.il/plates-for-serving/קרש-חיתוך-והגשה-רינג-אובלי-55/
https://compassgrill.co.il/grill-smoker-accessories/plates-for-serving/צלחת-פיצה-אשא-קוטר-30-ס-מ/?sort=price&order=ASC,parameters,Noindex,https://compassgrill.co.il/grill-smoker-accessories/plates-for-serving/צלחת-פיצה-אשא-קוטר-30-ס-מ/
https://compassgrill.co.il/grill-smoker-accessories/plates-for-serving/פרוסת-סיסם-אירופאי-100-קרש-הגשה-טבעי-מעץ-מלא/?category_id=128868&sort=pd.name&order=ASC,parameters,Noindex,https://compassgrill.co.il/grill-smoker-accessories/plates-for-serving/פרוסת-סיסם-אירופאי-100-קרש-הגשה-טבעי-מעץ-מלא/
https://compassgrill.co.il/grill-smoker-accessories/plates-for-serving/קרש-חיתוך-והגשה-רינג-אובלי-55/?sort=pd.name&order=ASC,parameters,Noindex,https://compassgrill.co.il/grill-smoker-accessories/plates-for-serving/קרש-חיתוך-והגשה-רינג-אובלי-55/
https://compassgrill.co.il/plates-for-serving/צלחת-אובלית-מעץ-מלא-25-35-דו-צדדית/?sort=p.sort_order&order=ASC,parameters,Noindex,https://compassgrill.co.il/plates-for-serving/צלחת-אובלית-מעץ-מלא-25-35-דו-צדדית/
https://compassgrill.co.il/gifts/שמן-טבעי-לעץ-100-מ-ל-להגנה-וחידוש-קרשי-חיתוך-ובוצ-רים/?category_id=128869&sort=price&order=ASC,parameters,Noindex,https://compassgrill.co.il/gifts/שמן-טבעי-לעץ-100-מ-ל-להגנה-וחידוש-קרשי-חיתוך-ובוצ-רים/
https://compassgrill.co.il/grill-smoker-accessories/plates-for-serving/צלחת-אובלית-מעץ-מלא-25-35-דו-צדדית/?category_id=128868&sort=pd.name&order=DESC,parameters,Noindex,https://compassgrill.co.il/grill-smoker-accessories/plates-for-serving/צלחת-אובלית-מעץ-מלא-25-35-דו-צדדית/
https://compassgrill.co.il/grill-smoker-accessories/butcher-board/בוצ-ר-אנדגריין-מייפל-25-40-ללא-תעלה/?sort=pd.name&order=ASC,parameters,Noindex,https://compassgrill.co.il/grill-smoker-accessories/butcher-board/בוצ-ר-אנדגריין-מייפל-25-40-ללא-תעלה/
https://compassgrill.co.il/plates-for-serving/קרש-חיתוך-והגשה-רינג-אובלי-55/?sort=p.model&order=DESC,parameters,Noindex,https://compassgrill.co.il/plates-for-serving/קרש-חיתוך-והגשה-רינג-אובלי-55/
https://compassgrill.co.il/grill-smoker-accessories/plates-for-serving/קרש-חיתוך-והגשה-רינג-אובלי-75/?sort=rating&order=ASC,parameters,Noindex,https://compassgrill.co.il/grill-smoker-accessories/plates-for-serving/קרש-חיתוך-והגשה-רינג-אובלי-75/
https://compassgrill.co.il/plates-for-serving/צלחת-שישה-תאים-מעץ-מלא-קוטר-30-דו-צדדית/?category_id=128868&sort=p.sort_order&order=ASC,parameters,Noindex,https://compassgrill.co.il/plates-for-serving/צלחת-שישה-תאים-מעץ-מלא-קוטר-30-דו-צדדית/
https://compassgrill.co.il/plates-for-serving/קרש-חיתוך-והגשה-רינג-אובלי-55/?category_id=128868,parameters,Canonical,https://compassgrill.co.il/plates-for-serving/קרש-חיתוך-והגשה-רינג-אובלי-55/
https://compassgrill.co.il/gifts/מארז-פריסת-חלה-לשבת-קרש-סיסם-סכין-לחם-berox/?category_id=128869&sort=pd.name&order=ASC,parameters,Noindex,https://compassgrill.co.il/gifts/מארז-פריסת-חלה-לשבת-קרש-סיסם-סכין-לחם-berox/
https://compassgrill.co.il/grill-smoker-accessories/butcher-board/קרש-חיתוך-אלון-עם-ידית-35-20/?category_id=128801&sort=pd.name&order=ASC,parameters,Noindex,https://compassgrill.co.il/grill-smoker-accessories/butcher-board/קרש-חיתוך-אלון-עם-ידית-35-20/
https://compassgrill.co.il/plates-for-serving/קרש-חיתוך-סיסם-ארוך-עם-ידית-60-20/?sort=p.model&order=DESC,parameters,Noindex,https://compassgrill.co.il/plates-for-serving/קרש-חיתוך-סיסם-ארוך-עם-ידית-60-20/
https://compassgrill.co.il/grill-smoker-accessories/butcher-board/בוצ-ר-אנדגריין-מעץ-אגוז-אמריקאי-קוטר-40-ס-מ/?sort=pd.name&order=ASC,parameters,Noindex,https://compassgrill.co.il/grill-smoker-accessories/butcher-board/בוצ-ר-אנדגריין-מעץ-אגוז-אמריקאי-קוטר-40-ס-מ/
https://compassgrill.co.il/plates-for-serving/קרש-חיתוך-סיסם-ארוך-עם-ידית-60-20/?category_id=128868&sort=p.sort_order&order=ASC,parameters,Noindex,https://compassgrill.co.il/plates-for-serving/קרש-חיתוך-סיסם-ארוך-עם-ידית-60-20/
https://compassgrill.co.il/grill-smoker-accessories/plates-for-serving/קרש-חיתוך-והגשה-רינג-אובלי-75/?category_id=128868&sort=rating&order=DESC,parameters,Noindex,https://compassgrill.co.il/grill-smoker-accessories/plates-for-serving/קרש-חיתוך-והגשה-רינג-אובלי-75/
https://compassgrill.co.il/plates-for-serving/צלחת-שישה-תאים-מעץ-מלא-קוטר-30-דו-צדדית/?sort=p.sort_order&order=ASC,parameters,Noindex,https://compassgrill.co.il/plates-for-serving/צלחת-שישה-תאים-מעץ-מלא-קוטר-30-דו-צדדית/
https://compassgrill.co.il/grill-smoker-accessories/plates-for-serving/שמן-טבעי-לעץ-100-מ-ל-להגנה-וחידוש-קרשי-חיתוך-ובוצ-רים/?sort=price&order=DESC,parameters,Noindex,https://compassgrill.co.il/grill-smoker-accessories/plates-for-serving/שמן-טבעי-לעץ-100-מ-ל-להגנה-וחידוש-קרשי-חיתוך-ובוצ-רים/
https://compassgrill.co.il/plates-for-serving/שמן-טבעי-לעץ-100-מ-ל-להגנה-וחידוש-קרשי-חיתוך-ובוצ-רים/?category_id=128868&sort=p.sort_order&order=ASC,parameters,Noindex,https://compassgrill.co.il/plates-for-serving/שמן-טבעי-לעץ-100-מ-ל-להגנה-וחידוש-קרשי-חיתוך-ובוצ-רים/
https://compassgrill.co.il/grill-smoker-accessories/plates-for-serving/צלחת-מעץ-אשא-קוטר-25-ס-מ/?category_id=128868&sort=p.sort_order&order=ASC,parameters,Noindex,https://compassgrill.co.il/grill-smoker-accessories/plates-for-serving/צלחת-מעץ-אשא-קוטר-25-ס-מ/
https://compassgrill.co.il/gifts/מארז-קרניבורים-בוצ-ר-אלון-סכין-שף-dick/?category_id=128869&sort=rating&order=ASC,parameters,Noindex,https://compassgrill.co.il/gifts/מארז-קרניבורים-בוצ-ר-אלון-סכין-שף-dick/
https://compassgrill.co.il/plates-for-serving/פרוסת-סיסם-אירופאי-100-קרש-הגשה-טבעי-מעץ-מלא/?category_id=128868,parameters,Canonical,https://compassgrill.co.il/plates-for-serving/פרוסת-סיסם-אירופאי-100-קרש-הגשה-טבעי-מעץ-מלא/
https://compassgrill.co.il/plates-for-serving/קרש-חיתוך-סיסם-ארוך-עם-ידית-60-20/?sort=p.sort_order&order=ASC,parameters,Noindex,https://compassgrill.co.il/plates-for-serving/קרש-חיתוך-סיסם-ארוך-עם-ידית-60-20/
https://compassgrill.co.il/grill-smoker-accessories/plates-for-serving/צלחת-שישה-תאים-מעץ-מלא-קוטר-30-דו-צדדית/?category_id=128868&sort=pd.name&order=ASC,parameters,Noindex,https://compassgrill.co.il/grill-smoker-accessories/plates-for-serving/צלחת-שישה-תאים-מעץ-מלא-קוטר-30-דו-צדדית/
https://compassgrill.co.il/grill-smoker-accessories/plates-for-serving/צלחת-מעץ-אשא-קוטר-25-ס-מ/?sort=rating&order=ASC,parameters,Noindex,https://compassgrill.co.il/grill-smoker-accessories/plates-for-serving/צלחת-מעץ-אשא-קוטר-25-ס-מ/
https://compassgrill.co.il/plates-for-serving/צלחת-פיצה-אשא-קוטר-30-ס-מ/?category_id=128868&sort=p.sort_order&order=ASC,parameters,Noindex,https://compassgrill.co.il/plates-for-serving/צלחת-פיצה-אשא-קוטר-30-ס-מ/
https://compassgrill.co.il/grill-smoker-accessories/plates-for-serving/צלחת-שישה-תאים-מעץ-מלא-קוטר-30-דו-צדדית/?category_id=128868&sort=p.sort_order&order=ASC,parameters,Noindex,https://compassgrill.co.il/grill-smoker-accessories/plates-for-serving/צלחת-שישה-תאים-מעץ-מלא-קוטר-30-דו-צדדית/
https://compassgrill.co.il/plates-for-serving/שמן-טבעי-לעץ-100-מ-ל-להגנה-וחידוש-קרשי-חיתוך-ובוצ-רים/?sort=p.sort_order&order=ASC,parameters,Noindex,https://compassgrill.co.il/plates-for-serving/שמן-טבעי-לעץ-100-מ-ל-להגנה-וחידוש-קרשי-חיתוך-ובוצ-רים/
https://compassgrill.co.il/grill-smoker-accessories/plates-for-serving/צלחת-פיצה-אשא-קוטר-30-ס-מ/?sort=p.sort_order&order=ASC,parameters,Noindex,https://compassgrill.co.il/grill-smoker-accessories/plates-for-serving/צלחת-פיצה-אשא-קוטר-30-ס-מ/
https://compassgrill.co.il/gifts/מארז-מתנה-לגבר-בוצ-ר-עץ-אלון-סכין-שף-dick/?category_id=128869&sort=price&order=ASC,parameters,Noindex,https://compassgrill.co.il/gifts/מארז-מתנה-לגבר-בוצ-ר-עץ-אלון-סכין-שף-dick/
https://compassgrill.co.il/grill-smoker-accessories/plates-for-serving/צלחת-פיצה-אשא-קוטר-30-ס-מ/?category_id=128868&sort=price&order=DESC,parameters,Noindex,https://compassgrill.co.il/grill-smoker-accessories/plates-for-serving/צלחת-פיצה-אשא-קוטר-30-ס-מ/
https://compassgrill.co.il/grill-smoker-accessories/plates-for-serving/פרוסת-סיסם-אירופאי-120/?category_id=128868&sort=price&order=DESC,parameters,Noindex,https://compassgrill.co.il/grill-smoker-accessories/plates-for-serving/פרוסת-סיסם-אירופאי-120/
https://compassgrill.co.il/plates-for-serving/צלחת-פיצה-אשא-קוטר-30-ס-מ/?sort=p.sort_order&order=ASC,parameters,Noindex,https://compassgrill.co.il/plates-for-serving/צלחת-פיצה-אשא-קוטר-30-ס-מ/
https://compassgrill.co.il/plates-for-serving/צלחת-מעץ-אשא-קוטר-20-ס-מ-דו-צדדית/?category_id=128868&sort=p.model&order=DESC,parameters,Noindex,https://compassgrill.co.il/plates-for-serving/צלחת-מעץ-אשא-קוטר-20-ס-מ-דו-צדדית/
https://compassgrill.co.il/gifts/מארז-קרניבורים-בוצ-ר-אלון-סכין-שף-dick/?sort=rating&order=ASC,parameters,Noindex,https://compassgrill.co.il/gifts/מארז-קרניבורים-בוצ-ר-אלון-סכין-שף-dick/
https://compassgrill.co.il/grill-smoker-accessories/plates-for-serving/צלחת-שישה-תאים-מעץ-מלא-קוטר-30-דו-צדדית/?category_id=128868&sort=price&order=DESC,parameters,Noindex,https://compassgrill.co.il/grill-smoker-accessories/plates-for-serving/צלחת-שישה-תאים-מעץ-מלא-קוטר-30-דו-צדדית/
https://compassgrill.co.il/grill-smoker-accessories/plates-for-serving/פרוסת-סיסם-אירופאי-120/?category_id=128868&sort=rating&order=DESC,parameters,Noindex,https://compassgrill.co.il/grill-smoker-accessories/plates-for-serving/פרוסת-סיסם-אירופאי-120/
https://compassgrill.co.il/gifts/מתנה-ממותגת-לחג-קרש-המלח-פלפל-סכין-סנטוקו-berox/?category_id=128869&sort=p.model&order=ASC,parameters,Noindex,https://compassgrill.co.il/gifts/מתנה-ממותגת-לחג-קרש-המלח-פלפל-סכין-סנטוקו-berox/
https://compassgrill.co.il/grill-smoker-accessories/plates-for-serving/צלחת-אובלית-מעץ-מלא-25-35-דו-צדדית/?category_id=128868&sort=price&order=DESC,parameters,Noindex,https://compassgrill.co.il/grill-smoker-accessories/plates-for-serving/צלחת-אובלית-מעץ-מלא-25-35-דו-צדדית/
https://compassgrill.co.il/grill-smoker-accessories/plates-for-serving/צלחת-פיצה-אשא-קוטר-30-ס-מ/?sort=price&order=DESC,parameters,Noindex,https://compassgrill.co.il/grill-smoker-accessories/plates-for-serving/צלחת-פיצה-אשא-קוטר-30-ס-מ/
https://compassgrill.co.il/grill-smoker-accessories/plates-for-serving/פרוסת-סיסם-אירופאי-120/?sort=price&order=DESC,parameters,Noindex,https://compassgrill.co.il/grill-smoker-accessories/plates-for-serving/פרוסת-סיסם-אירופאי-120/
https://compassgrill.co.il/plates-for-serving/?sort=p.sort_order&order=ASC,parameters,Noindex,https://compassgrill.co.il/plates-for-serving/
https://compassgrill.co.il/grill-smoker-accessories/plates-for-serving/צלחת-מעץ-אשא-קוטר-20-ס-מ-דו-צדדית/?category_id=128868&sort=price&order=DESC,parameters,Noindex,https://compassgrill.co.il/grill-smoker-accessories/plates-for-serving/צלחת-מעץ-אשא-קוטר-20-ס-מ-דו-צדדית/
https://compassgrill.co.il/grill-smoker-accessories/plates-for-serving/פרוסת-סיסם-אירופאי-100-קרש-הגשה-טבעי-מעץ-מלא/?category_id=128868&sort=price&order=DESC,parameters,Noindex,https://compassgrill.co.il/grill-smoker-accessories/plates-for-serving/פרוסת-סיסם-אירופאי-100-קרש-הגשה-טבעי-מעץ-מלא/
https://compassgrill.co.il/grill-smoker-accessories/plates-for-serving/צלחת-שישה-תאים-מעץ-מלא-קוטר-30-דו-צדדית/?sort=price&order=DESC,parameters,Noindex,https://compassgrill.co.il/grill-smoker-accessories/plates-for-serving/צלחת-שישה-תאים-מעץ-מלא-קוטר-30-דו-צדדית/
https://compassgrill.co.il/gifts/מארז-פריסת-חלה-לשבת-קרש-סיסם-סכין-לחם-berox/?sort=pd.name&order=ASC,parameters,Noindex,https://compassgrill.co.il/gifts/מארז-פריסת-חלה-לשבת-קרש-סיסם-סכין-לחם-berox/
https://compassgrill.co.il/grill-smoker-accessories/plates-for-serving/קרש-חיתוך-והגשה-רינג-אובלי-55/?category_id=128868&sort=price&order=DESC,parameters,Noindex,https://compassgrill.co.il/grill-smoker-accessories/plates-for-serving/קרש-חיתוך-והגשה-רינג-אובלי-55/
https://compassgrill.co.il/gifts/מתנה-ממותגת-ליום-הולדת-בוצ-ר-אלון-סכין-שף-dick/?category_id=128869&sort=price&order=DESC,parameters,Noindex,https://compassgrill.co.il/gifts/מתנה-ממותגת-ליום-הולדת-בוצ-ר-אלון-סכין-שף-dick/
https://compassgrill.co.il/gifts/שמן-טבעי-לעץ-100-מ-ל-להגנה-וחידוש-קרשי-חיתוך-ובוצ-רים/?category_id=128869&sort=p.model&order=ASC,parameters,Noindex,https://compassgrill.co.il/gifts/שמן-טבעי-לעץ-100-מ-ל-להגנה-וחידוש-קרשי-חיתוך-ובוצ-רים/
https://compassgrill.co.il/grill-smoker-accessories/plates-for-serving/צלחת-מעץ-אשא-קוטר-20-ס-מ-דו-צדדית/?sort=price&order=DESC,parameters,Noindex,https://compassgrill.co.il/grill-smoker-accessories/plates-for-serving/צלחת-מעץ-אשא-קוטר-20-ס-מ-דו-צדדית/
https://compassgrill.co.il/gifts/מתנה-ממותגת-ליום-הולדת-בוצ-ר-אלון-סכין-שף-dick/?sort=price&order=DESC,parameters,Noindex,https://compassgrill.co.il/gifts/מתנה-ממותגת-ליום-הולדת-בוצ-ר-אלון-סכין-שף-dick/
https://compassgrill.co.il/grill-smoker-accessories/plates-for-serving/קרש-חיתוך-והגשה-רינג-אובלי-75/?category_id=128868&sort=price&order=DESC,parameters,Noindex,https://compassgrill.co.il/grill-smoker-accessories/plates-for-serving/קרש-חיתוך-והגשה-רינג-אובלי-75/
https://compassgrill.co.il/grill-smoker-accessories/plates-for-serving/פרוסת-סיסם-אירופאי-100-קרש-הגשה-טבעי-מעץ-מלא/?sort=price&order=DESC,parameters,Noindex,https://compassgrill.co.il/grill-smoker-accessories/plates-for-serving/פרוסת-סיסם-אירופאי-100-קרש-הגשה-טבעי-מעץ-מלא/
https://compassgrill.co.il/grill-smoker-accessories/plates-for-serving/קרש-חיתוך-והגשה-רינג-אובלי-75/?sort=price&order=DESC,parameters,Noindex,https://compassgrill.co.il/grill-smoker-accessories/plates-for-serving/קרש-חיתוך-והגשה-רינג-אובלי-75/
https://compassgrill.co.il/grill-smoker-accessories/plates-for-serving/קרש-חיתוך-סיסם-ארוך-עם-ידית-60-20/?category_id=128868&sort=price&order=DESC,parameters,Noindex,https://compassgrill.co.il/grill-smoker-accessories/plates-for-serving/קרש-חיתוך-סיסם-ארוך-עם-ידית-60-20/
https://compassgrill.co.il/grill-smoker-accessories/plates-for-serving/קרש-חיתוך-והגשה-רינג-אובלי-55/?sort=price&order=DESC,parameters,Noindex,https://compassgrill.co.il/grill-smoker-accessories/plates-for-serving/קרש-חיתוך-והגשה-רינג-אובלי-55/
https://compassgrill.co.il/grill-smoker-accessories/plates-for-serving/צלחת-מעץ-אשא-קוטר-25-ס-מ/?category_id=128868&sort=pd.name&order=ASC,parameters,Noindex,https://compassgrill.co.il/grill-smoker-accessories/plates-for-serving/צלחת-מעץ-אשא-קוטר-25-ס-מ/
https://compassgrill.co.il/grill-smoker-accessories/plates-for-serving/פרוסת-סיסם-אירופאי-120/?sort=rating&order=DESC,parameters,Noindex,https://compassgrill.co.il/grill-smoker-accessories/plates-for-serving/פרוסת-סיסם-אירופאי-120/
https://compassgrill.co.il/grill-smoker-accessories/plates-for-serving/קרש-חיתוך-והגשה-רינג-אובלי-65/?category_id=128868&sort=price&order=DESC,parameters,Noindex,https://compassgrill.co.il/grill-smoker-accessories/plates-for-serving/קרש-חיתוך-והגשה-רינג-אובלי-65/
https://compassgrill.co.il/grill-smoker-accessories/plates-for-serving/קרש-חיתוך-סיסם-ארוך-עם-ידית-60-20/?sort=price&order=DESC,parameters,Noindex,https://compassgrill.co.il/grill-smoker-accessories/plates-for-serving/קרש-חיתוך-סיסם-ארוך-עם-ידית-60-20/
https://compassgrill.co.il/grill-smoker-accessories/plates-for-serving/קרש-חיתוך-והגשה-רינג-אובלי-65/?sort=price&order=DESC,parameters,Noindex,https://compassgrill.co.il/grill-smoker-accessories/plates-for-serving/קרש-חיתוך-והגשה-רינג-אובלי-65/
https://compassgrill.co.il/grill-smoker-accessories/plates-for-serving/צלחת-אובלית-מעץ-מלא-25-35-דו-צדדית/?sort=price&order=DESC,parameters,Noindex,https://compassgrill.co.il/grill-smoker-accessories/plates-for-serving/צלחת-אובלית-מעץ-מלא-25-35-דו-צדדית/
https://compassgrill.co.il/gifts/מארז-לחג-בוצ-ר-עץ-אלון-סכין-שף-berox/?category_id=128869&sort=p.model&order=DESC,parameters,Noindex,https://compassgrill.co.il/gifts/מארז-לחג-בוצ-ר-עץ-אלון-סכין-שף-berox/
https://compassgrill.co.il/smoker-tandoor/pellet-smokers/pit-boss-austin-xl-onyx-מעשנת-וגריל-פלט-מקצועי/?category_id=34516&sort=rating&order=DESC,parameters,Noindex,https://compassgrill.co.il/smoker-tandoor/pellet-smokers/pit-boss-austin-xl-onyx-מעשנת-וגריל-פלט-מקצועי/
https://compassgrill.co.il/poultry-3/שוקיים-עוף-ארוז-מחפוד/?sort=p.sort_order&order=ASC,parameters,Noindex,https://compassgrill.co.il/poultry-3/שוקיים-עוף-ארוז-מחפוד/
https://compassgrill.co.il/eitan-meat-eilat/בשרים-קפואים/premium-sliced-lamb-ribs-6-pieces-tray-1/?sort=p.model&order=ASC,parameters,Noindex,https://compassgrill.co.il/eitan-meat-eilat/בשרים-קפואים/premium-sliced-lamb-ribs-6-pieces-tray/
https://compassgrill.co.il/eitan-meat-eilat/בשרים-קפואים/premium-sliced-lamb-ribs-6-pieces-tray-1/?sort=p.model&order=ASC,duplicate,Redirect 301,https://compassgrill.co.il/eitan-meat-eilat/בשרים-קפואים/premium-sliced-lamb-ribs-6-pieces-tray/
https://compassgrill.co.il/smoker-tandoor/pellet-smokers/pit-boss-austin-xl-onyx-מעשנת-וגריל-פלט-מקצועי/?sort=rating&order=DESC,parameters,Noindex,https://compassgrill.co.il/smoker-tandoor/pellet-smokers/pit-boss-austin-xl-onyx-מעשנת-וגריל-פלט-מקצועי/
https://compassgrill.co.il/grill-smoker-accessories/knives-and-accessories/סכין-בשר-חריצים-26-ס-מ-להב-גבוה-dick-ergogrip/?category_id=35161&sort=rating&order=DESC,parameters,Noindex,https://compassgrill.co.il/grill-smoker-accessories/knives-and-accessories/סכין-בשר-חריצים-26-ס-מ-להב-גבוה-dick-ergogrip/
https://compassgrill.co.il/grill-smoker-accessories/wood-chips-and-chunks-for-smoking/שבבי-עץ-אלון-למעשנה-5-ליטר/?category_id=97766&sort=rating&order=DESC,parameters,Noindex,https://compassgrill.co.il/grill-smoker-accessories/wood-chips-and-chunks-for-smoking/שבבי-עץ-אלון-למעשנה-5-ליטר/
https://compassgrill.co.il/grill-smoker-accessories/knives-and-accessories/סכין-שף-21-ס-מ-berox/?category_id=35161&sort=rating&order=DESC,parameters,Noindex,https://compassgrill.co.il/grill-smoker-accessories/knives-and-accessories/סכין-שף-21-ס-מ-berox/
https://compassgrill.co.il/grill-smoker-accessories/wood-chips-and-chunks-for-smoking/שבבי-עץ-אלון-למעשנה-5-ליטר/?sort=rating&order=DESC,parameters,Noindex,https://compassgrill.co.il/grill-smoker-accessories/wood-chips-and-chunks-for-smoking/שבבי-עץ-אלון-למעשנה-5-ליטר/
https://compassgrill.co.il/grill-smoker-accessories/wood-chips-and-chunks-for-smoking/שבבי-עץ-בוק-למעשנה-5-ליטר/?category_id=97766&sort=rating&order=DESC,parameters,Noindex,https://compassgrill.co.il/grill-smoker-accessories/wood-chips-and-chunks-for-smoking/שבבי-עץ-בוק-למעשנה-5-ליטר/
https://compassgrill.co.il/grill-smoker-accessories/wood-chips-and-chunks-for-smoking/שבבי-עץ-בוק-למעשנה-5-ליטר/?sort=rating&order=DESC,parameters,Noindex,https://compassgrill.co.il/grill-smoker-accessories/wood-chips-and-chunks-for-smoking/שבבי-עץ-בוק-למעשנה-5-ליטר/
https://compassgrill.co.il/grill-smoker-accessories/knives-and-accessories/סכין-בשר-26-ס-מ-להב-גבוה-dick-ergogrip/?category_id=35161&sort=rating&order=DESC,parameters,Noindex,https://compassgrill.co.il/grill-smoker-accessories/knives-and-accessories/סכין-בשר-26-ס-מ-להב-גבוה-dick-ergogrip/
https://compassgrill.co.il/grill-smoker-accessories/wood-chips-and-chunks-for-smoking/שבבי-עץ-היקורי-למעשנה-5-ליטר/?category_id=97766&sort=rating&order=DESC,parameters,Noindex,https://compassgrill.co.il/grill-smoker-accessories/wood-chips-and-chunks-for-smoking/שבבי-עץ-היקורי-למעשנה-5-ליטר/
https://compassgrill.co.il/grill-smoker-accessories/knives-and-accessories/סכין-בשר-חריצים-26-ס-מ-להב-גבוה-dick-ergogrip/?sort=rating&order=DESC,parameters,Noindex,https://compassgrill.co.il/grill-smoker-accessories/knives-and-accessories/סכין-בשר-חריצים-26-ס-מ-להב-גבוה-dick-ergogrip/
https://compassgrill.co.il/grill-smoker-accessories/knives-and-accessories/סכין-שף-חלקה-ידית-שחורה-21-ס-מ-berox/?category_id=35161&sort=rating&order=DESC,parameters,Noindex,https://compassgrill.co.il/grill-smoker-accessories/knives-and-accessories/סכין-שף-חלקה-ידית-שחורה-21-ס-מ-berox/
https://compassgrill.co.il/grill-smoker-accessories/knives-and-accessories/סכין-בשר-26-ס-מ-להב-גבוה-dick-ergogrip/?sort=rating&order=DESC,parameters,Noindex,https://compassgrill.co.il/grill-smoker-accessories/knives-and-accessories/סכין-בשר-26-ס-מ-להב-גבוה-dick-ergogrip/
https://compassgrill.co.il/grill-smoker-accessories/knives-and-accessories/סכין-סנטוקו-מחוזקת-חריצים-18-ס-מ-berox/?category_id=35161&sort=rating&order=DESC,parameters,Noindex,https://compassgrill.co.il/grill-smoker-accessories/knives-and-accessories/סכין-סנטוקו-מחוזקת-חריצים-18-ס-מ-berox/
https://compassgrill.co.il/smoker-tandoor/ultimate-griddle-4/?category_id=34515&sort=rating&order=ASC,parameters,Noindex,https://compassgrill.co.il/smoker-tandoor/ultimate-griddle-4/
https://compassgrill.co.il/grill-smoker-accessories/knives-and-accessories/סכין-סנטוקו-מחוזקת-חריצים-18-ס-מ-berox/?sort=rating&order=DESC,parameters,Noindex,https://compassgrill.co.il/grill-smoker-accessories/knives-and-accessories/סכין-סנטוקו-מחוזקת-חריצים-18-ס-מ-berox/
https://compassgrill.co.il/eitan-meat-eilat/בשרים-קפואים/sorted-brain-bones-sliced-6-8-pcs-1/?category_id=125607&sort=p.sort_order&order=ASC,parameters,Noindex,https://compassgrill.co.il/eitan-meat-eilat/בשרים-קפואים/sorted-brain-bones-sliced-6-8-pcs/
https://compassgrill.co.il/eitan-meat-eilat/בשרים-קפואים/sorted-brain-bones-sliced-6-8-pcs-1/?category_id=125607&sort=p.sort_order&order=ASC,duplicate,Redirect 301,https://compassgrill.co.il/eitan-meat-eilat/בשרים-קפואים/sorted-brain-bones-sliced-6-8-pcs/
https://compassgrill.co.il/grill-smoker-accessories/knives-and-accessories/סכין-שף-חלקה-ידית-שחורה-21-ס-מ-berox/?sort=rating&order=DESC,parameters,Noindex,https://compassgrill.co.il/grill-smoker-accessories/knives-and-accessories/סכין-שף-חלקה-ידית-שחורה-21-ס-מ-berox/
https://compassgrill.co.il/grill-smoker-accessories/knives-and-accessories/סכין-שף-21-ס-מ-berox/?sort=rating&order=DESC,parameters,Noindex,https://compassgrill.co.il/grill-smoker-accessories/knives-and-accessories/סכין-שף-21-ס-מ-berox/
https://compassgrill.co.il/grill-smoker-accessories/wood-chips-and-chunks-for-smoking/שבבי-עץ-היקורי-למעשנה-5-ליטר/?sort=rating&order=DESC,parameters,Noindex,https://compassgrill.co.il/grill-smoker-accessories/wood-chips-and-chunks-for-smoking/שבבי-עץ-היקורי-למעשנה-5-ליטר/
https://compassgrill.co.il/grill-smoker-accessories/wood-chips-and-chunks-for-smoking/שבבי-עץ-מייפל-למעשנה-5-ליטר/?sort=rating&order=DESC,parameters,Noindex,https://compassgrill.co.il/grill-smoker-accessories/wood-chips-and-chunks-for-smoking/שבבי-עץ-מייפל-למעשנה-5-ליטר/
https://compassgrill.co.il/butcher-kfar-saba/poultry-3/כרעיים-עוף-ארוז-שחיטת-הרב-מחפוד-אילת/?category_id=105748&sort=p.model&order=ASC,parameters,Noindex,https://compassgrill.co.il/butcher-kfar-saba/poultry-3/כרעיים-עוף-ארוז-שחיטת-הרב-מחפוד-אילת/
https://compassgrill.co.il/eitan-meat-eilat/בשרים-קפואים/sorted-brain-bones-sliced-6-8-pcs-1/?sort=p.sort_order&order=ASC,parameters,Noindex,https://compassgrill.co.il/eitan-meat-eilat/בשרים-קפואים/sorted-brain-bones-sliced-6-8-pcs/
https://compassgrill.co.il/eitan-meat-eilat/בשרים-קפואים/sorted-brain-bones-sliced-6-8-pcs-1/?sort=p.sort_order&order=ASC,duplicate,Redirect 301,https://compassgrill.co.il/eitan-meat-eilat/בשרים-קפואים/sorted-brain-bones-sliced-6-8-pcs/
https://compassgrill.co.il/butcher-kfar-saba/poultry-3/לבבות-עוף-ארוז-קפוא-copy-1/?category_id=105748&sort=p.model&order=ASC,parameters,Noindex,https://compassgrill.co.il/butcher-kfar-saba/poultry-3/לבבות-עוף-ארוז-קפוא/
https://compassgrill.co.il/butcher-kfar-saba/poultry-3/לבבות-עוף-ארוז-קפוא-copy-1/?category_id=105748&sort=p.model&order=ASC,duplicate,Redirect 301,https://compassgrill.co.il/butcher-kfar-saba/poultry-3/לבבות-עוף-ארוז-קפוא/
https://compassgrill.co.il/butcher-kfar-saba/poultry-3/כרעיים-עוף-ארוז-copy-2/?category_id=105748&sort=p.model&order=ASC,parameters,Noindex,https://compassgrill.co.il/butcher-kfar-saba/poultry-3/כרעיים-עוף-ארוז/
https://compassgrill.co.il/butcher-kfar-saba/poultry-3/כרעיים-עוף-ארוז-copy-2/?category_id=105748&sort=p.model&order=ASC,duplicate,Redirect 301,https://compassgrill.co.il/butcher-kfar-saba/poultry-3/כרעיים-עוף-ארוז/
https://compassgrill.co.il/butcher-kfar-saba/poultry-3/שוקיים-עוף-ארוז-מחפוד/?category_id=105748&sort=p.model&order=ASC,parameters,Noindex,https://compassgrill.co.il/butcher-kfar-saba/poultry-3/שוקיים-עוף-ארוז-מחפוד/
https://compassgrill.co.il/butcher-kfar-saba/poultry-3/שוקיים-עוף-ארוז-מחפוד/?sort=p.model&order=ASC,parameters,Noindex,https://compassgrill.co.il/butcher-kfar-saba/poultry-3/שוקיים-עוף-ארוז-מחפוד/
https://compassgrill.co.il/butcher-kfar-saba/poultry-3/כרעיים-עוף-ארוז-copy-2/?sort=p.model&order=ASC,parameters,Noindex,https://compassgrill.co.il/butcher-kfar-saba/poultry-3/כרעיים-עוף-ארוז/
https://compassgrill.co.il/butcher-kfar-saba/poultry-3/כרעיים-עוף-ארוז-copy-2/?sort=p.model&order=ASC,duplicate,Redirect 301,https://compassgrill.co.il/butcher-kfar-saba/poultry-3/כרעיים-עוף-ארוז/
https://compassgrill.co.il/butcher-kfar-saba/poultry-3/לבבות-עוף-ארוז-קפוא-copy-1/?sort=p.model&order=ASC,parameters,Noindex,https://compassgrill.co.il/butcher-kfar-saba/poultry-3/לבבות-עוף-ארוז-קפוא/
https://compassgrill.co.il/butcher-kfar-saba/poultry-3/לבבות-עוף-ארוז-קפוא-copy-1/?sort=p.model&order=ASC,duplicate,Redirect 301,https://compassgrill.co.il/butcher-kfar-saba/poultry-3/לבבות-עוף-ארוז-קפוא/
https://compassgrill.co.il/grill-smoker-accessories/wood-chips-and-chunks-for-smoking/שבבי-עץ-היקורי-למעשנה-5-ליטר/?category_id=97766&sort=price&order=DESC,parameters,Noindex,https://compassgrill.co.il/grill-smoker-accessories/wood-chips-and-chunks-for-smoking/שבבי-עץ-היקורי-למעשנה-5-ליטר/
https://compassgrill.co.il/grill-smoker-accessories/knives-and-accessories/סכין-בשר-חריצים-26-ס-מ-להב-גבוה-dick-ergogrip/?category_id=35161&sort=p.model&order=DESC,parameters,Noindex,https://compassgrill.co.il/grill-smoker-accessories/knives-and-accessories/סכין-בשר-חריצים-26-ס-מ-להב-גבוה-dick-ergogrip/
https://compassgrill.co.il/grill-smoker-accessories/butcher-board/קרש-חיתוך-אשא-20-30-עם-תעלה/?category_id=128801,parameters,Canonical,https://compassgrill.co.il/grill-smoker-accessories/butcher-board/קרש-חיתוך-אשא-20-30-עם-תעלה/
https://compassgrill.co.il/grill-smoker-accessories/wood-chips-and-chunks-for-smoking/שבבי-עץ-אלון-למעשנה-5-ליטר/?category_id=97766&sort=price&order=DESC,parameters,Noindex,https://compassgrill.co.il/grill-smoker-accessories/wood-chips-and-chunks-for-smoking/שבבי-עץ-אלון-למעשנה-5-ליטר/
https://compassgrill.co.il/grill-smoker-accessories/wood-chips-and-chunks-for-smoking/שבבי-עץ-מייפל-למעשנה-5-ליטר/?category_id=97766&sort=price&order=DESC,parameters,Noindex,https://compassgrill.co.il/grill-smoker-accessories/wood-chips-and-chunks-for-smoking/שבבי-עץ-מייפל-למעשנה-5-ליטר/
https://compassgrill.co.il/gas-grills-1/gas-grill-charcoal-smoker-combo/pit-boss-lexington-charcoal-מעשנת-וגריל-פחמים-מקצועי/?category_id=108566&sort=rating&order=ASC,parameters,Noindex,https://compassgrill.co.il/gas-grills-1/gas-grill-charcoal-smoker-combo/pit-boss-lexington-charcoal-מעשנת-וגריל-פחמים-מקצועי/
https://compassgrill.co.il/gas-grills-1/gas-grill-charcoal-smoker-combo/pit-boss-lexington-charcoal-מעשנת-וגריל-פחמים-מקצועי/?category_id=108566&sort=rating&order=DESC,parameters,Noindex,https://compassgrill.co.il/gas-grills-1/gas-grill-charcoal-smoker-combo/pit-boss-lexington-charcoal-מעשנת-וגריל-פחמים-מקצועי/
https://compassgrill.co.il/grill-smoker-accessories/wood-chips-and-chunks-for-smoking/שבבי-עץ-בוק-למעשנה-5-ליטר/?category_id=97766&sort=price&order=DESC,parameters,Noindex,https://compassgrill.co.il/grill-smoker-accessories/wood-chips-and-chunks-for-smoking/שבבי-עץ-בוק-למעשנה-5-ליטר/
https://compassgrill.co.il/grill-smoker-accessories/knives-and-accessories/סכין-שף-21-ס-מ-berox/?category_id=35161&sort=p.model&order=DESC,parameters,Noindex,https://compassgrill.co.il/grill-smoker-accessories/knives-and-accessories/סכין-שף-21-ס-מ-berox/
https://compassgrill.co.il/grill-smoker-accessories/butcher-board/קרש-חיתוך-אשא-30-45-עם-תעלה-קרש-חיתוך-אשא-30-45-עם-תעלה/?category_id=128801,parameters,Canonical,https://compassgrill.co.il/grill-smoker-accessories/butcher-board/קרש-חיתוך-אשא-30-45-עם-תעלה-קרש-חיתוך-אשא-30-45-עם-תעלה/
https://compassgrill.co.il/grill-smoker-accessories/knives-and-accessories/סכין-סנטוקו-מחוזקת-חריצים-18-ס-מ-berox/?category_id=35161&sort=p.model&order=DESC,parameters,Noindex,https://compassgrill.co.il/grill-smoker-accessories/knives-and-accessories/סכין-סנטוקו-מחוזקת-חריצים-18-ס-מ-berox/
https://compassgrill.co.il/gas-grills-1/gas-grill-charcoal-smoker-combo/pit-boss-lexington-charcoal-מעשנת-וגריל-פחמים-מקצועי/?sort=rating&order=DESC,parameters,Noindex,https://compassgrill.co.il/gas-grills-1/gas-grill-charcoal-smoker-combo/pit-boss-lexington-charcoal-מעשנת-וגריל-פחמים-מקצועי/
https://compassgrill.co.il/grill-smoker-accessories/butcher-board/בוצ-ר-אנדגריין-אלון-20x35-עם-תעלה/?category_id=128801,parameters,Canonical,https://compassgrill.co.il/grill-smoker-accessories/butcher-board/בוצ-ר-אנדגריין-אלון-20x35-עם-תעלה/
https://compassgrill.co.il/grill-smoker-accessories/knives-and-accessories/סכין-בשר-חריצים-26-ס-מ-להב-גבוה-dick-ergogrip/?sort=p.model&order=DESC,parameters,Noindex,https://compassgrill.co.il/grill-smoker-accessories/knives-and-accessories/סכין-בשר-חריצים-26-ס-מ-להב-גבוה-dick-ergogrip/
https://compassgrill.co.il/gas-grills-1/gas-grill-charcoal-smoker-combo/pit-boss-lexington-charcoal-מעשנת-וגריל-פחמים-מקצועי/?sort=rating&order=ASC,parameters,Noindex,https://compassgrill.co.il/gas-grills-1/gas-grill-charcoal-smoker-combo/pit-boss-lexington-charcoal-מעשנת-וגריל-פחמים-מקצועי/
https://compassgrill.co.il/grill-smoker-accessories/butcher-board/קרש-חיתוך-מעץ-סיסם-אירופאי-30-50-עם-תעלת-ניקוז/?category_id=128801,parameters,Canonical,https://compassgrill.co.il/grill-smoker-accessories/butcher-board/קרש-חיתוך-מעץ-סיסם-אירופאי-30-50-עם-תעלת-ניקוז/
https://compassgrill.co.il/gas-grills-1/גריל-גז-freestyle-425-עם-כירת-צד-אינפרא-אדום-copy-0/?sort=pd.name&order=DESC,parameters,Noindex,https://compassgrill.co.il/gas-grills-1/גריל-גז-freestyle-425-עם-כירת-צד-אינפרא-אדום/
https://compassgrill.co.il/gas-grills-1/גריל-גז-freestyle-425-עם-כירת-צד-אינפרא-אדום-copy-0/?sort=pd.name&order=DESC,duplicate,Redirect 301,https://compassgrill.co.il/gas-grills-1/גריל-גז-freestyle-425-עם-כירת-צד-אינפרא-אדום/
https://compassgrill.co.il/smoker-tandoor/navigator-550-pitboss-pellet-smoker/?sort=p.sort_order&order=ASC,parameters,Noindex,https://compassgrill.co.il/smoker-tandoor/navigator-550-pitboss-pellet-smoker/
https://compassgrill.co.il/grill-smoker-accessories/knives-and-accessories/סכין-בשר-26-ס-מ-להב-גבוה-dick-ergogrip/?category_id=35161&sort=p.model&order=DESC,parameters,Noindex,https://compassgrill.co.il/grill-smoker-accessories/knives-and-accessories/סכין-בשר-26-ס-מ-להב-גבוה-dick-ergogrip/
https://compassgrill.co.il/grill-smoker-accessories/knives-and-accessories/סכין-שף-21-ס-מ-berox/?sort=p.model&order=DESC,parameters,Noindex,https://compassgrill.co.il/grill-smoker-accessories/knives-and-accessories/סכין-שף-21-ס-מ-berox/
https://compassgrill.co.il/grill-smoker-accessories/butcher-board/קרש-חיתוך-מעץ-סיסם-אירופאי-20-30-עם-תעלת-ניקוז/?category_id=128801,parameters,Canonical,https://compassgrill.co.il/grill-smoker-accessories/butcher-board/קרש-חיתוך-מעץ-סיסם-אירופאי-20-30-עם-תעלת-ניקוז/
https://compassgrill.co.il/grill-smoker-accessories/knives-and-accessories/סכין-בשר-26-ס-מ-להב-גבוה-dick-ergogrip/?sort=p.model&order=DESC,parameters,Noindex,https://compassgrill.co.il/grill-smoker-accessories/knives-and-accessories/סכין-בשר-26-ס-מ-להב-גבוה-dick-ergogrip/
https://compassgrill.co.il/grill-smoker-accessories/knives-and-accessories/סכין-סנטוקו-מחוזקת-חריצים-18-ס-מ-berox/?sort=p.model&order=DESC,parameters,Noindex,https://compassgrill.co.il/grill-smoker-accessories/knives-and-accessories/סכין-סנטוקו-מחוזקת-חריצים-18-ס-מ-berox/
https://compassgrill.co.il/grill-smoker-accessories/butcher-board/קרש-חיתוך-מעץ-סיסם-אירופאי-40-30-עם-תעלת-ניקוז/?category_id=128801,parameters,Canonical,https://compassgrill.co.il/grill-smoker-accessories/butcher-board/קרש-חיתוך-מעץ-סיסם-אירופאי-40-30-עם-תעלת-ניקוז/
https://compassgrill.co.il/gas-grills-1/ultimate-griddle-4/?category_id=35202&sort=pd.name&order=DESC,parameters,Noindex,https://compassgrill.co.il/gas-grills-1/ultimate-griddle-4/
https://compassgrill.co.il/grill-smoker-accessories/knives-and-accessories/סכין-שף-חלקה-ידית-שחורה-21-ס-מ-berox/?sort=p.model&order=DESC,parameters,Noindex,https://compassgrill.co.il/grill-smoker-accessories/knives-and-accessories/סכין-שף-חלקה-ידית-שחורה-21-ס-מ-berox/
https://compassgrill.co.il/grill-smoker-accessories/butcher-board/בוצ-ר-אנדגריין-אלון-25-40-ללא-תעלה/?category_id=128801,parameters,Canonical,https://compassgrill.co.il/grill-smoker-accessories/butcher-board/בוצ-ר-אנדגריין-אלון-25-40-ללא-תעלה/
https://compassgrill.co.il/plates-for-serving/שמן-טבעי-לעץ-100-מ-ל-להגנה-וחידוש-קרשי-חיתוך-ובוצ-רים/?category_id=128868&sort=price&order=ASC,parameters,Noindex,https://compassgrill.co.il/plates-for-serving/שמן-טבעי-לעץ-100-מ-ל-להגנה-וחידוש-קרשי-חיתוך-ובוצ-רים/
https://compassgrill.co.il/gas-grills-1/rogue-xt-365sib-il-black/?category_id=35202&sort=pd.name&order=DESC,parameters,Noindex,https://compassgrill.co.il/gas-grills-1/rogue-xt-365sib-il-black/
https://compassgrill.co.il/grill-smoker-accessories/butcher-board/בוצ-ר-אנדגריין-אלון-25-40-עם-תעלה-עבודת-יד/?category_id=128801,parameters,Canonical,https://compassgrill.co.il/grill-smoker-accessories/butcher-board/בוצ-ר-אנדגריין-אלון-25-40-עם-תעלה-עבודת-יד/
https://compassgrill.co.il/butcher-kfar-saba/poultry-3/לבבות-עוף-ארוז-קפוא-copy-1/?category_id=105748&sort=rating&order=ASC,parameters,Noindex,https://compassgrill.co.il/butcher-kfar-saba/poultry-3/לבבות-עוף-ארוז-קפוא/
https://compassgrill.co.il/butcher-kfar-saba/poultry-3/לבבות-עוף-ארוז-קפוא-copy-1/?category_id=105748&sort=rating&order=ASC,duplicate,Redirect 301,https://compassgrill.co.il/butcher-kfar-saba/poultry-3/לבבות-עוף-ארוז-קפוא/
https://compassgrill.co.il/butcher-kfar-saba/poultry-3/שוקיים-עוף-ארוז-מחפוד/?category_id=105748&sort=rating&order=ASC,parameters,Noindex,https://compassgrill.co.il/butcher-kfar-saba/poultry-3/שוקיים-עוף-ארוז-מחפוד/
https://compassgrill.co.il/plates-for-serving/קרש-חיתוך-והגשה-רינג-אובלי-65/?category_id=128868&sort=rating&order=DESC,parameters,Noindex,https://compassgrill.co.il/plates-for-serving/קרש-חיתוך-והגשה-רינג-אובלי-65/
https://compassgrill.co.il/grill-smoker-accessories/butcher-board/בוצ-ר-אנדגריין-אלון-20-30-עם-תעלה/?category_id=128801,parameters,Canonical,https://compassgrill.co.il/grill-smoker-accessories/butcher-board/בוצ-ר-אנדגריין-אלון-20-30-עם-תעלה/
https://compassgrill.co.il/eitan-meat-eilat/בשרים-קפואים/molard-1/?category_id=125607&sort=rating&order=DESC,parameters,Noindex,https://compassgrill.co.il/eitan-meat-eilat/בשרים-קפואים/molard/
https://compassgrill.co.il/eitan-meat-eilat/בשרים-קפואים/molard-1/?category_id=125607&sort=rating&order=DESC,duplicate,Redirect 301,https://compassgrill.co.il/eitan-meat-eilat/בשרים-קפואים/molard/
https://compassgrill.co.il/grill-smoker-accessories/butcher-board/קרש-חיתוך-אלון-עם-ידית-35-20/?category_id=128801,parameters,Canonical,https://compassgrill.co.il/grill-smoker-accessories/butcher-board/קרש-חיתוך-אלון-עם-ידית-35-20/
https://compassgrill.co.il/plates-for-serving/צלחת-מעץ-אשא-קוטר-20-ס-מ-דו-צדדית/?category_id=128868&sort=pd.name&order=DESC,parameters,Noindex,https://compassgrill.co.il/plates-for-serving/צלחת-מעץ-אשא-קוטר-20-ס-מ-דו-צדדית/
https://compassgrill.co.il/plates-for-serving/שמן-טבעי-לעץ-100-מ-ל-להגנה-וחידוש-קרשי-חיתוך-ובוצ-רים/?category_id=128868&sort=rating&order=DESC,parameters,Noindex,https://compassgrill.co.il/plates-for-serving/שמן-טבעי-לעץ-100-מ-ל-להגנה-וחידוש-קרשי-חיתוך-ובוצ-רים/
https://compassgrill.co.il/eitan-meat-eilat/בשרים-קפואים/molard-1/?sort=rating&order=DESC,parameters,Noindex,https://compassgrill.co.il/eitan-meat-eilat/בשרים-קפואים/molard/
https://compassgrill.co.il/eitan-meat-eilat/בשרים-קפואים/molard-1/?sort=rating&order=DESC,duplicate,Redirect 301,https://compassgrill.co.il/eitan-meat-eilat/בשרים-קפואים/molard/
https://compassgrill.co.il/plates-for-serving/קרש-חיתוך-והגשה-רינג-אובלי-75/?category_id=128868&sort=rating&order=DESC,parameters,Noindex,https://compassgrill.co.il/plates-for-serving/קרש-חיתוך-והגשה-רינג-אובלי-75/
https://compassgrill.co.il/knives-and-accessories/סכין-בשר-חריצים-26-ס-מ-להב-גבוה-dick-ergogrip/?category_id=35161,parameters,Canonical,https://compassgrill.co.il/knives-and-accessories/סכין-בשר-חריצים-26-ס-מ-להב-גבוה-dick-ergogrip/
https://compassgrill.co.il/knives-and-accessories/giesser-knives/primeline-slicer-knife-20-25cm/?sort=p.model&order=ASC,parameters,Noindex,https://compassgrill.co.il/knives-and-accessories/giesser-knives/primeline-slicer-knife-20-25cm/
https://compassgrill.co.il/butcher-kfar-saba/poultry-3/שוקיים-עוף-ארוז-מחפוד/?sort=rating&order=ASC,parameters,Noindex,https://compassgrill.co.il/butcher-kfar-saba/poultry-3/שוקיים-עוף-ארוז-מחפוד/
https://compassgrill.co.il/grill-smoker-accessories/butcher-board/בוצ-ר-אנדגריין-סיסם-אירופאי-לסושי/?category_id=128801,parameters,Canonical,https://compassgrill.co.il/grill-smoker-accessories/butcher-board/בוצ-ר-אנדגריין-סיסם-אירופאי-לסושי/
https://compassgrill.co.il/grill-smoker-accessories/butcher-board/קרש-חיתוך-סיסם-ארוך-עם-ידית-60-20/?category_id=128801,parameters,Canonical,https://compassgrill.co.il/grill-smoker-accessories/butcher-board/קרש-חיתוך-סיסם-ארוך-עם-ידית-60-20/
https://compassgrill.co.il/plates-for-serving/צלחת-3-תאים-מעץ-אשא-קוטר-25-ס-מ/?category_id=128868&sort=rating&order=DESC,parameters,Noindex,https://compassgrill.co.il/plates-for-serving/צלחת-3-תאים-מעץ-אשא-קוטר-25-ס-מ/
https://compassgrill.co.il/plates-for-serving/פרוסת-סיסם-אירופאי-100-קרש-הגשה-טבעי-מעץ-מלא/?category_id=128868&sort=pd.name&order=DESC,parameters,Noindex,https://compassgrill.co.il/plates-for-serving/פרוסת-סיסם-אירופאי-100-קרש-הגשה-טבעי-מעץ-מלא/
https://compassgrill.co.il/grill-smoker-accessories/butcher-board/קרש-חיתוך-סיסם-אירופאי-המלח-פלפל-30-45/?category_id=128801,parameters,Canonical,https://compassgrill.co.il/grill-smoker-accessories/butcher-board/קרש-חיתוך-סיסם-אירופאי-המלח-פלפל-30-45/
https://compassgrill.co.il/plates-for-serving/פרוסת-סיסם-אירופאי-100-קרש-הגשה-טבעי-מעץ-מלא/?category_id=128868&sort=rating&order=DESC,parameters,Noindex,https://compassgrill.co.il/plates-for-serving/פרוסת-סיסם-אירופאי-100-קרש-הגשה-טבעי-מעץ-מלא/
https://compassgrill.co.il/plates-for-serving/צלחת-3-תאים-מעץ-אשא-קוטר-25-ס-מ/?sort=rating&order=DESC,parameters,Noindex,https://compassgrill.co.il/plates-for-serving/צלחת-3-תאים-מעץ-אשא-קוטר-25-ס-מ/
https://compassgrill.co.il/grill-smoker-accessories/wood-chips-and-chunks-for-smoking/שבבי-עץ-היקורי-למעשנה-5-ליטר/?category_id=97766&sort=rating&order=ASC,parameters,Noindex,https://compassgrill.co.il/grill-smoker-accessories/wood-chips-and-chunks-for-smoking/שבבי-עץ-היקורי-למעשנה-5-ליטר/
https://compassgrill.co.il/plates-for-serving/קרש-חיתוך-והגשה-רינג-אובלי-75/?sort=rating&order=DESC,parameters,Noindex,https://compassgrill.co.il/plates-for-serving/קרש-חיתוך-והגשה-רינג-אובלי-75/
https://compassgrill.co.il/plates-for-serving/צלחת-מעץ-אשא-קוטר-25-ס-מ/?category_id=128868&sort=price&order=ASC,parameters,Noindex,https://compassgrill.co.il/plates-for-serving/צלחת-מעץ-אשא-קוטר-25-ס-מ/
https://compassgrill.co.il/grill-smoker-accessories/butcher-board/בוצ-ר-אנדגריין-אלון-30x40-עם-תעלה/?category_id=128801,parameters,Canonical,https://compassgrill.co.il/grill-smoker-accessories/butcher-board/בוצ-ר-אנדגריין-אלון-30x40-עם-תעלה/
https://compassgrill.co.il/plates-for-serving/צלחת-מעץ-אשא-קוטר-20-ס-מ-דו-צדדית/?category_id=128868&sort=price&order=ASC,parameters,Noindex,https://compassgrill.co.il/plates-for-serving/צלחת-מעץ-אשא-קוטר-20-ס-מ-דו-צדדית/
https://compassgrill.co.il/plates-for-serving/שמן-טבעי-לעץ-100-מ-ל-להגנה-וחידוש-קרשי-חיתוך-ובוצ-רים/?sort=rating&order=DESC,parameters,Noindex,https://compassgrill.co.il/plates-for-serving/שמן-טבעי-לעץ-100-מ-ל-להגנה-וחידוש-קרשי-חיתוך-ובוצ-רים/
https://compassgrill.co.il/plates-for-serving/קרש-חיתוך-והגשה-רינג-אובלי-55/?category_id=128868&sort=rating&order=DESC,parameters,Noindex,https://compassgrill.co.il/plates-for-serving/קרש-חיתוך-והגשה-רינג-אובלי-55/
https://compassgrill.co.il/plates-for-serving/קרש-חיתוך-והגשה-רינג-אובלי-65/?category_id=128868&sort=price&order=ASC,parameters,Noindex,https://compassgrill.co.il/plates-for-serving/קרש-חיתוך-והגשה-רינג-אובלי-65/
https://compassgrill.co.il/plates-for-serving/פרוסת-סיסם-אירופאי-100-קרש-הגשה-טבעי-מעץ-מלא/?sort=rating&order=DESC,parameters,Noindex,https://compassgrill.co.il/plates-for-serving/פרוסת-סיסם-אירופאי-100-קרש-הגשה-טבעי-מעץ-מלא/
https://compassgrill.co.il/plates-for-serving/קרש-חיתוך-והגשה-רינג-אובלי-65/?sort=rating&order=DESC,parameters,Noindex,https://compassgrill.co.il/plates-for-serving/קרש-חיתוך-והגשה-רינג-אובלי-65/
https://compassgrill.co.il/knives-and-accessories/סכין-סנטוקו-מחוזקת-חריצים-18-ס-מ-berox/?category_id=35161,parameters,Canonical,https://compassgrill.co.il/knives-and-accessories/סכין-סנטוקו-מחוזקת-חריצים-18-ס-מ-berox/
https://compassgrill.co.il/gifts/מארז-קרניבורים-בוצ-ר-אלון-סכין-שף-dick/?category_id=128869&sort=price&order=DESC,parameters,Noindex,https://compassgrill.co.il/gifts/מארז-קרניבורים-בוצ-ר-אלון-סכין-שף-dick/
https://compassgrill.co.il/plates-for-serving/שמן-טבעי-לעץ-100-מ-ל-להגנה-וחידוש-קרשי-חיתוך-ובוצ-רים/?sort=price&order=ASC,parameters,Noindex,https://compassgrill.co.il/plates-for-serving/שמן-טבעי-לעץ-100-מ-ל-להגנה-וחידוש-קרשי-חיתוך-ובוצ-רים/
https://compassgrill.co.il/plates-for-serving/קרש-חיתוך-והגשה-רינג-אובלי-55/?category_id=128868&sort=pd.name&order=DESC,parameters,Noindex,https://compassgrill.co.il/plates-for-serving/קרש-חיתוך-והגשה-רינג-אובלי-55/
https://compassgrill.co.il/plates-for-serving/צלחת-אובלית-מעץ-מלא-25-35-דו-צדדית/?category_id=128868&sort=price&order=ASC,parameters,Noindex,https://compassgrill.co.il/plates-for-serving/צלחת-אובלית-מעץ-מלא-25-35-דו-צדדית/
https://compassgrill.co.il/plates-for-serving/צלחת-אובלית-מעץ-מלא-25-35-דו-צדדית/?sort=price&order=ASC,parameters,Noindex,https://compassgrill.co.il/plates-for-serving/צלחת-אובלית-מעץ-מלא-25-35-דו-צדדית/
https://compassgrill.co.il/plates-for-serving/צלחת-3-תאים-מעץ-אשא-קוטר-25-ס-מ/?category_id=128868&sort=pd.name&order=DESC,parameters,Noindex,https://compassgrill.co.il/plates-for-serving/צלחת-3-תאים-מעץ-אשא-קוטר-25-ס-מ/
https://compassgrill.co.il/plates-for-serving/צלחת-פיצה-אשא-קוטר-30-ס-מ/?category_id=128868&sort=price&order=ASC,parameters,Noindex,https://compassgrill.co.il/plates-for-serving/צלחת-פיצה-אשא-קוטר-30-ס-מ/
https://compassgrill.co.il/plates-for-serving/פרוסת-סיסם-אירופאי-100-קרש-הגשה-טבעי-מעץ-מלא/?sort=price&order=ASC,parameters,Noindex,https://compassgrill.co.il/plates-for-serving/פרוסת-סיסם-אירופאי-100-קרש-הגשה-טבעי-מעץ-מלא/
https://compassgrill.co.il/gifts/מארז-קרניבורים-בוצ-ר-אלון-סכין-שף-dick/?category_id=128869&sort=pd.name&order=DESC,parameters,Noindex,https://compassgrill.co.il/gifts/מארז-קרניבורים-בוצ-ר-אלון-סכין-שף-dick/
https://compassgrill.co.il/plates-for-serving/קרש-חיתוך-סיסם-ארוך-עם-ידית-60-20/?category_id=128868&sort=price&order=ASC,parameters,Noindex,https://compassgrill.co.il/plates-for-serving/קרש-חיתוך-סיסם-ארוך-עם-ידית-60-20/
https://compassgrill.co.il/gifts/מארז-קרניבורים-בוצ-ר-אלון-סכין-שף-dick/?category_id=128869&sort=p.model&order=DESC,parameters,Noindex,https://compassgrill.co.il/gifts/מארז-קרניבורים-בוצ-ר-אלון-סכין-שף-dick/
https://compassgrill.co.il/plates-for-serving/צלחת-שישה-תאים-מעץ-מלא-קוטר-30-דו-צדדית/?category_id=128868&sort=pd.name&order=DESC,parameters,Noindex,https://compassgrill.co.il/plates-for-serving/צלחת-שישה-תאים-מעץ-מלא-קוטר-30-דו-צדדית/
https://compassgrill.co.il/plates-for-serving/קרש-חיתוך-והגשה-רינג-אובלי-65/?sort=price&order=ASC,parameters,Noindex,https://compassgrill.co.il/plates-for-serving/קרש-חיתוך-והגשה-רינג-אובלי-65/
https://compassgrill.co.il/plates-for-serving/קרש-חיתוך-סיסם-ארוך-עם-ידית-60-20/?category_id=128868&sort=pd.name&order=DESC,parameters,Noindex,https://compassgrill.co.il/plates-for-serving/קרש-חיתוך-סיסם-ארוך-עם-ידית-60-20/
https://compassgrill.co.il/plates-for-serving/צלחת-שישה-תאים-מעץ-מלא-קוטר-30-דו-צדדית/?sort=pd.name&order=DESC,parameters,Noindex,https://compassgrill.co.il/plates-for-serving/צלחת-שישה-תאים-מעץ-מלא-קוטר-30-דו-צדדית/
https://compassgrill.co.il/plates-for-serving/קרש-חיתוך-והגשה-רינג-אובלי-55/?category_id=128868&sort=price&order=ASC,parameters,Noindex,https://compassgrill.co.il/plates-for-serving/קרש-חיתוך-והגשה-רינג-אובלי-55/
https://compassgrill.co.il/gifts/מארז-קרניבורים-בוצ-ר-אלון-סכין-שף-dick/?sort=price&order=DESC,parameters,Noindex,https://compassgrill.co.il/gifts/מארז-קרניבורים-בוצ-ר-אלון-סכין-שף-dick/
https://compassgrill.co.il/plates-for-serving/צלחת-מעץ-אשא-קוטר-20-ס-מ-דו-צדדית/?sort=pd.name&order=DESC,parameters,Noindex,https://compassgrill.co.il/plates-for-serving/צלחת-מעץ-אשא-קוטר-20-ס-מ-דו-צדדית/
https://compassgrill.co.il/plates-for-serving/צלחת-מעץ-אשא-קוטר-25-ס-מ/?category_id=128868&sort=rating&order=DESC,parameters,Noindex,https://compassgrill.co.il/plates-for-serving/צלחת-מעץ-אשא-קוטר-25-ס-מ/
https://compassgrill.co.il/knives-and-accessories/סכין-שף-חלקה-ידית-שחורה-21-ס-מ-berox/?category_id=35161,parameters,Canonical,https://compassgrill.co.il/knives-and-accessories/סכין-שף-חלקה-ידית-שחורה-21-ס-מ-berox/
https://compassgrill.co.il/plates-for-serving/פרוסת-סיסם-אירופאי-100-קרש-הגשה-טבעי-מעץ-מלא/?sort=pd.name&order=DESC,parameters,Noindex,https://compassgrill.co.il/plates-for-serving/פרוסת-סיסם-אירופאי-100-קרש-הגשה-טבעי-מעץ-מלא/
https://compassgrill.co.il/plates-for-serving/פרוסת-סיסם-אירופאי-120/?category_id=128868&sort=rating&order=DESC,parameters,Noindex,https://compassgrill.co.il/plates-for-serving/פרוסת-סיסם-אירופאי-120/
https://compassgrill.co.il/eitan-meat-eilat/שוקיים-עוף-ארוז-שחיטת-הרב-מחפוד-אילת/?category_id=125603,parameters,Canonical,https://compassgrill.co.il/eitan-meat-eilat/שוקיים-עוף-ארוז-שחיטת-הרב-מחפוד-אילת/
https://compassgrill.co.il/plates-for-serving/צלחת-מעץ-אשא-קוטר-25-ס-מ/?sort=rating&order=DESC,parameters,Noindex,https://compassgrill.co.il/plates-for-serving/צלחת-מעץ-אשא-קוטר-25-ס-מ/
https://compassgrill.co.il/plates-for-serving/קרש-חיתוך-סיסם-ארוך-עם-ידית-60-20/?category_id=128868&sort=rating&order=DESC,parameters,Noindex,https://compassgrill.co.il/plates-for-serving/קרש-חיתוך-סיסם-ארוך-עם-ידית-60-20/
https://compassgrill.co.il/plates-for-serving/קרש-חיתוך-והגשה-רינג-אובלי-75/?category_id=128868&sort=pd.name&order=DESC,parameters,Noindex,https://compassgrill.co.il/plates-for-serving/קרש-חיתוך-והגשה-רינג-אובלי-75/
https://compassgrill.co.il/gas-grills-1/6-burner-gas-grill/?sort=p.sort_order&order=ASC,parameters,Noindex,https://compassgrill.co.il/gas-grills-1/6-burner-gas-grill/
https://compassgrill.co.il/gas-grills-1/rogue-xt-365sib-il-black/?sort=price&order=ASC,parameters,Noindex,https://compassgrill.co.il/gas-grills-1/rogue-xt-365sib-il-black/
https://compassgrill.co.il/plates-for-serving/קרש-חיתוך-סיסם-ארוך-עם-ידית-60-20/?sort=rating&order=DESC,parameters,Noindex,https://compassgrill.co.il/plates-for-serving/קרש-חיתוך-סיסם-ארוך-עם-ידית-60-20/
https://compassgrill.co.il/plates-for-serving/צלחת-שישה-תאים-מעץ-מלא-קוטר-30-דו-צדדית/?category_id=128868&sort=price&order=ASC,parameters,Noindex,https://compassgrill.co.il/plates-for-serving/צלחת-שישה-תאים-מעץ-מלא-קוטר-30-דו-צדדית/
https://compassgrill.co.il/plates-for-serving/פרוסת-סיסם-אירופאי-120/?sort=rating&order=DESC,parameters,Noindex,https://compassgrill.co.il/plates-for-serving/פרוסת-סיסם-אירופאי-120/
https://compassgrill.co.il/plates-for-serving/פרוסת-סיסם-אירופאי-120/?category_id=128868&sort=price&order=ASC,parameters,Noindex,https://compassgrill.co.il/plates-for-serving/פרוסת-סיסם-אירופאי-120/
https://compassgrill.co.il/plates-for-serving/צלחת-מעץ-אשא-קוטר-20-ס-מ-דו-צדדית/?category_id=128868&sort=rating&order=DESC,parameters,Noindex,https://compassgrill.co.il/plates-for-serving/צלחת-מעץ-אשא-קוטר-20-ס-מ-דו-צדדית/
https://compassgrill.co.il/plates-for-serving/צלחת-אובלית-מעץ-מלא-25-35-דו-צדדית/?category_id=128868&sort=pd.name&order=DESC,parameters,Noindex,https://compassgrill.co.il/plates-for-serving/צלחת-אובלית-מעץ-מלא-25-35-דו-צדדית/
https://compassgrill.co.il/plates-for-serving/צלחת-מעץ-אשא-קוטר-20-ס-מ-דו-צדדית/?sort=rating&order=DESC,parameters,Noindex,https://compassgrill.co.il/plates-for-serving/צלחת-מעץ-אשא-קוטר-20-ס-מ-דו-צדדית/
https://compassgrill.co.il/grill-smoker-accessories/wood-chips-and-chunks-for-smoking/שבבי-עץ-אלון-למעשנה-5-ליטר/?category_id=97766&sort=rating&order=ASC,parameters,Noindex,https://compassgrill.co.il/grill-smoker-accessories/wood-chips-and-chunks-for-smoking/שבבי-עץ-אלון-למעשנה-5-ליטר/
https://compassgrill.co.il/plates-for-serving/קרש-חיתוך-והגשה-רינג-אובלי-65/?category_id=128868&sort=pd.name&order=DESC,parameters,Noindex,https://compassgrill.co.il/plates-for-serving/קרש-חיתוך-והגשה-רינג-אובלי-65/
https://compassgrill.co.il/zigzag-sweet-potato-fries/,404/410/soft 404,Redirect 301 to https://compassgrill.co.il/zigzag-sweet-potato-fries/,https://compassgrill.co.il/zigzag-sweet-potato-fries/
https://compassgrill.co.il/eitan-meat-2/meat-vending-machine-24-7/?sort=rating&order=DESC,parameters,Noindex,https://compassgrill.co.il/eitan-meat-2/meat-vending-machine-24-7/
https://compassgrill.co.il/eitan-meat-2/meat-vending-machine-24-7/?sort=rating&order=DESC,404/410/soft 404,Redirect 301 to https://compassgrill.co.il/eitan-meat-2/meat-vending-machine-24-7/,https://compassgrill.co.il/eitan-meat-2/meat-vending-machine-24-7/
https://compassgrill.co.il/ -40- /,404/410/soft 404,Redirect 301 to https://compassgrill.co.il/ -40- /,https://compassgrill.co.il/ -40- /
https://compassgrill.co.il/eitan-meat-2/frozen-ground-meat/cinnamon-kebab-on-stick-55g-12-pcs-tray/?sort=rating&order=DESC,parameters,Noindex,https://compassgrill.co.il/eitan-meat-2/frozen-ground-meat/cinnamon-kebab-on-stick-55g-12-pcs-tray/
https://compassgrill.co.il/eitan-meat-2/frozen-ground-meat/cinnamon-kebab-on-stick-55g-12-pcs-tray/?sort=rating&order=DESC,404/410/soft 404,Redirect 301 to https://compassgrill.co.il/eitan-meat-2/frozen-ground-meat/cinnamon-kebab-on-stick-55g-12-pcs-tray/,https://compassgrill.co.il/eitan-meat-2/frozen-ground-meat/cinnamon-kebab-on-stick-55g-12-pcs-tray/
https://compassgrill.co.il/ -berox/,404/410/soft 404,Redirect 301 to https://compassgrill.co.il/ -berox/,https://compassgrill.co.il/ -berox/
https://compassgrill.co.il/בשרים-קפואים/zigzag-sweet-potato-fries-1/?sort=pd.name&order=ASC,parameters,Noindex,https://compassgrill.co.il/בשרים-קפואים/zigzag-sweet-potato-fries/
https://compassgrill.co.il/בשרים-קפואים/zigzag-sweet-potato-fries-1/?sort=pd.name&order=ASC,duplicate,Redirect 301,https://compassgrill.co.il/בשרים-קפואים/zigzag-sweet-potato-fries/
https://compassgrill.co.il/בשרים-קפואים/zigzag-sweet-potato-fries-1/?sort=pd.name&order=ASC,404/410/soft 404,Redirect 301 to https://compassgrill.co.il/בשרים-קפואים/zigzag-sweet-potato-fries/,https://compassgrill.co.il/בשרים-קפואים/zigzag-sweet-potato-fries/
https://compassgrill.co.il/eitan-meat-2/frozen-ground-meat/cinnamon-kebab-on-stick-55g-12-pcs-tray/?sort=p.model&order=ASC,parameters,Noindex,https://compassgrill.co.il/eitan-meat-2/frozen-ground-meat/cinnamon-kebab-on-stick-55g-12-pcs-tray/
https://compassgrill.co.il/eitan-meat-2/frozen-ground-meat/cinnamon-kebab-on-stick-55g-12-pcs-tray/?sort=p.model&order=ASC,404/410/soft 404,Redirect 301 to https://compassgrill.co.il/eitan-meat-2/frozen-ground-meat/cinnamon-kebab-on-stick-55g-12-pcs-tray/,https://compassgrill.co.il/eitan-meat-2/frozen-ground-meat/cinnamon-kebab-on-stick-55g-12-pcs-tray/
https://compassgrill.co.il/eitan-meat-eilat/יינות-טפרברג/,404/410/soft 404,Redirect 301 to https://compassgrill.co.il/eitan-meat-eilat/יינות-טפרברג/,https://compassgrill.co.il/eitan-meat-eilat/יינות-טפרברג/
https://compassgrill.co.il/outdoor-kitchen/מטבחי-גן-וציוד-נלווה/,404/410/soft 404,Redirect 301 to https://compassgrill.co.il/outdoor-kitchen/מטבחי-גן-וציוד-נלווה/,https://compassgrill.co.il/outdoor-kitchen/מטבחי-גן-וציוד-נלווה/
https://compassgrill.co.il/gas-grills/גריל-גז-2-מבערים/,404/410/soft 404,Redirect 301 to https://compassgrill.co.il/gas-grills/גריל-גז-2-מבערים/,https://compassgrill.co.il/gas-grills/גריל-גז-2-מבערים/
https://compassgrill.co.il/eitan-meat-2/cinnamon-kebab-on-stick-55g-12-pcs-tray/?category_id=66834&sort=pd.name&order=DESC,parameters,Noindex,https://compassgrill.co.il/eitan-meat-2/cinnamon-kebab-on-stick-55g-12-pcs-tray/
https://compassgrill.co.il/eitan-meat-2/cinnamon-kebab-on-stick-55g-12-pcs-tray/?category_id=66834&sort=pd.name&order=DESC,404/410/soft 404,Redirect 301 to https://compassgrill.co.il/eitan-meat-2/cinnamon-kebab-on-stick-55g-12-pcs-tray/,https://compassgrill.co.il/eitan-meat-2/cinnamon-kebab-on-stick-55g-12-pcs-tray/
https://compassgrill.co.il/affordable-outdoor-furniture-deals-eilat/,404/410/soft 404,Redirect 301 to https://compassgrill.co.il/affordable-outdoor-furniture-deals-eilat/,https://compassgrill.co.il/affordable-outdoor-furniture-deals-eilat/
https://compassgrill.co.il/gas-grills/גריל-גז-משולב-פחם-או-מעשנה/,404/410/soft 404,Redirect 301 to https://compassgrill.co.il/gas-grills/גריל-גז-משולב-פחם-או-מעשנה/,https://compassgrill.co.il/gas-grills/גריל-גז-משולב-פחם-או-מעשנה/
https://compassgrill.co.il/smoker-tandoor/טנדיר-טנדור-כלי-בישול-וצליה-בחרס/,404/410/soft 404,Redirect 301 to https://compassgrill.co.il/smoker-tandoor/טנדיר-טנדור-כלי-בישול-וצליה-בחרס/,https://compassgrill.co.il/smoker-tandoor/טנדיר-טנדור-כלי-בישול-וצליה-בחרס/
https://compassgrill.co.il/gas-grills/,404/410/soft 404,Redirect 301 to https://compassgrill.co.il/gas-grills/,https://compassgrill.co.il/gas-grills/
https://compassgrill.co.il/eitan-meat-2/cinnamon-kebab-on-stick-55g-12-pcs-tray/?category_id=66834&sort=price&order=ASC,parameters,Noindex,https://compassgrill.co.il/eitan-meat-2/cinnamon-kebab-on-stick-55g-12-pcs-tray/
https://compassgrill.co.il/eitan-meat-2/cinnamon-kebab-on-stick-55g-12-pcs-tray/?category_id=66834&sort=price&order=ASC,404/410/soft 404,Redirect 301 to https://compassgrill.co.il/eitan-meat-2/cinnamon-kebab-on-stick-55g-12-pcs-tray/,https://compassgrill.co.il/eitan-meat-2/cinnamon-kebab-on-stick-55g-12-pcs-tray/
https://compassgrill.co.il/grill-smoker-accessories/skome-woods-chips/,404/410/soft 404,Redirect 301 to https://compassgrill.co.il/grill-smoker-accessories/skome-woods-chips/,https://compassgrill.co.il/grill-smoker-accessories/skome-woods-chips/
https://compassgrill.co.il/eitan-meat-2/frozen-ground-meat/cinnamon-kebab-on-stick-55g-12-pcs-tray/?sort=p.sort_order&order=ASC,parameters,Noindex,https://compassgrill.co.il/eitan-meat-2/frozen-ground-meat/cinnamon-kebab-on-stick-55g-12-pcs-tray/
https://compassgrill.co.il/eitan-meat-2/frozen-ground-meat/cinnamon-kebab-on-stick-55g-12-pcs-tray/?sort=p.sort_order&order=ASC,404/410/soft 404,Redirect 301 to https://compassgrill.co.il/eitan-meat-2/frozen-ground-meat/cinnamon-kebab-on-stick-55g-12-pcs-tray/,https://compassgrill.co.il/eitan-meat-2/frozen-ground-meat/cinnamon-kebab-on-stick-55g-12-pcs-tray/
https://compassgrill.co.il/eitan-meat-eilat/בשרים-קפואים/חזה-אווז-ארוז-בוואקום-1/?sort=p.model&order=DESC,parameters,Noindex,https://compassgrill.co.il/eitan-meat-eilat/בשרים-קפואים/חזה-אווז-ארוז-בוואקום/
https://compassgrill.co.il/eitan-meat-eilat/בשרים-קפואים/חזה-אווז-ארוז-בוואקום-1/?sort=p.model&order=DESC,duplicate,Redirect 301,https://compassgrill.co.il/eitan-meat-eilat/בשרים-קפואים/חזה-אווז-ארוז-בוואקום/
https://compassgrill.co.il/eitan-meat-eilat/בשרים-קפואים/חזה-אווז-ארוז-בוואקום-1/?sort=p.model&order=DESC,404/410/soft 404,Redirect 301 to https://compassgrill.co.il/eitan-meat-eilat/בשרים-קפואים/חזה-אווז-ארוז-בוואקום/,https://compassgrill.co.il/eitan-meat-eilat/בשרים-קפואים/חזה-אווז-ארוז-בוואקום/
https://compassgrill.co.il/eitan-meat-2/frozen-ground-meat/cinnamon-kebab-on-stick-55g-12-pcs-tray/?sort=p.model&order=DESC,parameters,Noindex,https://compassgrill.co.il/eitan-meat-2/frozen-ground-meat/cinnamon-kebab-on-stick-55g-12-pcs-tray/
https://compassgrill.co.il/eitan-meat-2/frozen-ground-meat/cinnamon-kebab-on-stick-55g-12-pcs-tray/?sort=p.model&order=DESC,404/410/soft 404,Redirect 301 to https://compassgrill.co.il/eitan-meat-2/frozen-ground-meat/cinnamon-kebab-on-stick-55g-12-pcs-tray/,https://compassgrill.co.il/eitan-meat-2/frozen-ground-meat/cinnamon-kebab-on-stick-55g-12-pcs-tray/
https://compassgrill.co.il/ -25-40- /,404/410/soft 404,Redirect 301 to https://compassgrill.co.il/ -25-40- /,https://compassgrill.co.il/ -25-40- /
https://compassgrill.co.il/ -20-30- /,404/410/soft 404,Redirect 301 to https://compassgrill.co.il/ -20-30- /,https://compassgrill.co.il/ -20-30- /
https://compassgrill.co.il/smoker-tandoor/גריל-גז-מעשנות-גרילים-וטנדור/ultimate-griddle-5-גריל-פלנצ-ה-גז-5-מבערים/,404/410/soft 404,Redirect 301 to https://compassgrill.co.il/smoker-tandoor/גריל-גז-מעשנות-גרילים-וטנדור/ultimate-griddle-5-גריל-פלנצ-ה-גז-5-מבערים/,https://compassgrill.co.il/smoker-tandoor/גריל-גז-מעשנות-גרילים-וטנדור/ultimate-griddle-5-גריל-פלנצ-ה-גז-5-מבערים/
https://compassgrill.co.il/gas-grills/גריל-גז-5-מבערים/ultimate-griddle-5-גריל-פלנצ-ה-גז-5-מבערים/?category_id=108565&sort=price&order=ASC,parameters,Noindex,https://compassgrill.co.il/gas-grills/גריל-גז-5-מבערים/ultimate-griddle-5-גריל-פלנצ-ה-גז-5-מבערים/
https://compassgrill.co.il/gas-grills/גריל-גז-5-מבערים/ultimate-griddle-5-גריל-פלנצ-ה-גז-5-מבערים/?category_id=108565&sort=price&order=ASC,404/410/soft 404,Redirect 301 to https://compassgrill.co.il/gas-grills/גריל-גז-5-מבערים/ultimate-griddle-5-גריל-פלנצ-ה-גז-5-מבערים/,https://compassgrill.co.il/gas-grills/גריל-גז-5-מבערים/ultimate-griddle-5-גריל-פלנצ-ה-גז-5-מבערים/
https://compassgrill.co.il/eitan-meat-eilat/premium-packed-frozen-foie-gras-1/?sort=rating&order=ASC,parameters,Noindex,https://compassgrill.co.il/eitan-meat-eilat/premium-packed-frozen-foie-gras/
https://compassgrill.co.il/eitan-meat-eilat/premium-packed-frozen-foie-gras-1/?sort=rating&order=ASC,duplicate,Redirect 301,https://compassgrill.co.il/eitan-meat-eilat/premium-packed-frozen-foie-gras/
https://compassgrill.co.il/eitan-meat-eilat/premium-packed-frozen-foie-gras-1/?sort=rating&order=ASC,404/410/soft 404,Redirect 301 to https://compassgrill.co.il/eitan-meat-eilat/premium-packed-frozen-foie-gras/,https://compassgrill.co.il/eitan-meat-eilat/premium-packed-frozen-foie-gras/
https://compassgrill.co.il/compass-skewers/שיפודי-נירוסטה-יוקרתיים-עם-ידית-ברונזה-מארז-עור-פרימיום-1/?category_id=38152&sort=p.model&order=DESC,parameters,Noindex,https://compassgrill.co.il/compass-skewers/שיפודי-נירוסטה-יוקרתיים-עם-ידית-ברונזה-מארז-עור-פרימיום/
https://compassgrill.co.il/compass-skewers/שיפודי-נירוסטה-יוקרתיים-עם-ידית-ברונזה-מארז-עור-פרימיום-1/?category_id=38152&sort=p.model&order=DESC,duplicate,Redirect 301,https://compassgrill.co.il/compass-skewers/שיפודי-נירוסטה-יוקרתיים-עם-ידית-ברונזה-מארז-עור-פרימיום/
https://compassgrill.co.il/compass-skewers/שיפודי-נירוסטה-יוקרתיים-עם-ידית-ברונזה-מארז-עור-פרימיום-1/?category_id=38152&sort=p.model&order=DESC,404/410/soft 404,Redirect 301 to https://compassgrill.co.il/compass-skewers/שיפודי-נירוסטה-יוקרתיים-עם-ידית-ברונזה-מארז-עור-פרימיום/,https://compassgrill.co.il/compass-skewers/שיפודי-נירוסטה-יוקרתיים-עם-ידית-ברונזה-מארז-עור-פרימיום/
https://compassgrill.co.il/eitan-meat-eilat/poultry/,404/410/soft 404,Redirect 301 to https://compassgrill.co.il/eitan-meat-eilat/poultry/,https://compassgrill.co.il/eitan-meat-eilat/poultry/
https://compassgrill.co.il/frozen-meat/ -copy-0/?sort=p.model&order=ASC,parameters,Noindex,https://compassgrill.co.il/frozen-meat/ /
https://compassgrill.co.il/frozen-meat/ -copy-0/?sort=p.model&order=ASC,duplicate,Redirect 301,https://compassgrill.co.il/frozen-meat/ /
https://compassgrill.co.il/frozen-meat/ -copy-0/?sort=p.model&order=ASC,404/410/soft 404,Redirect 301 to https://compassgrill.co.il/frozen-meat/ /,https://compassgrill.co.il/frozen-meat/ /
https://compassgrill.co.il/gifts/ -berox/?category_id=128869,parameters,Canonical,https://compassgrill.co.il/gifts/ -berox/
https://compassgrill.co.il/gifts/ -berox/?category_id=128869,404/410/soft 404,Redirect 301 to https://compassgrill.co.il/gifts/ -berox/,https://compassgrill.co.il/gifts/ -berox/
https://compassgrill.co.il/product_quick_view/,404/410/soft 404,Redirect 301 to https://compassgrill.co.il/product_quick_view/,https://compassgrill.co.il/product_quick_view/
https://compassgrill.co.il/eitan-meat-2/meat-vending-machine-24-7/angus-merguez-780g-frozen-automatic-meat-247/?sort=rating&order=DESC,parameters,Noindex,https://compassgrill.co.il/eitan-meat-2/meat-vending-machine-24-7/angus-merguez-780g-frozen-automatic-meat-247/
https://compassgrill.co.il/eitan-meat-2/meat-vending-machine-24-7/angus-merguez-780g-frozen-automatic-meat-247/?sort=rating&order=DESC,404/410/soft 404,Redirect 301 to https://compassgrill.co.il/eitan-meat-2/meat-vending-machine-24-7/angus-merguez-780g-frozen-automatic-meat-247/,https://compassgrill.co.il/eitan-meat-2/meat-vending-machine-24-7/angus-merguez-780g-frozen-automatic-meat-247/
https://compassgrill.co.il/poultry/?sort=rating&order=DESC,parameters,Noindex,https://compassgrill.co.il/poultry/
https://compassgrill.co.il/poultry/?sort=rating&order=DESC,404/410/soft 404,Redirect 301 to https://compassgrill.co.il/poultry/,https://compassgrill.co.il/poultry/
https://compassgrill.co.il/gas-grills/גריל-גז-5-מבערים/ultimate-griddle-5-גריל-פלנצ-ה-גז-5-מבערים/?sort=price&order=ASC,parameters,Noindex,https://compassgrill.co.il/gas-grills/גריל-גז-5-מבערים/ultimate-griddle-5-גריל-פלנצ-ה-גז-5-מבערים/
https://compassgrill.co.il/gas-grills/גריל-גז-5-מבערים/ultimate-griddle-5-גריל-פלנצ-ה-גז-5-מבערים/?sort=price&order=ASC,404/410/soft 404,Redirect 301 to https://compassgrill.co.il/gas-grills/גריל-גז-5-מבערים/ultimate-griddle-5-גריל-פלנצ-ה-גז-5-מבערים/,https://compassgrill.co.il/gas-grills/גריל-גז-5-מבערים/ultimate-griddle-5-גריל-פלנצ-ה-גז-5-מבערים/
https://compassgrill.co.il/grill-smoker-accessories/butcher-board/ -25-40- /?category_id=128801&sort=p.sort_order&order=ASC,parameters,Noindex,https://compassgrill.co.il/grill-smoker-accessories/butcher-board/ -25-40- /
https://compassgrill.co.il/grill-smoker-accessories/butcher-board/ -25-40- /?category_id=128801&sort=p.sort_order&order=ASC,404/410/soft 404,Redirect 301 to https://compassgrill.co.il/grill-smoker-accessories/butcher-board/ -25-40- /,https://compassgrill.co.il/grill-smoker-accessories/butcher-board/ -25-40- /
https://compassgrill.co.il/ultimate-griddle-5-גריל-פלנצ-ה-גז-5-מבערים/,404/410/soft 404,Redirect 301 to https://compassgrill.co.il/ultimate-griddle-5-גריל-פלנצ-ה-גז-5-מבערים/,https://compassgrill.co.il/ultimate-griddle-5-גריל-פלנצ-ה-גז-5-מבערים/
https://compassgrill.co.il/grill-smoker-accessories/butcher-board/ -20-30- /?category_id=128801&sort=p.sort_order&order=ASC,parameters,Noindex,https://compassgrill.co.il/grill-smoker-accessories/butcher-board/ -20-30- /
https://compassgrill.co.il/grill-smoker-accessories/butcher-board/ -20-30- /?category_id=128801&sort=p.sort_order&order=ASC,404/410/soft 404,Redirect 301 to https://compassgrill.co.il/grill-smoker-accessories/butcher-board/ -20-30- /,https://compassgrill.co.il/grill-smoker-accessories/butcher-board/ -20-30- /
https://compassgrill.co.il/grill-smoker-accessories/butcher-board/ -50-35- /?category_id=128801&sort=p.model&order=ASC,parameters,Noindex,https://compassgrill.co.il/grill-smoker-accessories/butcher-board/ -50-35- /
https://compassgrill.co.il/grill-smoker-accessories/butcher-board/ -50-35- /?category_id=128801&sort=p.model&order=ASC,404/410/soft 404,Redirect 301 to https://compassgrill.co.il/grill-smoker-accessories/butcher-board/ -50-35- /,https://compassgrill.co.il/grill-smoker-accessories/butcher-board/ -50-35- /
https://compassgrill.co.il/butcher-kfar-saba/ /,404/410/soft 404,Redirect 301 to https://compassgrill.co.il/butcher-kfar-saba/ /,https://compassgrill.co.il/butcher-kfar-saba/ /
https://compassgrill.co.il/smoker-tandoor/pellet-smokers/navigator-side-smoker- -550-850-1150/?sort=p.sort_order&order=ASC,parameters,Noindex,https://compassgrill.co.il/smoker-tandoor/pellet-smokers/navigator-side-smoker- -550-850-1150/
https://compassgrill.co.il/smoker-tandoor/pellet-smokers/navigator-side-smoker- -550-850-1150/?sort=p.sort_order&order=ASC,404/410/soft 404,Redirect 301 to https://compassgrill.co.il/smoker-tandoor/pellet-smokers/navigator-side-smoker- -550-850-1150/,https://compassgrill.co.il/smoker-tandoor/pellet-smokers/navigator-side-smoker- -550-850-1150/
https://compassgrill.co.il/eitan-meat-eilat/ /,404/410/soft 404,Redirect 301 to https://compassgrill.co.il/eitan-meat-eilat/ /,https://compassgrill.co.il/eitan-meat-eilat/ /
https://compassgrill.co.il/grill-smoker-accessories/butcher-board/ -45- /?category_id=128801&sort=p.sort_order&order=ASC,parameters,Noindex,https://compassgrill.co.il/grill-smoker-accessories/butcher-board/ -45- /
https://compassgrill.co.il/grill-smoker-accessories/butcher-board/ -45- /?category_id=128801&sort=p.sort_order&order=ASC,404/410/soft 404,Redirect 301 to https://compassgrill.co.il/grill-smoker-accessories/butcher-board/ -45- /,https://compassgrill.co.il/grill-smoker-accessories/butcher-board/ -45- /
https://compassgrill.co.il/grill-smoker-accessories/cast-iron-tools-plov-cooking/cast-iron-zhigong-cooking-kazan/ -10- -1/?sort=pd.name&order=ASC,parameters,Noindex,https://compassgrill.co.il/grill-smoker-accessories/cast-iron-tools-plov-cooking/cast-iron-zhigong-cooking-kazan/ -10- /
https://compassgrill.co.il/grill-smoker-accessories/cast-iron-tools-plov-cooking/cast-iron-zhigong-cooking-kazan/ -10- -1/?sort=pd.name&order=ASC,duplicate,Redirect 301,https://compassgrill.co.il/grill-smoker-accessories/cast-iron-tools-plov-cooking/cast-iron-zhigong-cooking-kazan/ -10- /
https://compassgrill.co.il/grill-smoker-accessories/cast-iron-tools-plov-cooking/cast-iron-zhigong-cooking-kazan/ -10- -1/?sort=pd.name&order=ASC,404/410/soft 404,Redirect 301 to https://compassgrill.co.il/grill-smoker-accessories/cast-iron-tools-plov-cooking/cast-iron-zhigong-cooking-kazan/ -10- /,https://compassgrill.co.il/grill-smoker-accessories/cast-iron-tools-plov-cooking/cast-iron-zhigong-cooking-kazan/ -10- /
https://compassgrill.co.il/grill-smoker-accessories/butcher-board/ -40- /?category_id=128801&sort=p.sort_order&order=ASC,parameters,Noindex,https://compassgrill.co.il/grill-smoker-accessories/butcher-board/ -40- /
https://compassgrill.co.il/grill-smoker-accessories/butcher-board/ -40- /?category_id=128801&sort=p.sort_order&order=ASC,404/410/soft 404,Redirect 301 to https://compassgrill.co.il/grill-smoker-accessories/butcher-board/ -40- /,https://compassgrill.co.il/grill-smoker-accessories/butcher-board/ -40- /
https://compassgrill.co.il/ -50-35- /,404/410/soft 404,Redirect 301 to https://compassgrill.co.il/ -50-35- /,https://compassgrill.co.il/ -50-35- /
https://compassgrill.co.il/grill-smoker-accessories/butcher-board/ -30x40- /?category_id=128801&sort=p.sort_order&order=ASC,parameters,Noindex,https://compassgrill.co.il/grill-smoker-accessories/butcher-board/ -30x40- /
https://compassgrill.co.il/grill-smoker-accessories/butcher-board/ -30x40- /?category_id=128801&sort=p.sort_order&order=ASC,404/410/soft 404,Redirect 301 to https://compassgrill.co.il/grill-smoker-accessories/butcher-board/ -30x40- /,https://compassgrill.co.il/grill-smoker-accessories/butcher-board/ -30x40- /
https://compassgrill.co.il/smoker-tandoor/pellet-smokers/pit-boss-austin-xl-onyx- /?sort=p.sort_order&order=ASC,parameters,Noindex,https://compassgrill.co.il/smoker-tandoor/pellet-smokers/pit-boss-austin-xl-onyx- /
https://compassgrill.co.il/smoker-tandoor/pellet-smokers/pit-boss-austin-xl-onyx- /?sort=p.sort_order&order=ASC,404/410/soft 404,Redirect 301 to https://compassgrill.co.il/smoker-tandoor/pellet-smokers/pit-boss-austin-xl-onyx- /,https://compassgrill.co.il/smoker-tandoor/pellet-smokers/pit-boss-austin-xl-onyx- /
https://compassgrill.co.il/ -26- -dick-ergogrip/,404/410/soft 404,Redirect 301 to https://compassgrill.co.il/ -26- -dick-ergogrip/,https://compassgrill.co.il/ -26- -dick-ergogrip/
https://compassgrill.co.il/ -30-45/,404/410/soft 404,Redirect 301 to https://compassgrill.co.il/ -30-45/,https://compassgrill.co.il/ -30-45/
https://compassgrill.co.il/grill-smoker-accessories/butcher-board/ -50-35- /?category_id=128801&sort=p.sort_order&order=ASC,parameters,Noindex,https://compassgrill.co.il/grill-smoker-accessories/butcher-board/ -50-35- /
https://compassgrill.co.il/grill-smoker-accessories/butcher-board/ -50-35- /?category_id=128801&sort=p.sort_order&order=ASC,404/410/soft 404,Redirect 301 to https://compassgrill.co.il/grill-smoker-accessories/butcher-board/ -50-35- /,https://compassgrill.co.il/grill-smoker-accessories/butcher-board/ -50-35- /
https://compassgrill.co.il/ -100- /,404/410/soft 404,Redirect 301 to https://compassgrill.co.il/ -100- /,https://compassgrill.co.il/ -100- /
https://compassgrill.co.il/ -45- -king-size/,404/410/soft 404,Redirect 301 to https://compassgrill.co.il/ -45- -king-size/,https://compassgrill.co.il/ -45- -king-size/
https://compassgrill.co.il/pizza-set-for-o-f-b- /,404/410/soft 404,Redirect 301 to https://compassgrill.co.il/pizza-set-for-o-f-b- /,https://compassgrill.co.il/pizza-set-for-o-f-b- /
https://compassgrill.co.il/frozen-meat/ /?sort=p.model&order=ASC,parameters,Noindex,https://compassgrill.co.il/frozen-meat/ /
https://compassgrill.co.il/frozen-meat/ /?sort=p.model&order=ASC,404/410/soft 404,Redirect 301 to https://compassgrill.co.il/frozen-meat/ /,https://compassgrill.co.il/frozen-meat/ /
https://compassgrill.co.il/taboon-products-and-accessories/pizza-set-for-o-f-b- /?sort=p.sort_order&order=ASC,parameters,Noindex,https://compassgrill.co.il/taboon-products-and-accessories/pizza-set-for-o-f-b- /
https://compassgrill.co.il/taboon-products-and-accessories/pizza-set-for-o-f-b- /?sort=p.sort_order&order=ASC,404/410/soft 404,Redirect 301 to https://compassgrill.co.il/taboon-products-and-accessories/pizza-set-for-o-f-b- /,https://compassgrill.co.il/taboon-products-and-accessories/pizza-set-for-o-f-b- /
https://compassgrill.co.il/ -30x40- /,404/410/soft 404,Redirect 301 to https://compassgrill.co.il/ -30x40- /,https://compassgrill.co.il/ -30x40- /
https://compassgrill.co.il/ -45- /,404/410/soft 404,Redirect 301 to https://compassgrill.co.il/ -45- /,https://compassgrill.co.il/ -45- /
https://compassgrill.co.il/gas-grills-1/6-burner-gas-grill/soon/?sort=pd.name&order=ASC,parameters,Noindex,https://compassgrill.co.il/gas-grills-1/6-burner-gas-grill/soon/
https://compassgrill.co.il/gas-grills-1/6-burner-gas-grill/soon/?sort=pd.name&order=ASC,404/410/soft 404,Redirect 301 to https://compassgrill.co.il/gas-grills-1/6-burner-gas-grill/soon/,https://compassgrill.co.il/gas-grills-1/6-burner-gas-grill/soon/
https://compassgrill.co.il/eitan-meat-2/meat-vending-machine-24-7/angus-veal-chorizo-900g-tray-frozen-automatic-meat-247/?sort=rating&order=DESC,parameters,Noindex,https://compassgrill.co.il/eitan-meat-2/meat-vending-machine-24-7/angus-veal-chorizo-900g-tray-frozen-automatic-meat-247/
https://compassgrill.co.il/eitan-meat-2/meat-vending-machine-24-7/angus-veal-chorizo-900g-tray-frozen-automatic-meat-247/?sort=rating&order=DESC,404/410/soft 404,Redirect 301 to https://compassgrill.co.il/eitan-meat-2/meat-vending-machine-24-7/angus-veal-chorizo-900g-tray-frozen-automatic-meat-247/,https://compassgrill.co.il/eitan-meat-2/meat-vending-machine-24-7/angus-veal-chorizo-900g-tray-frozen-automatic-meat-247/
https://compassgrill.co.il/smoker-tandoor/שיפודי-נירוסטה-יוקרתיים-עם-ידית-ברונזה-מארז-עור-פרימיום-1/?sort=rating&order=DESC,parameters,Noindex,https://compassgrill.co.il/smoker-tandoor/שיפודי-נירוסטה-יוקרתיים-עם-ידית-ברונזה-מארז-עור-פרימיום-1/
https://compassgrill.co.il/smoker-tandoor/שיפודי-נירוסטה-יוקרתיים-עם-ידית-ברונזה-מארז-עור-פרימיום-1/?sort=rating&order=DESC,duplicate,Redirect 301,https://compassgrill.co.il/smoker-tandoor/שיפודי-נירוסטה-יוקרתיים-עם-ידית-ברונזה-מארז-עור-פרימיום-1/
https://compassgrill.co.il/smoker-tandoor/שיפודי-נירוסטה-יוקרתיים-עם-ידית-ברונזה-מארז-עור-פרימיום-1/?sort=rating&order=DESC,404/410/soft 404,Redirect 301 to https://compassgrill.co.il/smoker-tandoor/שיפודי-נירוסטה-יוקרתיים-עם-ידית-ברונזה-מארז-עור-פרימיום-1/,https://compassgrill.co.il/smoker-tandoor/שיפודי-נירוסטה-יוקרתיים-עם-ידית-ברונזה-מארז-עור-פרימיום-1/
https://compassgrill.co.il/compass-skewers/שיפודי-נירוסטה-יוקרתיים-עם-ידית-ברונזה-מארז-עור-פרימיום-1/?sort=p.model&order=DESC,parameters,Noindex,https://compassgrill.co.il/compass-skewers/שיפודי-נירוסטה-יוקרתיים-עם-ידית-ברונזה-מארז-עור-פרימיום/
https://compassgrill.co.il/compass-skewers/שיפודי-נירוסטה-יוקרתיים-עם-ידית-ברונזה-מארז-עור-פרימיום-1/?sort=p.model&order=DESC,duplicate,Redirect 301,https://compassgrill.co.il/compass-skewers/שיפודי-נירוסטה-יוקרתיים-עם-ידית-ברונזה-מארז-עור-פרימיום/
https://compassgrill.co.il/compass-skewers/שיפודי-נירוסטה-יוקרתיים-עם-ידית-ברונזה-מארז-עור-פרימיום-1/?sort=p.model&order=DESC,404/410/soft 404,Redirect 301 to https://compassgrill.co.il/compass-skewers/שיפודי-נירוסטה-יוקרתיים-עם-ידית-ברונזה-מארז-עור-פרימיום/,https://compassgrill.co.il/compass-skewers/שיפודי-נירוסטה-יוקרתיים-עם-ידית-ברונזה-מארז-עור-פרימיום/
https://compassgrill.co.il/grill-smoker-accessories/compass-skewers/שיפודי-נירוסטה-יוקרתיים-עם-ידית-ברונזה-מארז-עור-פרימיום-1/,duplicate,Redirect 301,https://compassgrill.co.il/grill-smoker-accessories/compass-skewers/שיפודי-נירוסטה-יוקרתיים-עם-ידית-ברונזה-מארז-עור-פרימיום-1/
https://compassgrill.co.il/grill-smoker-accessories/compass-skewers/שיפודי-נירוסטה-יוקרתיים-עם-ידית-ברונזה-מארז-עור-פרימיום-1/,404/410/soft 404,Redirect 301 to https://compassgrill.co.il/grill-smoker-accessories/compass-skewers/שיפודי-נירוסטה-יוקרתיים-עם-ידית-ברונזה-מארז-עור-פרימיום-1/,https://compassgrill.co.il/grill-smoker-accessories/compass-skewers/שיפודי-נירוסטה-יוקרתיים-עם-ידית-ברונזה-מארז-עור-פרימיום-1/
https://compassgrill.co.il/zigzag-sweet-potato-fries-1/,duplicate,Redirect 301,https://compassgrill.co.il/zigzag-sweet-potato-fries/
https://compassgrill.co.il/zigzag-sweet-potato-fries-1/,404/410/soft 404,Redirect 301 to https://compassgrill.co.il/zigzag-sweet-potato-fries/,https://compassgrill.co.il/zigzag-sweet-potato-fries/
https://compassgrill.co.il/smoker-tandoor/גריל-גז-מעשנות-גרילים-וטנדור/addizio-גריל-גז-3-מבערים/,404/410/soft 404,Redirect 301 to https://compassgrill.co.il/smoker-tandoor/גריל-גז-מעשנות-גרילים-וטנדור/addizio-גריל-גז-3-מבערים/,https://compassgrill.co.il/smoker-tandoor/גריל-גז-מעשנות-גרילים-וטנדור/addizio-גריל-גז-3-מבערים/
https://compassgrill.co.il/חזה-אווז-ארוז-בוואקום-1/,duplicate,Redirect 301,https://compassgrill.co.il/חזה-אווז-ארוז-בוואקום-1/
https://compassgrill.co.il/חזה-אווז-ארוז-בוואקום-1/,404/410/soft 404,Redirect 301 to https://compassgrill.co.il/חזה-אווז-ארוז-בוואקום-1/,https://compassgrill.co.il/חזה-אווז-ארוז-בוואקום-1/
https://compassgrill.co.il/בשרים-קפואים/zigzag-sweet-potato-fries-1/?category_id=125607&sort=p.model&order=DESC,parameters,Noindex,https://compassgrill.co.il/בשרים-קפואים/zigzag-sweet-potato-fries/
https://compassgrill.co.il/בשרים-קפואים/zigzag-sweet-potato-fries-1/?category_id=125607&sort=p.model&order=DESC,duplicate,Redirect 301,https://compassgrill.co.il/בשרים-קפואים/zigzag-sweet-potato-fries/
https://compassgrill.co.il/בשרים-קפואים/zigzag-sweet-potato-fries-1/?category_id=125607&sort=p.model&order=DESC,404/410/soft 404,Redirect 301 to https://compassgrill.co.il/בשרים-קפואים/zigzag-sweet-potato-fries/,https://compassgrill.co.il/בשרים-קפואים/zigzag-sweet-potato-fries/
https://compassgrill.co.il/יינות-טפרברג/טפרברג-ויז-ן-מרלו-750-מ-ל/,404/410/soft 404,Redirect 301 to https://compassgrill.co.il/יינות-טפרברג/טפרברג-ויז-ן-מרלו-750-מ-ל/,https://compassgrill.co.il/יינות-טפרברג/טפרברג-ויז-ן-מרלו-750-מ-ל/
https://compassgrill.co.il/grill-smoker-accessories/סכינים-וציוד-נלווהיישון-תיבול-וטיפול-בבשר/אביזרים-לעבודה-עם-בשר/,404/410/soft 404,Redirect 301 to https://compassgrill.co.il/grill-smoker-accessories/סכינים-וציוד-נלווהיישון-תיבול-וטיפול-בבשר/אביזרים-לעבודה-עם-בשר/,https://compassgrill.co.il/grill-smoker-accessories/סכינים-וציוד-נלווהיישון-תיבול-וטיפול-בבשר/אביזרים-לעבודה-עם-בשר/
https://compassgrill.co.il/בשר-טרי/premium-certified-entrecote-pairs-vacuum-packed-500g-1/?sort=p.model&order=ASC,parameters,Noindex,https://compassgrill.co.il/בשר-טרי/premium-certified-entrecote-pairs-vacuum-packed-500g/
https://compassgrill.co.il/בשר-טרי/premium-certified-entrecote-pairs-vacuum-packed-500g-1/?sort=p.model&order=ASC,duplicate,Redirect 301,https://compassgrill.co.il/בשר-טרי/premium-certified-entrecote-pairs-vacuum-packed-500g/
https://compassgrill.co.il/בשר-טרי/premium-certified-entrecote-pairs-vacuum-packed-500g-1/?sort=p.model&order=ASC,404/410/soft 404,Redirect 301 to https://compassgrill.co.il/בשר-טרי/premium-certified-entrecote-pairs-vacuum-packed-500g/,https://compassgrill.co.il/בשר-טרי/premium-certified-entrecote-pairs-vacuum-packed-500g/
https://compassgrill.co.il/gas-grills/גריל-גז-3-מבערים/addizio-גריל-גז-3-מבערים/?sort=price&order=DESC,parameters,Noindex,https://compassgrill.co.il/gas-grills/גריל-גז-3-מבערים/addizio-גריל-גז-3-מבערים/
https://compassgrill.co.il/gas-grills/גריל-גז-3-מבערים/addizio-גריל-גז-3-מבערים/?sort=price&order=DESC,404/410/soft 404,Redirect 301 to https://compassgrill.co.il/gas-grills/גריל-גז-3-מבערים/addizio-גריל-גז-3-מבערים/,https://compassgrill.co.il/gas-grills/גריל-גז-3-מבערים/addizio-גריל-גז-3-מבערים/
https://compassgrill.co.il/smoker-tandoor/addizio-גריל-גז-3-מבערים/?sort=rating&order=ASC,parameters,Noindex,https://compassgrill.co.il/smoker-tandoor/addizio-גריל-גז-3-מבערים/
https://compassgrill.co.il/smoker-tandoor/addizio-גריל-גז-3-מבערים/?sort=rating&order=ASC,404/410/soft 404,Redirect 301 to https://compassgrill.co.il/smoker-tandoor/addizio-גריל-גז-3-מבערים/,https://compassgrill.co.il/smoker-tandoor/addizio-גריל-גז-3-מבערים/
https://compassgrill.co.il/gas-grills/גריל-גז-3-מבערים/addizio-גריל-גז-3-מבערים/?sort=rating&order=DESC,parameters,Noindex,https://compassgrill.co.il/gas-grills/גריל-גז-3-מבערים/addizio-גריל-גז-3-מבערים/
https://compassgrill.co.il/gas-grills/גריל-גז-3-מבערים/addizio-גריל-גז-3-מבערים/?sort=rating&order=DESC,404/410/soft 404,Redirect 301 to https://compassgrill.co.il/gas-grills/גריל-גז-3-מבערים/addizio-גריל-גז-3-מבערים/,https://compassgrill.co.il/gas-grills/גריל-גז-3-מבערים/addizio-גריל-גז-3-מבערים/
https://compassgrill.co.il/chicken-steak-in-soy-honey-sauce-1kg-1/,duplicate,Redirect 301,https://compassgrill.co.il/chicken-steak-in-soy-honey-sauce-1kg/
https://compassgrill.co.il/chicken-steak-in-soy-honey-sauce-1kg-1/,404/410/soft 404,Redirect 301 to https://compassgrill.co.il/chicken-steak-in-soy-honey-sauce-1kg/,https://compassgrill.co.il/chicken-steak-in-soy-honey-sauce-1kg/
https://compassgrill.co.il/בשר-טרי/angus-assado-boneless-feedlot-2-5kg-1/?sort=price&order=ASC,parameters,Noindex,https://compassgrill.co.il/בשר-טרי/angus-assado-boneless-feedlot-2-5kg/
https://compassgrill.co.il/בשר-טרי/angus-assado-boneless-feedlot-2-5kg-1/?sort=price&order=ASC,duplicate,Redirect 301,https://compassgrill.co.il/בשר-טרי/angus-assado-boneless-feedlot-2-5kg/
https://compassgrill.co.il/בשר-טרי/angus-assado-boneless-feedlot-2-5kg-1/?sort=price&order=ASC,404/410/soft 404,Redirect 301 to https://compassgrill.co.il/בשר-טרי/angus-assado-boneless-feedlot-2-5kg/,https://compassgrill.co.il/בשר-טרי/angus-assado-boneless-feedlot-2-5kg/
https://compassgrill.co.il/בשר-טרי/angus-assado-boneless-feedlot-2-5kg-1/?sort=p.model&order=ASC,parameters,Noindex,https://compassgrill.co.il/בשר-טרי/angus-assado-boneless-feedlot-2-5kg/
https://compassgrill.co.il/בשר-טרי/angus-assado-boneless-feedlot-2-5kg-1/?sort=p.model&order=ASC,duplicate,Redirect 301,https://compassgrill.co.il/בשר-טרי/angus-assado-boneless-feedlot-2-5kg/
https://compassgrill.co.il/בשר-טרי/angus-assado-boneless-feedlot-2-5kg-1/?sort=p.model&order=ASC,404/410/soft 404,Redirect 301 to https://compassgrill.co.il/בשר-טרי/angus-assado-boneless-feedlot-2-5kg/,https://compassgrill.co.il/בשר-טרי/angus-assado-boneless-feedlot-2-5kg/
https://compassgrill.co.il/eitan-meat-eilat/בשרים-קפואים/chicken-steak-in-soy-honey-sauce-1kg-1/?sort=pd.name&order=DESC,parameters,Noindex,https://compassgrill.co.il/eitan-meat-eilat/בשרים-קפואים/chicken-steak-in-soy-honey-sauce-1kg-1/
https://compassgrill.co.il/eitan-meat-eilat/בשרים-קפואים/chicken-steak-in-soy-honey-sauce-1kg-1/?sort=pd.name&order=DESC,duplicate,Redirect 301,https://compassgrill.co.il/eitan-meat-eilat/בשרים-קפואים/chicken-steak-in-soy-honey-sauce-1kg-1/
https://compassgrill.co.il/eitan-meat-eilat/בשרים-קפואים/chicken-steak-in-soy-honey-sauce-1kg-1/?sort=pd.name&order=DESC,404/410/soft 404,Redirect 301 to https://compassgrill.co.il/eitan-meat-eilat/בשרים-קפואים/chicken-steak-in-soy-honey-sauce-1kg-1/,https://compassgrill.co.il/eitan-meat-eilat/בשרים-קפואים/chicken-steak-in-soy-honey-sauce-1kg-1/
https://compassgrill.co.il/garden-furniture-2024-avigail/,404/410/soft 404,Redirect 301 to https://compassgrill.co.il/garden-furniture-2024-avigail/,https://compassgrill.co.il/garden-furniture-2024-avigail/
https://compassgrill.co.il/eitan-meat-2/frozen-chicken-shawarma-1kg/?sort=p.sort_order&order=ASC,parameters,Noindex,https://compassgrill.co.il/eitan-meat-2/frozen-chicken-shawarma-1kg/
https://compassgrill.co.il/eitan-meat-2/frozen-chicken-shawarma-1kg/?sort=p.sort_order&order=ASC,404/410/soft 404,Redirect 301 to https://compassgrill.co.il/eitan-meat-2/frozen-chicken-shawarma-1kg/,https://compassgrill.co.il/eitan-meat-2/frozen-chicken-shawarma-1kg/
https://compassgrill.co.il/smoker-tandoor/מעשנות-גרילים-וטנדור-מעשנות-גרילים-וטנדור-מעשנות-גרילים-וטנדור/boretti-ibrido-גריל-משולב-גז-פחמים/?category_id=97703&sort=p.model&order=DESC,parameters,Noindex,https://compassgrill.co.il/smoker-tandoor/מעשנות-גרילים-וטנדור-מעשנות-גרילים-וטנדור-מעשנות-גרילים-וטנדור/boretti-ibrido-גריל-משולב-גז-פחמים/
https://compassgrill.co.il/smoker-tandoor/מעשנות-גרילים-וטנדור-מעשנות-גרילים-וטנדור-מעשנות-גרילים-וטנדור/boretti-ibrido-גריל-משולב-גז-פחמים/?category_id=97703&sort=p.model&order=DESC,404/410/soft 404,Redirect 301 to https://compassgrill.co.il/smoker-tandoor/מעשנות-גרילים-וטנדור-מעשנות-גרילים-וטנדור-מעשנות-גרילים-וטנדור/boretti-ibrido-גריל-משולב-גז-פחמים/,https://compassgrill.co.il/smoker-tandoor/מעשנות-גרילים-וטנדור-מעשנות-גרילים-וטנדור-מעשנות-גרילים-וטנדור/boretti-ibrido-גריל-משולב-גז-פחמים/
https://compassgrill.co.il/gas-grills/גריל-גז-4-מבערים/גריל-גז-freestyle-425-עם-כירת-צד-אינפרא-אדום-1/,duplicate,Redirect 301,https://compassgrill.co.il/gas-grills/גריל-גז-4-מבערים/גריל-גז-freestyle-425-עם-כירת-צד-אינפרא-אדום-1/
https://compassgrill.co.il/gas-grills/גריל-גז-4-מבערים/גריל-גז-freestyle-425-עם-כירת-צד-אינפרא-אדום-1/,404/410/soft 404,Redirect 301 to https://compassgrill.co.il/gas-grills/גריל-גז-4-מבערים/גריל-גז-freestyle-425-עם-כירת-צד-אינפרא-אדום-1/,https://compassgrill.co.il/gas-grills/גריל-גז-4-מבערים/גריל-גז-freestyle-425-עם-כירת-צד-אינפרא-אדום-1/
https://compassgrill.co.il/boretti-ibrido-גריל-משולב-גז-פחמים/,404/410/soft 404,Redirect 301 to https://compassgrill.co.il/boretti-ibrido-גריל-משולב-גז-פחמים/,https://compassgrill.co.il/boretti-ibrido-גריל-משולב-גז-פחמים/
https://compassgrill.co.il/smoker-tandoor/מעשנות-גרילים-וטנדור-מעשנות-גרילים-וטנדור-מעשנות-גרילים-וטנדור/boretti-ibrido-גריל-משולב-גז-פחמים/?sort=pd.name&order=ASC,parameters,Noindex,https://compassgrill.co.il/smoker-tandoor/מעשנות-גרילים-וטנדור-מעשנות-גרילים-וטנדור-מעשנות-גרילים-וטנדור/boretti-ibrido-גריל-משולב-גז-פחמים/
https://compassgrill.co.il/smoker-tandoor/מעשנות-גרילים-וטנדור-מעשנות-גרילים-וטנדור-מעשנות-גרילים-וטנדור/boretti-ibrido-גריל-משולב-גז-פחמים/?sort=pd.name&order=ASC,404/410/soft 404,Redirect 301 to https://compassgrill.co.il/smoker-tandoor/מעשנות-גרילים-וטנדור-מעשנות-גרילים-וטנדור-מעשנות-גרילים-וטנדור/boretti-ibrido-גריל-משולב-גז-פחמים/,https://compassgrill.co.il/smoker-tandoor/מעשנות-גרילים-וטנדור-מעשנות-גרילים-וטנדור-מעשנות-גרילים-וטנדור/boretti-ibrido-גריל-משולב-גז-פחמים/
https://compassgrill.co.il/chicken-steak-in-soy-honey-sauce-1kg/,404/410/soft 404,Redirect 301 to https://compassgrill.co.il/chicken-steak-in-soy-honey-sauce-1kg/,https://compassgrill.co.il/chicken-steak-in-soy-honey-sauce-1kg/
https://compassgrill.co.il/גריל-גז-freestyle-425-עם-כירת-צד-אינפרא-אדום-1/,duplicate,Redirect 301,https://compassgrill.co.il/גריל-גז-freestyle-425-עם-כירת-צד-אינפרא-אדום-1/
https://compassgrill.co.il/גריל-גז-freestyle-425-עם-כירת-צד-אינפרא-אדום-1/,404/410/soft 404,Redirect 301 to https://compassgrill.co.il/גריל-גז-freestyle-425-עם-כירת-צד-אינפרא-אדום-1/,https://compassgrill.co.il/גריל-גז-freestyle-425-עם-כירת-צד-אינפרא-אדום-1/
https://compassgrill.co.il/hawaii/,404/410/soft 404,Redirect 301 to https://compassgrill.co.il/hawaii/,https://compassgrill.co.il/hawaii/
https://compassgrill.co.il/gas-grills/גריל-גז-freestyle-425-עם-כירת-צד-אינפרא-אדום-1/?sort=pd.name&order=DESC,parameters,Noindex,https://compassgrill.co.il/gas-grills/גריל-גז-freestyle-425-עם-כירת-צד-אינפרא-אדום/
https://compassgrill.co.il/gas-grills/גריל-גז-freestyle-425-עם-כירת-צד-אינפרא-אדום-1/?sort=pd.name&order=DESC,duplicate,Redirect 301,https://compassgrill.co.il/gas-grills/גריל-גז-freestyle-425-עם-כירת-צד-אינפרא-אדום/
https://compassgrill.co.il/gas-grills/גריל-גז-freestyle-425-עם-כירת-צד-אינפרא-אדום-1/?sort=pd.name&order=DESC,404/410/soft 404,Redirect 301 to https://compassgrill.co.il/gas-grills/גריל-גז-freestyle-425-עם-כירת-צד-אינפרא-אדום/,https://compassgrill.co.il/gas-grills/גריל-גז-freestyle-425-עם-כירת-צד-אינפרא-אדום/
https://compassgrill.co.il/גריל-גז-4-מבערים/גריל-גז-freestyle-425-עם-כירת-צד-אינפרא-אדום-1/,duplicate,Redirect 301,https://compassgrill.co.il/גריל-גז-4-מבערים/גריל-גז-freestyle-425-עם-כירת-צד-אינפרא-אדום-1/
https://compassgrill.co.il/גריל-גז-4-מבערים/גריל-גז-freestyle-425-עם-כירת-צד-אינפרא-אדום-1/,404/410/soft 404,Redirect 301 to https://compassgrill.co.il/גריל-גז-4-מבערים/גריל-גז-freestyle-425-עם-כירת-צד-אינפרא-אדום-1/,https://compassgrill.co.il/גריל-גז-4-מבערים/גריל-גז-freestyle-425-עם-כירת-צד-אינפרא-אדום-1/
https://compassgrill.co.il/טומהוק-פרוס-טרי-כ-1-ק-ג/,404/410/soft 404,Redirect 301 to https://compassgrill.co.il/טומהוק-פרוס-טרי-כ-1-ק-ג/,https://compassgrill.co.il/טומהוק-פרוס-טרי-כ-1-ק-ג/
https://compassgrill.co.il/grill-smoker-accessories/כלים-מברזל-ייצוק/כלים-מברזל-ייצוק-1/,duplicate,Redirect 301,https://compassgrill.co.il/grill-smoker-accessories/כלים-מברזל-ייצוק/כלים-מברזל-ייצוק-1/
https://compassgrill.co.il/grill-smoker-accessories/כלים-מברזל-ייצוק/כלים-מברזל-ייצוק-1/,404/410/soft 404,Redirect 301 to https://compassgrill.co.il/grill-smoker-accessories/כלים-מברזל-ייצוק/כלים-מברזל-ייצוק-1/,https://compassgrill.co.il/grill-smoker-accessories/כלים-מברזל-ייצוק/כלים-מברזל-ייצוק-1/
https://compassgrill.co.il/gas-grills/גריל-גז-6-מבערים/,404/410/soft 404,Redirect 301 to https://compassgrill.co.il/gas-grills/גריל-גז-6-מבערים/,https://compassgrill.co.il/gas-grills/גריל-גז-6-מבערים/
https://compassgrill.co.il/gas-grills/גריל-גז-freestyle-425-עם-כירת-צד-אינפרא-אדום-1/?category_id=35202&sort=pd.name&order=DESC,parameters,Noindex,https://compassgrill.co.il/gas-grills/גריל-גז-freestyle-425-עם-כירת-צד-אינפרא-אדום/
https://compassgrill.co.il/gas-grills/גריל-גז-freestyle-425-עם-כירת-צד-אינפרא-אדום-1/?category_id=35202&sort=pd.name&order=DESC,duplicate,Redirect 301,https://compassgrill.co.il/gas-grills/גריל-גז-freestyle-425-עם-כירת-צד-אינפרא-אדום/
https://compassgrill.co.il/gas-grills/גריל-גז-freestyle-425-עם-כירת-צד-אינפרא-אדום-1/?category_id=35202&sort=pd.name&order=DESC,404/410/soft 404,Redirect 301 to https://compassgrill.co.il/gas-grills/גריל-גז-freestyle-425-עם-כירת-צד-אינפרא-אדום/,https://compassgrill.co.il/gas-grills/גריל-גז-freestyle-425-עם-כירת-צד-אינפרא-אדום/
https://compassgrill.co.il/בשרים-קפואים/zigzag-sweet-potato-fries-1/?sort=rating&order=ASC,parameters,Noindex,https://compassgrill.co.il/בשרים-קפואים/zigzag-sweet-potato-fries/
https://compassgrill.co.il/בשרים-קפואים/zigzag-sweet-potato-fries-1/?sort=rating&order=ASC,duplicate,Redirect 301,https://compassgrill.co.il/בשרים-קפואים/zigzag-sweet-potato-fries/
https://compassgrill.co.il/בשרים-קפואים/zigzag-sweet-potato-fries-1/?sort=rating&order=ASC,404/410/soft 404,Redirect 301 to https://compassgrill.co.il/בשרים-קפואים/zigzag-sweet-potato-fries/,https://compassgrill.co.il/בשרים-קפואים/zigzag-sweet-potato-fries/
https://compassgrill.co.il/מנגל-פחמים-ומנגל-לשיפודים/מנגל-קערת-אש/?sort=p.model&order=DESC,parameters,Noindex,https://compassgrill.co.il/מנגל-פחמים-ומנגל-לשיפודים/מנגל-קערת-אש/
https://compassgrill.co.il/מנגל-פחמים-ומנגל-לשיפודים/מנגל-קערת-אש/?sort=p.model&order=DESC,404/410/soft 404,Redirect 301 to https://compassgrill.co.il/מנגל-פחמים-ומנגל-לשיפודים/מנגל-קערת-אש/,https://compassgrill.co.il/מנגל-פחמים-ומנגל-לשיפודים/מנגל-קערת-אש/
https://compassgrill.co.il/brand/רוקח/imperatore-bi/,404/410/soft 404,Redirect 301 to https://compassgrill.co.il/brand/רוקח/imperatore-bi/,https://compassgrill.co.il/brand/רוקח/imperatore-bi/
https://compassgrill.co.il/charcoal-grill-with-legs-for-,404/410/soft 404,Redirect 301 to https://compassgrill.co.il/charcoal-grill-with-legs-for-,https://compassgrill.co.il/charcoal-grill-with-legs-for-
https://compassgrill.co.il/smoker-tandoor/מעשנות-פלט/,404/410/soft 404,Redirect 301 to https://compassgrill.co.il/smoker-tandoor/מעשנות-פלט/,https://compassgrill.co.il/smoker-tandoor/מעשנות-פלט/
https://compassgrill.co.il/outdoor-kitchen/מטבחי-חוץ-alumex/מטבח-חוץ-דגם-balcony/?sort=pd.name&order=ASC,parameters,Noindex,https://compassgrill.co.il/outdoor-kitchen/מטבחי-חוץ-alumex/מטבח-חוץ-דגם-balcony/
https://compassgrill.co.il/outdoor-kitchen/מטבחי-חוץ-alumex/מטבח-חוץ-דגם-balcony/?sort=pd.name&order=ASC,404/410/soft 404,Redirect 301 to https://compassgrill.co.il/outdoor-kitchen/מטבחי-חוץ-alumex/מטבח-חוץ-דגם-balcony/,https://compassgrill.co.il/outdoor-kitchen/מטבחי-חוץ-alumex/מטבח-חוץ-דגם-balcony/
https://compassgrill.co.il/אביזרים-לגריל-ומעשנה/שבבים/,404/410/soft 404,Redirect 301 to https://compassgrill.co.il/אביזרים-לגריל-ומעשנה/שבבים/,https://compassgrill.co.il/אביזרים-לגריל-ומעשנה/שבבים/
https://compassgrill.co.il/גריל-גז/גריל-גז-3-מבערים/,404/410/soft 404,Redirect 301 to https://compassgrill.co.il/גריל-גז/גריל-גז-3-מבערים/,https://compassgrill.co.il/גריל-גז/גריל-גז-3-מבערים/
https://compassgrill.co.il/eitan-meat-2/meat-vending-machine-24-7/?sort=p.model&order=DESC,parameters,Noindex,https://compassgrill.co.il/eitan-meat-2/meat-vending-machine-24-7/
https://compassgrill.co.il/eitan-meat-2/meat-vending-machine-24-7/?sort=p.model&order=DESC,404/410/soft 404,Redirect 301 to https://compassgrill.co.il/eitan-meat-2/meat-vending-machine-24-7/,https://compassgrill.co.il/eitan-meat-2/meat-vending-machine-24-7/
https://compassgrill.co.il/בשר-טרי/premium-certified-entrecote-pairs-vacuum-packed-500g-1/?category_id=125606&sort=p.model&order=ASC,parameters,Noindex,https://compassgrill.co.il/בשר-טרי/premium-certified-entrecote-pairs-vacuum-packed-500g/
https://compassgrill.co.il/בשר-טרי/premium-certified-entrecote-pairs-vacuum-packed-500g-1/?category_id=125606&sort=p.model&order=ASC,duplicate,Redirect 301,https://compassgrill.co.il/בשר-טרי/premium-certified-entrecote-pairs-vacuum-packed-500g/
https://compassgrill.co.il/בשר-טרי/premium-certified-entrecote-pairs-vacuum-packed-500g-1/?category_id=125606&sort=p.model&order=ASC,404/410/soft 404,Redirect 301 to https://compassgrill.co.il/בשר-טרי/premium-certified-entrecote-pairs-vacuum-packed-500g/,https://compassgrill.co.il/בשר-טרי/premium-certified-entrecote-pairs-vacuum-packed-500g/
https://compassgrill.co.il/בשר-טרי/premium-certified-entrecote-pairs-vacuum-packed-500g-1/?category_id=125606&sort=price&order=ASC,parameters,Noindex,https://compassgrill.co.il/בשר-טרי/premium-certified-entrecote-pairs-vacuum-packed-500g/
https://compassgrill.co.il/בשר-טרי/premium-certified-entrecote-pairs-vacuum-packed-500g-1/?category_id=125606&sort=price&order=ASC,duplicate,Redirect 301,https://compassgrill.co.il/בשר-טרי/premium-certified-entrecote-pairs-vacuum-packed-500g/
https://compassgrill.co.il/בשר-טרי/premium-certified-entrecote-pairs-vacuum-packed-500g-1/?category_id=125606&sort=price&order=ASC,404/410/soft 404,Redirect 301 to https://compassgrill.co.il/בשר-טרי/premium-certified-entrecote-pairs-vacuum-packed-500g/,https://compassgrill.co.il/בשר-טרי/premium-certified-entrecote-pairs-vacuum-packed-500g/
https://compassgrill.co.il/frozen-meat/chicken-steak-teriyaki-1kg/,404/410/soft 404,Redirect 301 to https://compassgrill.co.il/frozen-meat/chicken-steak-teriyaki-1kg/,https://compassgrill.co.il/frozen-meat/chicken-steak-teriyaki-1kg/
https://compassgrill.co.il/בשר-טרי/angus-assado-boneless-feedlot-2-5kg-1/?category_id=125606&sort=p.model&order=ASC,parameters,Noindex,https://compassgrill.co.il/בשר-טרי/angus-assado-boneless-feedlot-2-5kg/
https://compassgrill.co.il/בשר-טרי/angus-assado-boneless-feedlot-2-5kg-1/?category_id=125606&sort=p.model&order=ASC,duplicate,Redirect 301,https://compassgrill.co.il/בשר-טרי/angus-assado-boneless-feedlot-2-5kg/
https://compassgrill.co.il/בשר-טרי/angus-assado-boneless-feedlot-2-5kg-1/?category_id=125606&sort=p.model&order=ASC,404/410/soft 404,Redirect 301 to https://compassgrill.co.il/בשר-טרי/angus-assado-boneless-feedlot-2-5kg/,https://compassgrill.co.il/בשר-טרי/angus-assado-boneless-feedlot-2-5kg/
https://compassgrill.co.il/מנגל-פחמים-ומנגל-לשיפודים/מנגל-פחמים-מנירוסטה-ל-6-שיפודים-נפתח-עם-תיק-1/?sort=p.model&order=DESC,parameters,Noindex,https://compassgrill.co.il/מנגל-פחמים-ומנגל-לשיפודים/מנגל-פחמים-מנירוסטה-ל-6-שיפודים-נפתח-עם-תיק/
https://compassgrill.co.il/מנגל-פחמים-ומנגל-לשיפודים/מנגל-פחמים-מנירוסטה-ל-6-שיפודים-נפתח-עם-תיק-1/?sort=p.model&order=DESC,duplicate,Redirect 301,https://compassgrill.co.il/מנגל-פחמים-ומנגל-לשיפודים/מנגל-פחמים-מנירוסטה-ל-6-שיפודים-נפתח-עם-תיק/
https://compassgrill.co.il/מנגל-פחמים-ומנגל-לשיפודים/מנגל-פחמים-מנירוסטה-ל-6-שיפודים-נפתח-עם-תיק-1/?sort=p.model&order=DESC,404/410/soft 404,Redirect 301 to https://compassgrill.co.il/מנגל-פחמים-ומנגל-לשיפודים/מנגל-פחמים-מנירוסטה-ל-6-שיפודים-נפתח-עם-תיק/,https://compassgrill.co.il/מנגל-פחמים-ומנגל-לשיפודים/מנגל-פחמים-מנירוסטה-ל-6-שיפודים-נפתח-עם-תיק/
https://compassgrill.co.il/בשר-טרי/angus-assado-boneless-feedlot-2-5kg-1/?category_id=125606&sort=rating&order=DESC,parameters,Noindex,https://compassgrill.co.il/בשר-טרי/angus-assado-boneless-feedlot-2-5kg/
https://compassgrill.co.il/בשר-טרי/angus-assado-boneless-feedlot-2-5kg-1/?category_id=125606&sort=rating&order=DESC,duplicate,Redirect 301,https://compassgrill.co.il/בשר-טרי/angus-assado-boneless-feedlot-2-5kg/
https://compassgrill.co.il/בשר-טרי/angus-assado-boneless-feedlot-2-5kg-1/?category_id=125606&sort=rating&order=DESC,404/410/soft 404,Redirect 301 to https://compassgrill.co.il/בשר-טרי/angus-assado-boneless-feedlot-2-5kg/,https://compassgrill.co.il/בשר-טרי/angus-assado-boneless-feedlot-2-5kg/
https://compassgrill.co.il/בשר-טרי/angus-assado-boneless-feedlot-2-5kg-1/?category_id=125606&sort=p.model&order=DESC,parameters,Noindex,https://compassgrill.co.il/בשר-טרי/angus-assado-boneless-feedlot-2-5kg/
https://compassgrill.co.il/בשר-טרי/angus-assado-boneless-feedlot-2-5kg-1/?category_id=125606&sort=p.model&order=DESC,duplicate,Redirect 301,https://compassgrill.co.il/בשר-טרי/angus-assado-boneless-feedlot-2-5kg/
https://compassgrill.co.il/בשר-טרי/angus-assado-boneless-feedlot-2-5kg-1/?category_id=125606&sort=p.model&order=DESC,404/410/soft 404,Redirect 301 to https://compassgrill.co.il/בשר-טרי/angus-assado-boneless-feedlot-2-5kg/,https://compassgrill.co.il/בשר-טרי/angus-assado-boneless-feedlot-2-5kg/
https://compassgrill.co.il/בשר-טרי/angus-assado-boneless-feedlot-2-5kg-1/?category_id=125606&sort=rating&order=ASC,parameters,Noindex,https://compassgrill.co.il/בשר-טרי/angus-assado-boneless-feedlot-2-5kg/
https://compassgrill.co.il/בשר-טרי/angus-assado-boneless-feedlot-2-5kg-1/?category_id=125606&sort=rating&order=ASC,duplicate,Redirect 301,https://compassgrill.co.il/בשר-טרי/angus-assado-boneless-feedlot-2-5kg/
https://compassgrill.co.il/בשר-טרי/angus-assado-boneless-feedlot-2-5kg-1/?category_id=125606&sort=rating&order=ASC,404/410/soft 404,Redirect 301 to https://compassgrill.co.il/בשר-טרי/angus-assado-boneless-feedlot-2-5kg/,https://compassgrill.co.il/בשר-טרי/angus-assado-boneless-feedlot-2-5kg/
https://compassgrill.co.il/בשר-טרי/angus-assado-boneless-feedlot-2-5kg-1/?category_id=125606&sort=price&order=DESC,parameters,Noindex,https://compassgrill.co.il/בשר-טרי/angus-assado-boneless-feedlot-2-5kg/
https://compassgrill.co.il/בשר-טרי/angus-assado-boneless-feedlot-2-5kg-1/?category_id=125606&sort=price&order=DESC,duplicate,Redirect 301,https://compassgrill.co.il/בשר-טרי/angus-assado-boneless-feedlot-2-5kg/
https://compassgrill.co.il/בשר-טרי/angus-assado-boneless-feedlot-2-5kg-1/?category_id=125606&sort=price&order=DESC,404/410/soft 404,Redirect 301 to https://compassgrill.co.il/בשר-טרי/angus-assado-boneless-feedlot-2-5kg/,https://compassgrill.co.il/בשר-טרי/angus-assado-boneless-feedlot-2-5kg/
https://compassgrill.co.il/בשר-טרי/angus-assado-boneless-feedlot-2-5kg-1/?category_id=125606&sort=price&order=ASC,parameters,Noindex,https://compassgrill.co.il/בשר-טרי/angus-assado-boneless-feedlot-2-5kg/
https://compassgrill.co.il/בשר-טרי/angus-assado-boneless-feedlot-2-5kg-1/?category_id=125606&sort=price&order=ASC,duplicate,Redirect 301,https://compassgrill.co.il/בשר-טרי/angus-assado-boneless-feedlot-2-5kg/
https://compassgrill.co.il/בשר-טרי/angus-assado-boneless-feedlot-2-5kg-1/?category_id=125606&sort=price&order=ASC,404/410/soft 404,Redirect 301 to https://compassgrill.co.il/בשר-טרי/angus-assado-boneless-feedlot-2-5kg/,https://compassgrill.co.il/בשר-טרי/angus-assado-boneless-feedlot-2-5kg/
https://compassgrill.co.il/grill-smoker-accessories/כלים-מברזל-ייצוק/קאזן-אסייתי-יצוק-מברזל-ציג-ון/,404/410/soft 404,Redirect 301 to https://compassgrill.co.il/grill-smoker-accessories/כלים-מברזל-ייצוק/קאזן-אסייתי-יצוק-מברזל-ציג-ון/,https://compassgrill.co.il/grill-smoker-accessories/כלים-מברזל-ייצוק/קאזן-אסייתי-יצוק-מברזל-ציג-ון/
https://compassgrill.co.il/מנגל-פחמים-ומנגל-לשיפודים/פחם-קוקוס-ללא-עשן/?sort=pd.name&order=ASC,parameters,Noindex,https://compassgrill.co.il/מנגל-פחמים-ומנגל-לשיפודים/פחם-קוקוס-ללא-עשן/
https://compassgrill.co.il/מנגל-פחמים-ומנגל-לשיפודים/פחם-קוקוס-ללא-עשן/?sort=pd.name&order=ASC,404/410/soft 404,Redirect 301 to https://compassgrill.co.il/מנגל-פחמים-ומנגל-לשיפודים/פחם-קוקוס-ללא-עשן/,https://compassgrill.co.il/מנגל-פחמים-ומנגל-לשיפודים/פחם-קוקוס-ללא-עשן/
https://compassgrill.co.il/charcoal-grill-for-6-skewers-foldable-with-bag/,404/410/soft 404,Redirect 301 to https://compassgrill.co.il/charcoal-grill-for-6-skewers-foldable-with-bag/,https://compassgrill.co.il/charcoal-grill-for-6-skewers-foldable-with-bag/
https://compassgrill.co.il/white-center-pole-parasol-3m-diameter/,404/410/soft 404,Redirect 301 to https://compassgrill.co.il/white-center-pole-parasol-3m-diameter/,https://compassgrill.co.il/white-center-pole-parasol-3m-diameter/
https://compassgrill.co.il/garden-furniture-accessories/kamado-xl-k24-red/?sort=p.model&order=ASC,parameters,Noindex,https://compassgrill.co.il/garden-furniture-accessories/kamado-xl-k24-red/
https://compassgrill.co.il/garden-furniture-accessories/kamado-xl-k24-red/?sort=p.model&order=ASC,404/410/soft 404,Redirect 301 to https://compassgrill.co.il/garden-furniture-accessories/kamado-xl-k24-red/,https://compassgrill.co.il/garden-furniture-accessories/kamado-xl-k24-red/
https://compassgrill.co.il/מנגל-פחמים-ומנגל-לשיפודים/מנגל-פחמים-ורטיקלי/?sort=p.model&order=DESC,parameters,Noindex,https://compassgrill.co.il/מנגל-פחמים-ומנגל-לשיפודים/מנגל-פחמים-ורטיקלי/
https://compassgrill.co.il/מנגל-פחמים-ומנגל-לשיפודים/מנגל-פחמים-ורטיקלי/?sort=p.model&order=DESC,404/410/soft 404,Redirect 301 to https://compassgrill.co.il/מנגל-פחמים-ומנגל-לשיפודים/מנגל-פחמים-ורטיקלי/,https://compassgrill.co.il/מנגל-פחמים-ומנגל-לשיפודים/מנגל-פחמים-ורטיקלי/
https://compassgrill.co.il/outdoor-kitchen-9/balcony/?category_id=97698&sort=rating&order=DESC,parameters,Noindex,https://compassgrill.co.il/outdoor-kitchen-9/balcony/
https://compassgrill.co.il/outdoor-kitchen-9/balcony/?category_id=97698&sort=rating&order=DESC,404/410/soft 404,Redirect 301 to https://compassgrill.co.il/outdoor-kitchen-9/balcony/,https://compassgrill.co.il/outdoor-kitchen-9/balcony/
https://compassgrill.co.il/בשר-טרי/angus-assado-boneless-feedlot-2-5kg-1/?sort=p.model&order=DESC,parameters,Noindex,https://compassgrill.co.il/בשר-טרי/angus-assado-boneless-feedlot-2-5kg/
https://compassgrill.co.il/בשר-טרי/angus-assado-boneless-feedlot-2-5kg-1/?sort=p.model&order=DESC,duplicate,Redirect 301,https://compassgrill.co.il/בשר-טרי/angus-assado-boneless-feedlot-2-5kg/
https://compassgrill.co.il/בשר-טרי/angus-assado-boneless-feedlot-2-5kg-1/?sort=p.model&order=DESC,404/410/soft 404,Redirect 301 to https://compassgrill.co.il/בשר-טרי/angus-assado-boneless-feedlot-2-5kg/,https://compassgrill.co.il/בשר-טרי/angus-assado-boneless-feedlot-2-5kg/
https://compassgrill.co.il/eitan-meat-eilat/בשרים-קפואים/חזה-אווז-ארוז-בוואקום-1/?category_id=125607&sort=pd.name&order=DESC,parameters,Noindex,https://compassgrill.co.il/eitan-meat-eilat/בשרים-קפואים/חזה-אווז-ארוז-בוואקום/
https://compassgrill.co.il/eitan-meat-eilat/בשרים-קפואים/חזה-אווז-ארוז-בוואקום-1/?category_id=125607&sort=pd.name&order=DESC,duplicate,Redirect 301,https://compassgrill.co.il/eitan-meat-eilat/בשרים-קפואים/חזה-אווז-ארוז-בוואקום/
https://compassgrill.co.il/eitan-meat-eilat/בשרים-קפואים/חזה-אווז-ארוז-בוואקום-1/?category_id=125607&sort=pd.name&order=DESC,404/410/soft 404,Redirect 301 to https://compassgrill.co.il/eitan-meat-eilat/בשרים-קפואים/חזה-אווז-ארוז-בוואקום/,https://compassgrill.co.il/eitan-meat-eilat/בשרים-קפואים/חזה-אווז-ארוז-בוואקום/
https://compassgrill.co.il/eitan-meat-2/meat-vending-machine-24-7/seasoned-frozen-chicken-thigh-skewers-5pcs-automatic-meat-247/?sort=p.model&order=DESC,parameters,Noindex,https://compassgrill.co.il/eitan-meat-2/meat-vending-machine-24-7/seasoned-frozen-chicken-thigh-skewers-5pcs-automatic-meat-247/
https://compassgrill.co.il/eitan-meat-2/meat-vending-machine-24-7/seasoned-frozen-chicken-thigh-skewers-5pcs-automatic-meat-247/?sort=p.model&order=DESC,404/410/soft 404,Redirect 301 to https://compassgrill.co.il/eitan-meat-2/meat-vending-machine-24-7/seasoned-frozen-chicken-thigh-skewers-5pcs-automatic-meat-247/,https://compassgrill.co.il/eitan-meat-2/meat-vending-machine-24-7/seasoned-frozen-chicken-thigh-skewers-5pcs-automatic-meat-247/
https://compassgrill.co.il/בשר-טרי/angus-assado-boneless-feedlot-2-5kg-1/?sort=rating&order=DESC,parameters,Noindex,https://compassgrill.co.il/בשר-טרי/angus-assado-boneless-feedlot-2-5kg/
https://compassgrill.co.il/בשר-טרי/angus-assado-boneless-feedlot-2-5kg-1/?sort=rating&order=DESC,duplicate,Redirect 301,https://compassgrill.co.il/בשר-טרי/angus-assado-boneless-feedlot-2-5kg/
https://compassgrill.co.il/בשר-טרי/angus-assado-boneless-feedlot-2-5kg-1/?sort=rating&order=DESC,404/410/soft 404,Redirect 301 to https://compassgrill.co.il/בשר-טרי/angus-assado-boneless-feedlot-2-5kg/,https://compassgrill.co.il/בשר-טרי/angus-assado-boneless-feedlot-2-5kg/
https://compassgrill.co.il/בשר-טרי/angus-assado-boneless-feedlot-2-5kg-1/?sort=price&order=DESC,parameters,Noindex,https://compassgrill.co.il/בשר-טרי/angus-assado-boneless-feedlot-2-5kg/
https://compassgrill.co.il/בשר-טרי/angus-assado-boneless-feedlot-2-5kg-1/?sort=price&order=DESC,duplicate,Redirect 301,https://compassgrill.co.il/בשר-טרי/angus-assado-boneless-feedlot-2-5kg/
https://compassgrill.co.il/בשר-טרי/angus-assado-boneless-feedlot-2-5kg-1/?sort=price&order=DESC,404/410/soft 404,Redirect 301 to https://compassgrill.co.il/בשר-טרי/angus-assado-boneless-feedlot-2-5kg/,https://compassgrill.co.il/בשר-טרי/angus-assado-boneless-feedlot-2-5kg/
https://compassgrill.co.il/eitan-meat-eilat/עופות-קפוא/chicken-steak-in-soy-honey-sauce-1kg-1/?category_id=125608,parameters,Canonical,https://compassgrill.co.il/eitan-meat-eilat/עופות-קפוא/chicken-steak-in-soy-honey-sauce-1kg/
https://compassgrill.co.il/eitan-meat-eilat/עופות-קפוא/chicken-steak-in-soy-honey-sauce-1kg-1/?category_id=125608,duplicate,Redirect 301,https://compassgrill.co.il/eitan-meat-eilat/עופות-קפוא/chicken-steak-in-soy-honey-sauce-1kg/
https://compassgrill.co.il/eitan-meat-eilat/עופות-קפוא/chicken-steak-in-soy-honey-sauce-1kg-1/?category_id=125608,404/410/soft 404,Redirect 301 to https://compassgrill.co.il/eitan-meat-eilat/עופות-קפוא/chicken-steak-in-soy-honey-sauce-1kg/,https://compassgrill.co.il/eitan-meat-eilat/עופות-קפוא/chicken-steak-in-soy-honey-sauce-1kg/
https://compassgrill.co.il/eitan-meat-eilat/בשרים-קפואים/chicken-steak-in-soy-honey-sauce-1kg-1/,duplicate,Redirect 301,https://compassgrill.co.il/eitan-meat-eilat/בשרים-קפואים/chicken-steak-in-soy-honey-sauce-1kg-1/
https://compassgrill.co.il/eitan-meat-eilat/בשרים-קפואים/chicken-steak-in-soy-honey-sauce-1kg-1/,404/410/soft 404,Redirect 301 to https://compassgrill.co.il/eitan-meat-eilat/בשרים-קפואים/chicken-steak-in-soy-honey-sauce-1kg-1/,https://compassgrill.co.il/eitan-meat-eilat/בשרים-קפואים/chicken-steak-in-soy-honey-sauce-1kg-1/
https://compassgrill.co.il/eitan-meat-2/meat-vending-machine-24-7/veal-patties-800g-frozen-automatic-247/?category_id=125471&sort=rating&order=DESC,parameters,Noindex,https://compassgrill.co.il/eitan-meat-2/meat-vending-machine-24-7/veal-patties-800g-frozen-automatic-247/
https://compassgrill.co.il/eitan-meat-2/meat-vending-machine-24-7/veal-patties-800g-frozen-automatic-247/?category_id=125471&sort=rating&order=DESC,404/410/soft 404,Redirect 301 to https://compassgrill.co.il/eitan-meat-2/meat-vending-machine-24-7/veal-patties-800g-frozen-automatic-247/,https://compassgrill.co.il/eitan-meat-2/meat-vending-machine-24-7/veal-patties-800g-frozen-automatic-247/
https://compassgrill.co.il/crunch-coated-boat-fries-1/,duplicate,Redirect 301,https://compassgrill.co.il/crunch-coated-boat-fries/
https://compassgrill.co.il/crunch-coated-boat-fries-1/,404/410/soft 404,Redirect 301 to https://compassgrill.co.il/crunch-coated-boat-fries/,https://compassgrill.co.il/crunch-coated-boat-fries/
https://compassgrill.co.il/called,404/410/soft 404,Redirect 301 to https://compassgrill.co.il/called,https://compassgrill.co.il/called
https://compassgrill.co.il/eitan-meat-2/meat-vending-machine-24-7/angus-merguez-780g-frozen-automatic-meat-247/?sort=price&order=DESC,parameters,Noindex,https://compassgrill.co.il/eitan-meat-2/meat-vending-machine-24-7/angus-merguez-780g-frozen-automatic-meat-247/
https://compassgrill.co.il/eitan-meat-2/meat-vending-machine-24-7/angus-merguez-780g-frozen-automatic-meat-247/?sort=price&order=DESC,404/410/soft 404,Redirect 301 to https://compassgrill.co.il/eitan-meat-2/meat-vending-machine-24-7/angus-merguez-780g-frozen-automatic-meat-247/,https://compassgrill.co.il/eitan-meat-2/meat-vending-machine-24-7/angus-merguez-780g-frozen-automatic-meat-247/
https://compassgrill.co.il/brand/רוקח/videro-g2-s/,404/410/soft 404,Redirect 301 to https://compassgrill.co.il/brand/רוקח/videro-g2-s/,https://compassgrill.co.il/brand/רוקח/videro-g2-s/
https://compassgrill.co.il/poultry/chicken-steak-in-soy-honey-sauce-1kg/?category_id=105748&sort=pd.name&order=ASC,parameters,Noindex,https://compassgrill.co.il/poultry/chicken-steak-in-soy-honey-sauce-1kg/
https://compassgrill.co.il/poultry/chicken-steak-in-soy-honey-sauce-1kg/?category_id=105748&sort=pd.name&order=ASC,404/410/soft 404,Redirect 301 to https://compassgrill.co.il/poultry/chicken-steak-in-soy-honey-sauce-1kg/,https://compassgrill.co.il/poultry/chicken-steak-in-soy-honey-sauce-1kg/
https://compassgrill.co.il/gas-grills/גריל-גז-2-מבערים/ultimate-griddle-2-גריל-פלאנצ-ה-חדשני/?sort=price&order=DESC,parameters,Noindex,https://compassgrill.co.il/gas-grills/גריל-גז-2-מבערים/ultimate-griddle-2-גריל-פלאנצ-ה-חדשני/
https://compassgrill.co.il/gas-grills/גריל-גז-2-מבערים/ultimate-griddle-2-גריל-פלאנצ-ה-חדשני/?sort=price&order=DESC,404/410/soft 404,Redirect 301 to https://compassgrill.co.il/gas-grills/גריל-גז-2-מבערים/ultimate-griddle-2-גריל-פלאנצ-ה-חדשני/,https://compassgrill.co.il/gas-grills/גריל-גז-2-מבערים/ultimate-griddle-2-גריל-פלאנצ-ה-חדשני/
https://compassgrill.co.il/dark-gray-aluminum-gazebo-3-6x3-6m/,404/410/soft 404,Redirect 301 to https://compassgrill.co.il/dark-gray-aluminum-gazebo-3-6x3-6m/,https://compassgrill.co.il/dark-gray-aluminum-gazebo-3-6x3-6m/
https://compassgrill.co.il/gas-grills/גריל-גז-2-מבערים/ultimate-griddle-2-גריל-פלאנצ-ה-חדשני/?sort=rating&order=DESC,parameters,Noindex,https://compassgrill.co.il/gas-grills/גריל-גז-2-מבערים/ultimate-griddle-2-גריל-פלאנצ-ה-חדשני/
https://compassgrill.co.il/gas-grills/גריל-גז-2-מבערים/ultimate-griddle-2-גריל-פלאנצ-ה-חדשני/?sort=rating&order=DESC,404/410/soft 404,Redirect 301 to https://compassgrill.co.il/gas-grills/גריל-גז-2-מבערים/ultimate-griddle-2-גריל-פלאנצ-ה-חדשני/,https://compassgrill.co.il/gas-grills/גריל-גז-2-מבערים/ultimate-griddle-2-גריל-פלאנצ-ה-חדשני/
https://compassgrill.co.il/brand/רוקח/videro-g2-s,404/410/soft 404,Redirect 301 to https://compassgrill.co.il/brand/רוקח/videro-g2-s,https://compassgrill.co.il/brand/רוקח/videro-g2-s
https://compassgrill.co.il/gas-grills/גריל-גז-2-מבערים/ultimate-griddle-2-גריל-פלאנצ-ה-חדשני/?sort=p.model&order=ASC,parameters,Noindex,https://compassgrill.co.il/gas-grills/גריל-גז-2-מבערים/ultimate-griddle-2-גריל-פלאנצ-ה-חדשני/
https://compassgrill.co.il/gas-grills/גריל-גז-2-מבערים/ultimate-griddle-2-גריל-פלאנצ-ה-חדשני/?sort=p.model&order=ASC,404/410/soft 404,Redirect 301 to https://compassgrill.co.il/gas-grills/גריל-גז-2-מבערים/ultimate-griddle-2-גריל-פלאנצ-ה-חדשני/,https://compassgrill.co.il/gas-grills/גריל-גז-2-מבערים/ultimate-griddle-2-גריל-פלאנצ-ה-חדשני/
https://compassgrill.co.il/outdoor-kitchen/מטבח-חוץ-קלאסיק-1/,duplicate,Redirect 301,https://compassgrill.co.il/outdoor-kitchen/מטבח-חוץ-קלאסיק-1/
https://compassgrill.co.il/outdoor-kitchen/מטבח-חוץ-קלאסיק-1/,404/410/soft 404,Redirect 301 to https://compassgrill.co.il/outdoor-kitchen/מטבח-חוץ-קלאסיק-1/,https://compassgrill.co.il/outdoor-kitchen/מטבח-חוץ-קלאסיק-1/
https://compassgrill.co.il/eitan-meat-eilat/בשר-טרי/feedlot-angus-sirloin-steak-1/?category_id=125606&sort=price&order=DESC,parameters,Noindex,https://compassgrill.co.il/eitan-meat-eilat/בשר-טרי/feedlot-angus-sirloin-steak-1/
https://compassgrill.co.il/eitan-meat-eilat/בשר-טרי/feedlot-angus-sirloin-steak-1/?category_id=125606&sort=price&order=DESC,duplicate,Redirect 301,https://compassgrill.co.il/eitan-meat-eilat/בשר-טרי/feedlot-angus-sirloin-steak-1/
https://compassgrill.co.il/eitan-meat-eilat/בשר-טרי/feedlot-angus-sirloin-steak-1/?category_id=125606&sort=price&order=DESC,404/410/soft 404,Redirect 301 to https://compassgrill.co.il/eitan-meat-eilat/בשר-טרי/feedlot-angus-sirloin-steak-1/,https://compassgrill.co.il/eitan-meat-eilat/בשר-טרי/feedlot-angus-sirloin-steak-1/
https://compassgrill.co.il/מטבחי-גן-וציוד-נלווה-1/מטבחי-גן-וציוד-נלווה/מטבח-חוץ-קלאסיק-1/,duplicate,Redirect 301,https://compassgrill.co.il/מטבחי-גן-וציוד-נלווה-1/מטבחי-גן-וציוד-נלווה/מטבח-חוץ-קלאסיק-1/
https://compassgrill.co.il/מטבחי-גן-וציוד-נלווה-1/מטבחי-גן-וציוד-נלווה/מטבח-חוץ-קלאסיק-1/,404/410/soft 404,Redirect 301 to https://compassgrill.co.il/מטבחי-גן-וציוד-נלווה-1/מטבחי-גן-וציוד-נלווה/מטבח-חוץ-קלאסיק-1/,https://compassgrill.co.il/מטבחי-גן-וציוד-נלווה-1/מטבחי-גן-וציוד-נלווה/מטבח-חוץ-קלאסיק-1/
https://compassgrill.co.il/eitan-meat-eilat/בשר-טרי/feedlot-angus-sirloin-steak-1/?category_id=125606&sort=pd.name&order=DESC,parameters,Noindex,https://compassgrill.co.il/eitan-meat-eilat/בשר-טרי/feedlot-angus-sirloin-steak-1/
https://compassgrill.co.il/eitan-meat-eilat/בשר-טרי/feedlot-angus-sirloin-steak-1/?category_id=125606&sort=pd.name&order=DESC,duplicate,Redirect 301,https://compassgrill.co.il/eitan-meat-eilat/בשר-טרי/feedlot-angus-sirloin-steak-1/
https://compassgrill.co.il/eitan-meat-eilat/בשר-טרי/feedlot-angus-sirloin-steak-1/?category_id=125606&sort=pd.name&order=DESC,404/410/soft 404,Redirect 301 to https://compassgrill.co.il/eitan-meat-eilat/בשר-טרי/feedlot-angus-sirloin-steak-1/,https://compassgrill.co.il/eitan-meat-eilat/בשר-טרי/feedlot-angus-sirloin-steak-1/
https://compassgrill.co.il/chicken-steak-teriyaki-1kg-1/,duplicate,Redirect 301,https://compassgrill.co.il/chicken-steak-teriyaki-1kg/
https://compassgrill.co.il/chicken-steak-teriyaki-1kg-1/,404/410/soft 404,Redirect 301 to https://compassgrill.co.il/chicken-steak-teriyaki-1kg/,https://compassgrill.co.il/chicken-steak-teriyaki-1kg/
https://compassgrill.co.il/eitan-meat-2/poultry-3/premium-packed-frozen-foie-gras/,404/410/soft 404,Redirect 301 to https://compassgrill.co.il/eitan-meat-2/poultry-3/premium-packed-frozen-foie-gras/,https://compassgrill.co.il/eitan-meat-2/poultry-3/premium-packed-frozen-foie-gras/
https://compassgrill.co.il/brand/רוקח/4-ligorio/,404/410/soft 404,Redirect 301 to https://compassgrill.co.il/brand/רוקח/4-ligorio/,https://compassgrill.co.il/brand/רוקח/4-ligorio/
https://compassgrill.co.il/גריל-גז-2-מבערים/ultimate-griddle-2-גריל-פלאנצ-ה-חדשני/,404/410/soft 404,Redirect 301 to https://compassgrill.co.il/גריל-גז-2-מבערים/ultimate-griddle-2-גריל-פלאנצ-ה-חדשני/,https://compassgrill.co.il/גריל-גז-2-מבערים/ultimate-griddle-2-גריל-פלאנצ-ה-חדשני/
https://compassgrill.co.il/גריל-גז-2-מבערים/ultimate-griddle-2-גריל-פלאנצ-ה-חדשני/?category_id=108373,parameters,Canonical,https://compassgrill.co.il/גריל-גז-2-מבערים/ultimate-griddle-2-גריל-פלאנצ-ה-חדשני/
https://compassgrill.co.il/גריל-גז-2-מבערים/ultimate-griddle-2-גריל-פלאנצ-ה-חדשני/?category_id=108373,404/410/soft 404,Redirect 301 to https://compassgrill.co.il/גריל-גז-2-מבערים/ultimate-griddle-2-גריל-פלאנצ-ה-חדשני/,https://compassgrill.co.il/גריל-גז-2-מבערים/ultimate-griddle-2-גריל-פלאנצ-ה-חדשני/
https://compassgrill.co.il/gas-grills/ultimate-griddle-2-גריל-פלאנצ-ה-חדשני/?category_id=35202,parameters,Canonical,https://compassgrill.co.il/gas-grills/ultimate-griddle-2-גריל-פלאנצ-ה-חדשני/
https://compassgrill.co.il/gas-grills/ultimate-griddle-2-גריל-פלאנצ-ה-חדשני/?category_id=35202,404/410/soft 404,Redirect 301 to https://compassgrill.co.il/gas-grills/ultimate-griddle-2-גריל-פלאנצ-ה-חדשני/,https://compassgrill.co.il/gas-grills/ultimate-griddle-2-גריל-פלאנצ-ה-חדשני/
https://compassgrill.co.il/eitan-meat-2/meat-vending-machine-24-7/veal-patties-800g-frozen-automatic-247/?sort=p.model&order=ASC,parameters,Noindex,https://compassgrill.co.il/eitan-meat-2/meat-vending-machine-24-7/veal-patties-800g-frozen-automatic-247/
https://compassgrill.co.il/eitan-meat-2/meat-vending-machine-24-7/veal-patties-800g-frozen-automatic-247/?sort=p.model&order=ASC,404/410/soft 404,Redirect 301 to https://compassgrill.co.il/eitan-meat-2/meat-vending-machine-24-7/veal-patties-800g-frozen-automatic-247/,https://compassgrill.co.il/eitan-meat-2/meat-vending-machine-24-7/veal-patties-800g-frozen-automatic-247/
https://compassgrill.co.il/eitan-meat-2/meat-vending-machine-24-7/veal-patties-800g-frozen-automatic-247/?sort=rating&order=ASC,parameters,Noindex,https://compassgrill.co.il/eitan-meat-2/meat-vending-machine-24-7/veal-patties-800g-frozen-automatic-247/
https://compassgrill.co.il/eitan-meat-2/meat-vending-machine-24-7/veal-patties-800g-frozen-automatic-247/?sort=rating&order=ASC,404/410/soft 404,Redirect 301 to https://compassgrill.co.il/eitan-meat-2/meat-vending-machine-24-7/veal-patties-800g-frozen-automatic-247/,https://compassgrill.co.il/eitan-meat-2/meat-vending-machine-24-7/veal-patties-800g-frozen-automatic-247/
https://compassgrill.co.il/gas-grills/addizio-גריל-גז-3-מבערים/?sort=price&order=ASC,parameters,Noindex,https://compassgrill.co.il/gas-grills/addizio-גריל-גז-3-מבערים/
https://compassgrill.co.il/gas-grills/addizio-גריל-גז-3-מבערים/?sort=price&order=ASC,404/410/soft 404,Redirect 301 to https://compassgrill.co.il/gas-grills/addizio-גריל-גז-3-מבערים/,https://compassgrill.co.il/gas-grills/addizio-גריל-גז-3-מבערים/
https://compassgrill.co.il/gas-grills/addizio-גריל-גז-3-מבערים/?category_id=35202,parameters,Canonical,https://compassgrill.co.il/gas-grills/addizio-גריל-גז-3-מבערים/
https://compassgrill.co.il/gas-grills/addizio-גריל-גז-3-מבערים/?category_id=35202,404/410/soft 404,Redirect 301 to https://compassgrill.co.il/gas-grills/addizio-גריל-גז-3-מבערים/,https://compassgrill.co.il/gas-grills/addizio-גריל-גז-3-מבערים/
https://compassgrill.co.il/gas-grills/addizio-גריל-גז-3-מבערים/?sort=rating&order=ASC,parameters,Noindex,https://compassgrill.co.il/gas-grills/addizio-גריל-גז-3-מבערים/
https://compassgrill.co.il/gas-grills/addizio-גריל-גז-3-מבערים/?sort=rating&order=ASC,404/410/soft 404,Redirect 301 to https://compassgrill.co.il/gas-grills/addizio-גריל-גז-3-מבערים/,https://compassgrill.co.il/gas-grills/addizio-גריל-גז-3-מבערים/
https://compassgrill.co.il/brand/רוקח/imperatore-bi,404/410/soft 404,Redirect 301 to https://compassgrill.co.il/brand/רוקח/imperatore-bi,https://compassgrill.co.il/brand/רוקח/imperatore-bi
https://compassgrill.co.il/grill-smoker-accessories/boretti-ibrido-גריל-משולב-גז-פחמים/?sort=rating&order=ASC,parameters,Noindex,https://compassgrill.co.il/grill-smoker-accessories/boretti-ibrido-גריל-משולב-גז-פחמים/
https://compassgrill.co.il/grill-smoker-accessories/boretti-ibrido-גריל-משולב-גז-פחמים/?sort=rating&order=ASC,404/410/soft 404,Redirect 301 to https://compassgrill.co.il/grill-smoker-accessories/boretti-ibrido-גריל-משולב-גז-פחמים/,https://compassgrill.co.il/grill-smoker-accessories/boretti-ibrido-גריל-משולב-גז-פחמים/
https://compassgrill.co.il/מנגל-פחמים-ומנגל-לשיפודים-1/boretti-ibrido-גריל-משולב-גז-פחמים/,404/410/soft 404,Redirect 301 to https://compassgrill.co.il/מנגל-פחמים-ומנגל-לשיפודים-1/boretti-ibrido-גריל-משולב-גז-פחמים/,https://compassgrill.co.il/מנגל-פחמים-ומנגל-לשיפודים-1/boretti-ibrido-גריל-משולב-גז-פחמים/
https://compassgrill.co.il/chicken-steak-teriyaki-1kg/,404/410/soft 404,Redirect 301 to https://compassgrill.co.il/chicken-steak-teriyaki-1kg/,https://compassgrill.co.il/chicken-steak-teriyaki-1kg/
https://compassgrill.co.il/eitan-meat-2/veal-meatballs-830g-pack/?sort=rating&order=DESC,parameters,Noindex,https://compassgrill.co.il/eitan-meat-2/veal-meatballs-830g-pack/
https://compassgrill.co.il/eitan-meat-2/veal-meatballs-830g-pack/?sort=rating&order=DESC,404/410/soft 404,Redirect 301 to https://compassgrill.co.il/eitan-meat-2/veal-meatballs-830g-pack/,https://compassgrill.co.il/eitan-meat-2/veal-meatballs-830g-pack/
https://compassgrill.co.il/brand/eitan-meat-delicacies/chicken-steak-teriyaki-1kg/,404/410/soft 404,Redirect 301 to https://compassgrill.co.il/brand/eitan-meat-delicacies/chicken-steak-teriyaki-1kg/,https://compassgrill.co.il/brand/eitan-meat-delicacies/chicken-steak-teriyaki-1kg/
https://compassgrill.co.il/eitan-meat-eilat/frozen-meat/chicken-steak-teriyaki-1kg/?sort=rating&order=ASC,parameters,Noindex,https://compassgrill.co.il/eitan-meat-eilat/frozen-meat/chicken-steak-teriyaki-1kg/
https://compassgrill.co.il/eitan-meat-eilat/frozen-meat/chicken-steak-teriyaki-1kg/?sort=rating&order=ASC,404/410/soft 404,Redirect 301 to https://compassgrill.co.il/eitan-meat-eilat/frozen-meat/chicken-steak-teriyaki-1kg/,https://compassgrill.co.il/eitan-meat-eilat/frozen-meat/chicken-steak-teriyaki-1kg/
https://compassgrill.co.il/brand/compass/שיפודי-נירוסטה-יוקרתיים-עם-ידית-ברונזה-מארז-עור-פרימיום-1,duplicate,Redirect 301,https://compassgrill.co.il/brand/compass/שיפודי-נירוסטה-יוקרתיים-עם-ידית-ברונזה-מארז-עור-פרימיום-1
https://compassgrill.co.il/brand/compass/שיפודי-נירוסטה-יוקרתיים-עם-ידית-ברונזה-מארז-עור-פרימיום-1,404/410/soft 404,Redirect 301 to https://compassgrill.co.il/brand/compass/שיפודי-נירוסטה-יוקרתיים-עם-ידית-ברונזה-מארז-עור-פרימיום-1,https://compassgrill.co.il/brand/compass/שיפודי-נירוסטה-יוקרתיים-עם-ידית-ברונזה-מארז-עור-פרימיום-1
https://compassgrill.co.il/eitan-meat-eilat/frozen-meat/chicken-steak-teriyaki-1kg/?category_id=66836&sort=pd.name&order=ASC,parameters,Noindex,https://compassgrill.co.il/eitan-meat-eilat/frozen-meat/chicken-steak-teriyaki-1kg/
https://compassgrill.co.il/eitan-meat-eilat/frozen-meat/chicken-steak-teriyaki-1kg/?category_id=66836&sort=pd.name&order=ASC,404/410/soft 404,Redirect 301 to https://compassgrill.co.il/eitan-meat-eilat/frozen-meat/chicken-steak-teriyaki-1kg/,https://compassgrill.co.il/eitan-meat-eilat/frozen-meat/chicken-steak-teriyaki-1kg/
https://compassgrill.co.il/eitan-meat-eilat/frozen-meat/chicken-steak-teriyaki-1kg/?sort=p.model&order=DESC,parameters,Noindex,https://compassgrill.co.il/eitan-meat-eilat/frozen-meat/chicken-steak-teriyaki-1kg/
https://compassgrill.co.il/eitan-meat-eilat/frozen-meat/chicken-steak-teriyaki-1kg/?sort=p.model&order=DESC,404/410/soft 404,Redirect 301 to https://compassgrill.co.il/eitan-meat-eilat/frozen-meat/chicken-steak-teriyaki-1kg/,https://compassgrill.co.il/eitan-meat-eilat/frozen-meat/chicken-steak-teriyaki-1kg/
https://compassgrill.co.il/outdoor-kitchen-9/modular-outdoor-kitchens/cbu-611-al-black-kit/?category_id=80794&sort=rating&order=DESC,parameters,Noindex,https://compassgrill.co.il/outdoor-kitchen-9/modular-outdoor-kitchens/cbu-611-al-black-kit/
https://compassgrill.co.il/outdoor-kitchen-9/modular-outdoor-kitchens/cbu-611-al-black-kit/?category_id=80794&sort=rating&order=DESC,404/410/soft 404,Redirect 301 to https://compassgrill.co.il/outdoor-kitchen-9/modular-outdoor-kitchens/cbu-611-al-black-kit/,https://compassgrill.co.il/outdoor-kitchen-9/modular-outdoor-kitchens/cbu-611-al-black-kit/
https://compassgrill.co.il/eitan-meat-eilat/בשרים-קפואים/crunch-coated-boat-fries-1/?sort=price&order=ASC,parameters,Noindex,https://compassgrill.co.il/eitan-meat-eilat/בשרים-קפואים/crunch-coated-boat-fries/
https://compassgrill.co.il/eitan-meat-eilat/בשרים-קפואים/crunch-coated-boat-fries-1/?sort=price&order=ASC,duplicate,Redirect 301,https://compassgrill.co.il/eitan-meat-eilat/בשרים-קפואים/crunch-coated-boat-fries/
https://compassgrill.co.il/eitan-meat-eilat/בשרים-קפואים/crunch-coated-boat-fries-1/?sort=price&order=ASC,404/410/soft 404,Redirect 301 to https://compassgrill.co.il/eitan-meat-eilat/בשרים-קפואים/crunch-coated-boat-fries/,https://compassgrill.co.il/eitan-meat-eilat/בשרים-קפואים/crunch-coated-boat-fries/
https://compassgrill.co.il/smoker-tandoor/מנגל-פחמים-ומנגל-לשיפודים/charcoal-grill-with-legs-for-8-skewers-foldable-with-bag/?sort=p.sort_order&order=ASC,parameters,Noindex,https://compassgrill.co.il/smoker-tandoor/מנגל-פחמים-ומנגל-לשיפודים/charcoal-grill-with-legs-for-8-skewers-foldable-with-bag/
https://compassgrill.co.il/smoker-tandoor/מנגל-פחמים-ומנגל-לשיפודים/charcoal-grill-with-legs-for-8-skewers-foldable-with-bag/?sort=p.sort_order&order=ASC,404/410/soft 404,Redirect 301 to https://compassgrill.co.il/smoker-tandoor/מנגל-פחמים-ומנגל-לשיפודים/charcoal-grill-with-legs-for-8-skewers-foldable-with-bag/,https://compassgrill.co.il/smoker-tandoor/מנגל-פחמים-ומנגל-לשיפודים/charcoal-grill-with-legs-for-8-skewers-foldable-with-bag/
https://compassgrill.co.il/smoker-tandoor/מנגל-פחמים-ומנגל-לשיפודים/charcoal-grill-with-legs-for-8-skewers-foldable-with-bag/?category_id=36001&sort=p.sort_order&order=ASC,parameters,Noindex,https://compassgrill.co.il/smoker-tandoor/מנגל-פחמים-ומנגל-לשיפודים/charcoal-grill-with-legs-for-8-skewers-foldable-with-bag/
https://compassgrill.co.il/smoker-tandoor/מנגל-פחמים-ומנגל-לשיפודים/charcoal-grill-with-legs-for-8-skewers-foldable-with-bag/?category_id=36001&sort=p.sort_order&order=ASC,404/410/soft 404,Redirect 301 to https://compassgrill.co.il/smoker-tandoor/מנגל-פחמים-ומנגל-לשיפודים/charcoal-grill-with-legs-for-8-skewers-foldable-with-bag/,https://compassgrill.co.il/smoker-tandoor/מנגל-פחמים-ומנגל-לשיפודים/charcoal-grill-with-legs-for-8-skewers-foldable-with-bag/
https://compassgrill.co.il/kosher-calf-sweetbreads-argentina-1kg/,404/410/soft 404,Redirect 301 to https://compassgrill.co.il/kosher-calf-sweetbreads-argentina-1kg/,https://compassgrill.co.il/kosher-calf-sweetbreads-argentina-1kg/
https://compassgrill.co.il/ultimate-griddle-2-גריל-פלאנצ-ה-חדשני/,404/410/soft 404,Redirect 301 to https://compassgrill.co.il/ultimate-griddle-2-גריל-פלאנצ-ה-חדשני/,https://compassgrill.co.il/ultimate-griddle-2-גריל-פלאנצ-ה-חדשני/
https://compassgrill.co.il/gas-grills/ultimate-griddle-2-גריל-פלאנצ-ה-חדשני/,404/410/soft 404,Redirect 301 to https://compassgrill.co.il/gas-grills/ultimate-griddle-2-גריל-פלאנצ-ה-חדשני/,https://compassgrill.co.il/gas-grills/ultimate-griddle-2-גריל-פלאנצ-ה-חדשני/
https://compassgrill.co.il/poultry/chicken-steak-in-soy-honey-sauce-1kg/?category_id=105748&sort=rating&order=DESC,parameters,Noindex,https://compassgrill.co.il/poultry/chicken-steak-in-soy-honey-sauce-1kg/
https://compassgrill.co.il/poultry/chicken-steak-in-soy-honey-sauce-1kg/?category_id=105748&sort=rating&order=DESC,404/410/soft 404,Redirect 301 to https://compassgrill.co.il/poultry/chicken-steak-in-soy-honey-sauce-1kg/,https://compassgrill.co.il/poultry/chicken-steak-in-soy-honey-sauce-1kg/
https://compassgrill.co.il/premium-packed-frozen-foie-gras/,404/410/soft 404,Redirect 301 to https://compassgrill.co.il/premium-packed-frozen-foie-gras/,https://compassgrill.co.il/premium-packed-frozen-foie-gras/
https://compassgrill.co.il/brand/רוקח/lg800fp-founders-premier,404/410/soft 404,Redirect 301 to https://compassgrill.co.il/brand/רוקח/lg800fp-founders-premier,https://compassgrill.co.il/brand/רוקח/lg800fp-founders-premier
https://compassgrill.co.il/מנגל-פחמים-ומנגל-לשיפודים/?sort=pd.name&order=DESC,parameters,Noindex,https://compassgrill.co.il/מנגל-פחמים-ומנגל-לשיפודים/
https://compassgrill.co.il/מנגל-פחמים-ומנגל-לשיפודים/?sort=pd.name&order=DESC,404/410/soft 404,Redirect 301 to https://compassgrill.co.il/מנגל-פחמים-ומנגל-לשיפודים/,https://compassgrill.co.il/מנגל-פחמים-ומנגל-לשיפודים/
https://compassgrill.co.il/מנגל-פחמים-ומנגל-לשיפודים/?sort=p.model&order=DESC,parameters,Noindex,https://compassgrill.co.il/מנגל-פחמים-ומנגל-לשיפודים/
https://compassgrill.co.il/מנגל-פחמים-ומנגל-לשיפודים/?sort=p.model&order=DESC,404/410/soft 404,Redirect 301 to https://compassgrill.co.il/מנגל-פחמים-ומנגל-לשיפודים/,https://compassgrill.co.il/מנגל-פחמים-ומנגל-לשיפודים/
https://compassgrill.co.il/פחם-קוקוס-ללא-עשן/,404/410/soft 404,Redirect 301 to https://compassgrill.co.il/פחם-קוקוס-ללא-עשן/,https://compassgrill.co.il/פחם-קוקוס-ללא-עשן/
https://compassgrill.co.il/grill-smoker-accessories/skome-woods/,404/410/soft 404,Redirect 301 to https://compassgrill.co.il/grill-smoker-accessories/skome-woods/,https://compassgrill.co.il/grill-smoker-accessories/skome-woods/
https://compassgrill.co.il/brand/רוקח/4-ligorio,404/410/soft 404,Redirect 301 to https://compassgrill.co.il/brand/רוקח/4-ligorio,https://compassgrill.co.il/brand/רוקח/4-ligorio
https://compassgrill.co.il/smoker-tandoor/מעשנת-ארון-פלט-vertical-7/,404/410/soft 404,Redirect 301 to https://compassgrill.co.il/smoker-tandoor/מעשנת-ארון-פלט-vertical-7/,https://compassgrill.co.il/smoker-tandoor/מעשנת-ארון-פלט-vertical-7/
https://compassgrill.co.il/מעשנות-פלט/מעשנת-ארון-פלט-vertical-7/?category_id=34516,parameters,Canonical,https://compassgrill.co.il/מעשנות-פלט/מעשנת-ארון-פלט-vertical-7/
https://compassgrill.co.il/מעשנות-פלט/מעשנת-ארון-פלט-vertical-7/?category_id=34516,404/410/soft 404,Redirect 301 to https://compassgrill.co.il/מעשנות-פלט/מעשנת-ארון-פלט-vertical-7/,https://compassgrill.co.il/מעשנות-פלט/מעשנת-ארון-פלט-vertical-7/
https://compassgrill.co.il/מעשנות-פלט/מעשנת-ארון-פלט-vertical-7/,404/410/soft 404,Redirect 301 to https://compassgrill.co.il/מעשנות-פלט/מעשנת-ארון-פלט-vertical-7/,https://compassgrill.co.il/מעשנות-פלט/מעשנת-ארון-פלט-vertical-7/
https://compassgrill.co.il/eitan-meat-eilat/בשר-טרי/premium-certified-entrecote-pairs-vacuum-packed-500g-1/?sort=p.sort_order&order=ASC,parameters,Noindex,https://compassgrill.co.il/eitan-meat-eilat/בשר-טרי/premium-certified-entrecote-pairs-vacuum-packed-500g-1/
https://compassgrill.co.il/eitan-meat-eilat/בשר-טרי/premium-certified-entrecote-pairs-vacuum-packed-500g-1/?sort=p.sort_order&order=ASC,duplicate,Redirect 301,https://compassgrill.co.il/eitan-meat-eilat/בשר-טרי/premium-certified-entrecote-pairs-vacuum-packed-500g-1/
https://compassgrill.co.il/eitan-meat-eilat/בשר-טרי/premium-certified-entrecote-pairs-vacuum-packed-500g-1/?sort=p.sort_order&order=ASC,404/410/soft 404,Redirect 301 to https://compassgrill.co.il/eitan-meat-eilat/בשר-טרי/premium-certified-entrecote-pairs-vacuum-packed-500g-1/,https://compassgrill.co.il/eitan-meat-eilat/בשר-טרי/premium-certified-entrecote-pairs-vacuum-packed-500g-1/
https://compassgrill.co.il/בשר-טרי/premium-certified-entrecote-pairs-vacuum-packed-500g-1/?category_id=125606,parameters,Canonical,https://compassgrill.co.il/בשר-טרי/premium-certified-entrecote-pairs-vacuum-packed-500g/
https://compassgrill.co.il/בשר-טרי/premium-certified-entrecote-pairs-vacuum-packed-500g-1/?category_id=125606,duplicate,Redirect 301,https://compassgrill.co.il/בשר-טרי/premium-certified-entrecote-pairs-vacuum-packed-500g/
https://compassgrill.co.il/בשר-טרי/premium-certified-entrecote-pairs-vacuum-packed-500g-1/?category_id=125606,404/410/soft 404,Redirect 301 to https://compassgrill.co.il/בשר-טרי/premium-certified-entrecote-pairs-vacuum-packed-500g/,https://compassgrill.co.il/בשר-טרי/premium-certified-entrecote-pairs-vacuum-packed-500g/
https://compassgrill.co.il/eitan-meat-eilat/בשר-טרי/premium-certified-entrecote-pairs-vacuum-packed-500g-1/?sort=p.model&order=DESC,parameters,Noindex,https://compassgrill.co.il/eitan-meat-eilat/בשר-טרי/premium-certified-entrecote-pairs-vacuum-packed-500g-1/
https://compassgrill.co.il/eitan-meat-eilat/בשר-טרי/premium-certified-entrecote-pairs-vacuum-packed-500g-1/?sort=p.model&order=DESC,duplicate,Redirect 301,https://compassgrill.co.il/eitan-meat-eilat/בשר-טרי/premium-certified-entrecote-pairs-vacuum-packed-500g-1/
https://compassgrill.co.il/eitan-meat-eilat/בשר-טרי/premium-certified-entrecote-pairs-vacuum-packed-500g-1/?sort=p.model&order=DESC,404/410/soft 404,Redirect 301 to https://compassgrill.co.il/eitan-meat-eilat/בשר-טרי/premium-certified-entrecote-pairs-vacuum-packed-500g-1/,https://compassgrill.co.il/eitan-meat-eilat/בשר-טרי/premium-certified-entrecote-pairs-vacuum-packed-500g-1/
https://compassgrill.co.il/eitan-meat-eilat/בשר-טרי/angus-muscle-8-feedlot-1kg-1/?sort=rating&order=DESC,parameters,Noindex,https://compassgrill.co.il/eitan-meat-eilat/בשר-טרי/angus-muscle-8-feedlot-1kg/
https://compassgrill.co.il/eitan-meat-eilat/בשר-טרי/angus-muscle-8-feedlot-1kg-1/?sort=rating&order=DESC,duplicate,Redirect 301,https://compassgrill.co.il/eitan-meat-eilat/בשר-טרי/angus-muscle-8-feedlot-1kg/
https://compassgrill.co.il/eitan-meat-eilat/בשר-טרי/angus-muscle-8-feedlot-1kg-1/?sort=rating&order=DESC,404/410/soft 404,Redirect 301 to https://compassgrill.co.il/eitan-meat-eilat/בשר-טרי/angus-muscle-8-feedlot-1kg/,https://compassgrill.co.il/eitan-meat-eilat/בשר-טרי/angus-muscle-8-feedlot-1kg/
https://compassgrill.co.il/fresh-angus-sirloin-halved-2kg-1/,duplicate,Redirect 301,https://compassgrill.co.il/fresh-angus-sirloin-halved-2kg/
https://compassgrill.co.il/fresh-angus-sirloin-halved-2kg-1/,404/410/soft 404,Redirect 301 to https://compassgrill.co.il/fresh-angus-sirloin-halved-2kg/,https://compassgrill.co.il/fresh-angus-sirloin-halved-2kg/
https://compassgrill.co.il/eitan-meat-2/meat-vending-machine-24-7/kebab-cinnamon-stick-600g-frozen-automatic-meat-247/?sort=p.model&order=DESC,parameters,Noindex,https://compassgrill.co.il/eitan-meat-2/meat-vending-machine-24-7/kebab-cinnamon-stick-600g-frozen-automatic-meat-247/
https://compassgrill.co.il/eitan-meat-2/meat-vending-machine-24-7/kebab-cinnamon-stick-600g-frozen-automatic-meat-247/?sort=p.model&order=DESC,404/410/soft 404,Redirect 301 to https://compassgrill.co.il/eitan-meat-2/meat-vending-machine-24-7/kebab-cinnamon-stick-600g-frozen-automatic-meat-247/,https://compassgrill.co.il/eitan-meat-2/meat-vending-machine-24-7/kebab-cinnamon-stick-600g-frozen-automatic-meat-247/
https://compassgrill.co.il/crunch-coated-boat-fries/,404/410/soft 404,Redirect 301 to https://compassgrill.co.il/crunch-coated-boat-fries/,https://compassgrill.co.il/crunch-coated-boat-fries/
https://compassgrill.co.il/fresh-angus-sirloin-halved-2kg/,404/410/soft 404,Redirect 301 to https://compassgrill.co.il/fresh-angus-sirloin-halved-2kg/,https://compassgrill.co.il/fresh-angus-sirloin-halved-2kg/
https://compassgrill.co.il/מנגל-פחמים-ומנגל-לשיפודים/?sort=pd.name&order=ASC,parameters,Noindex,https://compassgrill.co.il/מנגל-פחמים-ומנגל-לשיפודים/
https://compassgrill.co.il/מנגל-פחמים-ומנגל-לשיפודים/?sort=pd.name&order=ASC,404/410/soft 404,Redirect 301 to https://compassgrill.co.il/מנגל-פחמים-ומנגל-לשיפודים/,https://compassgrill.co.il/מנגל-פחמים-ומנגל-לשיפודים/
https://compassgrill.co.il/outdoor-kitchen-1-1/מטבחי-גן-וציוד-נלווה/מטבח-חוץ-קלאסיק-1/,duplicate,Redirect 301,https://compassgrill.co.il/outdoor-kitchen-1-1/מטבחי-גן-וציוד-נלווה/מטבח-חוץ-קלאסיק-1/
https://compassgrill.co.il/outdoor-kitchen-1-1/מטבחי-גן-וציוד-נלווה/מטבח-חוץ-קלאסיק-1/,404/410/soft 404,Redirect 301 to https://compassgrill.co.il/outdoor-kitchen-1-1/מטבחי-גן-וציוד-נלווה/מטבח-חוץ-קלאסיק-1/,https://compassgrill.co.il/outdoor-kitchen-1-1/מטבחי-גן-וציוד-נלווה/מטבח-חוץ-קלאסיק-1/
https://compassgrill.co.il/outdoor-kitchen-1-1/מטבח-חוץ-קלאסיק-1/?sort=pd.name&order=ASC,parameters,Noindex,https://compassgrill.co.il/outdoor-kitchen-1-1/מטבח-חוץ-קלאסיק/
https://compassgrill.co.il/outdoor-kitchen-1-1/מטבח-חוץ-קלאסיק-1/?sort=pd.name&order=ASC,duplicate,Redirect 301,https://compassgrill.co.il/outdoor-kitchen-1-1/מטבח-חוץ-קלאסיק/
https://compassgrill.co.il/outdoor-kitchen-1-1/מטבח-חוץ-קלאסיק-1/?sort=pd.name&order=ASC,404/410/soft 404,Redirect 301 to https://compassgrill.co.il/outdoor-kitchen-1-1/מטבח-חוץ-קלאסיק/,https://compassgrill.co.il/outdoor-kitchen-1-1/מטבח-חוץ-קלאסיק/
https://compassgrill.co.il/מנגל-פחמים-ומנגל-לשיפודים/?sort=p.price&order=DESC,parameters,Noindex,https://compassgrill.co.il/מנגל-פחמים-ומנגל-לשיפודים/
https://compassgrill.co.il/מנגל-פחמים-ומנגל-לשיפודים/?sort=p.price&order=DESC,404/410/soft 404,Redirect 301 to https://compassgrill.co.il/מנגל-פחמים-ומנגל-לשיפודים/,https://compassgrill.co.il/מנגל-פחמים-ומנגל-לשיפודים/
https://compassgrill.co.il/מנגל-פחמים-ומנגל-לשיפודים/מנגל-קדירה-לקאזן-reckless-1/?sort=pd.name&order=ASC,parameters,Noindex,https://compassgrill.co.il/מנגל-פחמים-ומנגל-לשיפודים/מנגל-קדירה-לקאזן-reckless/
https://compassgrill.co.il/מנגל-פחמים-ומנגל-לשיפודים/מנגל-קדירה-לקאזן-reckless-1/?sort=pd.name&order=ASC,duplicate,Redirect 301,https://compassgrill.co.il/מנגל-פחמים-ומנגל-לשיפודים/מנגל-קדירה-לקאזן-reckless/
https://compassgrill.co.il/מנגל-פחמים-ומנגל-לשיפודים/מנגל-קדירה-לקאזן-reckless-1/?sort=pd.name&order=ASC,404/410/soft 404,Redirect 301 to https://compassgrill.co.il/מנגל-פחמים-ומנגל-לשיפודים/מנגל-קדירה-לקאזן-reckless/,https://compassgrill.co.il/מנגל-פחמים-ומנגל-לשיפודים/מנגל-קדירה-לקאזן-reckless/
https://compassgrill.co.il/מנגל-פחמים-ומנגל-לשיפודים/מנגל-פחמים-עם-רגליים-ל-6-שיפודים-נפתח-עם-תיק-1/?sort=p.model&order=DESC,parameters,Noindex,https://compassgrill.co.il/מנגל-פחמים-ומנגל-לשיפודים/מנגל-פחמים-עם-רגליים-ל-6-שיפודים-נפתח-עם-תיק/
https://compassgrill.co.il/מנגל-פחמים-ומנגל-לשיפודים/מנגל-פחמים-עם-רגליים-ל-6-שיפודים-נפתח-עם-תיק-1/?sort=p.model&order=DESC,duplicate,Redirect 301,https://compassgrill.co.il/מנגל-פחמים-ומנגל-לשיפודים/מנגל-פחמים-עם-רגליים-ל-6-שיפודים-נפתח-עם-תיק/
https://compassgrill.co.il/מנגל-פחמים-ומנגל-לשיפודים/מנגל-פחמים-עם-רגליים-ל-6-שיפודים-נפתח-עם-תיק-1/?sort=p.model&order=DESC,404/410/soft 404,Redirect 301 to https://compassgrill.co.il/מנגל-פחמים-ומנגל-לשיפודים/מנגל-פחמים-עם-רגליים-ל-6-שיפודים-נפתח-עם-תיק/,https://compassgrill.co.il/מנגל-פחמים-ומנגל-לשיפודים/מנגל-פחמים-עם-רגליים-ל-6-שיפודים-נפתח-עם-תיק/
https://compassgrill.co.il/מנגל-פחמים-ומנגל-לשיפודים/מנגל-פחמים-עם-רגליים-ל-8-שיפודים-נפתח-עם-תיק/?sort=pd.name&order=ASC,parameters,Noindex,https://compassgrill.co.il/מנגל-פחמים-ומנגל-לשיפודים/מנגל-פחמים-עם-רגליים-ל-8-שיפודים-נפתח-עם-תיק/
https://compassgrill.co.il/מנגל-פחמים-ומנגל-לשיפודים/מנגל-פחמים-עם-רגליים-ל-8-שיפודים-נפתח-עם-תיק/?sort=pd.name&order=ASC,404/410/soft 404,Redirect 301 to https://compassgrill.co.il/מנגל-פחמים-ומנגל-לשיפודים/מנגל-פחמים-עם-רגליים-ל-8-שיפודים-נפתח-עם-תיק/,https://compassgrill.co.il/מנגל-פחמים-ומנגל-לשיפודים/מנגל-פחמים-עם-רגליים-ל-8-שיפודים-נפתח-עם-תיק/
https://compassgrill.co.il/eitan-meat-2/meat-vending-machine-24-7/angus-merguez-780g-frozen-automatic-meat-247/?sort=pd.name&order=DESC,parameters,Noindex,https://compassgrill.co.il/eitan-meat-2/meat-vending-machine-24-7/angus-merguez-780g-frozen-automatic-meat-247/
https://compassgrill.co.il/eitan-meat-2/meat-vending-machine-24-7/angus-merguez-780g-frozen-automatic-meat-247/?sort=pd.name&order=DESC,404/410/soft 404,Redirect 301 to https://compassgrill.co.il/eitan-meat-2/meat-vending-machine-24-7/angus-merguez-780g-frozen-automatic-meat-247/,https://compassgrill.co.il/eitan-meat-2/meat-vending-machine-24-7/angus-merguez-780g-frozen-automatic-meat-247/
https://compassgrill.co.il/outdoor-kitchen/מטבחי-גן-וציוד-נלווה/מטבח-חוץ-קלאסיק-1/?category_id=80794&sort=p.sort_order&order=ASC,parameters,Noindex,https://compassgrill.co.il/outdoor-kitchen/מטבחי-גן-וציוד-נלווה/מטבח-חוץ-קלאסיק/
https://compassgrill.co.il/outdoor-kitchen/מטבחי-גן-וציוד-נלווה/מטבח-חוץ-קלאסיק-1/?category_id=80794&sort=p.sort_order&order=ASC,duplicate,Redirect 301,https://compassgrill.co.il/outdoor-kitchen/מטבחי-גן-וציוד-נלווה/מטבח-חוץ-קלאסיק/
https://compassgrill.co.il/outdoor-kitchen/מטבחי-גן-וציוד-נלווה/מטבח-חוץ-קלאסיק-1/?category_id=80794&sort=p.sort_order&order=ASC,404/410/soft 404,Redirect 301 to https://compassgrill.co.il/outdoor-kitchen/מטבחי-גן-וציוד-נלווה/מטבח-חוץ-קלאסיק/,https://compassgrill.co.il/outdoor-kitchen/מטבחי-גן-וציוד-נלווה/מטבח-חוץ-קלאסיק/
https://compassgrill.co.il/eitan-meat-2/meat-vending-machine-24-7/seasoned-chicken-wings-frozen-automatic-meat-247/?sort=rating&order=DESC,parameters,Noindex,https://compassgrill.co.il/eitan-meat-2/meat-vending-machine-24-7/seasoned-chicken-wings-frozen-automatic-meat-247/
https://compassgrill.co.il/eitan-meat-2/meat-vending-machine-24-7/seasoned-chicken-wings-frozen-automatic-meat-247/?sort=rating&order=DESC,404/410/soft 404,Redirect 301 to https://compassgrill.co.il/eitan-meat-2/meat-vending-machine-24-7/seasoned-chicken-wings-frozen-automatic-meat-247/,https://compassgrill.co.il/eitan-meat-2/meat-vending-machine-24-7/seasoned-chicken-wings-frozen-automatic-meat-247/
https://compassgrill.co.il/eitan-meat-2/veal-meatballs-830g-pack/?sort=pd.name&order=DESC,parameters,Noindex,https://compassgrill.co.il/eitan-meat-2/veal-meatballs-830g-pack/
https://compassgrill.co.il/eitan-meat-2/veal-meatballs-830g-pack/?sort=pd.name&order=DESC,404/410/soft 404,Redirect 301 to https://compassgrill.co.il/eitan-meat-2/veal-meatballs-830g-pack/,https://compassgrill.co.il/eitan-meat-2/veal-meatballs-830g-pack/
https://compassgrill.co.il/מנגל-פחמים-ומנגל-לשיפודים/?sort=rating&order=DESC,parameters,Noindex,https://compassgrill.co.il/מנגל-פחמים-ומנגל-לשיפודים/
https://compassgrill.co.il/מנגל-פחמים-ומנגל-לשיפודים/?sort=rating&order=DESC,404/410/soft 404,Redirect 301 to https://compassgrill.co.il/מנגל-פחמים-ומנגל-לשיפודים/,https://compassgrill.co.il/מנגל-פחמים-ומנגל-לשיפודים/
https://compassgrill.co.il/eitan-meat-2/frozen-meat/?sort=p.sort_order&order=ASC,parameters,Noindex,https://compassgrill.co.il/eitan-meat-2/frozen-meat/
https://compassgrill.co.il/eitan-meat-2/frozen-meat/?sort=p.sort_order&order=ASC,404/410/soft 404,Redirect 301 to https://compassgrill.co.il/eitan-meat-2/frozen-meat/,https://compassgrill.co.il/eitan-meat-2/frozen-meat/
https://compassgrill.co.il/outdoor-kitchen-1-1/מטבח-חוץ-קלאסיק-1/?category_id=97698,parameters,Canonical,https://compassgrill.co.il/outdoor-kitchen-1-1/מטבח-חוץ-קלאסיק/
https://compassgrill.co.il/outdoor-kitchen-1-1/מטבח-חוץ-קלאסיק-1/?category_id=97698,duplicate,Redirect 301,https://compassgrill.co.il/outdoor-kitchen-1-1/מטבח-חוץ-קלאסיק/
https://compassgrill.co.il/outdoor-kitchen-1-1/מטבח-חוץ-קלאסיק-1/?category_id=97698,404/410/soft 404,Redirect 301 to https://compassgrill.co.il/outdoor-kitchen-1-1/מטבח-חוץ-קלאסיק/,https://compassgrill.co.il/outdoor-kitchen-1-1/מטבח-חוץ-קלאסיק/
https://compassgrill.co.il/eitan-meat-2/veal-lamb-meatballs-830g-pack/?category_id=66834&sort=price&order=ASC,parameters,Noindex,https://compassgrill.co.il/eitan-meat-2/veal-lamb-meatballs-830g-pack/
https://compassgrill.co.il/eitan-meat-2/veal-lamb-meatballs-830g-pack/?category_id=66834&sort=price&order=ASC,404/410/soft 404,Redirect 301 to https://compassgrill.co.il/eitan-meat-2/veal-lamb-meatballs-830g-pack/,https://compassgrill.co.il/eitan-meat-2/veal-lamb-meatballs-830g-pack/
https://compassgrill.co.il/מנגל-פחמים-ומנגל-לשיפודים/?sort=p.price&order=ASC,parameters,Noindex,https://compassgrill.co.il/מנגל-פחמים-ומנגל-לשיפודים/
https://compassgrill.co.il/מנגל-פחמים-ומנגל-לשיפודים/?sort=p.price&order=ASC,404/410/soft 404,Redirect 301 to https://compassgrill.co.il/מנגל-פחמים-ומנגל-לשיפודים/,https://compassgrill.co.il/מנגל-פחמים-ומנגל-לשיפודים/
https://compassgrill.co.il/מערכת-ישיבה-בלה-שולחן-גבוה/?search&sort=p.model&order=ASC,parameters,Noindex,https://compassgrill.co.il/מערכת-ישיבה-בלה-שולחן-גבוה/
https://compassgrill.co.il/מערכת-ישיבה-בלה-שולחן-גבוה/?search&sort=p.model&order=ASC,404/410/soft 404,Redirect 301 to https://compassgrill.co.il/מערכת-ישיבה-בלה-שולחן-גבוה/,https://compassgrill.co.il/מערכת-ישיבה-בלה-שולחן-גבוה/
https://compassgrill.co.il/שוקיים-עוף-ארוז/?search&sort=p.model&order=DESC,parameters,Noindex,https://compassgrill.co.il/שוקיים-עוף-ארוז/
https://compassgrill.co.il/שוקיים-עוף-ארוז/?search&sort=p.model&order=DESC,404/410/soft 404,Redirect 301 to https://compassgrill.co.il/שוקיים-עוף-ארוז/,https://compassgrill.co.il/שוקיים-עוף-ארוז/
https://compassgrill.co.il/kosher-calf-sweetbreads-argentina-1kg-1/,duplicate,Redirect 301,https://compassgrill.co.il/kosher-calf-sweetbreads-argentina-1kg/
https://compassgrill.co.il/kosher-calf-sweetbreads-argentina-1kg-1/,404/410/soft 404,Redirect 301 to https://compassgrill.co.il/kosher-calf-sweetbreads-argentina-1kg/,https://compassgrill.co.il/kosher-calf-sweetbreads-argentina-1kg/
https://compassgrill.co.il/eitan-meat-2/meat-vending-machine-24-7/angus-burger-880g-frozen-automatic-meat-247/?sort=p.model&order=DESC,parameters,Noindex,https://compassgrill.co.il/eitan-meat-2/meat-vending-machine-24-7/angus-burger-880g-frozen-automatic-meat-247/
https://compassgrill.co.il/eitan-meat-2/meat-vending-machine-24-7/angus-burger-880g-frozen-automatic-meat-247/?sort=p.model&order=DESC,404/410/soft 404,Redirect 301 to https://compassgrill.co.il/eitan-meat-2/meat-vending-machine-24-7/angus-burger-880g-frozen-automatic-meat-247/,https://compassgrill.co.il/eitan-meat-2/meat-vending-machine-24-7/angus-burger-880g-frozen-automatic-meat-247/
https://compassgrill.co.il/eitan-meat-2/meat-vending-machine-24-7/iraqi-meatballs-800g-frozen-automatic-247/?sort=p.model&order=DESC,parameters,Noindex,https://compassgrill.co.il/eitan-meat-2/meat-vending-machine-24-7/iraqi-meatballs-800g-frozen-automatic-247/
https://compassgrill.co.il/eitan-meat-2/meat-vending-machine-24-7/iraqi-meatballs-800g-frozen-automatic-247/?sort=p.model&order=DESC,404/410/soft 404,Redirect 301 to https://compassgrill.co.il/eitan-meat-2/meat-vending-machine-24-7/iraqi-meatballs-800g-frozen-automatic-247/,https://compassgrill.co.il/eitan-meat-2/meat-vending-machine-24-7/iraqi-meatballs-800g-frozen-automatic-247/
https://compassgrill.co.il/premium-packed-frozen-foie-gras-1/,duplicate,Redirect 301,https://compassgrill.co.il/premium-packed-frozen-foie-gras/
https://compassgrill.co.il/premium-packed-frozen-foie-gras-1/,404/410/soft 404,Redirect 301 to https://compassgrill.co.il/premium-packed-frozen-foie-gras/,https://compassgrill.co.il/premium-packed-frozen-foie-gras/
https://compassgrill.co.il/eitan-meat-2/meat-vending-machine-24-7/chicken-thigh-steak-1kg-frozen-automatic-meat-247/?sort=p.model&order=DESC,parameters,Noindex,https://compassgrill.co.il/eitan-meat-2/meat-vending-machine-24-7/chicken-thigh-steak-1kg-frozen-automatic-meat-247/
https://compassgrill.co.il/eitan-meat-2/meat-vending-machine-24-7/chicken-thigh-steak-1kg-frozen-automatic-meat-247/?sort=p.model&order=DESC,404/410/soft 404,Redirect 301 to https://compassgrill.co.il/eitan-meat-2/meat-vending-machine-24-7/chicken-thigh-steak-1kg-frozen-automatic-meat-247/,https://compassgrill.co.il/eitan-meat-2/meat-vending-machine-24-7/chicken-thigh-steak-1kg-frozen-automatic-meat-247/
https://compassgrill.co.il/gas-charcoal-combo-grill-navada-canyon/,404/410/soft 404,Redirect 301 to https://compassgrill.co.il/gas-charcoal-combo-grill-navada-canyon/,https://compassgrill.co.il/gas-charcoal-combo-grill-navada-canyon/
https://compassgrill.co.il/כדור-ים-מתנפח-מצויר-בקוטר-51-ס-מ-intex-אינטקס/?search&sort=p.price&order=ASC,parameters,Noindex,https://compassgrill.co.il/כדור-ים-מתנפח-מצויר-בקוטר-51-ס-מ-intex-אינטקס/
https://compassgrill.co.il/כדור-ים-מתנפח-מצויר-בקוטר-51-ס-מ-intex-אינטקס/?search&sort=p.price&order=ASC,404/410/soft 404,Redirect 301 to https://compassgrill.co.il/כדור-ים-מתנפח-מצויר-בקוטר-51-ס-מ-intex-אינטקס/,https://compassgrill.co.il/כדור-ים-מתנפח-מצויר-בקוטר-51-ס-מ-intex-אינטקס/
https://compassgrill.co.il/eitan-meat-2/meat-vending-machine-24-7/chicken-thigh-steak-1kg-frozen-automatic-meat-247/?sort=rating&order=ASC,parameters,Noindex,https://compassgrill.co.il/eitan-meat-2/meat-vending-machine-24-7/chicken-thigh-steak-1kg-frozen-automatic-meat-247/
https://compassgrill.co.il/eitan-meat-2/meat-vending-machine-24-7/chicken-thigh-steak-1kg-frozen-automatic-meat-247/?sort=rating&order=ASC,404/410/soft 404,Redirect 301 to https://compassgrill.co.il/eitan-meat-2/meat-vending-machine-24-7/chicken-thigh-steak-1kg-frozen-automatic-meat-247/,https://compassgrill.co.il/eitan-meat-2/meat-vending-machine-24-7/chicken-thigh-steak-1kg-frozen-automatic-meat-247/
https://compassgrill.co.il/eitan-meat-2/frozen-meat/sorted-brain-bones-sliced-6-8-pcs/?category_id=66836&sort=rating&order=DESC,parameters,Noindex,https://compassgrill.co.il/eitan-meat-2/frozen-meat/sorted-brain-bones-sliced-6-8-pcs/
https://compassgrill.co.il/eitan-meat-2/frozen-meat/sorted-brain-bones-sliced-6-8-pcs/?category_id=66836&sort=rating&order=DESC,404/410/soft 404,Redirect 301 to https://compassgrill.co.il/eitan-meat-2/frozen-meat/sorted-brain-bones-sliced-6-8-pcs/,https://compassgrill.co.il/eitan-meat-2/frozen-meat/sorted-brain-bones-sliced-6-8-pcs/
https://compassgrill.co.il/grill-smoker-accessories/bazalt/,404/410/soft 404,Redirect 301 to https://compassgrill.co.il/grill-smoker-accessories/bazalt/,https://compassgrill.co.il/grill-smoker-accessories/bazalt/
https://compassgrill.co.il/outdoor-kitchen-1-1/?sort=pd.name&order=ASC,parameters,Noindex,https://compassgrill.co.il/outdoor-kitchen-1-1/
https://compassgrill.co.il/outdoor-kitchen-1-1/?sort=pd.name&order=ASC,duplicate,Redirect 301,https://compassgrill.co.il/outdoor-kitchen-1-1/
https://compassgrill.co.il/outdoor-kitchen-1-1/?sort=pd.name&order=ASC,404/410/soft 404,Redirect 301 to https://compassgrill.co.il/outdoor-kitchen-1-1/,https://compassgrill.co.il/outdoor-kitchen-1-1/
https://compassgrill.co.il/hickory-blend-smoking-wood-9kg/,404/410/soft 404,Redirect 301 to https://compassgrill.co.il/hickory-blend-smoking-wood-9kg/,https://compassgrill.co.il/hickory-blend-smoking-wood-9kg/
https://compassgrill.co.il/high-quality-outdoor-kitchen-304-canada-model/,404/410/soft 404,Redirect 301 to https://compassgrill.co.il/high-quality-outdoor-kitchen-304-canada-model/,https://compassgrill.co.il/high-quality-outdoor-kitchen-304-canada-model/
https://compassgrill.co.il/eitan-meat-2/veal-lamb-kebab-140g-6-pcs-pack/?sort=pd.name&order=DESC,parameters,Noindex,https://compassgrill.co.il/eitan-meat-2/veal-lamb-kebab-140g-6-pcs-pack/
https://compassgrill.co.il/eitan-meat-2/veal-lamb-kebab-140g-6-pcs-pack/?sort=pd.name&order=DESC,404/410/soft 404,Redirect 301 to https://compassgrill.co.il/eitan-meat-2/veal-lamb-kebab-140g-6-pcs-pack/,https://compassgrill.co.il/eitan-meat-2/veal-lamb-kebab-140g-6-pcs-pack/
https://compassgrill.co.il/ריהוט-גן-ומוצרים-נלווים/מטבחי-גן-וציוד-נלווה/מעשנת-ארון-פלט-vertical-3/,duplicate,Redirect 301,https://compassgrill.co.il/ריהוט-גן-ומוצרים-נלווים/מטבחי-גן-וציוד-נלווה/מעשנת-ארון-פלט-vertical-3/
https://compassgrill.co.il/ריהוט-גן-ומוצרים-נלווים/מטבחי-גן-וציוד-נלווה/מעשנת-ארון-פלט-vertical-3/,404/410/soft 404,Redirect 301 to https://compassgrill.co.il/ריהוט-גן-ומוצרים-נלווים/מטבחי-גן-וציוד-נלווה/מעשנת-ארון-פלט-vertical-3/,https://compassgrill.co.il/ריהוט-גן-ומוצרים-נלווים/מטבחי-גן-וציוד-נלווה/מעשנת-ארון-פלט-vertical-3/
https://compassgrill.co.il/מטבחי-גן-וציוד-נלווה/מעשנת-ארון-פלט-vertical-3/,duplicate,Redirect 301,https://compassgrill.co.il/מטבחי-גן-וציוד-נלווה/מעשנת-ארון-פלט-vertical-3/
https://compassgrill.co.il/מטבחי-גן-וציוד-נלווה/מעשנת-ארון-פלט-vertical-3/,404/410/soft 404,Redirect 301 to https://compassgrill.co.il/מטבחי-גן-וציוד-נלווה/מעשנת-ארון-פלט-vertical-3/,https://compassgrill.co.il/מטבחי-גן-וציוד-נלווה/מעשנת-ארון-פלט-vertical-3/
https://compassgrill.co.il/eitan-meat-2/meat-vending-machine-24-7/?sort=price&order=ASC,parameters,Noindex,https://compassgrill.co.il/eitan-meat-2/meat-vending-machine-24-7/
https://compassgrill.co.il/eitan-meat-2/meat-vending-machine-24-7/?sort=price&order=ASC,404/410/soft 404,Redirect 301 to https://compassgrill.co.il/eitan-meat-2/meat-vending-machine-24-7/,https://compassgrill.co.il/eitan-meat-2/meat-vending-machine-24-7/
https://compassgrill.co.il/מבצעי-השקה-24-03-23/מעשנת-פלט-טיילגייטר/,404/410/soft 404,Redirect 301 to https://compassgrill.co.il/מבצעי-השקה-24-03-23/מעשנת-פלט-טיילגייטר/,https://compassgrill.co.il/מבצעי-השקה-24-03-23/מעשנת-פלט-טיילגייטר/
https://compassgrill.co.il/gas-grills/?sort=pd.name&order=DESC,parameters,Noindex,https://compassgrill.co.il/gas-grills/
https://compassgrill.co.il/gas-grills/?sort=pd.name&order=DESC,404/410/soft 404,Redirect 301 to https://compassgrill.co.il/gas-grills/,https://compassgrill.co.il/gas-grills/
https://compassgrill.co.il/גזיבו-איכותי-2-2-2-גובה-2-7-מ/,404/410/soft 404,Redirect 301 to https://compassgrill.co.il/גזיבו-איכותי-2-2-2-גובה-2-7-מ/,https://compassgrill.co.il/גזיבו-איכותי-2-2-2-גובה-2-7-מ/
https://compassgrill.co.il/gas-grills/גריל-גז-rogue-xt-365sib-il-שחור/?sort=price&order=ASC,parameters,Noindex,https://compassgrill.co.il/gas-grills/גריל-גז-rogue-xt-365sib-il-שחור/
https://compassgrill.co.il/gas-grills/גריל-גז-rogue-xt-365sib-il-שחור/?sort=price&order=ASC,404/410/soft 404,Redirect 301 to https://compassgrill.co.il/gas-grills/גריל-גז-rogue-xt-365sib-il-שחור/,https://compassgrill.co.il/gas-grills/גריל-גז-rogue-xt-365sib-il-שחור/
https://compassgrill.co.il/gas-grills/גריל-גז-rogue-xt-365sib-il-שחור/?sort=rating&order=ASC,parameters,Noindex,https://compassgrill.co.il/gas-grills/גריל-גז-rogue-xt-365sib-il-שחור/
https://compassgrill.co.il/gas-grills/גריל-גז-rogue-xt-365sib-il-שחור/?sort=rating&order=ASC,404/410/soft 404,Redirect 301 to https://compassgrill.co.il/gas-grills/גריל-גז-rogue-xt-365sib-il-שחור/,https://compassgrill.co.il/gas-grills/גריל-גז-rogue-xt-365sib-il-שחור/
https://compassgrill.co.il/eitan-meat-2/poultry/?sort=price&order=ASC,parameters,Noindex,https://compassgrill.co.il/eitan-meat-2/poultry/
https://compassgrill.co.il/eitan-meat-2/poultry/?sort=price&order=ASC,404/410/soft 404,Redirect 301 to https://compassgrill.co.il/eitan-meat-2/poultry/,https://compassgrill.co.il/eitan-meat-2/poultry/
https://compassgrill.co.il/גריל-גז-rogue-xt-365sib-il-שחור/,404/410/soft 404,Redirect 301 to https://compassgrill.co.il/גריל-גז-rogue-xt-365sib-il-שחור/,https://compassgrill.co.il/גריל-גז-rogue-xt-365sib-il-שחור/
https://compassgrill.co.il/eitan-meat-2/fresh-beef/argentina-beef-6/?category_id=66835&sort=rating&order=DESC,parameters,Noindex,https://compassgrill.co.il/eitan-meat-2/fresh-beef/argentina-beef-6/
https://compassgrill.co.il/eitan-meat-2/fresh-beef/argentina-beef-6/?category_id=66835&sort=rating&order=DESC,404/410/soft 404,Redirect 301 to https://compassgrill.co.il/eitan-meat-2/fresh-beef/argentina-beef-6/,https://compassgrill.co.il/eitan-meat-2/fresh-beef/argentina-beef-6/
https://compassgrill.co.il/eitan-meat-eilat/בשר-טרי/feedlot-angus-sirloin-steak-1/?sort=pd.name&order=DESC,parameters,Noindex,https://compassgrill.co.il/eitan-meat-eilat/בשר-טרי/feedlot-angus-sirloin-steak-1/
https://compassgrill.co.il/eitan-meat-eilat/בשר-טרי/feedlot-angus-sirloin-steak-1/?sort=pd.name&order=DESC,duplicate,Redirect 301,https://compassgrill.co.il/eitan-meat-eilat/בשר-טרי/feedlot-angus-sirloin-steak-1/
https://compassgrill.co.il/eitan-meat-eilat/בשר-טרי/feedlot-angus-sirloin-steak-1/?sort=pd.name&order=DESC,404/410/soft 404,Redirect 301 to https://compassgrill.co.il/eitan-meat-eilat/בשר-טרי/feedlot-angus-sirloin-steak-1/,https://compassgrill.co.il/eitan-meat-eilat/בשר-טרי/feedlot-angus-sirloin-steak-1/
https://compassgrill.co.il/gas-grills/גריל-גז-freestyle-425-עם-כירת-צד-אינפרא-אדום-1/?sort=rating&order=DESC,parameters,Noindex,https://compassgrill.co.il/gas-grills/גריל-גז-freestyle-425-עם-כירת-צד-אינפרא-אדום/
https://compassgrill.co.il/gas-grills/גריל-גז-freestyle-425-עם-כירת-צד-אינפרא-אדום-1/?sort=rating&order=DESC,duplicate,Redirect 301,https://compassgrill.co.il/gas-grills/גריל-גז-freestyle-425-עם-כירת-צד-אינפרא-אדום/
https://compassgrill.co.il/gas-grills/גריל-גז-freestyle-425-עם-כירת-צד-אינפרא-אדום-1/?sort=rating&order=DESC,404/410/soft 404,Redirect 301 to https://compassgrill.co.il/gas-grills/גריל-גז-freestyle-425-עם-כירת-צד-אינפרא-אדום/,https://compassgrill.co.il/gas-grills/גריל-גז-freestyle-425-עם-כירת-צד-אינפרא-אדום/
https://compassgrill.co.il/gas-grills/גריל-גז-5-מבערים/גריל-גז-prestige-pro-665rsib/?sort=rating&order=DESC,parameters,Noindex,https://compassgrill.co.il/gas-grills/גריל-גז-5-מבערים/גריל-גז-prestige-pro-665rsib/
https://compassgrill.co.il/gas-grills/גריל-גז-5-מבערים/גריל-גז-prestige-pro-665rsib/?sort=rating&order=DESC,404/410/soft 404,Redirect 301 to https://compassgrill.co.il/gas-grills/גריל-גז-5-מבערים/גריל-גז-prestige-pro-665rsib/,https://compassgrill.co.il/gas-grills/גריל-גז-5-מבערים/גריל-גז-prestige-pro-665rsib/
https://compassgrill.co.il/brand/napoleon/גריל-גז-freestyle-425-עם-כירת-צד-אינפרא-אדום-1,duplicate,Redirect 301,https://compassgrill.co.il/brand/napoleon/גריל-גז-freestyle-425-עם-כירת-צד-אינפרא-אדום-1
https://compassgrill.co.il/brand/napoleon/גריל-גז-freestyle-425-עם-כירת-צד-אינפרא-אדום-1,404/410/soft 404,Redirect 301 to https://compassgrill.co.il/brand/napoleon/גריל-גז-freestyle-425-עם-כירת-צד-אינפרא-אדום-1,https://compassgrill.co.il/brand/napoleon/גריל-גז-freestyle-425-עם-כירת-צד-אינפרא-אדום-1
https://compassgrill.co.il/brand/napoleon/גריל-גז-freestyle-425-עם-כירת-צד-אינפרא-אדום-1/,duplicate,Redirect 301,https://compassgrill.co.il/brand/napoleon/גריל-גז-freestyle-425-עם-כירת-צד-אינפרא-אדום-1/
https://compassgrill.co.il/brand/napoleon/גריל-גז-freestyle-425-עם-כירת-צד-אינפרא-אדום-1/,404/410/soft 404,Redirect 301 to https://compassgrill.co.il/brand/napoleon/גריל-גז-freestyle-425-עם-כירת-צד-אינפרא-אדום-1/,https://compassgrill.co.il/brand/napoleon/גריל-גז-freestyle-425-עם-כירת-צד-אינפרא-אדום-1/
https://compassgrill.co.il/gas-grills/גריל-גז-freestyle-425-עם-כירת-צד-אינפרא-אדום-1/?sort=price&order=ASC,parameters,Noindex,https://compassgrill.co.il/gas-grills/גריל-גז-freestyle-425-עם-כירת-צד-אינפרא-אדום/
https://compassgrill.co.il/gas-grills/גריל-גז-freestyle-425-עם-כירת-צד-אינפרא-אדום-1/?sort=price&order=ASC,duplicate,Redirect 301,https://compassgrill.co.il/gas-grills/גריל-גז-freestyle-425-עם-כירת-צד-אינפרא-אדום/
https://compassgrill.co.il/gas-grills/גריל-גז-freestyle-425-עם-כירת-צד-אינפרא-אדום-1/?sort=price&order=ASC,404/410/soft 404,Redirect 301 to https://compassgrill.co.il/gas-grills/גריל-גז-freestyle-425-עם-כירת-צד-אינפרא-אדום/,https://compassgrill.co.il/gas-grills/גריל-גז-freestyle-425-עם-כירת-צד-אינפרא-אדום/
https://compassgrill.co.il/eitan-meat-2/frozen-meat/chicken-steak-teriyaki-1kg/?category_id=66836&sort=pd.name&order=ASC,parameters,Noindex,https://compassgrill.co.il/eitan-meat-2/frozen-meat/chicken-steak-teriyaki-1kg/
https://compassgrill.co.il/eitan-meat-2/frozen-meat/chicken-steak-teriyaki-1kg/?category_id=66836&sort=pd.name&order=ASC,404/410/soft 404,Redirect 301 to https://compassgrill.co.il/eitan-meat-2/frozen-meat/chicken-steak-teriyaki-1kg/,https://compassgrill.co.il/eitan-meat-2/frozen-meat/chicken-steak-teriyaki-1kg/
https://compassgrill.co.il/טאבונים-ומוצרים-לטאבונים/,404/410/soft 404,Redirect 301 to https://compassgrill.co.il/טאבונים-ומוצרים-לטאבונים/,https://compassgrill.co.il/טאבונים-ומוצרים-לטאבונים/
https://compassgrill.co.il/brand/eitan-meat-delicacies/chicken-steak-teriyaki-1kg,404/410/soft 404,Redirect 301 to https://compassgrill.co.il/brand/eitan-meat-delicacies/chicken-steak-teriyaki-1kg,https://compassgrill.co.il/brand/eitan-meat-delicacies/chicken-steak-teriyaki-1kg
https://compassgrill.co.il/eitan-meat-2/fresh-beef/premium-certified-entrecote-pairs-vacuum-packed-500g/?category_id=66835&sort=pd.name&order=DESC,parameters,Noindex,https://compassgrill.co.il/eitan-meat-2/fresh-beef/premium-certified-entrecote-pairs-vacuum-packed-500g/
https://compassgrill.co.il/eitan-meat-2/fresh-beef/premium-certified-entrecote-pairs-vacuum-packed-500g/?category_id=66835&sort=pd.name&order=DESC,404/410/soft 404,Redirect 301 to https://compassgrill.co.il/eitan-meat-2/fresh-beef/premium-certified-entrecote-pairs-vacuum-packed-500g/,https://compassgrill.co.il/eitan-meat-2/fresh-beef/premium-certified-entrecote-pairs-vacuum-packed-500g/
https://compassgrill.co.il/eitan-meat/fresh-beef/,404/410/soft 404,Redirect 301 to https://compassgrill.co.il/eitan-meat/fresh-beef/,https://compassgrill.co.il/eitan-meat/fresh-beef/
https://compassgrill.co.il/eitan-meat-eilat/בשר-טרי/feedlot-angus-sirloin-steak-1/?sort=pd.name&order=ASC,parameters,Noindex,https://compassgrill.co.il/eitan-meat-eilat/בשר-טרי/feedlot-angus-sirloin-steak-1/
https://compassgrill.co.il/eitan-meat-eilat/בשר-טרי/feedlot-angus-sirloin-steak-1/?sort=pd.name&order=ASC,duplicate,Redirect 301,https://compassgrill.co.il/eitan-meat-eilat/בשר-טרי/feedlot-angus-sirloin-steak-1/
https://compassgrill.co.il/eitan-meat-eilat/בשר-טרי/feedlot-angus-sirloin-steak-1/?sort=pd.name&order=ASC,404/410/soft 404,Redirect 301 to https://compassgrill.co.il/eitan-meat-eilat/בשר-טרי/feedlot-angus-sirloin-steak-1/,https://compassgrill.co.il/eitan-meat-eilat/בשר-טרי/feedlot-angus-sirloin-steak-1/
https://compassgrill.co.il/outdoor-kitchen-9/modular-outdoor-kitchens/128293-גריל-גז-סיזר-nero-6-מבערים-יחידת-מגירות-יחידת-כיור-caesar-nero-black/?category_id=80794&sort=rating&order=DESC,parameters,Noindex,https://compassgrill.co.il/outdoor-kitchen-9/modular-outdoor-kitchens/128293-גריל-גז-סיזר-nero-6-מבערים-יחידת-מגירות-יחידת-כיור-caesar-nero-black/
https://compassgrill.co.il/outdoor-kitchen-9/modular-outdoor-kitchens/128293-גריל-גז-סיזר-nero-6-מבערים-יחידת-מגירות-יחידת-כיור-caesar-nero-black/?category_id=80794&sort=rating&order=DESC,404/410/soft 404,Redirect 301 to https://compassgrill.co.il/outdoor-kitchen-9/modular-outdoor-kitchens/128293-גריל-גז-סיזר-nero-6-מבערים-יחידת-מגירות-יחידת-כיור-caesar-nero-black/,https://compassgrill.co.il/outdoor-kitchen-9/modular-outdoor-kitchens/128293-גריל-גז-סיזר-nero-6-מבערים-יחידת-מגירות-יחידת-כיור-caesar-nero-black/
https://compassgrill.co.il/eitan-meat-eilat/בשר-טרי/feedlot-angus-sirloin-steak-1/?sort=price&order=DESC,parameters,Noindex,https://compassgrill.co.il/eitan-meat-eilat/בשר-טרי/feedlot-angus-sirloin-steak-1/
https://compassgrill.co.il/eitan-meat-eilat/בשר-טרי/feedlot-angus-sirloin-steak-1/?sort=price&order=DESC,duplicate,Redirect 301,https://compassgrill.co.il/eitan-meat-eilat/בשר-טרי/feedlot-angus-sirloin-steak-1/
https://compassgrill.co.il/eitan-meat-eilat/בשר-טרי/feedlot-angus-sirloin-steak-1/?sort=price&order=DESC,404/410/soft 404,Redirect 301 to https://compassgrill.co.il/eitan-meat-eilat/בשר-טרי/feedlot-angus-sirloin-steak-1/,https://compassgrill.co.il/eitan-meat-eilat/בשר-טרי/feedlot-angus-sirloin-steak-1/
https://compassgrill.co.il/eitan-meat-eilat/בשר-טרי/feedlot-angus-sirloin-steak-1/?sort=p.model&order=ASC,parameters,Noindex,https://compassgrill.co.il/eitan-meat-eilat/בשר-טרי/feedlot-angus-sirloin-steak-1/
https://compassgrill.co.il/eitan-meat-eilat/בשר-טרי/feedlot-angus-sirloin-steak-1/?sort=p.model&order=ASC,duplicate,Redirect 301,https://compassgrill.co.il/eitan-meat-eilat/בשר-טרי/feedlot-angus-sirloin-steak-1/
https://compassgrill.co.il/eitan-meat-eilat/בשר-טרי/feedlot-angus-sirloin-steak-1/?sort=p.model&order=ASC,404/410/soft 404,Redirect 301 to https://compassgrill.co.il/eitan-meat-eilat/בשר-טרי/feedlot-angus-sirloin-steak-1/,https://compassgrill.co.il/eitan-meat-eilat/בשר-טרי/feedlot-angus-sirloin-steak-1/
https://compassgrill.co.il/שייטל-פידלוט-מצונן-כ-2-ק-ג/?search&sort=rating&order=DESC,parameters,Noindex,https://compassgrill.co.il/שייטל-פידלוט-מצונן-כ-2-ק-ג/
https://compassgrill.co.il/שייטל-פידלוט-מצונן-כ-2-ק-ג/?search&sort=rating&order=DESC,404/410/soft 404,Redirect 301 to https://compassgrill.co.il/שייטל-פידלוט-מצונן-כ-2-ק-ג/,https://compassgrill.co.il/שייטל-פידלוט-מצונן-כ-2-ק-ג/
https://compassgrill.co.il/שולחן-אש-westport/?search&sort=rating&order=DESC,parameters,Noindex,https://compassgrill.co.il/שולחן-אש-westport/
https://compassgrill.co.il/שולחן-אש-westport/?search&sort=rating&order=DESC,404/410/soft 404,Redirect 301 to https://compassgrill.co.il/שולחן-אש-westport/,https://compassgrill.co.il/שולחן-אש-westport/
https://compassgrill.co.il/eitan-meat-2/meat-vending-machine-24-7/iraqi-meatballs-800g-frozen-automatic-247/?sort=rating&order=ASC,parameters,Noindex,https://compassgrill.co.il/eitan-meat-2/meat-vending-machine-24-7/iraqi-meatballs-800g-frozen-automatic-247/
https://compassgrill.co.il/eitan-meat-2/meat-vending-machine-24-7/iraqi-meatballs-800g-frozen-automatic-247/?sort=rating&order=ASC,404/410/soft 404,Redirect 301 to https://compassgrill.co.il/eitan-meat-2/meat-vending-machine-24-7/iraqi-meatballs-800g-frozen-automatic-247/,https://compassgrill.co.il/eitan-meat-2/meat-vending-machine-24-7/iraqi-meatballs-800g-frozen-automatic-247/
https://compassgrill.co.il/gas-grills/addizio-גריל-גז-3-מבערים/,404/410/soft 404,Redirect 301 to https://compassgrill.co.il/gas-grills/addizio-גריל-גז-3-מבערים/,https://compassgrill.co.il/gas-grills/addizio-גריל-גז-3-מבערים/
https://compassgrill.co.il/addizio-גריל-גז-3-מבערים/,404/410/soft 404,Redirect 301 to https://compassgrill.co.il/addizio-גריל-גז-3-מבערים/,https://compassgrill.co.il/addizio-גריל-גז-3-מבערים/
https://compassgrill.co.il/eitan-meat-2/meat-vending-machine-24-7/romanian-kebab-homemade-650g-frozen-automatic-meat-247/?sort=rating&order=ASC,parameters,Noindex,https://compassgrill.co.il/eitan-meat-2/meat-vending-machine-24-7/romanian-kebab-homemade-650g-frozen-automatic-meat-247/
https://compassgrill.co.il/eitan-meat-2/meat-vending-machine-24-7/romanian-kebab-homemade-650g-frozen-automatic-meat-247/?sort=rating&order=ASC,404/410/soft 404,Redirect 301 to https://compassgrill.co.il/eitan-meat-2/meat-vending-machine-24-7/romanian-kebab-homemade-650g-frozen-automatic-meat-247/,https://compassgrill.co.il/eitan-meat-2/meat-vending-machine-24-7/romanian-kebab-homemade-650g-frozen-automatic-meat-247/
https://compassgrill.co.il/eitan-meat-2/fresh-beef/אנטריקוט-פידלוט-בלאק-אנגוס-חצוי-טרי/?category_id=66835&sort=p.sort_order&order=ASC,parameters,Noindex,https://compassgrill.co.il/eitan-meat-2/fresh-beef/אנטריקוט-פידלוט-בלאק-אנגוס-חצוי-טרי/
https://compassgrill.co.il/eitan-meat-2/fresh-beef/אנטריקוט-פידלוט-בלאק-אנגוס-חצוי-טרי/?category_id=66835&sort=p.sort_order&order=ASC,404/410/soft 404,Redirect 301 to https://compassgrill.co.il/eitan-meat-2/fresh-beef/אנטריקוט-פידלוט-בלאק-אנגוס-חצוי-טרי/,https://compassgrill.co.il/eitan-meat-2/fresh-beef/אנטריקוט-פידלוט-בלאק-אנגוס-חצוי-טרי/
https://compassgrill.co.il/eitan-meat-2/fresh-beef/אנטריקוט-פידלוט-בלאק-אנגוס-חצוי-טרי/?sort=p.sort_order&order=ASC,parameters,Noindex,https://compassgrill.co.il/eitan-meat-2/fresh-beef/אנטריקוט-פידלוט-בלאק-אנגוס-חצוי-טרי/
https://compassgrill.co.il/eitan-meat-2/fresh-beef/אנטריקוט-פידלוט-בלאק-אנגוס-חצוי-טרי/?sort=p.sort_order&order=ASC,404/410/soft 404,Redirect 301 to https://compassgrill.co.il/eitan-meat-2/fresh-beef/אנטריקוט-פידלוט-בלאק-אנגוס-חצוי-טרי/,https://compassgrill.co.il/eitan-meat-2/fresh-beef/אנטריקוט-פידלוט-בלאק-אנגוס-חצוי-טרי/
https://compassgrill.co.il/eitan-meat-2/fresh-beef/אנטריקוט-פידלוט-בלאק-אנגוס-חצוי-טרי/,404/410/soft 404,Redirect 301 to https://compassgrill.co.il/eitan-meat-2/fresh-beef/אנטריקוט-פידלוט-בלאק-אנגוס-חצוי-טרי/,https://compassgrill.co.il/eitan-meat-2/fresh-beef/אנטריקוט-פידלוט-בלאק-אנגוס-חצוי-טרי/
https://compassgrill.co.il/מעשנות-גרילים-וטנדור-מעשנות-גרילים-וטנדור-מעשנות-גרילים-וטנדור/boretti-ibrido-גריל-משולב-גז-פחמים/?category_id=97703,parameters,Canonical,https://compassgrill.co.il/מעשנות-גרילים-וטנדור-מעשנות-גרילים-וטנדור-מעשנות-גרילים-וטנדור/boretti-ibrido-גריל-משולב-גז-פחמים/
https://compassgrill.co.il/מעשנות-גרילים-וטנדור-מעשנות-גרילים-וטנדור-מעשנות-גרילים-וטנדור/boretti-ibrido-גריל-משולב-גז-פחמים/?category_id=97703,404/410/soft 404,Redirect 301 to https://compassgrill.co.il/מעשנות-גרילים-וטנדור-מעשנות-גרילים-וטנדור-מעשנות-גרילים-וטנדור/boretti-ibrido-גריל-משולב-גז-פחמים/,https://compassgrill.co.il/מעשנות-גרילים-וטנדור-מעשנות-גרילים-וטנדור-מעשנות-גרילים-וטנדור/boretti-ibrido-גריל-משולב-גז-פחמים/
https://compassgrill.co.il/eitan-meat-2/fresh-beef/fresh-angus-sirloin-halved-2kg/?category_id=66835&sort=p.model&order=DESC,parameters,Noindex,https://compassgrill.co.il/eitan-meat-2/fresh-beef/fresh-angus-sirloin-halved-2kg/
https://compassgrill.co.il/eitan-meat-2/fresh-beef/fresh-angus-sirloin-halved-2kg/?category_id=66835&sort=p.model&order=DESC,404/410/soft 404,Redirect 301 to https://compassgrill.co.il/eitan-meat-2/fresh-beef/fresh-angus-sirloin-halved-2kg/,https://compassgrill.co.il/eitan-meat-2/fresh-beef/fresh-angus-sirloin-halved-2kg/
https://compassgrill.co.il/eitan-meat-2/meat-vending-machine-24-7/angus-merguez-780g-frozen-automatic-meat-247/?category_id=125471&sort=p.model&order=ASC,parameters,Noindex,https://compassgrill.co.il/eitan-meat-2/meat-vending-machine-24-7/angus-merguez-780g-frozen-automatic-meat-247/
https://compassgrill.co.il/eitan-meat-2/meat-vending-machine-24-7/angus-merguez-780g-frozen-automatic-meat-247/?category_id=125471&sort=p.model&order=ASC,404/410/soft 404,Redirect 301 to https://compassgrill.co.il/eitan-meat-2/meat-vending-machine-24-7/angus-merguez-780g-frozen-automatic-meat-247/,https://compassgrill.co.il/eitan-meat-2/meat-vending-machine-24-7/angus-merguez-780g-frozen-automatic-meat-247/
https://compassgrill.co.il/eitan-meat-2/meat-vending-machine-24-7/angus-veal-chorizo-900g-tray-frozen-automatic-meat-247/?category_id=125471&sort=p.model&order=ASC,parameters,Noindex,https://compassgrill.co.il/eitan-meat-2/meat-vending-machine-24-7/angus-veal-chorizo-900g-tray-frozen-automatic-meat-247/
https://compassgrill.co.il/eitan-meat-2/meat-vending-machine-24-7/angus-veal-chorizo-900g-tray-frozen-automatic-meat-247/?category_id=125471&sort=p.model&order=ASC,404/410/soft 404,Redirect 301 to https://compassgrill.co.il/eitan-meat-2/meat-vending-machine-24-7/angus-veal-chorizo-900g-tray-frozen-automatic-meat-247/,https://compassgrill.co.il/eitan-meat-2/meat-vending-machine-24-7/angus-veal-chorizo-900g-tray-frozen-automatic-meat-247/
https://compassgrill.co.il/מנגל-פחמים-ומנגל-לשיפודים/מנגל-קערת-אש/?sort=p.price&order=ASC,parameters,Noindex,https://compassgrill.co.il/מנגל-פחמים-ומנגל-לשיפודים/מנגל-קערת-אש/
https://compassgrill.co.il/מנגל-פחמים-ומנגל-לשיפודים/מנגל-קערת-אש/?sort=p.price&order=ASC,404/410/soft 404,Redirect 301 to https://compassgrill.co.il/מנגל-פחמים-ומנגל-לשיפודים/מנגל-קערת-אש/,https://compassgrill.co.il/מנגל-פחמים-ומנגל-לשיפודים/מנגל-קערת-אש/
https://compassgrill.co.il/eitan-meat-2/meat-vending-machine-24-7/iraqi-meatballs-800g-frozen-automatic-247/?sort=price&order=DESC,parameters,Noindex,https://compassgrill.co.il/eitan-meat-2/meat-vending-machine-24-7/iraqi-meatballs-800g-frozen-automatic-247/
https://compassgrill.co.il/eitan-meat-2/meat-vending-machine-24-7/iraqi-meatballs-800g-frozen-automatic-247/?sort=price&order=DESC,404/410/soft 404,Redirect 301 to https://compassgrill.co.il/eitan-meat-2/meat-vending-machine-24-7/iraqi-meatballs-800g-frozen-automatic-247/,https://compassgrill.co.il/eitan-meat-2/meat-vending-machine-24-7/iraqi-meatballs-800g-frozen-automatic-247/
https://compassgrill.co.il/דיזה-למסנן-חול-emaux-אורך-115-מ-מ-אמוקס/?search&sort=p.price&order=ASC,parameters,Noindex,https://compassgrill.co.il/דיזה-למסנן-חול-emaux-אורך-115-מ-מ-אמוקס/
https://compassgrill.co.il/דיזה-למסנן-חול-emaux-אורך-115-מ-מ-אמוקס/?search&sort=p.price&order=ASC,404/410/soft 404,Redirect 301 to https://compassgrill.co.il/דיזה-למסנן-חול-emaux-אורך-115-מ-מ-אמוקס/,https://compassgrill.co.il/דיזה-למסנן-חול-emaux-אורך-115-מ-מ-אמוקס/
https://compassgrill.co.il/eitan-meat-2/meat-vending-machine-24-7/אנטריקוט-פידלוט-בלאק-אנגוס-copy-1/?sort=rating&order=DESC,parameters,Noindex,https://compassgrill.co.il/eitan-meat-2/meat-vending-machine-24-7/אנטריקוט-פידלוט-בלאק-אנגוס/
https://compassgrill.co.il/eitan-meat-2/meat-vending-machine-24-7/אנטריקוט-פידלוט-בלאק-אנגוס-copy-1/?sort=rating&order=DESC,duplicate,Redirect 301,https://compassgrill.co.il/eitan-meat-2/meat-vending-machine-24-7/אנטריקוט-פידלוט-בלאק-אנגוס/
https://compassgrill.co.il/eitan-meat-2/meat-vending-machine-24-7/אנטריקוט-פידלוט-בלאק-אנגוס-copy-1/?sort=rating&order=DESC,404/410/soft 404,Redirect 301 to https://compassgrill.co.il/eitan-meat-2/meat-vending-machine-24-7/אנטריקוט-פידלוט-בלאק-אנגוס/,https://compassgrill.co.il/eitan-meat-2/meat-vending-machine-24-7/אנטריקוט-פידלוט-בלאק-אנגוס/
https://compassgrill.co.il/eitan-meat-2/fresh-beef/angus-filet-fl-block-1-5kg/?category_id=66835&sort=price&order=ASC,parameters,Noindex,https://compassgrill.co.il/eitan-meat-2/fresh-beef/angus-filet-fl-block-1-5kg/
https://compassgrill.co.il/eitan-meat-2/fresh-beef/angus-filet-fl-block-1-5kg/?category_id=66835&sort=price&order=ASC,404/410/soft 404,Redirect 301 to https://compassgrill.co.il/eitan-meat-2/fresh-beef/angus-filet-fl-block-1-5kg/,https://compassgrill.co.il/eitan-meat-2/fresh-beef/angus-filet-fl-block-1-5kg/
https://compassgrill.co.il/smoker-tandoor/מעשנת-ארון-פלט-vertical-3/?category_id=34515&sort=rating&order=DESC,parameters,Noindex,https://compassgrill.co.il/smoker-tandoor/מעשנת-ארון-פלט-vertical-3/
https://compassgrill.co.il/smoker-tandoor/מעשנת-ארון-פלט-vertical-3/?category_id=34515&sort=rating&order=DESC,duplicate,Redirect 301,https://compassgrill.co.il/smoker-tandoor/מעשנת-ארון-פלט-vertical-3/
https://compassgrill.co.il/smoker-tandoor/מעשנת-ארון-פלט-vertical-3/?category_id=34515&sort=rating&order=DESC,404/410/soft 404,Redirect 301 to https://compassgrill.co.il/smoker-tandoor/מעשנת-ארון-פלט-vertical-3/,https://compassgrill.co.il/smoker-tandoor/מעשנת-ארון-פלט-vertical-3/
https://compassgrill.co.il/eitan-meat-eilat/fresh-meat-eilat/fresh-angus-sirloin-halved-2kg-1/?category_id=125606&sort=p.model&order=ASC,parameters,Noindex,https://compassgrill.co.il/eitan-meat-eilat/fresh-meat-eilat/fresh-angus-sirloin-halved-2kg/
https://compassgrill.co.il/eitan-meat-eilat/fresh-meat-eilat/fresh-angus-sirloin-halved-2kg-1/?category_id=125606&sort=p.model&order=ASC,duplicate,Redirect 301,https://compassgrill.co.il/eitan-meat-eilat/fresh-meat-eilat/fresh-angus-sirloin-halved-2kg/
https://compassgrill.co.il/eitan-meat-eilat/fresh-meat-eilat/fresh-angus-sirloin-halved-2kg-1/?category_id=125606&sort=p.model&order=ASC,404/410/soft 404,Redirect 301 to https://compassgrill.co.il/eitan-meat-eilat/fresh-meat-eilat/fresh-angus-sirloin-halved-2kg/,https://compassgrill.co.il/eitan-meat-eilat/fresh-meat-eilat/fresh-angus-sirloin-halved-2kg/
https://compassgrill.co.il/eitan-meat-2/frozen-meat/chicken-liver/?sort=pd.name&order=ASC,parameters,Noindex,https://compassgrill.co.il/eitan-meat-2/frozen-meat/chicken-liver/
https://compassgrill.co.il/eitan-meat-2/frozen-meat/chicken-liver/?sort=pd.name&order=ASC,404/410/soft 404,Redirect 301 to https://compassgrill.co.il/eitan-meat-2/frozen-meat/chicken-liver/,https://compassgrill.co.il/eitan-meat-2/frozen-meat/chicken-liver/
https://compassgrill.co.il/מנגל-פחמים-ומנגל-לשיפודים/?sort=price&order=ASC,parameters,Noindex,https://compassgrill.co.il/מנגל-פחמים-ומנגל-לשיפודים/
https://compassgrill.co.il/מנגל-פחמים-ומנגל-לשיפודים/?sort=price&order=ASC,404/410/soft 404,Redirect 301 to https://compassgrill.co.il/מנגל-פחמים-ומנגל-לשיפודים/,https://compassgrill.co.il/מנגל-פחמים-ומנגל-לשיפודים/
https://compassgrill.co.il/eitan-meat-2/meat-vending-machine-24-7/angus-veal-chorizo-900g-tray-frozen-automatic-meat-247/?sort=rating&order=ASC,parameters,Noindex,https://compassgrill.co.il/eitan-meat-2/meat-vending-machine-24-7/angus-veal-chorizo-900g-tray-frozen-automatic-meat-247/
https://compassgrill.co.il/eitan-meat-2/meat-vending-machine-24-7/angus-veal-chorizo-900g-tray-frozen-automatic-meat-247/?sort=rating&order=ASC,404/410/soft 404,Redirect 301 to https://compassgrill.co.il/eitan-meat-2/meat-vending-machine-24-7/angus-veal-chorizo-900g-tray-frozen-automatic-meat-247/,https://compassgrill.co.il/eitan-meat-2/meat-vending-machine-24-7/angus-veal-chorizo-900g-tray-frozen-automatic-meat-247/
https://compassgrill.co.il/בשרים-קפואים/קבב-עגל-טלה-140-גר-6-יח-במארז/?category_id=66836,parameters,Canonical,https://compassgrill.co.il/בשרים-קפואים/קבב-עגל-טלה-140-גר-6-יח-במארז/
https://compassgrill.co.il/בשרים-קפואים/קבב-עגל-טלה-140-גר-6-יח-במארז/?category_id=66836,404/410/soft 404,Redirect 301 to https://compassgrill.co.il/בשרים-קפואים/קבב-עגל-טלה-140-גר-6-יח-במארז/,https://compassgrill.co.il/בשרים-קפואים/קבב-עגל-טלה-140-גר-6-יח-במארז/
https://compassgrill.co.il/eitan-meat-eilat/טחונים-קפואים/קבב-עגל-טלה-140-גר-6-יח-במארז/,404/410/soft 404,Redirect 301 to https://compassgrill.co.il/eitan-meat-eilat/טחונים-קפואים/קבב-עגל-טלה-140-גר-6-יח-במארז/,https://compassgrill.co.il/eitan-meat-eilat/טחונים-קפואים/קבב-עגל-טלה-140-גר-6-יח-במארז/
https://compassgrill.co.il/eitan-meat-2/premium-sliced-lamb-ribs-6-pieces-tray/?category_id=66834&sort=rating&order=DESC,parameters,Noindex,https://compassgrill.co.il/eitan-meat-2/premium-sliced-lamb-ribs-6-pieces-tray/
https://compassgrill.co.il/eitan-meat-2/premium-sliced-lamb-ribs-6-pieces-tray/?category_id=66834&sort=rating&order=DESC,404/410/soft 404,Redirect 301 to https://compassgrill.co.il/eitan-meat-2/premium-sliced-lamb-ribs-6-pieces-tray/,https://compassgrill.co.il/eitan-meat-2/premium-sliced-lamb-ribs-6-pieces-tray/
https://compassgrill.co.il/טחונים-קפואים/קבב-עגל-טלה-140-גר-6-יח-במארז/,404/410/soft 404,Redirect 301 to https://compassgrill.co.il/טחונים-קפואים/קבב-עגל-טלה-140-גר-6-יח-במארז/,https://compassgrill.co.il/טחונים-קפואים/קבב-עגל-טלה-140-גר-6-יח-במארז/
https://compassgrill.co.il/eitan-meat-2/premium-packed-frozen-foie-gras/?category_id=66834&sort=price&order=DESC,parameters,Noindex,https://compassgrill.co.il/eitan-meat-2/premium-packed-frozen-foie-gras/
https://compassgrill.co.il/eitan-meat-2/premium-packed-frozen-foie-gras/?category_id=66834&sort=price&order=DESC,404/410/soft 404,Redirect 301 to https://compassgrill.co.il/eitan-meat-2/premium-packed-frozen-foie-gras/,https://compassgrill.co.il/eitan-meat-2/premium-packed-frozen-foie-gras/
https://compassgrill.co.il/frozen-meat/premium-packed-frozen-foie-gras/,404/410/soft 404,Redirect 301 to https://compassgrill.co.il/frozen-meat/premium-packed-frozen-foie-gras/,https://compassgrill.co.il/frozen-meat/premium-packed-frozen-foie-gras/
https://compassgrill.co.il/בשר-טרי/denver-steak-fl-sliced-vacuum-packed-300g-1/?category_id=125606,parameters,Canonical,https://compassgrill.co.il/בשר-טרי/denver-steak-fl-sliced-vacuum-packed-300g/
https://compassgrill.co.il/בשר-טרי/denver-steak-fl-sliced-vacuum-packed-300g-1/?category_id=125606,duplicate,Redirect 301,https://compassgrill.co.il/בשר-טרי/denver-steak-fl-sliced-vacuum-packed-300g/
https://compassgrill.co.il/בשר-טרי/denver-steak-fl-sliced-vacuum-packed-300g-1/?category_id=125606,404/410/soft 404,Redirect 301 to https://compassgrill.co.il/בשר-טרי/denver-steak-fl-sliced-vacuum-packed-300g/,https://compassgrill.co.il/בשר-טרי/denver-steak-fl-sliced-vacuum-packed-300g/
https://compassgrill.co.il/eitan-meat-2/frozen-ground-meat/cinnamon-kebab-on-stick-55g-12-pcs-tray/?category_id=66897&sort=p.model&order=ASC,parameters,Noindex,https://compassgrill.co.il/eitan-meat-2/frozen-ground-meat/cinnamon-kebab-on-stick-55g-12-pcs-tray/
https://compassgrill.co.il/eitan-meat-2/frozen-ground-meat/cinnamon-kebab-on-stick-55g-12-pcs-tray/?category_id=66897&sort=p.model&order=ASC,404/410/soft 404,Redirect 301 to https://compassgrill.co.il/eitan-meat-2/frozen-ground-meat/cinnamon-kebab-on-stick-55g-12-pcs-tray/,https://compassgrill.co.il/eitan-meat-2/frozen-ground-meat/cinnamon-kebab-on-stick-55g-12-pcs-tray/
https://compassgrill.co.il/brand/רוקח/addizio,404/410/soft 404,Redirect 301 to https://compassgrill.co.il/brand/רוקח/addizio,https://compassgrill.co.il/brand/רוקח/addizio
https://compassgrill.co.il/שריר-אנגוס-מקוצב-קפוא-פידלוט-כ-1-ק-ג/?search&sort=pd.name&order=DESC,parameters,Noindex,https://compassgrill.co.il/שריר-אנגוס-מקוצב-קפוא-פידלוט-כ-1-ק-ג/
https://compassgrill.co.il/שריר-אנגוס-מקוצב-קפוא-פידלוט-כ-1-ק-ג/?search&sort=pd.name&order=DESC,404/410/soft 404,Redirect 301 to https://compassgrill.co.il/שריר-אנגוס-מקוצב-קפוא-פידלוט-כ-1-ק-ג/,https://compassgrill.co.il/שריר-אנגוס-מקוצב-קפוא-פידלוט-כ-1-ק-ג/
https://compassgrill.co.il/מנגל-פחמים-ומנגל-לשיפודים/פחם-קוקוס-ללא-עשן/?sort=p.model&order=ASC,parameters,Noindex,https://compassgrill.co.il/מנגל-פחמים-ומנגל-לשיפודים/פחם-קוקוס-ללא-עשן/
https://compassgrill.co.il/מנגל-פחמים-ומנגל-לשיפודים/פחם-קוקוס-ללא-עשן/?sort=p.model&order=ASC,404/410/soft 404,Redirect 301 to https://compassgrill.co.il/מנגל-פחמים-ומנגל-לשיפודים/פחם-קוקוס-ללא-עשן/,https://compassgrill.co.il/מנגל-פחמים-ומנגל-לשיפודים/פחם-קוקוס-ללא-עשן/
https://compassgrill.co.il/מטבחי-גן-וציוד-נלווה/?sort=p.price&order=ASC,parameters,Noindex,https://compassgrill.co.il/מטבחי-גן-וציוד-נלווה/
https://compassgrill.co.il/מטבחי-גן-וציוד-נלווה/?sort=p.price&order=ASC,404/410/soft 404,Redirect 301 to https://compassgrill.co.il/מטבחי-גן-וציוד-נלווה/,https://compassgrill.co.il/מטבחי-גן-וציוד-נלווה/
https://compassgrill.co.il/בריכות-intex-ספא-ואביזרים/בריכות-שחייה-ביתיות/,404/410/soft 404,Redirect 301 to https://compassgrill.co.il/בריכות-intex-ספא-ואביזרים/בריכות-שחייה-ביתיות/,https://compassgrill.co.il/בריכות-intex-ספא-ואביזרים/בריכות-שחייה-ביתיות/
https://compassgrill.co.il/גריל-גז/גריל-גז-6-מבערים/,404/410/soft 404,Redirect 301 to https://compassgrill.co.il/גריל-גז/גריל-גז-6-מבערים/,https://compassgrill.co.il/גריל-גז/גריל-גז-6-מבערים/
https://compassgrill.co.il/ריהוט-גן-ומוצרים-נלווים/מעשנת-ארון-פלט-vertical-3/?category_id=80649,parameters,Canonical,https://compassgrill.co.il/ריהוט-גן-ומוצרים-נלווים/מעשנת-ארון-פלט-vertical/
https://compassgrill.co.il/ריהוט-גן-ומוצרים-נלווים/מעשנת-ארון-פלט-vertical-3/?category_id=80649,duplicate,Redirect 301,https://compassgrill.co.il/ריהוט-גן-ומוצרים-נלווים/מעשנת-ארון-פלט-vertical/
https://compassgrill.co.il/ריהוט-גן-ומוצרים-נלווים/מעשנת-ארון-פלט-vertical-3/?category_id=80649,404/410/soft 404,Redirect 301 to https://compassgrill.co.il/ריהוט-גן-ומוצרים-נלווים/מעשנת-ארון-פלט-vertical/,https://compassgrill.co.il/ריהוט-גן-ומוצרים-נלווים/מעשנת-ארון-פלט-vertical/
https://compassgrill.co.il/שקיות-ואקום-מחורצות-במידה-40-30/?search&sort=rating&order=DESC,parameters,Noindex,https://compassgrill.co.il/שקיות-ואקום-מחורצות-במידה-40-30/
https://compassgrill.co.il/שקיות-ואקום-מחורצות-במידה-40-30/?search&sort=rating&order=DESC,404/410/soft 404,Redirect 301 to https://compassgrill.co.il/שקיות-ואקום-מחורצות-במידה-40-30/,https://compassgrill.co.il/שקיות-ואקום-מחורצות-במידה-40-30/
https://compassgrill.co.il/eitan-meat-2/premium-packed-frozen-foie-gras/?category_id=66834&sort=pd.name&order=ASC,parameters,Noindex,https://compassgrill.co.il/eitan-meat-2/premium-packed-frozen-foie-gras/
https://compassgrill.co.il/eitan-meat-2/premium-packed-frozen-foie-gras/?category_id=66834&sort=pd.name&order=ASC,404/410/soft 404,Redirect 301 to https://compassgrill.co.il/eitan-meat-2/premium-packed-frozen-foie-gras/,https://compassgrill.co.il/eitan-meat-2/premium-packed-frozen-foie-gras/
https://compassgrill.co.il/בשרים-קפואים/premium-packed-frozen-foie-gras-1/,duplicate,Redirect 301,https://compassgrill.co.il/בשרים-קפואים/premium-packed-frozen-foie-gras-1/
https://compassgrill.co.il/בשרים-קפואים/premium-packed-frozen-foie-gras-1/,404/410/soft 404,Redirect 301 to https://compassgrill.co.il/בשרים-קפואים/premium-packed-frozen-foie-gras-1/,https://compassgrill.co.il/בשרים-קפואים/premium-packed-frozen-foie-gras-1/
https://compassgrill.co.il/o-f-b-lite-גריל-גז-מבער-עליון-סלמנדרה/?search&sort=rating&order=ASC,parameters,Noindex,https://compassgrill.co.il/o-f-b-lite-גריל-גז-מבער-עליון-סלמנדרה/
https://compassgrill.co.il/o-f-b-lite-גריל-גז-מבער-עליון-סלמנדרה/?search&sort=rating&order=ASC,404/410/soft 404,Redirect 301 to https://compassgrill.co.il/o-f-b-lite-גריל-גז-מבער-עליון-סלמנדרה/,https://compassgrill.co.il/o-f-b-lite-גריל-גז-מבער-עליון-סלמנדרה/
https://compassgrill.co.il/שקיות-יישון-בשר-30-60-ס-מ-3-יחידות-umai-dry/?search&sort=pd.name&order=DESC,parameters,Noindex,https://compassgrill.co.il/שקיות-יישון-בשר-30-60-ס-מ-3-יחידות-umai-dry/
https://compassgrill.co.il/שקיות-יישון-בשר-30-60-ס-מ-3-יחידות-umai-dry/?search&sort=pd.name&order=DESC,404/410/soft 404,Redirect 301 to https://compassgrill.co.il/שקיות-יישון-בשר-30-60-ס-מ-3-יחידות-umai-dry/,https://compassgrill.co.il/שקיות-יישון-בשר-30-60-ס-מ-3-יחידות-umai-dry/
https://compassgrill.co.il/ultra-zyme-pro-אנזים-למניעת-לכלוכים-במים-לו-כלור/?search&sort=rating&order=ASC,parameters,Noindex,https://compassgrill.co.il/ultra-zyme-pro-אנזים-למניעת-לכלוכים-במים-לו-כלור/
https://compassgrill.co.il/ultra-zyme-pro-אנזים-למניעת-לכלוכים-במים-לו-כלור/?search&sort=rating&order=ASC,404/410/soft 404,Redirect 301 to https://compassgrill.co.il/ultra-zyme-pro-אנזים-למניעת-לכלוכים-במים-לו-כלור/,https://compassgrill.co.il/ultra-zyme-pro-אנזים-למניעת-לכלוכים-במים-לו-כלור/
https://compassgrill.co.il/שקיות-ואקום-מחורצות-במידה-15-30/?search&sort=rating&order=DESC,parameters,Noindex,https://compassgrill.co.il/שקיות-ואקום-מחורצות-במידה-15-30/
https://compassgrill.co.il/שקיות-ואקום-מחורצות-במידה-15-30/?search&sort=rating&order=DESC,404/410/soft 404,Redirect 301 to https://compassgrill.co.il/שקיות-ואקום-מחורצות-במידה-15-30/,https://compassgrill.co.il/שקיות-ואקום-מחורצות-במידה-15-30/
https://compassgrill.co.il/תנור-לסאונה-יבשה-עם-פיקוד-חיצוני-9kw-מוסטנג/?search&sort=pd.name&order=DESC,parameters,Noindex,https://compassgrill.co.il/תנור-לסאונה-יבשה-עם-פיקוד-חיצוני-9kw-מוסטנג/
https://compassgrill.co.il/תנור-לסאונה-יבשה-עם-פיקוד-חיצוני-9kw-מוסטנג/?search&sort=pd.name&order=DESC,404/410/soft 404,Redirect 301 to https://compassgrill.co.il/תנור-לסאונה-יבשה-עם-פיקוד-חיצוני-9kw-מוסטנג/,https://compassgrill.co.il/תנור-לסאונה-יבשה-עם-פיקוד-חיצוני-9kw-מוסטנג/
https://compassgrill.co.il/6-יח-שיפוד-נירוסטה-שטוח-לבשר-עופות-ירקות-700-3-20/?search&sort=rating&order=ASC,parameters,Noindex,https://compassgrill.co.il/6-יח-שיפוד-נירוסטה-שטוח-לבשר-עופות-ירקות-700-3-20/
https://compassgrill.co.il/6-יח-שיפוד-נירוסטה-שטוח-לבשר-עופות-ירקות-700-3-20/?search&sort=rating&order=ASC,404/410/soft 404,Redirect 301 to https://compassgrill.co.il/6-יח-שיפוד-נירוסטה-שטוח-לבשר-עופות-ירקות-700-3-20/,https://compassgrill.co.il/6-יח-שיפוד-נירוסטה-שטוח-לבשר-עופות-ירקות-700-3-20/
https://compassgrill.co.il/eitan-meat-eilat-1/poultry/frozen-chicken-shawarma-1kg/?sort=price&order=DESC,parameters,Noindex,https://compassgrill.co.il/eitan-meat-eilat-1/poultry/frozen-chicken-shawarma-1kg/
https://compassgrill.co.il/eitan-meat-eilat-1/poultry/frozen-chicken-shawarma-1kg/?sort=price&order=DESC,404/410/soft 404,Redirect 301 to https://compassgrill.co.il/eitan-meat-eilat-1/poultry/frozen-chicken-shawarma-1kg/,https://compassgrill.co.il/eitan-meat-eilat-1/poultry/frozen-chicken-shawarma-1kg/
https://compassgrill.co.il/eitan-meat-2/frozen-meat/premium-packed-frozen-foie-gras/,404/410/soft 404,Redirect 301 to https://compassgrill.co.il/eitan-meat-2/frozen-meat/premium-packed-frozen-foie-gras/,https://compassgrill.co.il/eitan-meat-2/frozen-meat/premium-packed-frozen-foie-gras/
https://compassgrill.co.il/smoker-tandoor/מנגל-פחמים-ומנגל-לשיפודים/stainless-steel-charcoal-grill-for-6-skewers-foldable-with-bag/?category_id=36001&sort=pd.name&order=ASC,parameters,Noindex,https://compassgrill.co.il/smoker-tandoor/מנגל-פחמים-ומנגל-לשיפודים/stainless-steel-charcoal-grill-for-6-skewers-foldable-with-bag/
https://compassgrill.co.il/smoker-tandoor/מנגל-פחמים-ומנגל-לשיפודים/stainless-steel-charcoal-grill-for-6-skewers-foldable-with-bag/?category_id=36001&sort=pd.name&order=ASC,404/410/soft 404,Redirect 301 to https://compassgrill.co.il/smoker-tandoor/מנגל-פחמים-ומנגל-לשיפודים/stainless-steel-charcoal-grill-for-6-skewers-foldable-with-bag/,https://compassgrill.co.il/smoker-tandoor/מנגל-פחמים-ומנגל-לשיפודים/stainless-steel-charcoal-grill-for-6-skewers-foldable-with-bag/
https://compassgrill.co.il/פויקה-מספר-2/?search&sort=p.price&order=ASC,parameters,Noindex,https://compassgrill.co.il/פויקה-מספר/
https://compassgrill.co.il/פויקה-מספר-2/?search&sort=p.price&order=ASC,duplicate,Redirect 301,https://compassgrill.co.il/פויקה-מספר/
https://compassgrill.co.il/פויקה-מספר-2/?search&sort=p.price&order=ASC,404/410/soft 404,Redirect 301 to https://compassgrill.co.il/פויקה-מספר/,https://compassgrill.co.il/פויקה-מספר/
https://compassgrill.co.il/eitan-meat-eilat/קבב-עגל-טלה-140-גר-6-יח-במארז/?sort=pd.name&order=DESC,parameters,Noindex,https://compassgrill.co.il/eitan-meat-eilat/קבב-עגל-טלה-140-גר-6-יח-במארז/
https://compassgrill.co.il/eitan-meat-eilat/קבב-עגל-טלה-140-גר-6-יח-במארז/?sort=pd.name&order=DESC,404/410/soft 404,Redirect 301 to https://compassgrill.co.il/eitan-meat-eilat/קבב-עגל-טלה-140-גר-6-יח-במארז/,https://compassgrill.co.il/eitan-meat-eilat/קבב-עגל-טלה-140-גר-6-יח-במארז/
https://compassgrill.co.il/eitan-meat-eilat/קבב-עגל-טלה-140-גר-6-יח-במארז/?sort=p.sort_order&order=ASC,parameters,Noindex,https://compassgrill.co.il/eitan-meat-eilat/קבב-עגל-טלה-140-גר-6-יח-במארז/
https://compassgrill.co.il/eitan-meat-eilat/קבב-עגל-טלה-140-גר-6-יח-במארז/?sort=p.sort_order&order=ASC,404/410/soft 404,Redirect 301 to https://compassgrill.co.il/eitan-meat-eilat/קבב-עגל-טלה-140-גר-6-יח-במארז/,https://compassgrill.co.il/eitan-meat-eilat/קבב-עגל-טלה-140-גר-6-יח-במארז/
https://compassgrill.co.il/eitan-meat-2/frozen-meat/kosher-calf-sweetbreads-argentina-1kg/?category_id=66836&sort=rating&order=DESC,parameters,Noindex,https://compassgrill.co.il/eitan-meat-2/frozen-meat/kosher-calf-sweetbreads-argentina-1kg/
https://compassgrill.co.il/eitan-meat-2/frozen-meat/kosher-calf-sweetbreads-argentina-1kg/?category_id=66836&sort=rating&order=DESC,404/410/soft 404,Redirect 301 to https://compassgrill.co.il/eitan-meat-2/frozen-meat/kosher-calf-sweetbreads-argentina-1kg/,https://compassgrill.co.il/eitan-meat-2/frozen-meat/kosher-calf-sweetbreads-argentina-1kg/
https://compassgrill.co.il/eitan-meat-2/meat-vending-machine-24-7/romanian-kebab-homemade-650g-frozen-automatic-meat-247/?category_id=125471&sort=pd.name&order=DESC,parameters,Noindex,https://compassgrill.co.il/eitan-meat-2/meat-vending-machine-24-7/romanian-kebab-homemade-650g-frozen-automatic-meat-247/
https://compassgrill.co.il/eitan-meat-2/meat-vending-machine-24-7/romanian-kebab-homemade-650g-frozen-automatic-meat-247/?category_id=125471&sort=pd.name&order=DESC,404/410/soft 404,Redirect 301 to https://compassgrill.co.il/eitan-meat-2/meat-vending-machine-24-7/romanian-kebab-homemade-650g-frozen-automatic-meat-247/,https://compassgrill.co.il/eitan-meat-2/meat-vending-machine-24-7/romanian-kebab-homemade-650g-frozen-automatic-meat-247/
https://compassgrill.co.il/eitan-meat-2/frozen-meat/flet-iron-feedlot-halak/?sort=pd.name&order=ASC,parameters,Noindex,https://compassgrill.co.il/eitan-meat-2/frozen-meat/flet-iron-feedlot-halak/
https://compassgrill.co.il/eitan-meat-2/frozen-meat/flet-iron-feedlot-halak/?sort=pd.name&order=ASC,404/410/soft 404,Redirect 301 to https://compassgrill.co.il/eitan-meat-2/frozen-meat/flet-iron-feedlot-halak/,https://compassgrill.co.il/eitan-meat-2/frozen-meat/flet-iron-feedlot-halak/
https://compassgrill.co.il/בשרים-קפואים/קבב-עגל-טלה-140-גר-6-יח-במארז/,404/410/soft 404,Redirect 301 to https://compassgrill.co.il/בשרים-קפואים/קבב-עגל-טלה-140-גר-6-יח-במארז/,https://compassgrill.co.il/בשרים-קפואים/קבב-עגל-טלה-140-גר-6-יח-במארז/
https://compassgrill.co.il/eitan-meat-eilat/קבב-עגל-טלה-140-גר-6-יח-במארז/?sort=p.model&order=DESC,parameters,Noindex,https://compassgrill.co.il/eitan-meat-eilat/קבב-עגל-טלה-140-גר-6-יח-במארז/
https://compassgrill.co.il/eitan-meat-eilat/קבב-עגל-טלה-140-גר-6-יח-במארז/?sort=p.model&order=DESC,404/410/soft 404,Redirect 301 to https://compassgrill.co.il/eitan-meat-eilat/קבב-עגל-טלה-140-גר-6-יח-במארז/,https://compassgrill.co.il/eitan-meat-eilat/קבב-עגל-טלה-140-גר-6-יח-במארז/
https://compassgrill.co.il/קבב-עגל-טלה-140-גר-6-יח-במארז/,404/410/soft 404,Redirect 301 to https://compassgrill.co.il/קבב-עגל-טלה-140-גר-6-יח-במארז/,https://compassgrill.co.il/קבב-עגל-טלה-140-גר-6-יח-במארז/
https://compassgrill.co.il/eitan-meat-eilat/קבב-עגל-טלה-140-גר-6-יח-במארז/?sort=rating&order=DESC,parameters,Noindex,https://compassgrill.co.il/eitan-meat-eilat/קבב-עגל-טלה-140-גר-6-יח-במארז/
https://compassgrill.co.il/eitan-meat-eilat/קבב-עגל-טלה-140-גר-6-יח-במארז/?sort=rating&order=DESC,404/410/soft 404,Redirect 301 to https://compassgrill.co.il/eitan-meat-eilat/קבב-עגל-טלה-140-גר-6-יח-במארז/,https://compassgrill.co.il/eitan-meat-eilat/קבב-עגל-טלה-140-גר-6-יח-במארז/
https://compassgrill.co.il/smoker-tandoor/מנגל-פחמים-ומנגל-לשיפודים/stainless-steel-charcoal-grill-for-6-skewers-foldable-with-bag/?sort=pd.name&order=ASC,parameters,Noindex,https://compassgrill.co.il/smoker-tandoor/מנגל-פחמים-ומנגל-לשיפודים/stainless-steel-charcoal-grill-for-6-skewers-foldable-with-bag/
https://compassgrill.co.il/smoker-tandoor/מנגל-פחמים-ומנגל-לשיפודים/stainless-steel-charcoal-grill-for-6-skewers-foldable-with-bag/?sort=pd.name&order=ASC,404/410/soft 404,Redirect 301 to https://compassgrill.co.il/smoker-tandoor/מנגל-פחמים-ומנגל-לשיפודים/stainless-steel-charcoal-grill-for-6-skewers-foldable-with-bag/,https://compassgrill.co.il/smoker-tandoor/מנגל-פחמים-ומנגל-לשיפודים/stainless-steel-charcoal-grill-for-6-skewers-foldable-with-bag/
https://compassgrill.co.il/gas-grills/גריל-גז-rogue-xt-365sib-il-שחור/,404/410/soft 404,Redirect 301 to https://compassgrill.co.il/gas-grills/גריל-גז-rogue-xt-365sib-il-שחור/,https://compassgrill.co.il/gas-grills/גריל-גז-rogue-xt-365sib-il-שחור/
https://compassgrill.co.il/gas-grills/גריל-גז-rogue-xt-365sib-il-שחור/?category_id=35202,parameters,Canonical,https://compassgrill.co.il/gas-grills/גריל-גז-rogue-xt-365sib-il-שחור/
https://compassgrill.co.il/gas-grills/גריל-גז-rogue-xt-365sib-il-שחור/?category_id=35202,404/410/soft 404,Redirect 301 to https://compassgrill.co.il/gas-grills/גריל-גז-rogue-xt-365sib-il-שחור/,https://compassgrill.co.il/gas-grills/גריל-גז-rogue-xt-365sib-il-שחור/
https://compassgrill.co.il/frozen-meat/kosher-calf-sweetbreads-argentina-1kg/?category_id=66836,parameters,Canonical,https://compassgrill.co.il/frozen-meat/kosher-calf-sweetbreads-argentina-1kg/
https://compassgrill.co.il/frozen-meat/kosher-calf-sweetbreads-argentina-1kg/?category_id=66836,404/410/soft 404,Redirect 301 to https://compassgrill.co.il/frozen-meat/kosher-calf-sweetbreads-argentina-1kg/,https://compassgrill.co.il/frozen-meat/kosher-calf-sweetbreads-argentina-1kg/
https://compassgrill.co.il/smoker-tandoor/מעשנת-ארון-פלט-vertical-3/?sort=p.model&order=ASC,parameters,Noindex,https://compassgrill.co.il/smoker-tandoor/מעשנת-ארון-פלט-vertical-3/
https://compassgrill.co.il/smoker-tandoor/מעשנת-ארון-פלט-vertical-3/?sort=p.model&order=ASC,duplicate,Redirect 301,https://compassgrill.co.il/smoker-tandoor/מעשנת-ארון-פלט-vertical-3/
https://compassgrill.co.il/smoker-tandoor/מעשנת-ארון-פלט-vertical-3/?sort=p.model&order=ASC,404/410/soft 404,Redirect 301 to https://compassgrill.co.il/smoker-tandoor/מעשנת-ארון-פלט-vertical-3/,https://compassgrill.co.il/smoker-tandoor/מעשנת-ארון-פלט-vertical-3/
https://compassgrill.co.il/smoker-tandoor/מעשנת-ארון-פלט-vertical-3/?sort=rating&order=DESC,parameters,Noindex,https://compassgrill.co.il/smoker-tandoor/מעשנת-ארון-פלט-vertical-3/
https://compassgrill.co.il/smoker-tandoor/מעשנת-ארון-פלט-vertical-3/?sort=rating&order=DESC,duplicate,Redirect 301,https://compassgrill.co.il/smoker-tandoor/מעשנת-ארון-פלט-vertical-3/
https://compassgrill.co.il/smoker-tandoor/מעשנת-ארון-פלט-vertical-3/?sort=rating&order=DESC,404/410/soft 404,Redirect 301 to https://compassgrill.co.il/smoker-tandoor/מעשנת-ארון-פלט-vertical-3/,https://compassgrill.co.il/smoker-tandoor/מעשנת-ארון-פלט-vertical-3/
https://compassgrill.co.il/smoker-tandoor/מעשנות-פלט/מעשנת-ארון-פלט-vertical-3/,duplicate,Redirect 301,https://compassgrill.co.il/smoker-tandoor/מעשנות-פלט/מעשנת-ארון-פלט-vertical-3/
https://compassgrill.co.il/smoker-tandoor/מעשנות-פלט/מעשנת-ארון-פלט-vertical-3/,404/410/soft 404,Redirect 301 to https://compassgrill.co.il/smoker-tandoor/מעשנות-פלט/מעשנת-ארון-פלט-vertical-3/,https://compassgrill.co.il/smoker-tandoor/מעשנות-פלט/מעשנת-ארון-פלט-vertical-3/
https://compassgrill.co.il/eitan-meat-2/fresh-beef/black-angus-feedlot-shoulder-roast-no-5-2kg/?sort=p.sort_order&order=ASC,parameters,Noindex,https://compassgrill.co.il/eitan-meat-2/fresh-beef/black-angus-feedlot-shoulder-roast-no-5-2kg/
https://compassgrill.co.il/eitan-meat-2/fresh-beef/black-angus-feedlot-shoulder-roast-no-5-2kg/?sort=p.sort_order&order=ASC,404/410/soft 404,Redirect 301 to https://compassgrill.co.il/eitan-meat-2/fresh-beef/black-angus-feedlot-shoulder-roast-no-5-2kg/,https://compassgrill.co.il/eitan-meat-2/fresh-beef/black-angus-feedlot-shoulder-roast-no-5-2kg/
https://compassgrill.co.il/eitan-meat-eilat/בשר-טרי/sliced-feedlot-sirloin-1/?sort=p.sort_order&order=ASC,parameters,Noindex,https://compassgrill.co.il/eitan-meat-eilat/בשר-טרי/sliced-feedlot-sirloin-1/
https://compassgrill.co.il/eitan-meat-eilat/בשר-טרי/sliced-feedlot-sirloin-1/?sort=p.sort_order&order=ASC,duplicate,Redirect 301,https://compassgrill.co.il/eitan-meat-eilat/בשר-טרי/sliced-feedlot-sirloin-1/
https://compassgrill.co.il/eitan-meat-eilat/בשר-טרי/sliced-feedlot-sirloin-1/?sort=p.sort_order&order=ASC,404/410/soft 404,Redirect 301 to https://compassgrill.co.il/eitan-meat-eilat/בשר-טרי/sliced-feedlot-sirloin-1/,https://compassgrill.co.il/eitan-meat-eilat/בשר-טרי/sliced-feedlot-sirloin-1/
https://compassgrill.co.il/butcher-kfar-saba/chicken-steak-teriyaki-1kg/,404/410/soft 404,Redirect 301 to https://compassgrill.co.il/butcher-kfar-saba/chicken-steak-teriyaki-1kg/,https://compassgrill.co.il/butcher-kfar-saba/chicken-steak-teriyaki-1kg/
https://compassgrill.co.il/gas-grills/?sort=p.model&order=DESC,parameters,Noindex,https://compassgrill.co.il/gas-grills/
https://compassgrill.co.il/gas-grills/?sort=p.model&order=DESC,404/410/soft 404,Redirect 301 to https://compassgrill.co.il/gas-grills/,https://compassgrill.co.il/gas-grills/
https://compassgrill.co.il/eitan-meat-eilat/בשר-טרי/sliced-feedlot-sirloin-1/,duplicate,Redirect 301,https://compassgrill.co.il/eitan-meat-eilat/בשר-טרי/sliced-feedlot-sirloin-1/
https://compassgrill.co.il/eitan-meat-eilat/בשר-טרי/sliced-feedlot-sirloin-1/,404/410/soft 404,Redirect 301 to https://compassgrill.co.il/eitan-meat-eilat/בשר-טרי/sliced-feedlot-sirloin-1/,https://compassgrill.co.il/eitan-meat-eilat/בשר-טרי/sliced-feedlot-sirloin-1/
https://compassgrill.co.il/eitan-meat-eilat/בשר-טרי/sliced-feedlot-sirloin-1/?sort=p.model&order=DESC,parameters,Noindex,https://compassgrill.co.il/eitan-meat-eilat/בשר-טרי/sliced-feedlot-sirloin-1/
https://compassgrill.co.il/eitan-meat-eilat/בשר-טרי/sliced-feedlot-sirloin-1/?sort=p.model&order=DESC,duplicate,Redirect 301,https://compassgrill.co.il/eitan-meat-eilat/בשר-טרי/sliced-feedlot-sirloin-1/
https://compassgrill.co.il/eitan-meat-eilat/בשר-טרי/sliced-feedlot-sirloin-1/?sort=p.model&order=DESC,404/410/soft 404,Redirect 301 to https://compassgrill.co.il/eitan-meat-eilat/בשר-טרי/sliced-feedlot-sirloin-1/,https://compassgrill.co.il/eitan-meat-eilat/בשר-טרי/sliced-feedlot-sirloin-1/
https://compassgrill.co.il/eitan-meat-eilat/kosher-calf-sweetbreads-argentina-1kg-1/?sort=price&order=DESC,parameters,Noindex,https://compassgrill.co.il/eitan-meat-eilat/kosher-calf-sweetbreads-argentina-1kg/
https://compassgrill.co.il/eitan-meat-eilat/kosher-calf-sweetbreads-argentina-1kg-1/?sort=price&order=DESC,duplicate,Redirect 301,https://compassgrill.co.il/eitan-meat-eilat/kosher-calf-sweetbreads-argentina-1kg/
https://compassgrill.co.il/eitan-meat-eilat/kosher-calf-sweetbreads-argentina-1kg-1/?sort=price&order=DESC,404/410/soft 404,Redirect 301 to https://compassgrill.co.il/eitan-meat-eilat/kosher-calf-sweetbreads-argentina-1kg/,https://compassgrill.co.il/eitan-meat-eilat/kosher-calf-sweetbreads-argentina-1kg/
https://compassgrill.co.il/smoker-tandoor/מעשנת-ארון-פלט-vertical-3/?category_id=34515,parameters,Canonical,https://compassgrill.co.il/smoker-tandoor/מעשנת-ארון-פלט-vertical-3/
https://compassgrill.co.il/smoker-tandoor/מעשנת-ארון-פלט-vertical-3/?category_id=34515,duplicate,Redirect 301,https://compassgrill.co.il/smoker-tandoor/מעשנת-ארון-פלט-vertical-3/
https://compassgrill.co.il/smoker-tandoor/מעשנת-ארון-פלט-vertical-3/?category_id=34515,404/410/soft 404,Redirect 301 to https://compassgrill.co.il/smoker-tandoor/מעשנת-ארון-פלט-vertical-3/,https://compassgrill.co.il/smoker-tandoor/מעשנת-ארון-פלט-vertical-3/
https://compassgrill.co.il/grill-smoker-accessories/פלנצ-ה-צליה-עגולה-דו-צ-יציקת-ברזל-1/?category_id=37972&sort=pd.name&order=DESC,parameters,Noindex,https://compassgrill.co.il/grill-smoker-accessories/פלנצ-ה-צליה-עגולה-דו-צ-יציקת-ברזל/
https://compassgrill.co.il/grill-smoker-accessories/פלנצ-ה-צליה-עגולה-דו-צ-יציקת-ברזל-1/?category_id=37972&sort=pd.name&order=DESC,duplicate,Redirect 301,https://compassgrill.co.il/grill-smoker-accessories/פלנצ-ה-צליה-עגולה-דו-צ-יציקת-ברזל/
https://compassgrill.co.il/grill-smoker-accessories/פלנצ-ה-צליה-עגולה-דו-צ-יציקת-ברזל-1/?category_id=37972&sort=pd.name&order=DESC,404/410/soft 404,Redirect 301 to https://compassgrill.co.il/grill-smoker-accessories/פלנצ-ה-צליה-עגולה-דו-צ-יציקת-ברזל/,https://compassgrill.co.il/grill-smoker-accessories/פלנצ-ה-צליה-עגולה-דו-צ-יציקת-ברזל/
https://compassgrill.co.il/גריל-גז/גריל-גז-5-מבערים/,404/410/soft 404,Redirect 301 to https://compassgrill.co.il/גריל-גז/גריל-גז-5-מבערים/,https://compassgrill.co.il/גריל-גז/גריל-גז-5-מבערים/
https://compassgrill.co.il/מעשנת-ארון-פלט-vertical-3/,duplicate,Redirect 301,https://compassgrill.co.il/מעשנת-ארון-פלט-vertical-3/
https://compassgrill.co.il/מעשנת-ארון-פלט-vertical-3/,404/410/soft 404,Redirect 301 to https://compassgrill.co.il/מעשנת-ארון-פלט-vertical-3/,https://compassgrill.co.il/מעשנת-ארון-פלט-vertical-3/
https://compassgrill.co.il/מעשנות-וגרילים-טנדור/,404/410/soft 404,Redirect 301 to https://compassgrill.co.il/מעשנות-וגרילים-טנדור/,https://compassgrill.co.il/מעשנות-וגרילים-טנדור/
https://compassgrill.co.il/smoker-tandoor/מעשנת-ארון-פלט-vertical-3/,duplicate,Redirect 301,https://compassgrill.co.il/smoker-tandoor/מעשנת-ארון-פלט-vertical-3/
https://compassgrill.co.il/smoker-tandoor/מעשנת-ארון-פלט-vertical-3/,404/410/soft 404,Redirect 301 to https://compassgrill.co.il/smoker-tandoor/מעשנת-ארון-פלט-vertical-3/,https://compassgrill.co.il/smoker-tandoor/מעשנת-ארון-פלט-vertical-3/
https://compassgrill.co.il/grill-smoker-accessories/cast-iron-tools-plov-cooking/dual-cast-iron-round-griddle-1/?category_id=35279&sort=p.model&order=ASC,parameters,Noindex,https://compassgrill.co.il/grill-smoker-accessories/cast-iron-tools-plov-cooking/dual-cast-iron-round-griddle/
https://compassgrill.co.il/grill-smoker-accessories/cast-iron-tools-plov-cooking/dual-cast-iron-round-griddle-1/?category_id=35279&sort=p.model&order=ASC,duplicate,Redirect 301,https://compassgrill.co.il/grill-smoker-accessories/cast-iron-tools-plov-cooking/dual-cast-iron-round-griddle/
https://compassgrill.co.il/grill-smoker-accessories/cast-iron-tools-plov-cooking/dual-cast-iron-round-griddle-1/?category_id=35279&sort=p.model&order=ASC,404/410/soft 404,Redirect 301 to https://compassgrill.co.il/grill-smoker-accessories/cast-iron-tools-plov-cooking/dual-cast-iron-round-griddle/,https://compassgrill.co.il/grill-smoker-accessories/cast-iron-tools-plov-cooking/dual-cast-iron-round-griddle/
https://compassgrill.co.il/grill-smoker-accessories/כלים-מברזל-ייצוק/פלנצ-ה-צליה-עגולה-דו-צ-יציקת-ברזל-1/?sort=p.sort_order&order=ASC,parameters,Noindex,https://compassgrill.co.il/grill-smoker-accessories/כלים-מברזל-ייצוק/פלנצ-ה-צליה-עגולה-דו-צ-יציקת-ברזל-1/
https://compassgrill.co.il/grill-smoker-accessories/כלים-מברזל-ייצוק/פלנצ-ה-צליה-עגולה-דו-צ-יציקת-ברזל-1/?sort=p.sort_order&order=ASC,duplicate,Redirect 301,https://compassgrill.co.il/grill-smoker-accessories/כלים-מברזל-ייצוק/פלנצ-ה-צליה-עגולה-דו-צ-יציקת-ברזל-1/
https://compassgrill.co.il/grill-smoker-accessories/כלים-מברזל-ייצוק/פלנצ-ה-צליה-עגולה-דו-צ-יציקת-ברזל-1/?sort=p.sort_order&order=ASC,404/410/soft 404,Redirect 301 to https://compassgrill.co.il/grill-smoker-accessories/כלים-מברזל-ייצוק/פלנצ-ה-צליה-עגולה-דו-צ-יציקת-ברזל-1/,https://compassgrill.co.il/grill-smoker-accessories/כלים-מברזל-ייצוק/פלנצ-ה-צליה-עגולה-דו-צ-יציקת-ברזל-1/
https://compassgrill.co.il/grill-smoker-accessories/כלים-מברזל-ייצוק/פלנצ-ה-צליה-עגולה-דו-צ-יציקת-ברזל-1/?sort=rating&order=ASC,parameters,Noindex,https://compassgrill.co.il/grill-smoker-accessories/כלים-מברזל-ייצוק/פלנצ-ה-צליה-עגולה-דו-צ-יציקת-ברזל-1/
https://compassgrill.co.il/grill-smoker-accessories/כלים-מברזל-ייצוק/פלנצ-ה-צליה-עגולה-דו-צ-יציקת-ברזל-1/?sort=rating&order=ASC,duplicate,Redirect 301,https://compassgrill.co.il/grill-smoker-accessories/כלים-מברזל-ייצוק/פלנצ-ה-צליה-עגולה-דו-צ-יציקת-ברזל-1/
https://compassgrill.co.il/grill-smoker-accessories/כלים-מברזל-ייצוק/פלנצ-ה-צליה-עגולה-דו-צ-יציקת-ברזל-1/?sort=rating&order=ASC,404/410/soft 404,Redirect 301 to https://compassgrill.co.il/grill-smoker-accessories/כלים-מברזל-ייצוק/פלנצ-ה-צליה-עגולה-דו-צ-יציקת-ברזל-1/,https://compassgrill.co.il/grill-smoker-accessories/כלים-מברזל-ייצוק/פלנצ-ה-צליה-עגולה-דו-צ-יציקת-ברזל-1/
https://compassgrill.co.il/grill-smoker-accessories/כלים-מברזל-ייצוק/פלנצ-ה-צליה-עגולה-דו-צ-יציקת-ברזל-1/?sort=price&order=DESC,parameters,Noindex,https://compassgrill.co.il/grill-smoker-accessories/כלים-מברזל-ייצוק/פלנצ-ה-צליה-עגולה-דו-צ-יציקת-ברזל-1/
https://compassgrill.co.il/grill-smoker-accessories/כלים-מברזל-ייצוק/פלנצ-ה-צליה-עגולה-דו-צ-יציקת-ברזל-1/?sort=price&order=DESC,duplicate,Redirect 301,https://compassgrill.co.il/grill-smoker-accessories/כלים-מברזל-ייצוק/פלנצ-ה-צליה-עגולה-דו-צ-יציקת-ברזל-1/
https://compassgrill.co.il/grill-smoker-accessories/כלים-מברזל-ייצוק/פלנצ-ה-צליה-עגולה-דו-צ-יציקת-ברזל-1/?sort=price&order=DESC,404/410/soft 404,Redirect 301 to https://compassgrill.co.il/grill-smoker-accessories/כלים-מברזל-ייצוק/פלנצ-ה-צליה-עגולה-דו-צ-יציקת-ברזל-1/,https://compassgrill.co.il/grill-smoker-accessories/כלים-מברזל-ייצוק/פלנצ-ה-צליה-עגולה-דו-צ-יציקת-ברזל-1/
https://compassgrill.co.il/מטבחי-חוץ-alumex/?sort=price&order=ASC,parameters,Noindex,https://compassgrill.co.il/מטבחי-חוץ-alumex/
https://compassgrill.co.il/מטבחי-חוץ-alumex/?sort=price&order=ASC,404/410/soft 404,Redirect 301 to https://compassgrill.co.il/מטבחי-חוץ-alumex/,https://compassgrill.co.il/מטבחי-חוץ-alumex/
https://compassgrill.co.il/cast-iron-cooking-tools/dual-cast-iron-round-griddle-1/?category_id=35280&sort=pd.name&order=ASC,parameters,Noindex,https://compassgrill.co.il/cast-iron-cooking-tools/dual-cast-iron-round-griddle-1/
https://compassgrill.co.il/cast-iron-cooking-tools/dual-cast-iron-round-griddle-1/?category_id=35280&sort=pd.name&order=ASC,duplicate,Redirect 301,https://compassgrill.co.il/cast-iron-cooking-tools/dual-cast-iron-round-griddle-1/
https://compassgrill.co.il/cast-iron-cooking-tools/dual-cast-iron-round-griddle-1/?category_id=35280&sort=pd.name&order=ASC,404/410/soft 404,Redirect 301 to https://compassgrill.co.il/cast-iron-cooking-tools/dual-cast-iron-round-griddle-1/,https://compassgrill.co.il/cast-iron-cooking-tools/dual-cast-iron-round-griddle-1/
https://compassgrill.co.il/outdoor-kitchen-1/מטבחי-חוץ-alumex/,404/410/soft 404,Redirect 301 to https://compassgrill.co.il/outdoor-kitchen-1/מטבחי-חוץ-alumex/,https://compassgrill.co.il/outdoor-kitchen-1/מטבחי-חוץ-alumex/
https://compassgrill.co.il/grill-smoker-accessories/כלים-מברזל-ייצוק/כלים-מברזל-ייצוק-1/פלנצ-ה-צליה-עגולה-דו-צ-יציקת-ברזל-1/?category_id=35280,parameters,Canonical,https://compassgrill.co.il/grill-smoker-accessories/כלים-מברזל-ייצוק/כלים-מברזל-ייצוק-1/פלנצ-ה-צליה-עגולה-דו-צ-יציקת-ברזל-1/
https://compassgrill.co.il/grill-smoker-accessories/כלים-מברזל-ייצוק/כלים-מברזל-ייצוק-1/פלנצ-ה-צליה-עגולה-דו-צ-יציקת-ברזל-1/?category_id=35280,duplicate,Redirect 301,https://compassgrill.co.il/grill-smoker-accessories/כלים-מברזל-ייצוק/כלים-מברזל-ייצוק-1/פלנצ-ה-צליה-עגולה-דו-צ-יציקת-ברזל-1/
https://compassgrill.co.il/grill-smoker-accessories/כלים-מברזל-ייצוק/כלים-מברזל-ייצוק-1/פלנצ-ה-צליה-עגולה-דו-צ-יציקת-ברזל-1/?category_id=35280,404/410/soft 404,Redirect 301 to https://compassgrill.co.il/grill-smoker-accessories/כלים-מברזל-ייצוק/כלים-מברזל-ייצוק-1/פלנצ-ה-צליה-עגולה-דו-צ-יציקת-ברזל-1/,https://compassgrill.co.il/grill-smoker-accessories/כלים-מברזל-ייצוק/כלים-מברזל-ייצוק-1/פלנצ-ה-צליה-עגולה-דו-צ-יציקת-ברזל-1/
https://compassgrill.co.il/grill-smoker-accessories/cast-iron-tools-plov-cooking/dual-cast-iron-round-griddle-1/?sort=p.model&order=ASC,parameters,Noindex,https://compassgrill.co.il/grill-smoker-accessories/cast-iron-tools-plov-cooking/dual-cast-iron-round-griddle/
https://compassgrill.co.il/grill-smoker-accessories/cast-iron-tools-plov-cooking/dual-cast-iron-round-griddle-1/?sort=p.model&order=ASC,duplicate,Redirect 301,https://compassgrill.co.il/grill-smoker-accessories/cast-iron-tools-plov-cooking/dual-cast-iron-round-griddle/
https://compassgrill.co.il/grill-smoker-accessories/cast-iron-tools-plov-cooking/dual-cast-iron-round-griddle-1/?sort=p.model&order=ASC,404/410/soft 404,Redirect 301 to https://compassgrill.co.il/grill-smoker-accessories/cast-iron-tools-plov-cooking/dual-cast-iron-round-griddle/,https://compassgrill.co.il/grill-smoker-accessories/cast-iron-tools-plov-cooking/dual-cast-iron-round-griddle/
https://compassgrill.co.il/eitan-meat-2/meat-vending-machine-24-7/angus-veal-chorizo-900g-tray-frozen-automatic-meat-247/?sort=p.model&order=DESC,parameters,Noindex,https://compassgrill.co.il/eitan-meat-2/meat-vending-machine-24-7/angus-veal-chorizo-900g-tray-frozen-automatic-meat-247/
https://compassgrill.co.il/eitan-meat-2/meat-vending-machine-24-7/angus-veal-chorizo-900g-tray-frozen-automatic-meat-247/?sort=p.model&order=DESC,404/410/soft 404,Redirect 301 to https://compassgrill.co.il/eitan-meat-2/meat-vending-machine-24-7/angus-veal-chorizo-900g-tray-frozen-automatic-meat-247/,https://compassgrill.co.il/eitan-meat-2/meat-vending-machine-24-7/angus-veal-chorizo-900g-tray-frozen-automatic-meat-247/
https://compassgrill.co.il/eitan-meat-2/meat-vending-machine-24-7/romanian-kebab-homemade-650g-frozen-automatic-meat-247/?sort=p.model&order=DESC,parameters,Noindex,https://compassgrill.co.il/eitan-meat-2/meat-vending-machine-24-7/romanian-kebab-homemade-650g-frozen-automatic-meat-247/
https://compassgrill.co.il/eitan-meat-2/meat-vending-machine-24-7/romanian-kebab-homemade-650g-frozen-automatic-meat-247/?sort=p.model&order=DESC,404/410/soft 404,Redirect 301 to https://compassgrill.co.il/eitan-meat-2/meat-vending-machine-24-7/romanian-kebab-homemade-650g-frozen-automatic-meat-247/,https://compassgrill.co.il/eitan-meat-2/meat-vending-machine-24-7/romanian-kebab-homemade-650g-frozen-automatic-meat-247/
https://compassgrill.co.il/eitan-meat-eilat/kosher-calf-sweetbreads-argentina-1kg-1/?sort=pd.name&order=DESC,parameters,Noindex,https://compassgrill.co.il/eitan-meat-eilat/kosher-calf-sweetbreads-argentina-1kg/
https://compassgrill.co.il/eitan-meat-eilat/kosher-calf-sweetbreads-argentina-1kg-1/?sort=pd.name&order=DESC,duplicate,Redirect 301,https://compassgrill.co.il/eitan-meat-eilat/kosher-calf-sweetbreads-argentina-1kg/
https://compassgrill.co.il/eitan-meat-eilat/kosher-calf-sweetbreads-argentina-1kg-1/?sort=pd.name&order=DESC,404/410/soft 404,Redirect 301 to https://compassgrill.co.il/eitan-meat-eilat/kosher-calf-sweetbreads-argentina-1kg/,https://compassgrill.co.il/eitan-meat-eilat/kosher-calf-sweetbreads-argentina-1kg/
https://compassgrill.co.il/eitan-meat-eilat/kosher-calf-sweetbreads-argentina-1kg-1/?sort=rating&order=DESC,parameters,Noindex,https://compassgrill.co.il/eitan-meat-eilat/kosher-calf-sweetbreads-argentina-1kg/
https://compassgrill.co.il/eitan-meat-eilat/kosher-calf-sweetbreads-argentina-1kg-1/?sort=rating&order=DESC,duplicate,Redirect 301,https://compassgrill.co.il/eitan-meat-eilat/kosher-calf-sweetbreads-argentina-1kg/
https://compassgrill.co.il/eitan-meat-eilat/kosher-calf-sweetbreads-argentina-1kg-1/?sort=rating&order=DESC,404/410/soft 404,Redirect 301 to https://compassgrill.co.il/eitan-meat-eilat/kosher-calf-sweetbreads-argentina-1kg/,https://compassgrill.co.il/eitan-meat-eilat/kosher-calf-sweetbreads-argentina-1kg/
https://compassgrill.co.il/eitan-meat-eilat/צלי-כתף-מס-5-פרוס-בלאק-אנגוס-פידלוט/,404/410/soft 404,Redirect 301 to https://compassgrill.co.il/eitan-meat-eilat/צלי-כתף-מס-5-פרוס-בלאק-אנגוס-פידלוט/,https://compassgrill.co.il/eitan-meat-eilat/צלי-כתף-מס-5-פרוס-בלאק-אנגוס-פידלוט/
https://compassgrill.co.il/תנור-לסאונה-יבשה-עם-פיקוד-עצמי-6kw-מוסטנג/?search&sort=pd.name&order=DESC,parameters,Noindex,https://compassgrill.co.il/תנור-לסאונה-יבשה-עם-פיקוד-עצמי-6kw-מוסטנג/
https://compassgrill.co.il/תנור-לסאונה-יבשה-עם-פיקוד-עצמי-6kw-מוסטנג/?search&sort=pd.name&order=DESC,404/410/soft 404,Redirect 301 to https://compassgrill.co.il/תנור-לסאונה-יבשה-עם-פיקוד-עצמי-6kw-מוסטנג/,https://compassgrill.co.il/תנור-לסאונה-יבשה-עם-פיקוד-עצמי-6kw-מוסטנג/
https://compassgrill.co.il/מטבחי-גן-וציוד-נלווה-1/מטבחי-גן-וציוד-נלווה/מטבח-חוץ-קלאסיק-1/?category_id=80794,parameters,Canonical,https://compassgrill.co.il/מטבחי-גן-וציוד-נלווה-1/מטבחי-גן-וציוד-נלווה/מטבח-חוץ-קלאסיק-1/
https://compassgrill.co.il/מטבחי-גן-וציוד-נלווה-1/מטבחי-גן-וציוד-נלווה/מטבח-חוץ-קלאסיק-1/?category_id=80794,duplicate,Redirect 301,https://compassgrill.co.il/מטבחי-גן-וציוד-נלווה-1/מטבחי-גן-וציוד-נלווה/מטבח-חוץ-קלאסיק-1/
https://compassgrill.co.il/מטבחי-גן-וציוד-נלווה-1/מטבחי-גן-וציוד-נלווה/מטבח-חוץ-קלאסיק-1/?category_id=80794,404/410/soft 404,Redirect 301 to https://compassgrill.co.il/מטבחי-גן-וציוד-נלווה-1/מטבחי-גן-וציוד-נלווה/מטבח-חוץ-קלאסיק-1/,https://compassgrill.co.il/מטבחי-גן-וציוד-נלווה-1/מטבחי-גן-וציוד-נלווה/מטבח-חוץ-קלאסיק-1/
https://compassgrill.co.il/שקדי-עגל-מוכשר-ארגנטינה-חלואיות-כ-1-ק-ג/?search&sort=rating&order=DESC,parameters,Noindex,https://compassgrill.co.il/שקדי-עגל-מוכשר-ארגנטינה-חלואיות-כ-1-ק-ג/
https://compassgrill.co.il/שקדי-עגל-מוכשר-ארגנטינה-חלואיות-כ-1-ק-ג/?search&sort=rating&order=DESC,404/410/soft 404,Redirect 301 to https://compassgrill.co.il/שקדי-עגל-מוכשר-ארגנטינה-חלואיות-כ-1-ק-ג/,https://compassgrill.co.il/שקדי-עגל-מוכשר-ארגנטינה-חלואיות-כ-1-ק-ג/
https://compassgrill.co.il/compass-skewers/leather-case-stainless-steel-skewers-2/?sort=p.model&order=DESC,parameters,Noindex,https://compassgrill.co.il/compass-skewers/leather-case-stainless-steel-skewers-2/
https://compassgrill.co.il/compass-skewers/leather-case-stainless-steel-skewers-2/?sort=p.model&order=DESC,duplicate,Redirect 301,https://compassgrill.co.il/compass-skewers/leather-case-stainless-steel-skewers-2/
https://compassgrill.co.il/compass-skewers/leather-case-stainless-steel-skewers-2/?sort=p.model&order=DESC,404/410/soft 404,Redirect 301 to https://compassgrill.co.il/compass-skewers/leather-case-stainless-steel-skewers-2/,https://compassgrill.co.il/compass-skewers/leather-case-stainless-steel-skewers-2/
https://compassgrill.co.il/grill-smoker-accessories/cast-iron-tools-plov-cooking/dual-cast-iron-round-griddle-1/?sort=price&order=ASC,parameters,Noindex,https://compassgrill.co.il/grill-smoker-accessories/cast-iron-tools-plov-cooking/dual-cast-iron-round-griddle/
https://compassgrill.co.il/grill-smoker-accessories/cast-iron-tools-plov-cooking/dual-cast-iron-round-griddle-1/?sort=price&order=ASC,duplicate,Redirect 301,https://compassgrill.co.il/grill-smoker-accessories/cast-iron-tools-plov-cooking/dual-cast-iron-round-griddle/
https://compassgrill.co.il/grill-smoker-accessories/cast-iron-tools-plov-cooking/dual-cast-iron-round-griddle-1/?sort=price&order=ASC,404/410/soft 404,Redirect 301 to https://compassgrill.co.il/grill-smoker-accessories/cast-iron-tools-plov-cooking/dual-cast-iron-round-griddle/,https://compassgrill.co.il/grill-smoker-accessories/cast-iron-tools-plov-cooking/dual-cast-iron-round-griddle/
https://compassgrill.co.il/שיפודי-פרגית-קפוא-8-י-ח-שיפודים-כ-1-ק-ג/?search&sort=rating&order=DESC,parameters,Noindex,https://compassgrill.co.il/שיפודי-פרגית-קפוא-8-י-ח-שיפודים-כ-1-ק-ג/
https://compassgrill.co.il/שיפודי-פרגית-קפוא-8-י-ח-שיפודים-כ-1-ק-ג/?search&sort=rating&order=DESC,404/410/soft 404,Redirect 301 to https://compassgrill.co.il/שיפודי-פרגית-קפוא-8-י-ח-שיפודים-כ-1-ק-ג/,https://compassgrill.co.il/שיפודי-פרגית-קפוא-8-י-ח-שיפודים-כ-1-ק-ג/
https://compassgrill.co.il/eitan-meat/frozen-ground-meat/,404/410/soft 404,Redirect 301 to https://compassgrill.co.il/eitan-meat/frozen-ground-meat/,https://compassgrill.co.il/eitan-meat/frozen-ground-meat/
https://compassgrill.co.il/grill-smoker-accessories/כלים-מברזל-ייצוק/פלנצ-ה-צליה-עגולה-דו-צ-יציקת-ברזל-1/?category_id=35279,parameters,Canonical,https://compassgrill.co.il/grill-smoker-accessories/כלים-מברזל-ייצוק/פלנצ-ה-צליה-עגולה-דו-צ-יציקת-ברזל-1/
https://compassgrill.co.il/grill-smoker-accessories/כלים-מברזל-ייצוק/פלנצ-ה-צליה-עגולה-דו-צ-יציקת-ברזל-1/?category_id=35279,duplicate,Redirect 301,https://compassgrill.co.il/grill-smoker-accessories/כלים-מברזל-ייצוק/פלנצ-ה-צליה-עגולה-דו-צ-יציקת-ברזל-1/
https://compassgrill.co.il/grill-smoker-accessories/כלים-מברזל-ייצוק/פלנצ-ה-צליה-עגולה-דו-צ-יציקת-ברזל-1/?category_id=35279,404/410/soft 404,Redirect 301 to https://compassgrill.co.il/grill-smoker-accessories/כלים-מברזל-ייצוק/פלנצ-ה-צליה-עגולה-דו-צ-יציקת-ברזל-1/,https://compassgrill.co.il/grill-smoker-accessories/כלים-מברזל-ייצוק/פלנצ-ה-צליה-עגולה-דו-צ-יציקת-ברזל-1/
https://compassgrill.co.il/eitan-meat-2/teperberg-wines/teperberg-vizion-dry-white-750ml/?category_id=70397&sort=rating&order=ASC,parameters,Noindex,https://compassgrill.co.il/eitan-meat-2/teperberg-wines/teperberg-vizion-dry-white-750ml/
https://compassgrill.co.il/eitan-meat-2/teperberg-wines/teperberg-vizion-dry-white-750ml/?category_id=70397&sort=rating&order=ASC,404/410/soft 404,Redirect 301 to https://compassgrill.co.il/eitan-meat-2/teperberg-wines/teperberg-vizion-dry-white-750ml/,https://compassgrill.co.il/eitan-meat-2/teperberg-wines/teperberg-vizion-dry-white-750ml/
https://compassgrill.co.il/מערכת-ישיבה-הוואי-לבן-1/?sort=pd.name&order=DESC&limit=15,parameters,Noindex,https://compassgrill.co.il/מערכת-ישיבה-הוואי-לבן/
https://compassgrill.co.il/מערכת-ישיבה-הוואי-לבן-1/?sort=pd.name&order=DESC&limit=15,duplicate,Redirect 301,https://compassgrill.co.il/מערכת-ישיבה-הוואי-לבן/
https://compassgrill.co.il/מערכת-ישיבה-הוואי-לבן-1/?sort=pd.name&order=DESC&limit=15,404/410/soft 404,Redirect 301 to https://compassgrill.co.il/מערכת-ישיבה-הוואי-לבן/,https://compassgrill.co.il/מערכת-ישיבה-הוואי-לבן/
https://compassgrill.co.il/כלים-מברזל-ייצוק-1/קאזן-אסייתי-10-ליטר-עם-מכסה-מברזל-יצוק-ללא-ציפוי-1/,duplicate,Redirect 301,https://compassgrill.co.il/כלים-מברזל-ייצוק-1/קאזן-אסייתי-10-ליטר-עם-מכסה-מברזל-יצוק-ללא-ציפוי-1/
https://compassgrill.co.il/כלים-מברזל-ייצוק-1/קאזן-אסייתי-10-ליטר-עם-מכסה-מברזל-יצוק-ללא-ציפוי-1/,404/410/soft 404,Redirect 301 to https://compassgrill.co.il/כלים-מברזל-ייצוק-1/קאזן-אסייתי-10-ליטר-עם-מכסה-מברזל-יצוק-ללא-ציפוי-1/,https://compassgrill.co.il/כלים-מברזל-ייצוק-1/קאזן-אסייתי-10-ליטר-עם-מכסה-מברזל-יצוק-ללא-ציפוי-1/
https://compassgrill.co.il/grill-smoker-accessories/כלים-מברזל-ייצוק/כלים-מברזל-ייצוק-1/פלנצ-ה-צליה-עגולה-דו-צ-יציקת-ברזל-1/,duplicate,Redirect 301,https://compassgrill.co.il/grill-smoker-accessories/כלים-מברזל-ייצוק/כלים-מברזל-ייצוק-1/פלנצ-ה-צליה-עגולה-דו-צ-יציקת-ברזל-1/
https://compassgrill.co.il/grill-smoker-accessories/כלים-מברזל-ייצוק/כלים-מברזל-ייצוק-1/פלנצ-ה-צליה-עגולה-דו-צ-יציקת-ברזל-1/,404/410/soft 404,Redirect 301 to https://compassgrill.co.il/grill-smoker-accessories/כלים-מברזל-ייצוק/כלים-מברזל-ייצוק-1/פלנצ-ה-צליה-עגולה-דו-צ-יציקת-ברזל-1/,https://compassgrill.co.il/grill-smoker-accessories/כלים-מברזל-ייצוק/כלים-מברזל-ייצוק-1/פלנצ-ה-צליה-עגולה-דו-צ-יציקת-ברזל-1/
https://compassgrill.co.il/eitan-meat-2/poultry-3/frozen-chicken-skewers-5-units/?category_id=105748&sort=p.model&order=DESC,parameters,Noindex,https://compassgrill.co.il/eitan-meat-2/poultry-3/frozen-chicken-skewers-5-units/
https://compassgrill.co.il/eitan-meat-2/poultry-3/frozen-chicken-skewers-5-units/?category_id=105748&sort=p.model&order=DESC,404/410/soft 404,Redirect 301 to https://compassgrill.co.il/eitan-meat-2/poultry-3/frozen-chicken-skewers-5-units/,https://compassgrill.co.il/eitan-meat-2/poultry-3/frozen-chicken-skewers-5-units/
https://compassgrill.co.il/grill-smoker-accessories/כלים-מברזל-ייצוק/פלנצ-ה-צליה-עגולה-דו-צ-יציקת-ברזל-1/,duplicate,Redirect 301,https://compassgrill.co.il/grill-smoker-accessories/כלים-מברזל-ייצוק/פלנצ-ה-צליה-עגולה-דו-צ-יציקת-ברזל-1/
https://compassgrill.co.il/grill-smoker-accessories/כלים-מברזל-ייצוק/פלנצ-ה-צליה-עגולה-דו-צ-יציקת-ברזל-1/,404/410/soft 404,Redirect 301 to https://compassgrill.co.il/grill-smoker-accessories/כלים-מברזל-ייצוק/פלנצ-ה-צליה-עגולה-דו-צ-יציקת-ברזל-1/,https://compassgrill.co.il/grill-smoker-accessories/כלים-מברזל-ייצוק/פלנצ-ה-צליה-עגולה-דו-צ-יציקת-ברזל-1/
https://compassgrill.co.il/מערכת-ישיבה-אסנטו/?sort=pd.name&order=DESC&limit=15,parameters,Noindex,https://compassgrill.co.il/מערכת-ישיבה-אסנטו/
https://compassgrill.co.il/מערכת-ישיבה-אסנטו/?sort=pd.name&order=DESC&limit=15,404/410/soft 404,Redirect 301 to https://compassgrill.co.il/מערכת-ישיבה-אסנטו/,https://compassgrill.co.il/מערכת-ישיבה-אסנטו/
https://compassgrill.co.il/cast-iron-cooking-tools/dual-cast-iron-round-griddle-1/?sort=pd.name&order=ASC,parameters,Noindex,https://compassgrill.co.il/cast-iron-cooking-tools/dual-cast-iron-round-griddle-1/
https://compassgrill.co.il/cast-iron-cooking-tools/dual-cast-iron-round-griddle-1/?sort=pd.name&order=ASC,duplicate,Redirect 301,https://compassgrill.co.il/cast-iron-cooking-tools/dual-cast-iron-round-griddle-1/
https://compassgrill.co.il/cast-iron-cooking-tools/dual-cast-iron-round-griddle-1/?sort=pd.name&order=ASC,404/410/soft 404,Redirect 301 to https://compassgrill.co.il/cast-iron-cooking-tools/dual-cast-iron-round-griddle-1/,https://compassgrill.co.il/cast-iron-cooking-tools/dual-cast-iron-round-griddle-1/
https://compassgrill.co.il/מזרן-ים-מלבני-intex-אינטקס/,404/410/soft 404,Redirect 301 to https://compassgrill.co.il/מזרן-ים-מלבני-intex-אינטקס/,https://compassgrill.co.il/מזרן-ים-מלבני-intex-אינטקס/
https://compassgrill.co.il/שיפוד-עם-ידית-עץ-עשוי-נירוסטה-730-3-12-מ-מ/?search&sort=rating&order=DESC,parameters,Noindex,https://compassgrill.co.il/שיפוד-עם-ידית-עץ-עשוי-נירוסטה-730-3-12-מ-מ/
https://compassgrill.co.il/שיפוד-עם-ידית-עץ-עשוי-נירוסטה-730-3-12-מ-מ/?search&sort=rating&order=DESC,404/410/soft 404,Redirect 301 to https://compassgrill.co.il/שיפוד-עם-ידית-עץ-עשוי-נירוסטה-730-3-12-מ-מ/,https://compassgrill.co.il/שיפוד-עם-ידית-עץ-עשוי-נירוסטה-730-3-12-מ-מ/
https://compassgrill.co.il/eitan-meat/,404/410/soft 404,Redirect 301 to https://compassgrill.co.il/eitan-meat/,https://compassgrill.co.il/eitan-meat/
https://compassgrill.co.il/cast-iron-cooking-tools/dual-cast-iron-round-griddle-1/?sort=price&order=ASC,parameters,Noindex,https://compassgrill.co.il/cast-iron-cooking-tools/dual-cast-iron-round-griddle-1/
https://compassgrill.co.il/cast-iron-cooking-tools/dual-cast-iron-round-griddle-1/?sort=price&order=ASC,duplicate,Redirect 301,https://compassgrill.co.il/cast-iron-cooking-tools/dual-cast-iron-round-griddle-1/
https://compassgrill.co.il/cast-iron-cooking-tools/dual-cast-iron-round-griddle-1/?sort=price&order=ASC,404/410/soft 404,Redirect 301 to https://compassgrill.co.il/cast-iron-cooking-tools/dual-cast-iron-round-griddle-1/,https://compassgrill.co.il/cast-iron-cooking-tools/dual-cast-iron-round-griddle-1/
https://compassgrill.co.il/eitan-meat-2/poultry-3/packed-chicken-hearts/?category_id=105748&sort=pd.name&order=DESC,parameters,Noindex,https://compassgrill.co.il/eitan-meat-2/poultry-3/packed-chicken-hearts/
https://compassgrill.co.il/eitan-meat-2/poultry-3/packed-chicken-hearts/?category_id=105748&sort=pd.name&order=DESC,404/410/soft 404,Redirect 301 to https://compassgrill.co.il/eitan-meat-2/poultry-3/packed-chicken-hearts/,https://compassgrill.co.il/eitan-meat-2/poultry-3/packed-chicken-hearts/
https://compassgrill.co.il/eitan-meat-eilat/בשר-טרי/feedlot-angus-sirloin-steak-1/?sort=price&order=ASC,parameters,Noindex,https://compassgrill.co.il/eitan-meat-eilat/בשר-טרי/feedlot-angus-sirloin-steak-1/
https://compassgrill.co.il/eitan-meat-eilat/בשר-טרי/feedlot-angus-sirloin-steak-1/?sort=price&order=ASC,duplicate,Redirect 301,https://compassgrill.co.il/eitan-meat-eilat/בשר-טרי/feedlot-angus-sirloin-steak-1/
https://compassgrill.co.il/eitan-meat-eilat/בשר-טרי/feedlot-angus-sirloin-steak-1/?sort=price&order=ASC,404/410/soft 404,Redirect 301 to https://compassgrill.co.il/eitan-meat-eilat/בשר-טרי/feedlot-angus-sirloin-steak-1/,https://compassgrill.co.il/eitan-meat-eilat/בשר-טרי/feedlot-angus-sirloin-steak-1/
https://compassgrill.co.il/eitan-meat-2/meat-vending-machine-24-7/אנטריקוט-פידלוט-בלאק-אנגוס-copy-1/?category_id=125471&sort=p.model&order=ASC,parameters,Noindex,https://compassgrill.co.il/eitan-meat-2/meat-vending-machine-24-7/אנטריקוט-פידלוט-בלאק-אנגוס/
https://compassgrill.co.il/eitan-meat-2/meat-vending-machine-24-7/אנטריקוט-פידלוט-בלאק-אנגוס-copy-1/?category_id=125471&sort=p.model&order=ASC,duplicate,Redirect 301,https://compassgrill.co.il/eitan-meat-2/meat-vending-machine-24-7/אנטריקוט-פידלוט-בלאק-אנגוס/
https://compassgrill.co.il/eitan-meat-2/meat-vending-machine-24-7/אנטריקוט-פידלוט-בלאק-אנגוס-copy-1/?category_id=125471&sort=p.model&order=ASC,404/410/soft 404,Redirect 301 to https://compassgrill.co.il/eitan-meat-2/meat-vending-machine-24-7/אנטריקוט-פידלוט-בלאק-אנגוס/,https://compassgrill.co.il/eitan-meat-2/meat-vending-machine-24-7/אנטריקוט-פידלוט-בלאק-אנגוס/
https://compassgrill.co.il/תנור-לסאונה-יבשה-עם-פיקוד-עצמי-9kw-מוסטנג/?search&sort=pd.name&order=DESC,parameters,Noindex,https://compassgrill.co.il/תנור-לסאונה-יבשה-עם-פיקוד-עצמי-9kw-מוסטנג/
https://compassgrill.co.il/תנור-לסאונה-יבשה-עם-פיקוד-עצמי-9kw-מוסטנג/?search&sort=pd.name&order=DESC,404/410/soft 404,Redirect 301 to https://compassgrill.co.il/תנור-לסאונה-יבשה-עם-פיקוד-עצמי-9kw-מוסטנג/,https://compassgrill.co.il/תנור-לסאונה-יבשה-עם-פיקוד-עצמי-9kw-מוסטנג/
https://compassgrill.co.il/eitan-meat/frozen-ground-meat/?sort=price&order=DESC,parameters,Noindex,https://compassgrill.co.il/eitan-meat/frozen-ground-meat/
https://compassgrill.co.il/eitan-meat/frozen-ground-meat/?sort=price&order=DESC,404/410/soft 404,Redirect 301 to https://compassgrill.co.il/eitan-meat/frozen-ground-meat/,https://compassgrill.co.il/eitan-meat/frozen-ground-meat/
https://compassgrill.co.il/כלים-מברזל-ייצוק-1/cast-iron-round-griddle-1/?category_id=35280,parameters,Canonical,https://compassgrill.co.il/כלים-מברזל-ייצוק-1/cast-iron-round-griddle/
https://compassgrill.co.il/כלים-מברזל-ייצוק-1/cast-iron-round-griddle-1/?category_id=35280,duplicate,Redirect 301,https://compassgrill.co.il/כלים-מברזל-ייצוק-1/cast-iron-round-griddle/
https://compassgrill.co.il/כלים-מברזל-ייצוק-1/cast-iron-round-griddle-1/?category_id=35280,404/410/soft 404,Redirect 301 to https://compassgrill.co.il/כלים-מברזל-ייצוק-1/cast-iron-round-griddle/,https://compassgrill.co.il/כלים-מברזל-ייצוק-1/cast-iron-round-griddle/
https://compassgrill.co.il/outdoor-kitchen/מטבחי-חוץ-alumex/?sort=rating&order=ASC,parameters,Noindex,https://compassgrill.co.il/outdoor-kitchen/מטבחי-חוץ-alumex/
https://compassgrill.co.il/outdoor-kitchen/מטבחי-חוץ-alumex/?sort=rating&order=ASC,404/410/soft 404,Redirect 301 to https://compassgrill.co.il/outdoor-kitchen/מטבחי-חוץ-alumex/,https://compassgrill.co.il/outdoor-kitchen/מטבחי-חוץ-alumex/
https://compassgrill.co.il/בשר-טרי/אנטריקוט-פידלוט-בלאק-אנגוס-חצוי-טרי-1/,duplicate,Redirect 301,https://compassgrill.co.il/בשר-טרי/אנטריקוט-פידלוט-בלאק-אנגוס-חצוי-טרי-1/
https://compassgrill.co.il/בשר-טרי/אנטריקוט-פידלוט-בלאק-אנגוס-חצוי-טרי-1/,404/410/soft 404,Redirect 301 to https://compassgrill.co.il/בשר-טרי/אנטריקוט-פידלוט-בלאק-אנגוס-חצוי-טרי-1/,https://compassgrill.co.il/בשר-טרי/אנטריקוט-פידלוט-בלאק-אנגוס-חצוי-טרי-1/
https://compassgrill.co.il/eitan-meat-2/frozen-meat/cut-lamb-spareribs/?category_id=66836&sort=rating&order=DESC,parameters,Noindex,https://compassgrill.co.il/eitan-meat-2/frozen-meat/cut-lamb-spareribs/
https://compassgrill.co.il/eitan-meat-2/frozen-meat/cut-lamb-spareribs/?category_id=66836&sort=rating&order=DESC,404/410/soft 404,Redirect 301 to https://compassgrill.co.il/eitan-meat-2/frozen-meat/cut-lamb-spareribs/,https://compassgrill.co.il/eitan-meat-2/frozen-meat/cut-lamb-spareribs/
https://compassgrill.co.il/eitan-meat-2/poultry/,404/410/soft 404,Redirect 301 to https://compassgrill.co.il/eitan-meat-2/poultry/,https://compassgrill.co.il/eitan-meat-2/poultry/
https://compassgrill.co.il/eitan-meat-2/frozen-meat/flet-iron-feedlot-halak/?sort=rating&order=DESC,parameters,Noindex,https://compassgrill.co.il/eitan-meat-2/frozen-meat/flet-iron-feedlot-halak/
https://compassgrill.co.il/eitan-meat-2/frozen-meat/flet-iron-feedlot-halak/?sort=rating&order=DESC,404/410/soft 404,Redirect 301 to https://compassgrill.co.il/eitan-meat-2/frozen-meat/flet-iron-feedlot-halak/,https://compassgrill.co.il/eitan-meat-2/frozen-meat/flet-iron-feedlot-halak/
https://compassgrill.co.il/eitan-meat-2/meat-vending-machine-24-7/angus-burger-880g-frozen-automatic-meat-247/?sort=rating&order=ASC,parameters,Noindex,https://compassgrill.co.il/eitan-meat-2/meat-vending-machine-24-7/angus-burger-880g-frozen-automatic-meat-247/
https://compassgrill.co.il/eitan-meat-2/meat-vending-machine-24-7/angus-burger-880g-frozen-automatic-meat-247/?sort=rating&order=ASC,404/410/soft 404,Redirect 301 to https://compassgrill.co.il/eitan-meat-2/meat-vending-machine-24-7/angus-burger-880g-frozen-automatic-meat-247/,https://compassgrill.co.il/eitan-meat-2/meat-vending-machine-24-7/angus-burger-880g-frozen-automatic-meat-247/
https://compassgrill.co.il/oak-wood-for-smoking/hs-austrian-wood-brick/?category_id=97685&sort=rating&order=ASC,parameters,Noindex,https://compassgrill.co.il/oak-wood-for-smoking/hs-austrian-wood-brick/
https://compassgrill.co.il/oak-wood-for-smoking/hs-austrian-wood-brick/?category_id=97685&sort=rating&order=ASC,404/410/soft 404,Redirect 301 to https://compassgrill.co.il/oak-wood-for-smoking/hs-austrian-wood-brick/,https://compassgrill.co.il/oak-wood-for-smoking/hs-austrian-wood-brick/
https://compassgrill.co.il/tandoor-products-and-accessories/brass-brush-for-pizza-oven/?sort=p.sort_order&order=ASC,parameters,Noindex,https://compassgrill.co.il/tandoor-products-and-accessories/brass-brush-for-pizza-oven/
https://compassgrill.co.il/tandoor-products-and-accessories/brass-brush-for-pizza-oven/?sort=p.sort_order&order=ASC,404/410/soft 404,Redirect 301 to https://compassgrill.co.il/tandoor-products-and-accessories/brass-brush-for-pizza-oven/,https://compassgrill.co.il/tandoor-products-and-accessories/brass-brush-for-pizza-oven/
https://compassgrill.co.il/eitan-meat-2/poultry-3/packed-chicken-hearts/?sort=p.model&order=ASC,parameters,Noindex,https://compassgrill.co.il/eitan-meat-2/poultry-3/packed-chicken-hearts/
https://compassgrill.co.il/eitan-meat-2/poultry-3/packed-chicken-hearts/?sort=p.model&order=ASC,404/410/soft 404,Redirect 301 to https://compassgrill.co.il/eitan-meat-2/poultry-3/packed-chicken-hearts/,https://compassgrill.co.il/eitan-meat-2/poultry-3/packed-chicken-hearts/
https://compassgrill.co.il/skome-woods-chips/pear-wood-smoking-chunks/?category_id=97765,parameters,Canonical,https://compassgrill.co.il/skome-woods-chips/pear-wood-smoking-chunks/
https://compassgrill.co.il/skome-woods-chips/pear-wood-smoking-chunks/?category_id=97765,404/410/soft 404,Redirect 301 to https://compassgrill.co.il/skome-woods-chips/pear-wood-smoking-chunks/,https://compassgrill.co.il/skome-woods-chips/pear-wood-smoking-chunks/
https://compassgrill.co.il/בשר-טרי/?sort=p.model&order=ASC,parameters,Noindex,https://compassgrill.co.il/בשר-טרי/
https://compassgrill.co.il/בשר-טרי/?sort=p.model&order=ASC,404/410/soft 404,Redirect 301 to https://compassgrill.co.il/בשר-טרי/,https://compassgrill.co.il/בשר-טרי/
https://compassgrill.co.il/eitan-meat-2/frozen-ground-meat/?sort=rating&order=DESC,parameters,Noindex,https://compassgrill.co.il/eitan-meat-2/frozen-ground-meat/
https://compassgrill.co.il/eitan-meat-2/frozen-ground-meat/?sort=rating&order=DESC,404/410/soft 404,Redirect 301 to https://compassgrill.co.il/eitan-meat-2/frozen-ground-meat/,https://compassgrill.co.il/eitan-meat-2/frozen-ground-meat/
https://compassgrill.co.il/outdoor-kitchen-9/modular-outdoor-kitchens/128293-גריל-גז-סיזר-nero-6-מבערים-יחידת-מגירות-יחידת-כיור-caesar-nero-black/?sort=p.sort_order&order=ASC,parameters,Noindex,https://compassgrill.co.il/outdoor-kitchen-9/modular-outdoor-kitchens/128293-גריל-גז-סיזר-nero-6-מבערים-יחידת-מגירות-יחידת-כיור-caesar-nero-black/
https://compassgrill.co.il/outdoor-kitchen-9/modular-outdoor-kitchens/128293-גריל-גז-סיזר-nero-6-מבערים-יחידת-מגירות-יחידת-כיור-caesar-nero-black/?sort=p.sort_order&order=ASC,404/410/soft 404,Redirect 301 to https://compassgrill.co.il/outdoor-kitchen-9/modular-outdoor-kitchens/128293-גריל-גז-סיזר-nero-6-מבערים-יחידת-מגירות-יחידת-כיור-caesar-nero-black/,https://compassgrill.co.il/outdoor-kitchen-9/modular-outdoor-kitchens/128293-גריל-גז-סיזר-nero-6-מבערים-יחידת-מגירות-יחידת-כיור-caesar-nero-black/
https://compassgrill.co.il/מנגל-פחמים-ומנגל-לשיפודים/מנגל-קערת-אש/?sort=p.price&order=DESC,parameters,Noindex,https://compassgrill.co.il/מנגל-פחמים-ומנגל-לשיפודים/מנגל-קערת-אש/
https://compassgrill.co.il/מנגל-פחמים-ומנגל-לשיפודים/מנגל-קערת-אש/?sort=p.price&order=DESC,404/410/soft 404,Redirect 301 to https://compassgrill.co.il/מנגל-פחמים-ומנגל-לשיפודים/מנגל-קערת-אש/,https://compassgrill.co.il/מנגל-פחמים-ומנגל-לשיפודים/מנגל-קערת-אש/
https://compassgrill.co.il/eitan-meat-2/frozen-meat/premium-sliced-lamb-ribs-6-pcs-tray/?sort=rating&order=DESC,parameters,Noindex,https://compassgrill.co.il/eitan-meat-2/frozen-meat/premium-sliced-lamb-ribs-6-pcs-tray/
https://compassgrill.co.il/eitan-meat-2/frozen-meat/premium-sliced-lamb-ribs-6-pcs-tray/?sort=rating&order=DESC,404/410/soft 404,Redirect 301 to https://compassgrill.co.il/eitan-meat-2/frozen-meat/premium-sliced-lamb-ribs-6-pcs-tray/,https://compassgrill.co.il/eitan-meat-2/frozen-meat/premium-sliced-lamb-ribs-6-pcs-tray/
https://compassgrill.co.il/grill-smoker-accessories/סו-וויד/pair-vacuum-bags-with-channeled-rolls-for-sous-vide/,404/410/soft 404,Redirect 301 to https://compassgrill.co.il/grill-smoker-accessories/סו-וויד/pair-vacuum-bags-with-channeled-rolls-for-sous-vide/,https://compassgrill.co.il/grill-smoker-accessories/סו-וויד/pair-vacuum-bags-with-channeled-rolls-for-sous-vide/
https://compassgrill.co.il/גריל-גז/גריל-גז-4-מבערים/,404/410/soft 404,Redirect 301 to https://compassgrill.co.il/גריל-גז/גריל-גז-4-מבערים/,https://compassgrill.co.il/גריל-גז/גריל-גז-4-מבערים/
https://compassgrill.co.il/tandoor-products-and-accessories/cozzepro17/?sort=rating&order=DESC,parameters,Noindex,https://compassgrill.co.il/tandoor-products-and-accessories/cozzepro17/
https://compassgrill.co.il/tandoor-products-and-accessories/cozzepro17/?sort=rating&order=DESC,404/410/soft 404,Redirect 301 to https://compassgrill.co.il/tandoor-products-and-accessories/cozzepro17/,https://compassgrill.co.il/tandoor-products-and-accessories/cozzepro17/
https://compassgrill.co.il/whiskey-blend-oak-smoking-wood-9kg/,404/410/soft 404,Redirect 301 to https://compassgrill.co.il/whiskey-blend-oak-smoking-wood-9kg/,https://compassgrill.co.il/whiskey-blend-oak-smoking-wood-9kg/
https://compassgrill.co.il/eitan-meat-2/fattened-angus-entrecote-sliced-pairs/?sort=pd.name&order=ASC,parameters,Noindex,https://compassgrill.co.il/eitan-meat-2/fattened-angus-entrecote-sliced-pairs/
https://compassgrill.co.il/eitan-meat-2/fattened-angus-entrecote-sliced-pairs/?sort=pd.name&order=ASC,404/410/soft 404,Redirect 301 to https://compassgrill.co.il/eitan-meat-2/fattened-angus-entrecote-sliced-pairs/,https://compassgrill.co.il/eitan-meat-2/fattened-angus-entrecote-sliced-pairs/
https://compassgrill.co.il/outdoor-kitchen-9/modular-outdoor-kitchens/גריל-גז-סיזר-nero-6-מבערים-יחידת-מקרר-וכיור-יוקרתית/?sort=p.sort_order&order=ASC,parameters,Noindex,https://compassgrill.co.il/outdoor-kitchen-9/modular-outdoor-kitchens/גריל-גז-סיזר-nero-6-מבערים-יחידת-מקרר-וכיור-יוקרתית/
https://compassgrill.co.il/outdoor-kitchen-9/modular-outdoor-kitchens/גריל-גז-סיזר-nero-6-מבערים-יחידת-מקרר-וכיור-יוקרתית/?sort=p.sort_order&order=ASC,404/410/soft 404,Redirect 301 to https://compassgrill.co.il/outdoor-kitchen-9/modular-outdoor-kitchens/גריל-גז-סיזר-nero-6-מבערים-יחידת-מקרר-וכיור-יוקרתית/,https://compassgrill.co.il/outdoor-kitchen-9/modular-outdoor-kitchens/גריל-גז-סיזר-nero-6-מבערים-יחידת-מקרר-וכיור-יוקרתית/
https://compassgrill.co.il/outdoor-kitchen-1-1/,duplicate,Redirect 301,https://compassgrill.co.il/outdoor-kitchen-1-1/
https://compassgrill.co.il/outdoor-kitchen-1-1/,404/410/soft 404,Redirect 301 to https://compassgrill.co.il/outdoor-kitchen-1-1/,https://compassgrill.co.il/outdoor-kitchen-1-1/
https://compassgrill.co.il/skome-woods-chips/pear-wood-smoking-chunks/,404/410/soft 404,Redirect 301 to https://compassgrill.co.il/skome-woods-chips/pear-wood-smoking-chunks/,https://compassgrill.co.il/skome-woods-chips/pear-wood-smoking-chunks/
https://compassgrill.co.il/eitan-meat-2/poultry-3/packed-chicken-hearts/?sort=rating&order=ASC,parameters,Noindex,https://compassgrill.co.il/eitan-meat-2/poultry-3/packed-chicken-hearts/
https://compassgrill.co.il/eitan-meat-2/poultry-3/packed-chicken-hearts/?sort=rating&order=ASC,404/410/soft 404,Redirect 301 to https://compassgrill.co.il/eitan-meat-2/poultry-3/packed-chicken-hearts/,https://compassgrill.co.il/eitan-meat-2/poultry-3/packed-chicken-hearts/
https://compassgrill.co.il/brand/boretti-1/,duplicate,Redirect 301,https://compassgrill.co.il/brand/boretti-1/
https://compassgrill.co.il/brand/boretti-1/,404/410/soft 404,Redirect 301 to https://compassgrill.co.il/brand/boretti-1/,https://compassgrill.co.il/brand/boretti-1/
https://compassgrill.co.il/eitan-meat-2/frozen-meat/chicken-liver/,404/410/soft 404,Redirect 301 to https://compassgrill.co.il/eitan-meat-2/frozen-meat/chicken-liver/,https://compassgrill.co.il/eitan-meat-2/frozen-meat/chicken-liver/
https://compassgrill.co.il/eitan-meat-2/meat-vending-machine-24-7/veal-patties-800g-frozen-automatic-247/?category_id=125471,parameters,Canonical,https://compassgrill.co.il/eitan-meat-2/meat-vending-machine-24-7/veal-patties-800g-frozen-automatic-247/
https://compassgrill.co.il/eitan-meat-2/meat-vending-machine-24-7/veal-patties-800g-frozen-automatic-247/?category_id=125471,404/410/soft 404,Redirect 301 to https://compassgrill.co.il/eitan-meat-2/meat-vending-machine-24-7/veal-patties-800g-frozen-automatic-247/,https://compassgrill.co.il/eitan-meat-2/meat-vending-machine-24-7/veal-patties-800g-frozen-automatic-247/
https://compassgrill.co.il/tandoor-products-and-accessories/essenza-pizza-peel-34cm/?sort=price&order=DESC,parameters,Noindex,https://compassgrill.co.il/tandoor-products-and-accessories/essenza-pizza-peel-34cm/
https://compassgrill.co.il/tandoor-products-and-accessories/essenza-pizza-peel-34cm/?sort=price&order=DESC,404/410/soft 404,Redirect 301 to https://compassgrill.co.il/tandoor-products-and-accessories/essenza-pizza-peel-34cm/,https://compassgrill.co.il/tandoor-products-and-accessories/essenza-pizza-peel-34cm/
https://compassgrill.co.il/טנדיר-טנדור-כלי-בישול-וצליה-בחרס/persian/,404/410/soft 404,Redirect 301 to https://compassgrill.co.il/טנדיר-טנדור-כלי-בישול-וצליה-בחרס/persian/,https://compassgrill.co.il/טנדיר-טנדור-כלי-בישול-וצליה-בחרס/persian/
https://compassgrill.co.il/eitan-meat-2/poultry-3/frozen-chicken-shawarma-1kg/?sort=rating&order=ASC,parameters,Noindex,https://compassgrill.co.il/eitan-meat-2/poultry-3/frozen-chicken-shawarma-1kg/
https://compassgrill.co.il/eitan-meat-2/poultry-3/frozen-chicken-shawarma-1kg/?sort=rating&order=ASC,404/410/soft 404,Redirect 301 to https://compassgrill.co.il/eitan-meat-2/poultry-3/frozen-chicken-shawarma-1kg/,https://compassgrill.co.il/eitan-meat-2/poultry-3/frozen-chicken-shawarma-1kg/
https://compassgrill.co.il/gas-grills/גריל-גז-3-מבערים/addizio-גריל-גז-3-מבערים/?category_id=108375&sort=rating&order=DESC,parameters,Noindex,https://compassgrill.co.il/gas-grills/גריל-גז-3-מבערים/addizio-גריל-גז-3-מבערים/
https://compassgrill.co.il/gas-grills/גריל-גז-3-מבערים/addizio-גריל-גז-3-מבערים/?category_id=108375&sort=rating&order=DESC,404/410/soft 404,Redirect 301 to https://compassgrill.co.il/gas-grills/גריל-גז-3-מבערים/addizio-גריל-גז-3-מבערים/,https://compassgrill.co.il/gas-grills/גריל-גז-3-מבערים/addizio-גריל-גז-3-מבערים/
https://compassgrill.co.il/sous-vide/sous-vide-ball-set/?sort=pd.name&order=DESC,parameters,Noindex,https://compassgrill.co.il/sous-vide/sous-vide-ball-set/
https://compassgrill.co.il/sous-vide/sous-vide-ball-set/?sort=pd.name&order=DESC,404/410/soft 404,Redirect 301 to https://compassgrill.co.il/sous-vide/sous-vide-ball-set/,https://compassgrill.co.il/sous-vide/sous-vide-ball-set/
https://compassgrill.co.il/smoker-tandoor/מנגל-פחמים-ומנגל-לשיפודים/charcoal-grill-with-legs-for-8-skewers-foldable-with-bag/?category_id=36001&sort=rating&order=ASC,parameters,Noindex,https://compassgrill.co.il/smoker-tandoor/מנגל-פחמים-ומנגל-לשיפודים/charcoal-grill-with-legs-for-8-skewers-foldable-with-bag/
https://compassgrill.co.il/smoker-tandoor/מנגל-פחמים-ומנגל-לשיפודים/charcoal-grill-with-legs-for-8-skewers-foldable-with-bag/?category_id=36001&sort=rating&order=ASC,404/410/soft 404,Redirect 301 to https://compassgrill.co.il/smoker-tandoor/מנגל-פחמים-ומנגל-לשיפודים/charcoal-grill-with-legs-for-8-skewers-foldable-with-bag/,https://compassgrill.co.il/smoker-tandoor/מנגל-פחמים-ומנגל-לשיפודים/charcoal-grill-with-legs-for-8-skewers-foldable-with-bag/
https://compassgrill.co.il/tandoor-products-and-accessories/mineral-firebrick-for-pizza/?category_id=35145&sort=pd.name&order=DESC,parameters,Noindex,https://compassgrill.co.il/tandoor-products-and-accessories/mineral-firebrick-for-pizza/
https://compassgrill.co.il/tandoor-products-and-accessories/mineral-firebrick-for-pizza/?category_id=35145&sort=pd.name&order=DESC,404/410/soft 404,Redirect 301 to https://compassgrill.co.il/tandoor-products-and-accessories/mineral-firebrick-for-pizza/,https://compassgrill.co.il/tandoor-products-and-accessories/mineral-firebrick-for-pizza/
https://compassgrill.co.il/brand/אביגיל/,404/410/soft 404,Redirect 301 to https://compassgrill.co.il/brand/אביגיל/,https://compassgrill.co.il/brand/אביגיל/
https://compassgrill.co.il/skome-woods/apricot-wood-smoking-chips/,404/410/soft 404,Redirect 301 to https://compassgrill.co.il/skome-woods/apricot-wood-smoking-chips/,https://compassgrill.co.il/skome-woods/apricot-wood-smoking-chips/
https://compassgrill.co.il/tandoor-products-and-accessories/essenza-pizza-round-peel/?category_id=35145&sort=rating&order=DESC,parameters,Noindex,https://compassgrill.co.il/tandoor-products-and-accessories/essenza-pizza-round-peel/
https://compassgrill.co.il/tandoor-products-and-accessories/essenza-pizza-round-peel/?category_id=35145&sort=rating&order=DESC,404/410/soft 404,Redirect 301 to https://compassgrill.co.il/tandoor-products-and-accessories/essenza-pizza-round-peel/,https://compassgrill.co.il/tandoor-products-and-accessories/essenza-pizza-round-peel/
https://compassgrill.co.il/tandoor-products-and-accessories/brass-brush-for-pizza-oven/?category_id=35145&sort=p.model&order=ASC,parameters,Noindex,https://compassgrill.co.il/tandoor-products-and-accessories/brass-brush-for-pizza-oven/
https://compassgrill.co.il/tandoor-products-and-accessories/brass-brush-for-pizza-oven/?category_id=35145&sort=p.model&order=ASC,404/410/soft 404,Redirect 301 to https://compassgrill.co.il/tandoor-products-and-accessories/brass-brush-for-pizza-oven/,https://compassgrill.co.il/tandoor-products-and-accessories/brass-brush-for-pizza-oven/
https://compassgrill.co.il/tandoor-products-and-accessories/cozzepro17/?sort=rating&order=ASC,parameters,Noindex,https://compassgrill.co.il/tandoor-products-and-accessories/cozzepro17/
https://compassgrill.co.il/tandoor-products-and-accessories/cozzepro17/?sort=rating&order=ASC,404/410/soft 404,Redirect 301 to https://compassgrill.co.il/tandoor-products-and-accessories/cozzepro17/,https://compassgrill.co.il/tandoor-products-and-accessories/cozzepro17/
https://compassgrill.co.il/eitan-meat-2/meat-vending-machine-24-7/iraqi-meatballs-800g-frozen-automatic-247/?sort=price&order=ASC,parameters,Noindex,https://compassgrill.co.il/eitan-meat-2/meat-vending-machine-24-7/iraqi-meatballs-800g-frozen-automatic-247/
https://compassgrill.co.il/eitan-meat-2/meat-vending-machine-24-7/iraqi-meatballs-800g-frozen-automatic-247/?sort=price&order=ASC,404/410/soft 404,Redirect 301 to https://compassgrill.co.il/eitan-meat-2/meat-vending-machine-24-7/iraqi-meatballs-800g-frozen-automatic-247/,https://compassgrill.co.il/eitan-meat-2/meat-vending-machine-24-7/iraqi-meatballs-800g-frozen-automatic-247/
https://compassgrill.co.il/eitan-meat-2/meat-vending-machine-24-7/seasoned-chicken-wings-frozen-automatic-meat-247/?category_id=125471&sort=price&order=DESC,parameters,Noindex,https://compassgrill.co.il/eitan-meat-2/meat-vending-machine-24-7/seasoned-chicken-wings-frozen-automatic-meat-247/
https://compassgrill.co.il/eitan-meat-2/meat-vending-machine-24-7/seasoned-chicken-wings-frozen-automatic-meat-247/?category_id=125471&sort=price&order=DESC,404/410/soft 404,Redirect 301 to https://compassgrill.co.il/eitan-meat-2/meat-vending-machine-24-7/seasoned-chicken-wings-frozen-automatic-meat-247/,https://compassgrill.co.il/eitan-meat-2/meat-vending-machine-24-7/seasoned-chicken-wings-frozen-automatic-meat-247/
https://compassgrill.co.il/eitan-meat-2/meat-vending-machine-24-7/kebab-cinnamon-stick-600g-frozen-automatic-meat-247/?category_id=125471&sort=p.model&order=ASC,parameters,Noindex,https://compassgrill.co.il/eitan-meat-2/meat-vending-machine-24-7/kebab-cinnamon-stick-600g-frozen-automatic-meat-247/
https://compassgrill.co.il/eitan-meat-2/meat-vending-machine-24-7/kebab-cinnamon-stick-600g-frozen-automatic-meat-247/?category_id=125471&sort=p.model&order=ASC,404/410/soft 404,Redirect 301 to https://compassgrill.co.il/eitan-meat-2/meat-vending-machine-24-7/kebab-cinnamon-stick-600g-frozen-automatic-meat-247/,https://compassgrill.co.il/eitan-meat-2/meat-vending-machine-24-7/kebab-cinnamon-stick-600g-frozen-automatic-meat-247/
https://compassgrill.co.il/eitan-meat-2/meat-vending-machine-24-7/romanian-kebab-homemade-650g-frozen-automatic-meat-247/?sort=price&order=ASC,parameters,Noindex,https://compassgrill.co.il/eitan-meat-2/meat-vending-machine-24-7/romanian-kebab-homemade-650g-frozen-automatic-meat-247/
https://compassgrill.co.il/eitan-meat-2/meat-vending-machine-24-7/romanian-kebab-homemade-650g-frozen-automatic-meat-247/?sort=price&order=ASC,404/410/soft 404,Redirect 301 to https://compassgrill.co.il/eitan-meat-2/meat-vending-machine-24-7/romanian-kebab-homemade-650g-frozen-automatic-meat-247/,https://compassgrill.co.il/eitan-meat-2/meat-vending-machine-24-7/romanian-kebab-homemade-650g-frozen-automatic-meat-247/
https://compassgrill.co.il/eitan-meat-2/meat-vending-machine-24-7/veal-patties-800g-frozen-automatic-247/?category_id=125471&sort=price&order=DESC,parameters,Noindex,https://compassgrill.co.il/eitan-meat-2/meat-vending-machine-24-7/veal-patties-800g-frozen-automatic-247/
https://compassgrill.co.il/eitan-meat-2/meat-vending-machine-24-7/veal-patties-800g-frozen-automatic-247/?category_id=125471&sort=price&order=DESC,404/410/soft 404,Redirect 301 to https://compassgrill.co.il/eitan-meat-2/meat-vending-machine-24-7/veal-patties-800g-frozen-automatic-247/,https://compassgrill.co.il/eitan-meat-2/meat-vending-machine-24-7/veal-patties-800g-frozen-automatic-247/
https://compassgrill.co.il/מנגל-פחמים-ומנגל-לשיפודים/מנגל-פחמים-ורטיקלי/?sort=p.price&order=DESC,parameters,Noindex,https://compassgrill.co.il/מנגל-פחמים-ומנגל-לשיפודים/מנגל-פחמים-ורטיקלי/
https://compassgrill.co.il/מנגל-פחמים-ומנגל-לשיפודים/מנגל-פחמים-ורטיקלי/?sort=p.price&order=DESC,404/410/soft 404,Redirect 301 to https://compassgrill.co.il/מנגל-פחמים-ומנגל-לשיפודים/מנגל-פחמים-ורטיקלי/,https://compassgrill.co.il/מנגל-פחמים-ומנגל-לשיפודים/מנגל-פחמים-ורטיקלי/
https://compassgrill.co.il/eitan-meat-2/meat-vending-machine-24-7/אנטריקוט-פידלוט-בלאק-אנגוס-copy-1/?category_id=125471&sort=rating&order=ASC,parameters,Noindex,https://compassgrill.co.il/eitan-meat-2/meat-vending-machine-24-7/אנטריקוט-פידלוט-בלאק-אנגוס/
https://compassgrill.co.il/eitan-meat-2/meat-vending-machine-24-7/אנטריקוט-פידלוט-בלאק-אנגוס-copy-1/?category_id=125471&sort=rating&order=ASC,duplicate,Redirect 301,https://compassgrill.co.il/eitan-meat-2/meat-vending-machine-24-7/אנטריקוט-פידלוט-בלאק-אנגוס/
https://compassgrill.co.il/eitan-meat-2/meat-vending-machine-24-7/אנטריקוט-פידלוט-בלאק-אנגוס-copy-1/?category_id=125471&sort=rating&order=ASC,404/410/soft 404,Redirect 301 to https://compassgrill.co.il/eitan-meat-2/meat-vending-machine-24-7/אנטריקוט-פידלוט-בלאק-אנגוס/,https://compassgrill.co.il/eitan-meat-2/meat-vending-machine-24-7/אנטריקוט-פידלוט-בלאק-אנגוס/
https://compassgrill.co.il/eitan-meat-2/meat-vending-machine-24-7/veal-patties-800g-frozen-automatic-247/?category_id=125471&sort=rating&order=ASC,parameters,Noindex,https://compassgrill.co.il/eitan-meat-2/meat-vending-machine-24-7/veal-patties-800g-frozen-automatic-247/
https://compassgrill.co.il/eitan-meat-2/meat-vending-machine-24-7/veal-patties-800g-frozen-automatic-247/?category_id=125471&sort=rating&order=ASC,404/410/soft 404,Redirect 301 to https://compassgrill.co.il/eitan-meat-2/meat-vending-machine-24-7/veal-patties-800g-frozen-automatic-247/,https://compassgrill.co.il/eitan-meat-2/meat-vending-machine-24-7/veal-patties-800g-frozen-automatic-247/
https://compassgrill.co.il/eitan-meat-2/meat-vending-machine-24-7/chicken-thigh-steak-1kg-frozen-automatic-meat-247/?category_id=125471&sort=price&order=DESC,parameters,Noindex,https://compassgrill.co.il/eitan-meat-2/meat-vending-machine-24-7/chicken-thigh-steak-1kg-frozen-automatic-meat-247/
https://compassgrill.co.il/eitan-meat-2/meat-vending-machine-24-7/chicken-thigh-steak-1kg-frozen-automatic-meat-247/?category_id=125471&sort=price&order=DESC,404/410/soft 404,Redirect 301 to https://compassgrill.co.il/eitan-meat-2/meat-vending-machine-24-7/chicken-thigh-steak-1kg-frozen-automatic-meat-247/,https://compassgrill.co.il/eitan-meat-2/meat-vending-machine-24-7/chicken-thigh-steak-1kg-frozen-automatic-meat-247/
https://compassgrill.co.il/eitan-meat-2/meat-vending-machine-24-7/אנטריקוט-פידלוט-בלאק-אנגוס-copy-1/?category_id=125471&sort=price&order=ASC,parameters,Noindex,https://compassgrill.co.il/eitan-meat-2/meat-vending-machine-24-7/אנטריקוט-פידלוט-בלאק-אנגוס/
https://compassgrill.co.il/eitan-meat-2/meat-vending-machine-24-7/אנטריקוט-פידלוט-בלאק-אנגוס-copy-1/?category_id=125471&sort=price&order=ASC,duplicate,Redirect 301,https://compassgrill.co.il/eitan-meat-2/meat-vending-machine-24-7/אנטריקוט-פידלוט-בלאק-אנגוס/
https://compassgrill.co.il/eitan-meat-2/meat-vending-machine-24-7/אנטריקוט-פידלוט-בלאק-אנגוס-copy-1/?category_id=125471&sort=price&order=ASC,404/410/soft 404,Redirect 301 to https://compassgrill.co.il/eitan-meat-2/meat-vending-machine-24-7/אנטריקוט-פידלוט-בלאק-אנגוס/,https://compassgrill.co.il/eitan-meat-2/meat-vending-machine-24-7/אנטריקוט-פידלוט-בלאק-אנגוס/
https://compassgrill.co.il/eitan-meat-2/meat-vending-machine-24-7/seasoned-frozen-chicken-thigh-skewers-5pcs-automatic-meat-247/?category_id=125471&sort=pd.name&order=DESC,parameters,Noindex,https://compassgrill.co.il/eitan-meat-2/meat-vending-machine-24-7/seasoned-frozen-chicken-thigh-skewers-5pcs-automatic-meat-247/
https://compassgrill.co.il/eitan-meat-2/meat-vending-machine-24-7/seasoned-frozen-chicken-thigh-skewers-5pcs-automatic-meat-247/?category_id=125471&sort=pd.name&order=DESC,404/410/soft 404,Redirect 301 to https://compassgrill.co.il/eitan-meat-2/meat-vending-machine-24-7/seasoned-frozen-chicken-thigh-skewers-5pcs-automatic-meat-247/,https://compassgrill.co.il/eitan-meat-2/meat-vending-machine-24-7/seasoned-frozen-chicken-thigh-skewers-5pcs-automatic-meat-247/
https://compassgrill.co.il/oak-wood-for-smoking/hs-austrian-wood-brick/?category_id=97685&sort=price&order=DESC,parameters,Noindex,https://compassgrill.co.il/oak-wood-for-smoking/hs-austrian-wood-brick/
https://compassgrill.co.il/oak-wood-for-smoking/hs-austrian-wood-brick/?category_id=97685&sort=price&order=DESC,404/410/soft 404,Redirect 301 to https://compassgrill.co.il/oak-wood-for-smoking/hs-austrian-wood-brick/,https://compassgrill.co.il/oak-wood-for-smoking/hs-austrian-wood-brick/
https://compassgrill.co.il/eitan-meat-2/meat-vending-machine-24-7/angus-burger-880g-frozen-automatic-meat-247/?category_id=125471&sort=price&order=ASC,parameters,Noindex,https://compassgrill.co.il/eitan-meat-2/meat-vending-machine-24-7/angus-burger-880g-frozen-automatic-meat-247/
https://compassgrill.co.il/eitan-meat-2/meat-vending-machine-24-7/angus-burger-880g-frozen-automatic-meat-247/?category_id=125471&sort=price&order=ASC,404/410/soft 404,Redirect 301 to https://compassgrill.co.il/eitan-meat-2/meat-vending-machine-24-7/angus-burger-880g-frozen-automatic-meat-247/,https://compassgrill.co.il/eitan-meat-2/meat-vending-machine-24-7/angus-burger-880g-frozen-automatic-meat-247/
https://compassgrill.co.il/eitan-meat-2/meat-vending-machine-24-7/seasoned-frozen-chicken-thigh-skewers-5pcs-automatic-meat-247/?category_id=125471&sort=price&order=ASC,parameters,Noindex,https://compassgrill.co.il/eitan-meat-2/meat-vending-machine-24-7/seasoned-frozen-chicken-thigh-skewers-5pcs-automatic-meat-247/
https://compassgrill.co.il/eitan-meat-2/meat-vending-machine-24-7/seasoned-frozen-chicken-thigh-skewers-5pcs-automatic-meat-247/?category_id=125471&sort=price&order=ASC,404/410/soft 404,Redirect 301 to https://compassgrill.co.il/eitan-meat-2/meat-vending-machine-24-7/seasoned-frozen-chicken-thigh-skewers-5pcs-automatic-meat-247/,https://compassgrill.co.il/eitan-meat-2/meat-vending-machine-24-7/seasoned-frozen-chicken-thigh-skewers-5pcs-automatic-meat-247/
https://compassgrill.co.il/eitan-meat-eilat/בשר-טרי/fresh-angus-sirloin-halved-2kg-1/?sort=price&order=ASC,parameters,Noindex,https://compassgrill.co.il/eitan-meat-eilat/בשר-טרי/fresh-angus-sirloin-halved-2kg/
https://compassgrill.co.il/eitan-meat-eilat/בשר-טרי/fresh-angus-sirloin-halved-2kg-1/?sort=price&order=ASC,duplicate,Redirect 301,https://compassgrill.co.il/eitan-meat-eilat/בשר-טרי/fresh-angus-sirloin-halved-2kg/
https://compassgrill.co.il/eitan-meat-eilat/בשר-טרי/fresh-angus-sirloin-halved-2kg-1/?sort=price&order=ASC,404/410/soft 404,Redirect 301 to https://compassgrill.co.il/eitan-meat-eilat/בשר-טרי/fresh-angus-sirloin-halved-2kg/,https://compassgrill.co.il/eitan-meat-eilat/בשר-טרי/fresh-angus-sirloin-halved-2kg/
https://compassgrill.co.il/eitan-meat-2/meat-vending-machine-24-7/iraqi-meatballs-800g-frozen-automatic-247/?category_id=125471&sort=pd.name&order=DESC,parameters,Noindex,https://compassgrill.co.il/eitan-meat-2/meat-vending-machine-24-7/iraqi-meatballs-800g-frozen-automatic-247/
https://compassgrill.co.il/eitan-meat-2/meat-vending-machine-24-7/iraqi-meatballs-800g-frozen-automatic-247/?category_id=125471&sort=pd.name&order=DESC,404/410/soft 404,Redirect 301 to https://compassgrill.co.il/eitan-meat-2/meat-vending-machine-24-7/iraqi-meatballs-800g-frozen-automatic-247/,https://compassgrill.co.il/eitan-meat-2/meat-vending-machine-24-7/iraqi-meatballs-800g-frozen-automatic-247/
https://compassgrill.co.il/מנגל-פחמים-ומנגל-לשיפודים/מנגל-פחמים-מנירוסטה-ל-6-שיפודים-נפתח-עם-תיק-1/?sort=p.price&order=DESC,parameters,Noindex,https://compassgrill.co.il/מנגל-פחמים-ומנגל-לשיפודים/מנגל-פחמים-מנירוסטה-ל-6-שיפודים-נפתח-עם-תיק/
https://compassgrill.co.il/מנגל-פחמים-ומנגל-לשיפודים/מנגל-פחמים-מנירוסטה-ל-6-שיפודים-נפתח-עם-תיק-1/?sort=p.price&order=DESC,duplicate,Redirect 301,https://compassgrill.co.il/מנגל-פחמים-ומנגל-לשיפודים/מנגל-פחמים-מנירוסטה-ל-6-שיפודים-נפתח-עם-תיק/
https://compassgrill.co.il/מנגל-פחמים-ומנגל-לשיפודים/מנגל-פחמים-מנירוסטה-ל-6-שיפודים-נפתח-עם-תיק-1/?sort=p.price&order=DESC,404/410/soft 404,Redirect 301 to https://compassgrill.co.il/מנגל-פחמים-ומנגל-לשיפודים/מנגל-פחמים-מנירוסטה-ל-6-שיפודים-נפתח-עם-תיק/,https://compassgrill.co.il/מנגל-פחמים-ומנגל-לשיפודים/מנגל-פחמים-מנירוסטה-ל-6-שיפודים-נפתח-עם-תיק/
https://compassgrill.co.il/tandoor-products-and-accessories/mineral-firebrick-for-pizza/?category_id=35145&sort=pd.name&order=ASC,parameters,Noindex,https://compassgrill.co.il/tandoor-products-and-accessories/mineral-firebrick-for-pizza/
https://compassgrill.co.il/tandoor-products-and-accessories/mineral-firebrick-for-pizza/?category_id=35145&sort=pd.name&order=ASC,404/410/soft 404,Redirect 301 to https://compassgrill.co.il/tandoor-products-and-accessories/mineral-firebrick-for-pizza/,https://compassgrill.co.il/tandoor-products-and-accessories/mineral-firebrick-for-pizza/
https://compassgrill.co.il/tandoor-products-and-accessories/essenza-pizza-round-peel/?category_id=35145&sort=p.model&order=DESC,parameters,Noindex,https://compassgrill.co.il/tandoor-products-and-accessories/essenza-pizza-round-peel/
https://compassgrill.co.il/tandoor-products-and-accessories/essenza-pizza-round-peel/?category_id=35145&sort=p.model&order=DESC,404/410/soft 404,Redirect 301 to https://compassgrill.co.il/tandoor-products-and-accessories/essenza-pizza-round-peel/,https://compassgrill.co.il/tandoor-products-and-accessories/essenza-pizza-round-peel/
https://compassgrill.co.il/tandoor-products-and-accessories/brass-brush-for-pizza-oven/?sort=rating&order=DESC,parameters,Noindex,https://compassgrill.co.il/tandoor-products-and-accessories/brass-brush-for-pizza-oven/
https://compassgrill.co.il/tandoor-products-and-accessories/brass-brush-for-pizza-oven/?sort=rating&order=DESC,404/410/soft 404,Redirect 301 to https://compassgrill.co.il/tandoor-products-and-accessories/brass-brush-for-pizza-oven/,https://compassgrill.co.il/tandoor-products-and-accessories/brass-brush-for-pizza-oven/
https://compassgrill.co.il/eitan-meat-2/frozen-meat/black-angus-feedlot-shoulder-roast-slice-5/?category_id=66836&sort=rating&order=DESC,parameters,Noindex,https://compassgrill.co.il/eitan-meat-2/frozen-meat/black-angus-feedlot-shoulder-roast-slice-5/
https://compassgrill.co.il/eitan-meat-2/frozen-meat/black-angus-feedlot-shoulder-roast-slice-5/?category_id=66836&sort=rating&order=DESC,404/410/soft 404,Redirect 301 to https://compassgrill.co.il/eitan-meat-2/frozen-meat/black-angus-feedlot-shoulder-roast-slice-5/,https://compassgrill.co.il/eitan-meat-2/frozen-meat/black-angus-feedlot-shoulder-roast-slice-5/
https://compassgrill.co.il/oak-wood-for-smoking/hs-austrian-wood-brick/?category_id=97685&sort=p.model&order=ASC,parameters,Noindex,https://compassgrill.co.il/oak-wood-for-smoking/hs-austrian-wood-brick/
https://compassgrill.co.il/oak-wood-for-smoking/hs-austrian-wood-brick/?category_id=97685&sort=p.model&order=ASC,404/410/soft 404,Redirect 301 to https://compassgrill.co.il/oak-wood-for-smoking/hs-austrian-wood-brick/,https://compassgrill.co.il/oak-wood-for-smoking/hs-austrian-wood-brick/
https://compassgrill.co.il/eitan-meat-2/frozen-meat/premium-sliced-lamb-ribs-6-pieces-tray/?category_id=66836&sort=rating&order=DESC,parameters,Noindex,https://compassgrill.co.il/eitan-meat-2/frozen-meat/premium-sliced-lamb-ribs-6-pieces-tray/
https://compassgrill.co.il/eitan-meat-2/frozen-meat/premium-sliced-lamb-ribs-6-pieces-tray/?category_id=66836&sort=rating&order=DESC,404/410/soft 404,Redirect 301 to https://compassgrill.co.il/eitan-meat-2/frozen-meat/premium-sliced-lamb-ribs-6-pieces-tray/,https://compassgrill.co.il/eitan-meat-2/frozen-meat/premium-sliced-lamb-ribs-6-pieces-tray/
https://compassgrill.co.il/eitan-meat-2/salonika-kebab-pack/?sort=rating&order=DESC,parameters,Noindex,https://compassgrill.co.il/eitan-meat-2/salonika-kebab-pack/
https://compassgrill.co.il/eitan-meat-2/salonika-kebab-pack/?sort=rating&order=DESC,404/410/soft 404,Redirect 301 to https://compassgrill.co.il/eitan-meat-2/salonika-kebab-pack/,https://compassgrill.co.il/eitan-meat-2/salonika-kebab-pack/
https://compassgrill.co.il/outdoor-kitchen-9/alumex/?sort=p.model&order=ASC,parameters,Noindex,https://compassgrill.co.il/outdoor-kitchen-9/alumex/
https://compassgrill.co.il/outdoor-kitchen-9/alumex/?sort=p.model&order=ASC,404/410/soft 404,Redirect 301 to https://compassgrill.co.il/outdoor-kitchen-9/alumex/,https://compassgrill.co.il/outdoor-kitchen-9/alumex/
https://compassgrill.co.il/מנגל-פחמים-ומנגל-לשיפודים/מנגל-קערת-אש/?sort=pd.name&order=DESC,parameters,Noindex,https://compassgrill.co.il/מנגל-פחמים-ומנגל-לשיפודים/מנגל-קערת-אש/
https://compassgrill.co.il/מנגל-פחמים-ומנגל-לשיפודים/מנגל-קערת-אש/?sort=pd.name&order=DESC,404/410/soft 404,Redirect 301 to https://compassgrill.co.il/מנגל-פחמים-ומנגל-לשיפודים/מנגל-קערת-אש/,https://compassgrill.co.il/מנגל-פחמים-ומנגל-לשיפודים/מנגל-קערת-אש/
https://compassgrill.co.il/eitan-meat-2/frozen-meat/feedlot-butcher-steak/?category_id=66836&sort=rating&order=DESC,parameters,Noindex,https://compassgrill.co.il/eitan-meat-2/frozen-meat/feedlot-butcher-steak/
https://compassgrill.co.il/eitan-meat-2/frozen-meat/feedlot-butcher-steak/?category_id=66836&sort=rating&order=DESC,404/410/soft 404,Redirect 301 to https://compassgrill.co.il/eitan-meat-2/frozen-meat/feedlot-butcher-steak/,https://compassgrill.co.il/eitan-meat-2/frozen-meat/feedlot-butcher-steak/
https://compassgrill.co.il/בשר-טרי/fattened-angus-entrecote-sliced-pairs-1/?category_id=125606,parameters,Canonical,https://compassgrill.co.il/בשר-טרי/fattened-angus-entrecote-sliced-pairs/
https://compassgrill.co.il/בשר-טרי/fattened-angus-entrecote-sliced-pairs-1/?category_id=125606,duplicate,Redirect 301,https://compassgrill.co.il/בשר-טרי/fattened-angus-entrecote-sliced-pairs/
https://compassgrill.co.il/בשר-טרי/fattened-angus-entrecote-sliced-pairs-1/?category_id=125606,404/410/soft 404,Redirect 301 to https://compassgrill.co.il/בשר-טרי/fattened-angus-entrecote-sliced-pairs/,https://compassgrill.co.il/בשר-טרי/fattened-angus-entrecote-sliced-pairs/
https://compassgrill.co.il/סט-ישיבה-מתכתי-מק-ט-jerry-g-copy-0/,duplicate,Redirect 301,https://compassgrill.co.il/סט-ישיבה-מתכתי-מק-ט-jerry-g-copy-0/
https://compassgrill.co.il/סט-ישיבה-מתכתי-מק-ט-jerry-g-copy-0/,404/410/soft 404,Redirect 301 to https://compassgrill.co.il/סט-ישיבה-מתכתי-מק-ט-jerry-g-copy-0/,https://compassgrill.co.il/סט-ישיבה-מתכתי-מק-ט-jerry-g-copy-0/
https://compassgrill.co.il/שיפודי-פרגית-קפוא-8-י-ח-שיפודים-כ-1-ק-ג/?search&sort=p.model&order=DESC,parameters,Noindex,https://compassgrill.co.il/שיפודי-פרגית-קפוא-8-י-ח-שיפודים-כ-1-ק-ג/
https://compassgrill.co.il/שיפודי-פרגית-קפוא-8-י-ח-שיפודים-כ-1-ק-ג/?search&sort=p.model&order=DESC,404/410/soft 404,Redirect 301 to https://compassgrill.co.il/שיפודי-פרגית-קפוא-8-י-ח-שיפודים-כ-1-ק-ג/,https://compassgrill.co.il/שיפודי-פרגית-קפוא-8-י-ח-שיפודים-כ-1-ק-ג/
https://compassgrill.co.il/גריל-גז-prestige-pro-665rsib/?search&sort=p.price&order=DESC,parameters,Noindex,https://compassgrill.co.il/גריל-גז-prestige-pro-665rsib/
https://compassgrill.co.il/גריל-גז-prestige-pro-665rsib/?search&sort=p.price&order=DESC,404/410/soft 404,Redirect 301 to https://compassgrill.co.il/גריל-גז-prestige-pro-665rsib/,https://compassgrill.co.il/גריל-גז-prestige-pro-665rsib/
https://compassgrill.co.il/tandoor-products-and-accessories/lg-3-piece-tool-set/?sort=price&order=ASC,parameters,Noindex,https://compassgrill.co.il/tandoor-products-and-accessories/lg-3-piece-tool-set/
https://compassgrill.co.il/tandoor-products-and-accessories/lg-3-piece-tool-set/?sort=price&order=ASC,404/410/soft 404,Redirect 301 to https://compassgrill.co.il/tandoor-products-and-accessories/lg-3-piece-tool-set/,https://compassgrill.co.il/tandoor-products-and-accessories/lg-3-piece-tool-set/
https://compassgrill.co.il/ultimate-griddle-4-גריל-פלנצ-ה-גז-4-מבערים/,404/410/soft 404,Redirect 301 to https://compassgrill.co.il/ultimate-griddle-4-גריל-פלנצ-ה-גז-4-מבערים/,https://compassgrill.co.il/ultimate-griddle-4-גריל-פלנצ-ה-גז-4-מבערים/
https://compassgrill.co.il/tandoor-products-and-accessories/essenza-pizza-peel-34cm/?sort=rating&order=ASC,parameters,Noindex,https://compassgrill.co.il/tandoor-products-and-accessories/essenza-pizza-peel-34cm/
https://compassgrill.co.il/tandoor-products-and-accessories/essenza-pizza-peel-34cm/?sort=rating&order=ASC,404/410/soft 404,Redirect 301 to https://compassgrill.co.il/tandoor-products-and-accessories/essenza-pizza-peel-34cm/,https://compassgrill.co.il/tandoor-products-and-accessories/essenza-pizza-peel-34cm/
https://compassgrill.co.il/אביזרים-לגריל-ומעשנה/מדי-חום-וטמפרטורה/,404/410/soft 404,Redirect 301 to https://compassgrill.co.il/אביזרים-לגריל-ומעשנה/מדי-חום-וטמפרטורה/,https://compassgrill.co.il/אביזרים-לגריל-ומעשנה/מדי-חום-וטמפרטורה/
https://compassgrill.co.il/smoker-tandoor/מנגל-פחמים-ומנגל-לשיפודים/charcoal-grill-with-legs-for-8-skewers-foldable-with-bag/?sort=rating&order=ASC,parameters,Noindex,https://compassgrill.co.il/smoker-tandoor/מנגל-פחמים-ומנגל-לשיפודים/charcoal-grill-with-legs-for-8-skewers-foldable-with-bag/
https://compassgrill.co.il/smoker-tandoor/מנגל-פחמים-ומנגל-לשיפודים/charcoal-grill-with-legs-for-8-skewers-foldable-with-bag/?sort=rating&order=ASC,404/410/soft 404,Redirect 301 to https://compassgrill.co.il/smoker-tandoor/מנגל-פחמים-ומנגל-לשיפודים/charcoal-grill-with-legs-for-8-skewers-foldable-with-bag/,https://compassgrill.co.il/smoker-tandoor/מנגל-פחמים-ומנגל-לשיפודים/charcoal-grill-with-legs-for-8-skewers-foldable-with-bag/
https://compassgrill.co.il/outdoor-kitchen-9/modular-outdoor-kitchens/גריל-גז-סיזר-nero-6-מבערים-יחידת-מקרר-וכיור-יוקרתית/?sort=rating&order=DESC,parameters,Noindex,https://compassgrill.co.il/outdoor-kitchen-9/modular-outdoor-kitchens/גריל-גז-סיזר-nero-6-מבערים-יחידת-מקרר-וכיור-יוקרתית/
https://compassgrill.co.il/outdoor-kitchen-9/modular-outdoor-kitchens/גריל-גז-סיזר-nero-6-מבערים-יחידת-מקרר-וכיור-יוקרתית/?sort=rating&order=DESC,404/410/soft 404,Redirect 301 to https://compassgrill.co.il/outdoor-kitchen-9/modular-outdoor-kitchens/גריל-גז-סיזר-nero-6-מבערים-יחידת-מקרר-וכיור-יוקרתית/,https://compassgrill.co.il/outdoor-kitchen-9/modular-outdoor-kitchens/גריל-גז-סיזר-nero-6-מבערים-יחידת-מקרר-וכיור-יוקרתית/
https://compassgrill.co.il/eitan-meat-2/frozen-meat/angus-carpaccio-sliced-10-servings-700g-pack/?sort=rating&order=DESC,parameters,Noindex,https://compassgrill.co.il/eitan-meat-2/frozen-meat/angus-carpaccio-sliced-10-servings-700g-pack/
https://compassgrill.co.il/eitan-meat-2/frozen-meat/angus-carpaccio-sliced-10-servings-700g-pack/?sort=rating&order=DESC,404/410/soft 404,Redirect 301 to https://compassgrill.co.il/eitan-meat-2/frozen-meat/angus-carpaccio-sliced-10-servings-700g-pack/,https://compassgrill.co.il/eitan-meat-2/frozen-meat/angus-carpaccio-sliced-10-servings-700g-pack/
https://compassgrill.co.il/teperberg-wines/teperberg-legasi-cabernet-franc/?sort=p.sort_order&order=ASC,parameters,Noindex,https://compassgrill.co.il/teperberg-wines/teperberg-legasi-cabernet-franc/
https://compassgrill.co.il/teperberg-wines/teperberg-legasi-cabernet-franc/?sort=p.sort_order&order=ASC,404/410/soft 404,Redirect 301 to https://compassgrill.co.il/teperberg-wines/teperberg-legasi-cabernet-franc/,https://compassgrill.co.il/teperberg-wines/teperberg-legasi-cabernet-franc/
https://compassgrill.co.il/teperberg-wines/teperberg-essence-malbec-750ml/?sort=p.sort_order&order=ASC,parameters,Noindex,https://compassgrill.co.il/teperberg-wines/teperberg-essence-malbec-750ml/
https://compassgrill.co.il/teperberg-wines/teperberg-essence-malbec-750ml/?sort=p.sort_order&order=ASC,404/410/soft 404,Redirect 301 to https://compassgrill.co.il/teperberg-wines/teperberg-essence-malbec-750ml/,https://compassgrill.co.il/teperberg-wines/teperberg-essence-malbec-750ml/
https://compassgrill.co.il/teperberg-wines/teperberg-inspire-debute-750ml/?sort=p.sort_order&order=ASC,parameters,Noindex,https://compassgrill.co.il/teperberg-wines/teperberg-inspire-debute-750ml/
https://compassgrill.co.il/teperberg-wines/teperberg-inspire-debute-750ml/?sort=p.sort_order&order=ASC,404/410/soft 404,Redirect 301 to https://compassgrill.co.il/teperberg-wines/teperberg-inspire-debute-750ml/,https://compassgrill.co.il/teperberg-wines/teperberg-inspire-debute-750ml/
https://compassgrill.co.il/eitan-meat-2/poultry-3/thin-sliced-chicken-breast-1kg/?category_id=105748,parameters,Canonical,https://compassgrill.co.il/eitan-meat-2/poultry-3/thin-sliced-chicken-breast-1kg/
https://compassgrill.co.il/eitan-meat-2/poultry-3/thin-sliced-chicken-breast-1kg/?category_id=105748,404/410/soft 404,Redirect 301 to https://compassgrill.co.il/eitan-meat-2/poultry-3/thin-sliced-chicken-breast-1kg/,https://compassgrill.co.il/eitan-meat-2/poultry-3/thin-sliced-chicken-breast-1kg/
https://compassgrill.co.il/tandoor-products-and-accessories/cozzepro17/?sort=price&order=DESC,parameters,Noindex,https://compassgrill.co.il/tandoor-products-and-accessories/cozzepro17/
https://compassgrill.co.il/tandoor-products-and-accessories/cozzepro17/?sort=price&order=DESC,404/410/soft 404,Redirect 301 to https://compassgrill.co.il/tandoor-products-and-accessories/cozzepro17/,https://compassgrill.co.il/tandoor-products-and-accessories/cozzepro17/
https://compassgrill.co.il/בריאה-מערכת-ישיבה-תלת-ראטן/?search&sort=price&order=DESC,parameters,Noindex,https://compassgrill.co.il/בריאה-מערכת-ישיבה-תלת-ראטן/
https://compassgrill.co.il/בריאה-מערכת-ישיבה-תלת-ראטן/?search&sort=price&order=DESC,404/410/soft 404,Redirect 301 to https://compassgrill.co.il/בריאה-מערכת-ישיבה-תלת-ראטן/,https://compassgrill.co.il/בריאה-מערכת-ישיבה-תלת-ראטן/
https://compassgrill.co.il/outdoor-kitchen-9/modular-outdoor-kitchens/גריל-גז-סיזר-nero-6-מבערים-יחידת-מקרר-וכיור-יוקרתית/?category_id=80794&sort=rating&order=DESC,parameters,Noindex,https://compassgrill.co.il/outdoor-kitchen-9/modular-outdoor-kitchens/גריל-גז-סיזר-nero-6-מבערים-יחידת-מקרר-וכיור-יוקרתית/
https://compassgrill.co.il/outdoor-kitchen-9/modular-outdoor-kitchens/גריל-גז-סיזר-nero-6-מבערים-יחידת-מקרר-וכיור-יוקרתית/?category_id=80794&sort=rating&order=DESC,404/410/soft 404,Redirect 301 to https://compassgrill.co.il/outdoor-kitchen-9/modular-outdoor-kitchens/גריל-גז-סיזר-nero-6-מבערים-יחידת-מקרר-וכיור-יוקרתית/,https://compassgrill.co.il/outdoor-kitchen-9/modular-outdoor-kitchens/גריל-גז-סיזר-nero-6-מבערים-יחידת-מקרר-וכיור-יוקרתית/
https://compassgrill.co.il/gas-grills/גריל-גז-rogue-xt-365sib-il-שחור/?category_id=35202&sort=price&order=ASC,parameters,Noindex,https://compassgrill.co.il/gas-grills/גריל-גז-rogue-xt-365sib-il-שחור/
https://compassgrill.co.il/gas-grills/גריל-גז-rogue-xt-365sib-il-שחור/?category_id=35202&sort=price&order=ASC,404/410/soft 404,Redirect 301 to https://compassgrill.co.il/gas-grills/גריל-גז-rogue-xt-365sib-il-שחור/,https://compassgrill.co.il/gas-grills/גריל-גז-rogue-xt-365sib-il-שחור/
https://compassgrill.co.il/smoker-tandoor/dual-cast-iron-round-griddle-1/?sort=price&order=ASC,parameters,Noindex,https://compassgrill.co.il/smoker-tandoor/dual-cast-iron-round-griddle/
https://compassgrill.co.il/smoker-tandoor/dual-cast-iron-round-griddle-1/?sort=price&order=ASC,duplicate,Redirect 301,https://compassgrill.co.il/smoker-tandoor/dual-cast-iron-round-griddle/
https://compassgrill.co.il/smoker-tandoor/dual-cast-iron-round-griddle-1/?sort=price&order=ASC,404/410/soft 404,Redirect 301 to https://compassgrill.co.il/smoker-tandoor/dual-cast-iron-round-griddle/,https://compassgrill.co.il/smoker-tandoor/dual-cast-iron-round-griddle/
https://compassgrill.co.il/eitan-meat-2/frozen-meat/חזה-אווז-ארוז-בוואקום/,404/410/soft 404,Redirect 301 to https://compassgrill.co.il/eitan-meat-2/frozen-meat/חזה-אווז-ארוז-בוואקום/,https://compassgrill.co.il/eitan-meat-2/frozen-meat/חזה-אווז-ארוז-בוואקום/
https://compassgrill.co.il/sous-vide/pair-vacuum-bags-with-channeled-rolls-for-sous-vide/?sort=price&order=ASC,parameters,Noindex,https://compassgrill.co.il/sous-vide/pair-vacuum-bags-with-channeled-rolls-for-sous-vide/
https://compassgrill.co.il/sous-vide/pair-vacuum-bags-with-channeled-rolls-for-sous-vide/?sort=price&order=ASC,404/410/soft 404,Redirect 301 to https://compassgrill.co.il/sous-vide/pair-vacuum-bags-with-channeled-rolls-for-sous-vide/,https://compassgrill.co.il/sous-vide/pair-vacuum-bags-with-channeled-rolls-for-sous-vide/
https://compassgrill.co.il/charcoal-blend-smoking-wood-18kg/,404/410/soft 404,Redirect 301 to https://compassgrill.co.il/charcoal-blend-smoking-wood-18kg/,https://compassgrill.co.il/charcoal-blend-smoking-wood-18kg/
https://compassgrill.co.il/eitan-meat-eilat/בשר-טרי/fresh-angus-sirloin-halved-2kg-1/?sort=price&order=DESC,parameters,Noindex,https://compassgrill.co.il/eitan-meat-eilat/בשר-טרי/fresh-angus-sirloin-halved-2kg/
https://compassgrill.co.il/eitan-meat-eilat/בשר-טרי/fresh-angus-sirloin-halved-2kg-1/?sort=price&order=DESC,duplicate,Redirect 301,https://compassgrill.co.il/eitan-meat-eilat/בשר-טרי/fresh-angus-sirloin-halved-2kg/
https://compassgrill.co.il/eitan-meat-eilat/בשר-טרי/fresh-angus-sirloin-halved-2kg-1/?sort=price&order=DESC,404/410/soft 404,Redirect 301 to https://compassgrill.co.il/eitan-meat-eilat/בשר-טרי/fresh-angus-sirloin-halved-2kg/,https://compassgrill.co.il/eitan-meat-eilat/בשר-טרי/fresh-angus-sirloin-halved-2kg/
https://compassgrill.co.il/grill-smoker-accessories/cast-iron-tools-plov-cooking/dual-cast-iron-round-griddle-1/?category_id=35279,parameters,Canonical,https://compassgrill.co.il/grill-smoker-accessories/cast-iron-tools-plov-cooking/dual-cast-iron-round-griddle/
https://compassgrill.co.il/grill-smoker-accessories/cast-iron-tools-plov-cooking/dual-cast-iron-round-griddle-1/?category_id=35279,duplicate,Redirect 301,https://compassgrill.co.il/grill-smoker-accessories/cast-iron-tools-plov-cooking/dual-cast-iron-round-griddle/
https://compassgrill.co.il/grill-smoker-accessories/cast-iron-tools-plov-cooking/dual-cast-iron-round-griddle-1/?category_id=35279,404/410/soft 404,Redirect 301 to https://compassgrill.co.il/grill-smoker-accessories/cast-iron-tools-plov-cooking/dual-cast-iron-round-griddle/,https://compassgrill.co.il/grill-smoker-accessories/cast-iron-tools-plov-cooking/dual-cast-iron-round-griddle/
https://compassgrill.co.il/tandoor-products-and-accessories/mineral-firebrick-for-pizza/?category_id=35145&sort=price&order=ASC,parameters,Noindex,https://compassgrill.co.il/tandoor-products-and-accessories/mineral-firebrick-for-pizza/
https://compassgrill.co.il/tandoor-products-and-accessories/mineral-firebrick-for-pizza/?category_id=35145&sort=price&order=ASC,404/410/soft 404,Redirect 301 to https://compassgrill.co.il/tandoor-products-and-accessories/mineral-firebrick-for-pizza/,https://compassgrill.co.il/tandoor-products-and-accessories/mineral-firebrick-for-pizza/
https://compassgrill.co.il/gas-grills/גריל-גז-rogue-xt-365sib-il-שחור/?category_id=35202&sort=rating&order=ASC,parameters,Noindex,https://compassgrill.co.il/gas-grills/גריל-גז-rogue-xt-365sib-il-שחור/
https://compassgrill.co.il/gas-grills/גריל-גז-rogue-xt-365sib-il-שחור/?category_id=35202&sort=rating&order=ASC,404/410/soft 404,Redirect 301 to https://compassgrill.co.il/gas-grills/גריל-גז-rogue-xt-365sib-il-שחור/,https://compassgrill.co.il/gas-grills/גריל-גז-rogue-xt-365sib-il-שחור/
https://compassgrill.co.il/tandoor-products-and-accessories/essenza-pizza-round-peel/?sort=rating&order=DESC,parameters,Noindex,https://compassgrill.co.il/tandoor-products-and-accessories/essenza-pizza-round-peel/
https://compassgrill.co.il/tandoor-products-and-accessories/essenza-pizza-round-peel/?sort=rating&order=DESC,404/410/soft 404,Redirect 301 to https://compassgrill.co.il/tandoor-products-and-accessories/essenza-pizza-round-peel/,https://compassgrill.co.il/tandoor-products-and-accessories/essenza-pizza-round-peel/
https://compassgrill.co.il/oak-wood-for-smoking/hs-austrian-wood-brick/?category_id=97685&sort=price&order=ASC,parameters,Noindex,https://compassgrill.co.il/oak-wood-for-smoking/hs-austrian-wood-brick/
https://compassgrill.co.il/oak-wood-for-smoking/hs-austrian-wood-brick/?category_id=97685&sort=price&order=ASC,404/410/soft 404,Redirect 301 to https://compassgrill.co.il/oak-wood-for-smoking/hs-austrian-wood-brick/,https://compassgrill.co.il/oak-wood-for-smoking/hs-austrian-wood-brick/
https://compassgrill.co.il/eitan-meat-2/frozen-meat/premium-sliced-lamb-ribs-6-pieces-tray/,404/410/soft 404,Redirect 301 to https://compassgrill.co.il/eitan-meat-2/frozen-meat/premium-sliced-lamb-ribs-6-pieces-tray/,https://compassgrill.co.il/eitan-meat-2/frozen-meat/premium-sliced-lamb-ribs-6-pieces-tray/
https://compassgrill.co.il/tandoor-products-and-accessories/brass-brush-for-pizza-oven/?sort=rating&order=ASC,parameters,Noindex,https://compassgrill.co.il/tandoor-products-and-accessories/brass-brush-for-pizza-oven/
https://compassgrill.co.il/tandoor-products-and-accessories/brass-brush-for-pizza-oven/?sort=rating&order=ASC,404/410/soft 404,Redirect 301 to https://compassgrill.co.il/tandoor-products-and-accessories/brass-brush-for-pizza-oven/,https://compassgrill.co.il/tandoor-products-and-accessories/brass-brush-for-pizza-oven/
https://compassgrill.co.il/tandoor-products-and-accessories/essenza-pizza-round-peel/?sort=price&order=DESC,parameters,Noindex,https://compassgrill.co.il/tandoor-products-and-accessories/essenza-pizza-round-peel/
https://compassgrill.co.il/tandoor-products-and-accessories/essenza-pizza-round-peel/?sort=price&order=DESC,404/410/soft 404,Redirect 301 to https://compassgrill.co.il/tandoor-products-and-accessories/essenza-pizza-round-peel/,https://compassgrill.co.il/tandoor-products-and-accessories/essenza-pizza-round-peel/
https://compassgrill.co.il/smoker-tandoor/מנגל-פחמים-ומנגל-לשיפודים/charcoal-grill-with-legs-for-8-skewers-foldable-with-bag/?sort=pd.name&order=ASC,parameters,Noindex,https://compassgrill.co.il/smoker-tandoor/מנגל-פחמים-ומנגל-לשיפודים/charcoal-grill-with-legs-for-8-skewers-foldable-with-bag/
https://compassgrill.co.il/smoker-tandoor/מנגל-פחמים-ומנגל-לשיפודים/charcoal-grill-with-legs-for-8-skewers-foldable-with-bag/?sort=pd.name&order=ASC,404/410/soft 404,Redirect 301 to https://compassgrill.co.il/smoker-tandoor/מנגל-פחמים-ומנגל-לשיפודים/charcoal-grill-with-legs-for-8-skewers-foldable-with-bag/,https://compassgrill.co.il/smoker-tandoor/מנגל-פחמים-ומנגל-לשיפודים/charcoal-grill-with-legs-for-8-skewers-foldable-with-bag/
https://compassgrill.co.il/tandoor-products-and-accessories/dough-working-board/?sort=p.sort_order&order=ASC,parameters,Noindex,https://compassgrill.co.il/tandoor-products-and-accessories/dough-working-board/
https://compassgrill.co.il/tandoor-products-and-accessories/dough-working-board/?sort=p.sort_order&order=ASC,404/410/soft 404,Redirect 301 to https://compassgrill.co.il/tandoor-products-and-accessories/dough-working-board/,https://compassgrill.co.il/tandoor-products-and-accessories/dough-working-board/
https://compassgrill.co.il/eitan-meat-2/meat-vending-machine-24-7/iraqi-meatballs-800g-frozen-automatic-247/,404/410/soft 404,Redirect 301 to https://compassgrill.co.il/eitan-meat-2/meat-vending-machine-24-7/iraqi-meatballs-800g-frozen-automatic-247/,https://compassgrill.co.il/eitan-meat-2/meat-vending-machine-24-7/iraqi-meatballs-800g-frozen-automatic-247/
https://compassgrill.co.il/tandoor-products-and-accessories/dough-working-board/?category_id=35145&sort=price&order=DESC,parameters,Noindex,https://compassgrill.co.il/tandoor-products-and-accessories/dough-working-board/
https://compassgrill.co.il/tandoor-products-and-accessories/dough-working-board/?category_id=35145&sort=price&order=DESC,404/410/soft 404,Redirect 301 to https://compassgrill.co.il/tandoor-products-and-accessories/dough-working-board/,https://compassgrill.co.il/tandoor-products-and-accessories/dough-working-board/
https://compassgrill.co.il/grill-smoker-accessories/wood-chips-and-chunks-for-smoking/pecan-wood-chunks/?sort=rating&order=DESC,parameters,Noindex,https://compassgrill.co.il/grill-smoker-accessories/wood-chips-and-chunks-for-smoking/pecan-wood-chunks/
https://compassgrill.co.il/grill-smoker-accessories/wood-chips-and-chunks-for-smoking/pecan-wood-chunks/?sort=rating&order=DESC,404/410/soft 404,Redirect 301 to https://compassgrill.co.il/grill-smoker-accessories/wood-chips-and-chunks-for-smoking/pecan-wood-chunks/,https://compassgrill.co.il/grill-smoker-accessories/wood-chips-and-chunks-for-smoking/pecan-wood-chunks/
https://compassgrill.co.il/grill-smoker-accessories/wood-chips-and-chunks-for-smoking/oak-wood-chunks/?category_id=97766&sort=p.model&order=ASC,parameters,Noindex,https://compassgrill.co.il/grill-smoker-accessories/wood-chips-and-chunks-for-smoking/oak-wood-chunks/
https://compassgrill.co.il/grill-smoker-accessories/wood-chips-and-chunks-for-smoking/oak-wood-chunks/?category_id=97766&sort=p.model&order=ASC,404/410/soft 404,Redirect 301 to https://compassgrill.co.il/grill-smoker-accessories/wood-chips-and-chunks-for-smoking/oak-wood-chunks/,https://compassgrill.co.il/grill-smoker-accessories/wood-chips-and-chunks-for-smoking/oak-wood-chunks/
https://compassgrill.co.il/grill-smoker-accessories/wood-chips-and-chunks-for-smoking/pecan-wood-chunks/?sort=p.model&order=ASC,parameters,Noindex,https://compassgrill.co.il/grill-smoker-accessories/wood-chips-and-chunks-for-smoking/pecan-wood-chunks/
https://compassgrill.co.il/grill-smoker-accessories/wood-chips-and-chunks-for-smoking/pecan-wood-chunks/?sort=p.model&order=ASC,404/410/soft 404,Redirect 301 to https://compassgrill.co.il/grill-smoker-accessories/wood-chips-and-chunks-for-smoking/pecan-wood-chunks/,https://compassgrill.co.il/grill-smoker-accessories/wood-chips-and-chunks-for-smoking/pecan-wood-chunks/
https://compassgrill.co.il/wood-chips-and-chunks-for-smoking/oak-wood-chunks/?category_id=97766&sort=rating&order=ASC,parameters,Noindex,https://compassgrill.co.il/wood-chips-and-chunks-for-smoking/oak-wood-chunks/
https://compassgrill.co.il/wood-chips-and-chunks-for-smoking/oak-wood-chunks/?category_id=97766&sort=rating&order=ASC,404/410/soft 404,Redirect 301 to https://compassgrill.co.il/wood-chips-and-chunks-for-smoking/oak-wood-chunks/,https://compassgrill.co.il/wood-chips-and-chunks-for-smoking/oak-wood-chunks/
https://compassgrill.co.il/tandoor-products-and-accessories/dough-working-board/?category_id=35145&sort=rating&order=ASC,parameters,Noindex,https://compassgrill.co.il/tandoor-products-and-accessories/dough-working-board/
https://compassgrill.co.il/tandoor-products-and-accessories/dough-working-board/?category_id=35145&sort=rating&order=ASC,404/410/soft 404,Redirect 301 to https://compassgrill.co.il/tandoor-products-and-accessories/dough-working-board/,https://compassgrill.co.il/tandoor-products-and-accessories/dough-working-board/
https://compassgrill.co.il/tandoor-products-and-accessories/essenza-pizza-peel-34cm/?sort=p.model&order=DESC,parameters,Noindex,https://compassgrill.co.il/tandoor-products-and-accessories/essenza-pizza-peel-34cm/
https://compassgrill.co.il/tandoor-products-and-accessories/essenza-pizza-peel-34cm/?sort=p.model&order=DESC,404/410/soft 404,Redirect 301 to https://compassgrill.co.il/tandoor-products-and-accessories/essenza-pizza-peel-34cm/,https://compassgrill.co.il/tandoor-products-and-accessories/essenza-pizza-peel-34cm/
https://compassgrill.co.il/grill-smoker-accessories/wood-chips-and-chunks-for-smoking/pecan-wood-chunks/?sort=rating&order=ASC,parameters,Noindex,https://compassgrill.co.il/grill-smoker-accessories/wood-chips-and-chunks-for-smoking/pecan-wood-chunks/
https://compassgrill.co.il/grill-smoker-accessories/wood-chips-and-chunks-for-smoking/pecan-wood-chunks/?sort=rating&order=ASC,404/410/soft 404,Redirect 301 to https://compassgrill.co.il/grill-smoker-accessories/wood-chips-and-chunks-for-smoking/pecan-wood-chunks/,https://compassgrill.co.il/grill-smoker-accessories/wood-chips-and-chunks-for-smoking/pecan-wood-chunks/
https://compassgrill.co.il/grill-smoker-accessories/oak-wood-chunks/?category_id=37972&sort=price&order=ASC,parameters,Noindex,https://compassgrill.co.il/grill-smoker-accessories/oak-wood-chunks/
https://compassgrill.co.il/grill-smoker-accessories/oak-wood-chunks/?category_id=37972&sort=price&order=ASC,404/410/soft 404,Redirect 301 to https://compassgrill.co.il/grill-smoker-accessories/oak-wood-chunks/,https://compassgrill.co.il/grill-smoker-accessories/oak-wood-chunks/
https://compassgrill.co.il/grill-smoker-accessories/wood-chips-and-chunks-for-smoking/oak-wood-chunks/?sort=rating&order=DESC,parameters,Noindex,https://compassgrill.co.il/grill-smoker-accessories/wood-chips-and-chunks-for-smoking/oak-wood-chunks/
https://compassgrill.co.il/grill-smoker-accessories/wood-chips-and-chunks-for-smoking/oak-wood-chunks/?sort=rating&order=DESC,404/410/soft 404,Redirect 301 to https://compassgrill.co.il/grill-smoker-accessories/wood-chips-and-chunks-for-smoking/oak-wood-chunks/,https://compassgrill.co.il/grill-smoker-accessories/wood-chips-and-chunks-for-smoking/oak-wood-chunks/
https://compassgrill.co.il/grill-smoker-accessories/compass-skewers/leather-case-stainless-steel-skewers-2/?sort=rating&order=DESC,parameters,Noindex,https://compassgrill.co.il/grill-smoker-accessories/compass-skewers/leather-case-stainless-steel-skewers-2/
https://compassgrill.co.il/grill-smoker-accessories/compass-skewers/leather-case-stainless-steel-skewers-2/?sort=rating&order=DESC,duplicate,Redirect 301,https://compassgrill.co.il/grill-smoker-accessories/compass-skewers/leather-case-stainless-steel-skewers-2/
https://compassgrill.co.il/grill-smoker-accessories/compass-skewers/leather-case-stainless-steel-skewers-2/?sort=rating&order=DESC,404/410/soft 404,Redirect 301 to https://compassgrill.co.il/grill-smoker-accessories/compass-skewers/leather-case-stainless-steel-skewers-2/,https://compassgrill.co.il/grill-smoker-accessories/compass-skewers/leather-case-stainless-steel-skewers-2/
https://compassgrill.co.il/grill-smoker-accessories/compass-skewers/leather-case-stainless-steel-skewers-2/?sort=pd.name&order=ASC,parameters,Noindex,https://compassgrill.co.il/grill-smoker-accessories/compass-skewers/leather-case-stainless-steel-skewers-2/
https://compassgrill.co.il/grill-smoker-accessories/compass-skewers/leather-case-stainless-steel-skewers-2/?sort=pd.name&order=ASC,duplicate,Redirect 301,https://compassgrill.co.il/grill-smoker-accessories/compass-skewers/leather-case-stainless-steel-skewers-2/
https://compassgrill.co.il/grill-smoker-accessories/compass-skewers/leather-case-stainless-steel-skewers-2/?sort=pd.name&order=ASC,404/410/soft 404,Redirect 301 to https://compassgrill.co.il/grill-smoker-accessories/compass-skewers/leather-case-stainless-steel-skewers-2/,https://compassgrill.co.il/grill-smoker-accessories/compass-skewers/leather-case-stainless-steel-skewers-2/
https://compassgrill.co.il/meat-aging-treatment/רשת-רולדה-מידה-16-אורך-50-מטר/?category_id=121072&sort=p.sort_order&order=ASC,parameters,Noindex,https://compassgrill.co.il/meat-aging-treatment/רשת-רולדה-מידה-16-אורך-50-מטר/
https://compassgrill.co.il/meat-aging-treatment/רשת-רולדה-מידה-16-אורך-50-מטר/?category_id=121072&sort=p.sort_order&order=ASC,404/410/soft 404,Redirect 301 to https://compassgrill.co.il/meat-aging-treatment/רשת-רולדה-מידה-16-אורך-50-מטר/,https://compassgrill.co.il/meat-aging-treatment/רשת-רולדה-מידה-16-אורך-50-מטר/
https://compassgrill.co.il/grill-smoker-accessories/leather-case-stainless-steel-skewers-2/?sort=rating&order=DESC,parameters,Noindex,https://compassgrill.co.il/grill-smoker-accessories/leather-case-stainless-steel-skewers/
https://compassgrill.co.il/grill-smoker-accessories/leather-case-stainless-steel-skewers-2/?sort=rating&order=DESC,duplicate,Redirect 301,https://compassgrill.co.il/grill-smoker-accessories/leather-case-stainless-steel-skewers/
https://compassgrill.co.il/grill-smoker-accessories/leather-case-stainless-steel-skewers-2/?sort=rating&order=DESC,404/410/soft 404,Redirect 301 to https://compassgrill.co.il/grill-smoker-accessories/leather-case-stainless-steel-skewers/,https://compassgrill.co.il/grill-smoker-accessories/leather-case-stainless-steel-skewers/
https://compassgrill.co.il/בשר-טרי/אנטריקוט-פידלוט-בלאק-אנגוס-חצוי-טרי-1/?category_id=125606,parameters,Canonical,https://compassgrill.co.il/בשר-טרי/אנטריקוט-פידלוט-בלאק-אנגוס-חצוי-טרי-1/
https://compassgrill.co.il/בשר-טרי/אנטריקוט-פידלוט-בלאק-אנגוס-חצוי-טרי-1/?category_id=125606,duplicate,Redirect 301,https://compassgrill.co.il/בשר-טרי/אנטריקוט-פידלוט-בלאק-אנגוס-חצוי-טרי-1/
https://compassgrill.co.il/בשר-טרי/אנטריקוט-פידלוט-בלאק-אנגוס-חצוי-טרי-1/?category_id=125606,404/410/soft 404,Redirect 301 to https://compassgrill.co.il/בשר-טרי/אנטריקוט-פידלוט-בלאק-אנגוס-חצוי-טרי-1/,https://compassgrill.co.il/בשר-טרי/אנטריקוט-פידלוט-בלאק-אנגוס-חצוי-טרי-1/
https://compassgrill.co.il/grill-smoker-accessories/wood-chips-and-chunks-for-smoking/pecan-wood-chunks/?sort=price&order=DESC,parameters,Noindex,https://compassgrill.co.il/grill-smoker-accessories/wood-chips-and-chunks-for-smoking/pecan-wood-chunks/
https://compassgrill.co.il/grill-smoker-accessories/wood-chips-and-chunks-for-smoking/pecan-wood-chunks/?sort=price&order=DESC,404/410/soft 404,Redirect 301 to https://compassgrill.co.il/grill-smoker-accessories/wood-chips-and-chunks-for-smoking/pecan-wood-chunks/,https://compassgrill.co.il/grill-smoker-accessories/wood-chips-and-chunks-for-smoking/pecan-wood-chunks/
https://compassgrill.co.il/outdoor-kitchen-9/modular-outdoor-kitchens/גריל-גז-סיזר-nero-6-מבערים-יחידת-מקרר-וכיור-יוקרתית/?category_id=80794&sort=price&order=DESC,parameters,Noindex,https://compassgrill.co.il/outdoor-kitchen-9/modular-outdoor-kitchens/גריל-גז-סיזר-nero-6-מבערים-יחידת-מקרר-וכיור-יוקרתית/
https://compassgrill.co.il/outdoor-kitchen-9/modular-outdoor-kitchens/גריל-גז-סיזר-nero-6-מבערים-יחידת-מקרר-וכיור-יוקרתית/?category_id=80794&sort=price&order=DESC,404/410/soft 404,Redirect 301 to https://compassgrill.co.il/outdoor-kitchen-9/modular-outdoor-kitchens/גריל-גז-סיזר-nero-6-מבערים-יחידת-מקרר-וכיור-יוקרתית/,https://compassgrill.co.il/outdoor-kitchen-9/modular-outdoor-kitchens/גריל-גז-סיזר-nero-6-מבערים-יחידת-מקרר-וכיור-יוקרתית/
https://compassgrill.co.il/smoker-tandoor/מנגל-פחמים-ומנגל-לשיפודים/charcoal-grill-with-legs-for-8-skewers-foldable-with-bag/?sort=price&order=ASC,parameters,Noindex,https://compassgrill.co.il/smoker-tandoor/מנגל-פחמים-ומנגל-לשיפודים/charcoal-grill-with-legs-for-8-skewers-foldable-with-bag/
https://compassgrill.co.il/smoker-tandoor/מנגל-פחמים-ומנגל-לשיפודים/charcoal-grill-with-legs-for-8-skewers-foldable-with-bag/?sort=price&order=ASC,404/410/soft 404,Redirect 301 to https://compassgrill.co.il/smoker-tandoor/מנגל-פחמים-ומנגל-לשיפודים/charcoal-grill-with-legs-for-8-skewers-foldable-with-bag/,https://compassgrill.co.il/smoker-tandoor/מנגל-פחמים-ומנגל-לשיפודים/charcoal-grill-with-legs-for-8-skewers-foldable-with-bag/
https://compassgrill.co.il/tandoor-products-and-accessories/cozzepro17/?sort=p.model&order=DESC,parameters,Noindex,https://compassgrill.co.il/tandoor-products-and-accessories/cozzepro17/
https://compassgrill.co.il/tandoor-products-and-accessories/cozzepro17/?sort=p.model&order=DESC,404/410/soft 404,Redirect 301 to https://compassgrill.co.il/tandoor-products-and-accessories/cozzepro17/,https://compassgrill.co.il/tandoor-products-and-accessories/cozzepro17/
https://compassgrill.co.il/smoker-tandoor/leather-case-stainless-steel-skewers-2/?sort=rating&order=DESC,parameters,Noindex,https://compassgrill.co.il/smoker-tandoor/leather-case-stainless-steel-skewers/
https://compassgrill.co.il/smoker-tandoor/leather-case-stainless-steel-skewers-2/?sort=rating&order=DESC,duplicate,Redirect 301,https://compassgrill.co.il/smoker-tandoor/leather-case-stainless-steel-skewers/
https://compassgrill.co.il/smoker-tandoor/leather-case-stainless-steel-skewers-2/?sort=rating&order=DESC,404/410/soft 404,Redirect 301 to https://compassgrill.co.il/smoker-tandoor/leather-case-stainless-steel-skewers/,https://compassgrill.co.il/smoker-tandoor/leather-case-stainless-steel-skewers/
https://compassgrill.co.il/eitan-meat-eilat/בשר-טרי/fattened-angus-entrecote-sliced-pairs-1/?sort=p.sort_order&order=ASC,parameters,Noindex,https://compassgrill.co.il/eitan-meat-eilat/בשר-טרי/fattened-angus-entrecote-sliced-pairs/
https://compassgrill.co.il/eitan-meat-eilat/בשר-טרי/fattened-angus-entrecote-sliced-pairs-1/?sort=p.sort_order&order=ASC,duplicate,Redirect 301,https://compassgrill.co.il/eitan-meat-eilat/בשר-טרי/fattened-angus-entrecote-sliced-pairs/
https://compassgrill.co.il/eitan-meat-eilat/בשר-טרי/fattened-angus-entrecote-sliced-pairs-1/?sort=p.sort_order&order=ASC,404/410/soft 404,Redirect 301 to https://compassgrill.co.il/eitan-meat-eilat/בשר-טרי/fattened-angus-entrecote-sliced-pairs/,https://compassgrill.co.il/eitan-meat-eilat/בשר-טרי/fattened-angus-entrecote-sliced-pairs/
https://compassgrill.co.il/meat-aging-treatment/רשת-רולדה-מידה-16-אורך-50-מטר/?category_id=121072&sort=pd.name&order=DESC,parameters,Noindex,https://compassgrill.co.il/meat-aging-treatment/רשת-רולדה-מידה-16-אורך-50-מטר/
https://compassgrill.co.il/meat-aging-treatment/רשת-רולדה-מידה-16-אורך-50-מטר/?category_id=121072&sort=pd.name&order=DESC,404/410/soft 404,Redirect 301 to https://compassgrill.co.il/meat-aging-treatment/רשת-רולדה-מידה-16-אורך-50-מטר/,https://compassgrill.co.il/meat-aging-treatment/רשת-רולדה-מידה-16-אורך-50-מטר/
https://compassgrill.co.il/eitan-meat-eilat-1/fresh-beef/?sort=p.model&order=DESC,parameters,Noindex,https://compassgrill.co.il/eitan-meat-eilat-1/fresh-beef/
https://compassgrill.co.il/eitan-meat-eilat-1/fresh-beef/?sort=p.model&order=DESC,404/410/soft 404,Redirect 301 to https://compassgrill.co.il/eitan-meat-eilat-1/fresh-beef/,https://compassgrill.co.il/eitan-meat-eilat-1/fresh-beef/
https://compassgrill.co.il/grill-smoker-accessories/wood-chips-and-chunks-for-smoking/oak-wood-chunks/?sort=p.model&order=ASC,parameters,Noindex,https://compassgrill.co.il/grill-smoker-accessories/wood-chips-and-chunks-for-smoking/oak-wood-chunks/
https://compassgrill.co.il/grill-smoker-accessories/wood-chips-and-chunks-for-smoking/oak-wood-chunks/?sort=p.model&order=ASC,404/410/soft 404,Redirect 301 to https://compassgrill.co.il/grill-smoker-accessories/wood-chips-and-chunks-for-smoking/oak-wood-chunks/,https://compassgrill.co.il/grill-smoker-accessories/wood-chips-and-chunks-for-smoking/oak-wood-chunks/
https://compassgrill.co.il/meat-aging-treatment/רשת-רולדה-מידה-16-אורך-50-מטר/?category_id=121072&sort=p.model&order=ASC,parameters,Noindex,https://compassgrill.co.il/meat-aging-treatment/רשת-רולדה-מידה-16-אורך-50-מטר/
https://compassgrill.co.il/meat-aging-treatment/רשת-רולדה-מידה-16-אורך-50-מטר/?category_id=121072&sort=p.model&order=ASC,404/410/soft 404,Redirect 301 to https://compassgrill.co.il/meat-aging-treatment/רשת-רולדה-מידה-16-אורך-50-מטר/,https://compassgrill.co.il/meat-aging-treatment/רשת-רולדה-מידה-16-אורך-50-מטר/
https://compassgrill.co.il/grill-smoker-accessories/wood-chips-and-chunks-for-smoking/oak-wood-chunks/?sort=rating&order=ASC,parameters,Noindex,https://compassgrill.co.il/grill-smoker-accessories/wood-chips-and-chunks-for-smoking/oak-wood-chunks/
https://compassgrill.co.il/grill-smoker-accessories/wood-chips-and-chunks-for-smoking/oak-wood-chunks/?sort=rating&order=ASC,404/410/soft 404,Redirect 301 to https://compassgrill.co.il/grill-smoker-accessories/wood-chips-and-chunks-for-smoking/oak-wood-chunks/,https://compassgrill.co.il/grill-smoker-accessories/wood-chips-and-chunks-for-smoking/oak-wood-chunks/
https://compassgrill.co.il/smoker-tandoor/pro-1600/?category_id=34515&sort=p.model&order=ASC,parameters,Noindex,https://compassgrill.co.il/smoker-tandoor/pro-1600/
https://compassgrill.co.il/smoker-tandoor/pro-1600/?category_id=34515&sort=p.model&order=ASC,404/410/soft 404,Redirect 301 to https://compassgrill.co.il/smoker-tandoor/pro-1600/,https://compassgrill.co.il/smoker-tandoor/pro-1600/
https://compassgrill.co.il/eitan-meat-eilat/בשר-טרי/אנטריקוט-פידלוט-בלאק-אנגוס-חצוי-טרי-1/?category_id=125606,parameters,Canonical,https://compassgrill.co.il/eitan-meat-eilat/בשר-טרי/אנטריקוט-פידלוט-בלאק-אנגוס-חצוי-טרי/
https://compassgrill.co.il/eitan-meat-eilat/בשר-טרי/אנטריקוט-פידלוט-בלאק-אנגוס-חצוי-טרי-1/?category_id=125606,duplicate,Redirect 301,https://compassgrill.co.il/eitan-meat-eilat/בשר-טרי/אנטריקוט-פידלוט-בלאק-אנגוס-חצוי-טרי/
https://compassgrill.co.il/eitan-meat-eilat/בשר-טרי/אנטריקוט-פידלוט-בלאק-אנגוס-חצוי-טרי-1/?category_id=125606,404/410/soft 404,Redirect 301 to https://compassgrill.co.il/eitan-meat-eilat/בשר-טרי/אנטריקוט-פידלוט-בלאק-אנגוס-חצוי-טרי/,https://compassgrill.co.il/eitan-meat-eilat/בשר-טרי/אנטריקוט-פידלוט-בלאק-אנגוס-חצוי-טרי/
https://compassgrill.co.il/eitan-meat-eilat/בשר-טרי/fattened-angus-entrecote-sliced-pairs-1/?category_id=125606,parameters,Canonical,https://compassgrill.co.il/eitan-meat-eilat/בשר-טרי/fattened-angus-entrecote-sliced-pairs/
https://compassgrill.co.il/eitan-meat-eilat/בשר-טרי/fattened-angus-entrecote-sliced-pairs-1/?category_id=125606,duplicate,Redirect 301,https://compassgrill.co.il/eitan-meat-eilat/בשר-טרי/fattened-angus-entrecote-sliced-pairs/
https://compassgrill.co.il/eitan-meat-eilat/בשר-טרי/fattened-angus-entrecote-sliced-pairs-1/?category_id=125606,404/410/soft 404,Redirect 301 to https://compassgrill.co.il/eitan-meat-eilat/בשר-טרי/fattened-angus-entrecote-sliced-pairs/,https://compassgrill.co.il/eitan-meat-eilat/בשר-טרי/fattened-angus-entrecote-sliced-pairs/
https://compassgrill.co.il/oak-wood-for-smoking/hs-austrian-wood-brick/?category_id=97685&sort=p.model&order=DESC,parameters,Noindex,https://compassgrill.co.il/oak-wood-for-smoking/hs-austrian-wood-brick/
https://compassgrill.co.il/oak-wood-for-smoking/hs-austrian-wood-brick/?category_id=97685&sort=p.model&order=DESC,404/410/soft 404,Redirect 301 to https://compassgrill.co.il/oak-wood-for-smoking/hs-austrian-wood-brick/,https://compassgrill.co.il/oak-wood-for-smoking/hs-austrian-wood-brick/
https://compassgrill.co.il/dual-cast-iron-round-griddle-1/,duplicate,Redirect 301,https://compassgrill.co.il/dual-cast-iron-round-griddle-1/
https://compassgrill.co.il/dual-cast-iron-round-griddle-1/,404/410/soft 404,Redirect 301 to https://compassgrill.co.il/dual-cast-iron-round-griddle-1/,https://compassgrill.co.il/dual-cast-iron-round-griddle-1/
https://compassgrill.co.il/tandoor-products-and-accessories/mineral-firebrick-for-pizza/?category_id=35145&sort=p.model&order=DESC,parameters,Noindex,https://compassgrill.co.il/tandoor-products-and-accessories/mineral-firebrick-for-pizza/
https://compassgrill.co.il/tandoor-products-and-accessories/mineral-firebrick-for-pizza/?category_id=35145&sort=p.model&order=DESC,404/410/soft 404,Redirect 301 to https://compassgrill.co.il/tandoor-products-and-accessories/mineral-firebrick-for-pizza/,https://compassgrill.co.il/tandoor-products-and-accessories/mineral-firebrick-for-pizza/
https://compassgrill.co.il/smoker-tandoor/pro-1600/?category_id=34515&sort=rating&order=ASC,parameters,Noindex,https://compassgrill.co.il/smoker-tandoor/pro-1600/
https://compassgrill.co.il/smoker-tandoor/pro-1600/?category_id=34515&sort=rating&order=ASC,404/410/soft 404,Redirect 301 to https://compassgrill.co.il/smoker-tandoor/pro-1600/,https://compassgrill.co.il/smoker-tandoor/pro-1600/
https://compassgrill.co.il/grill-smoker-accessories/wood-chips-and-chunks-for-smoking/oak-wood-chunks/?sort=price&order=DESC,parameters,Noindex,https://compassgrill.co.il/grill-smoker-accessories/wood-chips-and-chunks-for-smoking/oak-wood-chunks/
https://compassgrill.co.il/grill-smoker-accessories/wood-chips-and-chunks-for-smoking/oak-wood-chunks/?sort=price&order=DESC,404/410/soft 404,Redirect 301 to https://compassgrill.co.il/grill-smoker-accessories/wood-chips-and-chunks-for-smoking/oak-wood-chunks/,https://compassgrill.co.il/grill-smoker-accessories/wood-chips-and-chunks-for-smoking/oak-wood-chunks/
https://compassgrill.co.il/eitan-meat-eilat/בשר-טרי/?sort=price&order=ASC,parameters,Noindex,https://compassgrill.co.il/eitan-meat-eilat/בשר-טרי/
https://compassgrill.co.il/eitan-meat-eilat/בשר-טרי/?sort=price&order=ASC,404/410/soft 404,Redirect 301 to https://compassgrill.co.il/eitan-meat-eilat/בשר-טרי/,https://compassgrill.co.il/eitan-meat-eilat/בשר-טרי/
https://compassgrill.co.il/eitan-meat-2/frozen-meat/?sort=price&order=ASC,parameters,Noindex,https://compassgrill.co.il/eitan-meat-2/frozen-meat/
https://compassgrill.co.il/eitan-meat-2/frozen-meat/?sort=price&order=ASC,404/410/soft 404,Redirect 301 to https://compassgrill.co.il/eitan-meat-2/frozen-meat/,https://compassgrill.co.il/eitan-meat-2/frozen-meat/
https://compassgrill.co.il/garden-furniture-accessories/fire-table-varna-porcelain/?category_id=80649&sort=price&order=DESC,parameters,Noindex,https://compassgrill.co.il/garden-furniture-accessories/fire-table-varna-porcelain/
https://compassgrill.co.il/garden-furniture-accessories/fire-table-varna-porcelain/?category_id=80649&sort=price&order=DESC,404/410/soft 404,Redirect 301 to https://compassgrill.co.il/garden-furniture-accessories/fire-table-varna-porcelain/,https://compassgrill.co.il/garden-furniture-accessories/fire-table-varna-porcelain/
https://compassgrill.co.il/champion-barrel-smoker-1/,duplicate,Redirect 301,https://compassgrill.co.il/champion-barrel-smoker-1/
https://compassgrill.co.il/champion-barrel-smoker-1/,404/410/soft 404,Redirect 301 to https://compassgrill.co.il/champion-barrel-smoker-1/,https://compassgrill.co.il/champion-barrel-smoker-1/
https://compassgrill.co.il/meat-aging-treatment/רשת-רולדה-מידה-16-אורך-50-מטר/?category_id=121072&sort=price&order=ASC,parameters,Noindex,https://compassgrill.co.il/meat-aging-treatment/רשת-רולדה-מידה-16-אורך-50-מטר/
https://compassgrill.co.il/meat-aging-treatment/רשת-רולדה-מידה-16-אורך-50-מטר/?category_id=121072&sort=price&order=ASC,404/410/soft 404,Redirect 301 to https://compassgrill.co.il/meat-aging-treatment/רשת-רולדה-מידה-16-אורך-50-מטר/,https://compassgrill.co.il/meat-aging-treatment/רשת-רולדה-מידה-16-אורך-50-מטר/
https://compassgrill.co.il/wood-chips-and-chunks-for-smoking/oak-wood-chunks/?sort=rating&order=ASC,parameters,Noindex,https://compassgrill.co.il/wood-chips-and-chunks-for-smoking/oak-wood-chunks/
https://compassgrill.co.il/wood-chips-and-chunks-for-smoking/oak-wood-chunks/?sort=rating&order=ASC,404/410/soft 404,Redirect 301 to https://compassgrill.co.il/wood-chips-and-chunks-for-smoking/oak-wood-chunks/,https://compassgrill.co.il/wood-chips-and-chunks-for-smoking/oak-wood-chunks/
https://compassgrill.co.il/tandoor-products-and-accessories/brass-brush-for-pizza-oven/?sort=price&order=DESC,parameters,Noindex,https://compassgrill.co.il/tandoor-products-and-accessories/brass-brush-for-pizza-oven/
https://compassgrill.co.il/tandoor-products-and-accessories/brass-brush-for-pizza-oven/?sort=price&order=DESC,404/410/soft 404,Redirect 301 to https://compassgrill.co.il/tandoor-products-and-accessories/brass-brush-for-pizza-oven/,https://compassgrill.co.il/tandoor-products-and-accessories/brass-brush-for-pizza-oven/
https://compassgrill.co.il/eitan-meat-2/frozen-meat/black-angus-feedlot-shoulder-roast-slice-5/?sort=price&order=DESC,parameters,Noindex,https://compassgrill.co.il/eitan-meat-2/frozen-meat/black-angus-feedlot-shoulder-roast-slice-5/
https://compassgrill.co.il/eitan-meat-2/frozen-meat/black-angus-feedlot-shoulder-roast-slice-5/?sort=price&order=DESC,404/410/soft 404,Redirect 301 to https://compassgrill.co.il/eitan-meat-2/frozen-meat/black-angus-feedlot-shoulder-roast-slice-5/,https://compassgrill.co.il/eitan-meat-2/frozen-meat/black-angus-feedlot-shoulder-roast-slice-5/
https://compassgrill.co.il/grill-smoker-accessories/oak-wood-chunks/?sort=price&order=ASC,parameters,Noindex,https://compassgrill.co.il/grill-smoker-accessories/oak-wood-chunks/
https://compassgrill.co.il/grill-smoker-accessories/oak-wood-chunks/?sort=price&order=ASC,404/410/soft 404,Redirect 301 to https://compassgrill.co.il/grill-smoker-accessories/oak-wood-chunks/,https://compassgrill.co.il/grill-smoker-accessories/oak-wood-chunks/
https://compassgrill.co.il/outdoor-kitchen-9/classic-outdoor-kitchen-1/,duplicate,Redirect 301,https://compassgrill.co.il/outdoor-kitchen-9/classic-outdoor-kitchen-1/
https://compassgrill.co.il/outdoor-kitchen-9/classic-outdoor-kitchen-1/,404/410/soft 404,Redirect 301 to https://compassgrill.co.il/outdoor-kitchen-9/classic-outdoor-kitchen-1/,https://compassgrill.co.il/outdoor-kitchen-9/classic-outdoor-kitchen-1/
https://compassgrill.co.il/meat-aging-treatment/רשת-רולדה-מידה-16-אורך-50-מטר/?sort=p.sort_order&order=ASC,parameters,Noindex,https://compassgrill.co.il/meat-aging-treatment/רשת-רולדה-מידה-16-אורך-50-מטר/
https://compassgrill.co.il/meat-aging-treatment/רשת-רולדה-מידה-16-אורך-50-מטר/?sort=p.sort_order&order=ASC,404/410/soft 404,Redirect 301 to https://compassgrill.co.il/meat-aging-treatment/רשת-רולדה-מידה-16-אורך-50-מטר/,https://compassgrill.co.il/meat-aging-treatment/רשת-רולדה-מידה-16-אורך-50-מטר/
https://compassgrill.co.il/grill-smoker-accessories/wood-chips-and-chunks-for-smoking/oak-wood-chunks/?category_id=97766,parameters,Canonical,https://compassgrill.co.il/grill-smoker-accessories/wood-chips-and-chunks-for-smoking/oak-wood-chunks/
https://compassgrill.co.il/grill-smoker-accessories/wood-chips-and-chunks-for-smoking/oak-wood-chunks/?category_id=97766,404/410/soft 404,Redirect 301 to https://compassgrill.co.il/grill-smoker-accessories/wood-chips-and-chunks-for-smoking/oak-wood-chunks/,https://compassgrill.co.il/grill-smoker-accessories/wood-chips-and-chunks-for-smoking/oak-wood-chunks/
https://compassgrill.co.il/meat-aging-treatment/רשת-רולדה-מידה-16-אורך-50-מטר/?sort=pd.name&order=DESC,parameters,Noindex,https://compassgrill.co.il/meat-aging-treatment/רשת-רולדה-מידה-16-אורך-50-מטר/
https://compassgrill.co.il/meat-aging-treatment/רשת-רולדה-מידה-16-אורך-50-מטר/?sort=pd.name&order=DESC,404/410/soft 404,Redirect 301 to https://compassgrill.co.il/meat-aging-treatment/רשת-רולדה-מידה-16-אורך-50-מטר/,https://compassgrill.co.il/meat-aging-treatment/רשת-רולדה-מידה-16-אורך-50-מטר/
https://compassgrill.co.il/gas-grill-smokers-tandoor/pro-1600/?sort=p.sort_order&order=ASC,parameters,Noindex,https://compassgrill.co.il/gas-grill-smokers-tandoor/pro-1600/
https://compassgrill.co.il/gas-grill-smokers-tandoor/pro-1600/?sort=p.sort_order&order=ASC,404/410/soft 404,Redirect 301 to https://compassgrill.co.il/gas-grill-smokers-tandoor/pro-1600/,https://compassgrill.co.il/gas-grill-smokers-tandoor/pro-1600/
https://compassgrill.co.il/meat-aging-treatment/רשת-רולדה-מידה-16-אורך-50-מטר/?sort=pd.name&order=ASC,parameters,Noindex,https://compassgrill.co.il/meat-aging-treatment/רשת-רולדה-מידה-16-אורך-50-מטר/
https://compassgrill.co.il/meat-aging-treatment/רשת-רולדה-מידה-16-אורך-50-מטר/?sort=pd.name&order=ASC,404/410/soft 404,Redirect 301 to https://compassgrill.co.il/meat-aging-treatment/רשת-רולדה-מידה-16-אורך-50-מטר/,https://compassgrill.co.il/meat-aging-treatment/רשת-רולדה-מידה-16-אורך-50-מטר/
https://compassgrill.co.il/tandoor-products-and-accessories/essenza-pizza-round-peel/?sort=rating&order=ASC,parameters,Noindex,https://compassgrill.co.il/tandoor-products-and-accessories/essenza-pizza-round-peel/
https://compassgrill.co.il/tandoor-products-and-accessories/essenza-pizza-round-peel/?sort=rating&order=ASC,404/410/soft 404,Redirect 301 to https://compassgrill.co.il/tandoor-products-and-accessories/essenza-pizza-round-peel/,https://compassgrill.co.il/tandoor-products-and-accessories/essenza-pizza-round-peel/
https://compassgrill.co.il/gas-grill-smokers-tandoor/pro-1600/?sort=p.model&order=DESC,parameters,Noindex,https://compassgrill.co.il/gas-grill-smokers-tandoor/pro-1600/
https://compassgrill.co.il/gas-grill-smokers-tandoor/pro-1600/?sort=p.model&order=DESC,404/410/soft 404,Redirect 301 to https://compassgrill.co.il/gas-grill-smokers-tandoor/pro-1600/,https://compassgrill.co.il/gas-grill-smokers-tandoor/pro-1600/
https://compassgrill.co.il/eitan-meat-2/fresh-beef/veal-filet-medallions-5-pcs-500g/?sort=rating&order=DESC,parameters,Noindex,https://compassgrill.co.il/eitan-meat-2/fresh-beef/veal-filet-medallions-5-pcs-500g/
https://compassgrill.co.il/eitan-meat-2/fresh-beef/veal-filet-medallions-5-pcs-500g/?sort=rating&order=DESC,404/410/soft 404,Redirect 301 to https://compassgrill.co.il/eitan-meat-2/fresh-beef/veal-filet-medallions-5-pcs-500g/,https://compassgrill.co.il/eitan-meat-2/fresh-beef/veal-filet-medallions-5-pcs-500g/
https://compassgrill.co.il/outdoor-kitchen-9/alumex/?sort=p.sort_order&order=ASC,parameters,Noindex,https://compassgrill.co.il/outdoor-kitchen-9/alumex/
https://compassgrill.co.il/outdoor-kitchen-9/alumex/?sort=p.sort_order&order=ASC,404/410/soft 404,Redirect 301 to https://compassgrill.co.il/outdoor-kitchen-9/alumex/,https://compassgrill.co.il/outdoor-kitchen-9/alumex/
https://compassgrill.co.il/gas-grills/imperatore-bi/?sort=rating&order=ASC,parameters,Noindex,https://compassgrill.co.il/gas-grills/imperatore-bi/
https://compassgrill.co.il/gas-grills/imperatore-bi/?sort=rating&order=ASC,404/410/soft 404,Redirect 301 to https://compassgrill.co.il/gas-grills/imperatore-bi/,https://compassgrill.co.il/gas-grills/imperatore-bi/
https://compassgrill.co.il/gas-grill-smokers-tandoor/pro-1600/?sort=rating&order=DESC,parameters,Noindex,https://compassgrill.co.il/gas-grill-smokers-tandoor/pro-1600/
https://compassgrill.co.il/gas-grill-smokers-tandoor/pro-1600/?sort=rating&order=DESC,404/410/soft 404,Redirect 301 to https://compassgrill.co.il/gas-grill-smokers-tandoor/pro-1600/,https://compassgrill.co.il/gas-grill-smokers-tandoor/pro-1600/
https://compassgrill.co.il/oak-wood-chunks/,404/410/soft 404,Redirect 301 to https://compassgrill.co.il/oak-wood-chunks/,https://compassgrill.co.il/oak-wood-chunks/
https://compassgrill.co.il/meat-aging-treatment/רשת-רולדה-מידה-16-אורך-50-מטר/?sort=p.model&order=ASC,parameters,Noindex,https://compassgrill.co.il/meat-aging-treatment/רשת-רולדה-מידה-16-אורך-50-מטר/
https://compassgrill.co.il/meat-aging-treatment/רשת-רולדה-מידה-16-אורך-50-מטר/?sort=p.model&order=ASC,404/410/soft 404,Redirect 301 to https://compassgrill.co.il/meat-aging-treatment/רשת-רולדה-מידה-16-אורך-50-מטר/,https://compassgrill.co.il/meat-aging-treatment/רשת-רולדה-מידה-16-אורך-50-מטר/
https://compassgrill.co.il/מעשנות-וגרילים-טנדור/פלנצ-ה-צליה-עגולה-דו-צ-יציקת-ברזל-1/,duplicate,Redirect 301,https://compassgrill.co.il/מעשנות-וגרילים-טנדור/פלנצ-ה-צליה-עגולה-דו-צ-יציקת-ברזל-1/
https://compassgrill.co.il/מעשנות-וגרילים-טנדור/פלנצ-ה-צליה-עגולה-דו-צ-יציקת-ברזל-1/,404/410/soft 404,Redirect 301 to https://compassgrill.co.il/מעשנות-וגרילים-טנדור/פלנצ-ה-צליה-עגולה-דו-צ-יציקת-ברזל-1/,https://compassgrill.co.il/מעשנות-וגרילים-טנדור/פלנצ-ה-צליה-עגולה-דו-צ-יציקת-ברזל-1/
https://compassgrill.co.il/smoker-tandoor/שיפודי-נירוסטה-יוקרתיים-עם-ידית-ברונזה-מארז-עור-פרימיום-copy-0/?category_id=34515&sort=p.model&order=DESC,parameters,Noindex,https://compassgrill.co.il/smoker-tandoor/שיפודי-נירוסטה-יוקרתיים-עם-ידית-ברונזה-מארז-עור-פרימיום-copy-0/
https://compassgrill.co.il/smoker-tandoor/שיפודי-נירוסטה-יוקרתיים-עם-ידית-ברונזה-מארז-עור-פרימיום-copy-0/?category_id=34515&sort=p.model&order=DESC,duplicate,Redirect 301,https://compassgrill.co.il/smoker-tandoor/שיפודי-נירוסטה-יוקרתיים-עם-ידית-ברונזה-מארז-עור-פרימיום-copy-0/
https://compassgrill.co.il/smoker-tandoor/שיפודי-נירוסטה-יוקרתיים-עם-ידית-ברונזה-מארז-עור-פרימיום-copy-0/?category_id=34515&sort=p.model&order=DESC,404/410/soft 404,Redirect 301 to https://compassgrill.co.il/smoker-tandoor/שיפודי-נירוסטה-יוקרתיים-עם-ידית-ברונזה-מארז-עור-פרימיום-copy-0/,https://compassgrill.co.il/smoker-tandoor/שיפודי-נירוסטה-יוקרתיים-עם-ידית-ברונזה-מארז-עור-פרימיום-copy-0/
https://compassgrill.co.il/grill-smoker-accessories/compass-skewers/6-pcs-flat-stainless-steel-skewers-for-meat-poultry-vegetables-700x3x20-1/?category_id=38152&sort=rating&order=ASC,parameters,Noindex,https://compassgrill.co.il/grill-smoker-accessories/compass-skewers/6-pcs-flat-stainless-steel-skewers-for-meat-poultry-vegetables-700x3x20-1/
https://compassgrill.co.il/grill-smoker-accessories/compass-skewers/6-pcs-flat-stainless-steel-skewers-for-meat-poultry-vegetables-700x3x20-1/?category_id=38152&sort=rating&order=ASC,duplicate,Redirect 301,https://compassgrill.co.il/grill-smoker-accessories/compass-skewers/6-pcs-flat-stainless-steel-skewers-for-meat-poultry-vegetables-700x3x20-1/
https://compassgrill.co.il/grill-smoker-accessories/compass-skewers/6-pcs-flat-stainless-steel-skewers-for-meat-poultry-vegetables-700x3x20-1/?category_id=38152&sort=rating&order=ASC,404/410/soft 404,Redirect 301 to https://compassgrill.co.il/grill-smoker-accessories/compass-skewers/6-pcs-flat-stainless-steel-skewers-for-meat-poultry-vegetables-700x3x20-1/,https://compassgrill.co.il/grill-smoker-accessories/compass-skewers/6-pcs-flat-stainless-steel-skewers-for-meat-poultry-vegetables-700x3x20-1/
https://compassgrill.co.il/meat-aging-treatment/רשת-רולדה-מידה-16-אורך-50-מטר/?sort=price&order=ASC,parameters,Noindex,https://compassgrill.co.il/meat-aging-treatment/רשת-רולדה-מידה-16-אורך-50-מטר/
https://compassgrill.co.il/meat-aging-treatment/רשת-רולדה-מידה-16-אורך-50-מטר/?sort=price&order=ASC,404/410/soft 404,Redirect 301 to https://compassgrill.co.il/meat-aging-treatment/רשת-רולדה-מידה-16-אורך-50-מטר/,https://compassgrill.co.il/meat-aging-treatment/רשת-רולדה-מידה-16-אורך-50-מטר/
https://compassgrill.co.il/smoker-tandoor/6-pcs-flat-stainless-steel-skewers-for-meat-poultry-vegetables-700x3x20-1/?category_id=34515&sort=rating&order=ASC,parameters,Noindex,https://compassgrill.co.il/smoker-tandoor/6-pcs-flat-stainless-steel-skewers-for-meat-poultry-vegetables-700x3x20/
https://compassgrill.co.il/smoker-tandoor/6-pcs-flat-stainless-steel-skewers-for-meat-poultry-vegetables-700x3x20-1/?category_id=34515&sort=rating&order=ASC,duplicate,Redirect 301,https://compassgrill.co.il/smoker-tandoor/6-pcs-flat-stainless-steel-skewers-for-meat-poultry-vegetables-700x3x20/
https://compassgrill.co.il/smoker-tandoor/6-pcs-flat-stainless-steel-skewers-for-meat-poultry-vegetables-700x3x20-1/?category_id=34515&sort=rating&order=ASC,404/410/soft 404,Redirect 301 to https://compassgrill.co.il/smoker-tandoor/6-pcs-flat-stainless-steel-skewers-for-meat-poultry-vegetables-700x3x20/,https://compassgrill.co.il/smoker-tandoor/6-pcs-flat-stainless-steel-skewers-for-meat-poultry-vegetables-700x3x20/
https://compassgrill.co.il/bellini-coffee-corner-set/,404/410/soft 404,Redirect 301 to https://compassgrill.co.il/bellini-coffee-corner-set/,https://compassgrill.co.il/bellini-coffee-corner-set/
https://compassgrill.co.il/מוצרי-איתן-מעדני-בשר-אילת/קבב-עגל-טלה-140-גר-6-יח-במארז/?category_id=66834,parameters,Canonical,https://compassgrill.co.il/מוצרי-איתן-מעדני-בשר-אילת/קבב-עגל-טלה-140-גר-6-יח-במארז/
https://compassgrill.co.il/מוצרי-איתן-מעדני-בשר-אילת/קבב-עגל-טלה-140-גר-6-יח-במארז/?category_id=66834,404/410/soft 404,Redirect 301 to https://compassgrill.co.il/מוצרי-איתן-מעדני-בשר-אילת/קבב-עגל-טלה-140-גר-6-יח-במארז/,https://compassgrill.co.il/מוצרי-איתן-מעדני-בשר-אילת/קבב-עגל-טלה-140-גר-6-יח-במארז/
https://compassgrill.co.il/grill-smoker-accessories/compass-skewers/6-pcs-flat-stainless-steel-skewers-for-meat-poultry-vegetables-700x3x20-1/?sort=pd.name&order=DESC,parameters,Noindex,https://compassgrill.co.il/grill-smoker-accessories/compass-skewers/6-pcs-flat-stainless-steel-skewers-for-meat-poultry-vegetables-700x3x20-1/
https://compassgrill.co.il/grill-smoker-accessories/compass-skewers/6-pcs-flat-stainless-steel-skewers-for-meat-poultry-vegetables-700x3x20-1/?sort=pd.name&order=DESC,duplicate,Redirect 301,https://compassgrill.co.il/grill-smoker-accessories/compass-skewers/6-pcs-flat-stainless-steel-skewers-for-meat-poultry-vegetables-700x3x20-1/
https://compassgrill.co.il/grill-smoker-accessories/compass-skewers/6-pcs-flat-stainless-steel-skewers-for-meat-poultry-vegetables-700x3x20-1/?sort=pd.name&order=DESC,404/410/soft 404,Redirect 301 to https://compassgrill.co.il/grill-smoker-accessories/compass-skewers/6-pcs-flat-stainless-steel-skewers-for-meat-poultry-vegetables-700x3x20-1/,https://compassgrill.co.il/grill-smoker-accessories/compass-skewers/6-pcs-flat-stainless-steel-skewers-for-meat-poultry-vegetables-700x3x20-1/
https://compassgrill.co.il/eitan-meat-eilat/בשר-טרי/?sort=p.model&order=ASC,parameters,Noindex,https://compassgrill.co.il/eitan-meat-eilat/בשר-טרי/
https://compassgrill.co.il/eitan-meat-eilat/בשר-טרי/?sort=p.model&order=ASC,404/410/soft 404,Redirect 301 to https://compassgrill.co.il/eitan-meat-eilat/בשר-טרי/,https://compassgrill.co.il/eitan-meat-eilat/בשר-טרי/
https://compassgrill.co.il/tandoor-products-and-accessories/dough-working-board/?category_id=35145&sort=pd.name&order=ASC,parameters,Noindex,https://compassgrill.co.il/tandoor-products-and-accessories/dough-working-board/
https://compassgrill.co.il/tandoor-products-and-accessories/dough-working-board/?category_id=35145&sort=pd.name&order=ASC,404/410/soft 404,Redirect 301 to https://compassgrill.co.il/tandoor-products-and-accessories/dough-working-board/,https://compassgrill.co.il/tandoor-products-and-accessories/dough-working-board/
https://compassgrill.co.il/eitan-meat-2/fresh-beef/fresh-angus-sirloin-halved-2kg/?sort=p.model&order=DESC,parameters,Noindex,https://compassgrill.co.il/eitan-meat-2/fresh-beef/fresh-angus-sirloin-halved-2kg/
https://compassgrill.co.il/eitan-meat-2/fresh-beef/fresh-angus-sirloin-halved-2kg/?sort=p.model&order=DESC,404/410/soft 404,Redirect 301 to https://compassgrill.co.il/eitan-meat-2/fresh-beef/fresh-angus-sirloin-halved-2kg/,https://compassgrill.co.il/eitan-meat-2/fresh-beef/fresh-angus-sirloin-halved-2kg/
https://compassgrill.co.il/grill-smoker-accessories/compass-skewers/שיפודי-נירוסטה-יוקרתיים-עם-ידית-ברונזה-מארז-עור-פרימיום-copy-0/?sort=pd.name&order=ASC,parameters,Noindex,https://compassgrill.co.il/grill-smoker-accessories/compass-skewers/שיפודי-נירוסטה-יוקרתיים-עם-ידית-ברונזה-מארז-עור-פרימיום-copy-0/
https://compassgrill.co.il/grill-smoker-accessories/compass-skewers/שיפודי-נירוסטה-יוקרתיים-עם-ידית-ברונזה-מארז-עור-פרימיום-copy-0/?sort=pd.name&order=ASC,duplicate,Redirect 301,https://compassgrill.co.il/grill-smoker-accessories/compass-skewers/שיפודי-נירוסטה-יוקרתיים-עם-ידית-ברונזה-מארז-עור-פרימיום-copy-0/
https://compassgrill.co.il/grill-smoker-accessories/compass-skewers/שיפודי-נירוסטה-יוקרתיים-עם-ידית-ברונזה-מארז-עור-פרימיום-copy-0/?sort=pd.name&order=ASC,404/410/soft 404,Redirect 301 to https://compassgrill.co.il/grill-smoker-accessories/compass-skewers/שיפודי-נירוסטה-יוקרתיים-עם-ידית-ברונזה-מארז-עור-פרימיום-copy-0/,https://compassgrill.co.il/grill-smoker-accessories/compass-skewers/שיפודי-נירוסטה-יוקרתיים-עם-ידית-ברונזה-מארז-עור-פרימיום-copy-0/
https://compassgrill.co.il/grill-smoker-accessories/compass-skewers/6-pcs-flat-stainless-steel-skewers-for-meat-poultry-vegetables-700x3x20-1/?sort=pd.name&order=ASC,parameters,Noindex,https://compassgrill.co.il/grill-smoker-accessories/compass-skewers/6-pcs-flat-stainless-steel-skewers-for-meat-poultry-vegetables-700x3x20-1/
https://compassgrill.co.il/grill-smoker-accessories/compass-skewers/6-pcs-flat-stainless-steel-skewers-for-meat-poultry-vegetables-700x3x20-1/?sort=pd.name&order=ASC,duplicate,Redirect 301,https://compassgrill.co.il/grill-smoker-accessories/compass-skewers/6-pcs-flat-stainless-steel-skewers-for-meat-poultry-vegetables-700x3x20-1/
https://compassgrill.co.il/grill-smoker-accessories/compass-skewers/6-pcs-flat-stainless-steel-skewers-for-meat-poultry-vegetables-700x3x20-1/?sort=pd.name&order=ASC,404/410/soft 404,Redirect 301 to https://compassgrill.co.il/grill-smoker-accessories/compass-skewers/6-pcs-flat-stainless-steel-skewers-for-meat-poultry-vegetables-700x3x20-1/,https://compassgrill.co.il/grill-smoker-accessories/compass-skewers/6-pcs-flat-stainless-steel-skewers-for-meat-poultry-vegetables-700x3x20-1/
https://compassgrill.co.il/fuel-wood-smoking-pellets-charcoal/oak-wood-chunks/?category_id=97685,parameters,Canonical,https://compassgrill.co.il/fuel-wood-smoking-pellets-charcoal/oak-wood-chunks/
https://compassgrill.co.il/fuel-wood-smoking-pellets-charcoal/oak-wood-chunks/?category_id=97685,404/410/soft 404,Redirect 301 to https://compassgrill.co.il/fuel-wood-smoking-pellets-charcoal/oak-wood-chunks/,https://compassgrill.co.il/fuel-wood-smoking-pellets-charcoal/oak-wood-chunks/
https://compassgrill.co.il/wood-chips-and-chunks-for-smoking/oak-wood-chunks/?category_id=97766,parameters,Canonical,https://compassgrill.co.il/wood-chips-and-chunks-for-smoking/oak-wood-chunks/
https://compassgrill.co.il/wood-chips-and-chunks-for-smoking/oak-wood-chunks/?category_id=97766,404/410/soft 404,Redirect 301 to https://compassgrill.co.il/wood-chips-and-chunks-for-smoking/oak-wood-chunks/,https://compassgrill.co.il/wood-chips-and-chunks-for-smoking/oak-wood-chunks/
https://compassgrill.co.il/grill-smoker-accessories/compass-skewers/6-pcs-flat-stainless-steel-skewers-for-meat-poultry-vegetables-700x3x20-1/?sort=rating&order=DESC,parameters,Noindex,https://compassgrill.co.il/grill-smoker-accessories/compass-skewers/6-pcs-flat-stainless-steel-skewers-for-meat-poultry-vegetables-700x3x20-1/
https://compassgrill.co.il/grill-smoker-accessories/compass-skewers/6-pcs-flat-stainless-steel-skewers-for-meat-poultry-vegetables-700x3x20-1/?sort=rating&order=DESC,duplicate,Redirect 301,https://compassgrill.co.il/grill-smoker-accessories/compass-skewers/6-pcs-flat-stainless-steel-skewers-for-meat-poultry-vegetables-700x3x20-1/
https://compassgrill.co.il/grill-smoker-accessories/compass-skewers/6-pcs-flat-stainless-steel-skewers-for-meat-poultry-vegetables-700x3x20-1/?sort=rating&order=DESC,404/410/soft 404,Redirect 301 to https://compassgrill.co.il/grill-smoker-accessories/compass-skewers/6-pcs-flat-stainless-steel-skewers-for-meat-poultry-vegetables-700x3x20-1/,https://compassgrill.co.il/grill-smoker-accessories/compass-skewers/6-pcs-flat-stainless-steel-skewers-for-meat-poultry-vegetables-700x3x20-1/
https://compassgrill.co.il/tandoor-products-and-accessories/essenza-pizza-peel-34cm/?sort=pd.name&order=DESC,parameters,Noindex,https://compassgrill.co.il/tandoor-products-and-accessories/essenza-pizza-peel-34cm/
https://compassgrill.co.il/tandoor-products-and-accessories/essenza-pizza-peel-34cm/?sort=pd.name&order=DESC,404/410/soft 404,Redirect 301 to https://compassgrill.co.il/tandoor-products-and-accessories/essenza-pizza-peel-34cm/,https://compassgrill.co.il/tandoor-products-and-accessories/essenza-pizza-peel-34cm/
https://compassgrill.co.il/oak-wood-for-smoking/hs-austrian-wood-brick/?sort=p.sort_order&order=ASC,parameters,Noindex,https://compassgrill.co.il/oak-wood-for-smoking/hs-austrian-wood-brick/
https://compassgrill.co.il/oak-wood-for-smoking/hs-austrian-wood-brick/?sort=p.sort_order&order=ASC,404/410/soft 404,Redirect 301 to https://compassgrill.co.il/oak-wood-for-smoking/hs-austrian-wood-brick/,https://compassgrill.co.il/oak-wood-for-smoking/hs-austrian-wood-brick/
https://compassgrill.co.il/grill-smoker-accessories/compass-skewers/leather-case-stainless-steel-skewers-2/?category_id=38152,parameters,Canonical,https://compassgrill.co.il/grill-smoker-accessories/compass-skewers/leather-case-stainless-steel-skewers-2/
https://compassgrill.co.il/grill-smoker-accessories/compass-skewers/leather-case-stainless-steel-skewers-2/?category_id=38152,duplicate,Redirect 301,https://compassgrill.co.il/grill-smoker-accessories/compass-skewers/leather-case-stainless-steel-skewers-2/
https://compassgrill.co.il/grill-smoker-accessories/compass-skewers/leather-case-stainless-steel-skewers-2/?category_id=38152,404/410/soft 404,Redirect 301 to https://compassgrill.co.il/grill-smoker-accessories/compass-skewers/leather-case-stainless-steel-skewers-2/,https://compassgrill.co.il/grill-smoker-accessories/compass-skewers/leather-case-stainless-steel-skewers-2/
https://compassgrill.co.il/רשת-רולדה-מידה-16-אורך-50-מטר/,404/410/soft 404,Redirect 301 to https://compassgrill.co.il/רשת-רולדה-מידה-16-אורך-50-מטר/,https://compassgrill.co.il/רשת-רולדה-מידה-16-אורך-50-מטר/
https://compassgrill.co.il/כלים-מברזל-ייצוק/פלנצ-ה-צליה-עגולה-דו-צ-יציקת-ברזל-1/,duplicate,Redirect 301,https://compassgrill.co.il/כלים-מברזל-ייצוק/פלנצ-ה-צליה-עגולה-דו-צ-יציקת-ברזל-1/
https://compassgrill.co.il/כלים-מברזל-ייצוק/פלנצ-ה-צליה-עגולה-דו-צ-יציקת-ברזל-1/,404/410/soft 404,Redirect 301 to https://compassgrill.co.il/כלים-מברזל-ייצוק/פלנצ-ה-צליה-עגולה-דו-צ-יציקת-ברזל-1/,https://compassgrill.co.il/כלים-מברזל-ייצוק/פלנצ-ה-צליה-עגולה-דו-צ-יציקת-ברזל-1/
https://compassgrill.co.il/grill-smoker-accessories/שיפודי-נירוסטה-יוקרתיים-עם-ידית-ברונזה-מארז-עור-פרימיום-copy-0/?sort=pd.name&order=DESC,parameters,Noindex,https://compassgrill.co.il/grill-smoker-accessories/שיפודי-נירוסטה-יוקרתיים-עם-ידית-ברונזה-מארז-עור-פרימיום-copy-0/
https://compassgrill.co.il/grill-smoker-accessories/שיפודי-נירוסטה-יוקרתיים-עם-ידית-ברונזה-מארז-עור-פרימיום-copy-0/?sort=pd.name&order=DESC,duplicate,Redirect 301,https://compassgrill.co.il/grill-smoker-accessories/שיפודי-נירוסטה-יוקרתיים-עם-ידית-ברונזה-מארז-עור-פרימיום-copy-0/
https://compassgrill.co.il/grill-smoker-accessories/שיפודי-נירוסטה-יוקרתיים-עם-ידית-ברונזה-מארז-עור-פרימיום-copy-0/?sort=pd.name&order=DESC,404/410/soft 404,Redirect 301 to https://compassgrill.co.il/grill-smoker-accessories/שיפודי-נירוסטה-יוקרתיים-עם-ידית-ברונזה-מארז-עור-פרימיום-copy-0/,https://compassgrill.co.il/grill-smoker-accessories/שיפודי-נירוסטה-יוקרתיים-עם-ידית-ברונזה-מארז-עור-פרימיום-copy-0/
https://compassgrill.co.il/wood-chips-and-chunks-for-smoking/oak-wood-chunks/?sort=pd.name&order=DESC,parameters,Noindex,https://compassgrill.co.il/wood-chips-and-chunks-for-smoking/oak-wood-chunks/
https://compassgrill.co.il/wood-chips-and-chunks-for-smoking/oak-wood-chunks/?sort=pd.name&order=DESC,404/410/soft 404,Redirect 301 to https://compassgrill.co.il/wood-chips-and-chunks-for-smoking/oak-wood-chunks/,https://compassgrill.co.il/wood-chips-and-chunks-for-smoking/oak-wood-chunks/
https://compassgrill.co.il/גריל-גז-2-מבערים/גריל-גז-rogue-xt-365sib-il-שחור/?category_id=108373,parameters,Canonical,https://compassgrill.co.il/גריל-גז-2-מבערים/גריל-גז-rogue-xt-365sib-il-שחור/
https://compassgrill.co.il/גריל-גז-2-מבערים/גריל-גז-rogue-xt-365sib-il-שחור/?category_id=108373,404/410/soft 404,Redirect 301 to https://compassgrill.co.il/גריל-גז-2-מבערים/גריל-גז-rogue-xt-365sib-il-שחור/,https://compassgrill.co.il/גריל-גז-2-מבערים/גריל-גז-rogue-xt-365sib-il-שחור/
https://compassgrill.co.il/grill-smoker-accessories/compass-skewers/6-pcs-flat-stainless-steel-skewers-for-meat-poultry-vegetables-700x3x20-1/?sort=rating&order=ASC,parameters,Noindex,https://compassgrill.co.il/grill-smoker-accessories/compass-skewers/6-pcs-flat-stainless-steel-skewers-for-meat-poultry-vegetables-700x3x20-1/
https://compassgrill.co.il/grill-smoker-accessories/compass-skewers/6-pcs-flat-stainless-steel-skewers-for-meat-poultry-vegetables-700x3x20-1/?sort=rating&order=ASC,duplicate,Redirect 301,https://compassgrill.co.il/grill-smoker-accessories/compass-skewers/6-pcs-flat-stainless-steel-skewers-for-meat-poultry-vegetables-700x3x20-1/
https://compassgrill.co.il/grill-smoker-accessories/compass-skewers/6-pcs-flat-stainless-steel-skewers-for-meat-poultry-vegetables-700x3x20-1/?sort=rating&order=ASC,404/410/soft 404,Redirect 301 to https://compassgrill.co.il/grill-smoker-accessories/compass-skewers/6-pcs-flat-stainless-steel-skewers-for-meat-poultry-vegetables-700x3x20-1/,https://compassgrill.co.il/grill-smoker-accessories/compass-skewers/6-pcs-flat-stainless-steel-skewers-for-meat-poultry-vegetables-700x3x20-1/
https://compassgrill.co.il/eitan-meat-2/meat-vending-machine-24-7/seasoned-frozen-chicken-thigh-skewers-5pcs-automatic-meat-247/?category_id=125471&sort=price&order=DESC,parameters,Noindex,https://compassgrill.co.il/eitan-meat-2/meat-vending-machine-24-7/seasoned-frozen-chicken-thigh-skewers-5pcs-automatic-meat-247/
https://compassgrill.co.il/eitan-meat-2/meat-vending-machine-24-7/seasoned-frozen-chicken-thigh-skewers-5pcs-automatic-meat-247/?category_id=125471&sort=price&order=DESC,404/410/soft 404,Redirect 301 to https://compassgrill.co.il/eitan-meat-2/meat-vending-machine-24-7/seasoned-frozen-chicken-thigh-skewers-5pcs-automatic-meat-247/,https://compassgrill.co.il/eitan-meat-2/meat-vending-machine-24-7/seasoned-frozen-chicken-thigh-skewers-5pcs-automatic-meat-247/
https://compassgrill.co.il/oak-wood-for-smoking/hs-austrian-wood-brick/?sort=pd.name&order=DESC,parameters,Noindex,https://compassgrill.co.il/oak-wood-for-smoking/hs-austrian-wood-brick/
https://compassgrill.co.il/oak-wood-for-smoking/hs-austrian-wood-brick/?sort=pd.name&order=DESC,404/410/soft 404,Redirect 301 to https://compassgrill.co.il/oak-wood-for-smoking/hs-austrian-wood-brick/,https://compassgrill.co.il/oak-wood-for-smoking/hs-austrian-wood-brick/
https://compassgrill.co.il/poultry/thin-sliced-chicken-breast-1kg/?sort=price&order=DESC,parameters,Noindex,https://compassgrill.co.il/poultry/thin-sliced-chicken-breast-1kg/
https://compassgrill.co.il/poultry/thin-sliced-chicken-breast-1kg/?sort=price&order=DESC,404/410/soft 404,Redirect 301 to https://compassgrill.co.il/poultry/thin-sliced-chicken-breast-1kg/,https://compassgrill.co.il/poultry/thin-sliced-chicken-breast-1kg/
https://compassgrill.co.il/grill-smoker-accessories/compass-skewers/charcoal-grill-for-6-skewers-foldable-with-bag-1/?category_id=38152&sort=p.model&order=ASC,parameters,Noindex,https://compassgrill.co.il/grill-smoker-accessories/compass-skewers/charcoal-grill-for-6-skewers-foldable-with-bag/
https://compassgrill.co.il/grill-smoker-accessories/compass-skewers/charcoal-grill-for-6-skewers-foldable-with-bag-1/?category_id=38152&sort=p.model&order=ASC,duplicate,Redirect 301,https://compassgrill.co.il/grill-smoker-accessories/compass-skewers/charcoal-grill-for-6-skewers-foldable-with-bag/
https://compassgrill.co.il/grill-smoker-accessories/compass-skewers/charcoal-grill-for-6-skewers-foldable-with-bag-1/?category_id=38152&sort=p.model&order=ASC,404/410/soft 404,Redirect 301 to https://compassgrill.co.il/grill-smoker-accessories/compass-skewers/charcoal-grill-for-6-skewers-foldable-with-bag/,https://compassgrill.co.il/grill-smoker-accessories/compass-skewers/charcoal-grill-for-6-skewers-foldable-with-bag/
https://compassgrill.co.il/כלים-מברזל-ייצוק/קאזן-אסייתי-10-ליטר-עם-מכסה-מברזל-יצוק-ללא-ציפוי-1/,duplicate,Redirect 301,https://compassgrill.co.il/כלים-מברזל-ייצוק/קאזן-אסייתי-10-ליטר-עם-מכסה-מברזל-יצוק-ללא-ציפוי-1/
https://compassgrill.co.il/כלים-מברזל-ייצוק/קאזן-אסייתי-10-ליטר-עם-מכסה-מברזל-יצוק-ללא-ציפוי-1/,404/410/soft 404,Redirect 301 to https://compassgrill.co.il/כלים-מברזל-ייצוק/קאזן-אסייתי-10-ליטר-עם-מכסה-מברזל-יצוק-ללא-ציפוי-1/,https://compassgrill.co.il/כלים-מברזל-ייצוק/קאזן-אסייתי-10-ליטר-עם-מכסה-מברזל-יצוק-ללא-ציפוי-1/
https://compassgrill.co.il/grill-smoker-accessories/wood-chips-and-chunks-for-smoking/oak-wood-chunks/?sort=pd.name&order=ASC,parameters,Noindex,https://compassgrill.co.il/grill-smoker-accessories/wood-chips-and-chunks-for-smoking/oak-wood-chunks/
https://compassgrill.co.il/grill-smoker-accessories/wood-chips-and-chunks-for-smoking/oak-wood-chunks/?sort=pd.name&order=ASC,404/410/soft 404,Redirect 301 to https://compassgrill.co.il/grill-smoker-accessories/wood-chips-and-chunks-for-smoking/oak-wood-chunks/,https://compassgrill.co.il/grill-smoker-accessories/wood-chips-and-chunks-for-smoking/oak-wood-chunks/
https://compassgrill.co.il/tandoor-products-and-accessories/dough-working-board/?category_id=35145&sort=price&order=ASC,parameters,Noindex,https://compassgrill.co.il/tandoor-products-and-accessories/dough-working-board/
https://compassgrill.co.il/tandoor-products-and-accessories/dough-working-board/?category_id=35145&sort=price&order=ASC,404/410/soft 404,Redirect 301 to https://compassgrill.co.il/tandoor-products-and-accessories/dough-working-board/,https://compassgrill.co.il/tandoor-products-and-accessories/dough-working-board/
https://compassgrill.co.il/oak-wood-for-smoking/hs-austrian-wood-brick/?sort=pd.name&order=ASC,parameters,Noindex,https://compassgrill.co.il/oak-wood-for-smoking/hs-austrian-wood-brick/
https://compassgrill.co.il/oak-wood-for-smoking/hs-austrian-wood-brick/?sort=pd.name&order=ASC,404/410/soft 404,Redirect 301 to https://compassgrill.co.il/oak-wood-for-smoking/hs-austrian-wood-brick/,https://compassgrill.co.il/oak-wood-for-smoking/hs-austrian-wood-brick/
https://compassgrill.co.il/אביזרים-למטבח/פלנצ-ה-צליה-עגולה-דו-צ-יציקת-ברזל-1/,duplicate,Redirect 301,https://compassgrill.co.il/אביזרים-למטבח/פלנצ-ה-צליה-עגולה-דו-צ-יציקת-ברזל-1/
https://compassgrill.co.il/אביזרים-למטבח/פלנצ-ה-צליה-עגולה-דו-צ-יציקת-ברזל-1/,404/410/soft 404,Redirect 301 to https://compassgrill.co.il/אביזרים-למטבח/פלנצ-ה-צליה-עגולה-דו-צ-יציקת-ברזל-1/,https://compassgrill.co.il/אביזרים-למטבח/פלנצ-ה-צליה-עגולה-דו-צ-יציקת-ברזל-1/
https://compassgrill.co.il/אביזרים-לגריל-ומעשנה/כלים-מברזל-ייצוק/,404/410/soft 404,Redirect 301 to https://compassgrill.co.il/אביזרים-לגריל-ומעשנה/כלים-מברזל-ייצוק/,https://compassgrill.co.il/אביזרים-לגריל-ומעשנה/כלים-מברזל-ייצוק/
https://compassgrill.co.il/smoker-tandoor/שיפודי-נירוסטה-יוקרתיים-עם-ידית-ברונזה-מארז-עור-פרימיום-copy-0/?sort=p.sort_order&order=ASC,parameters,Noindex,https://compassgrill.co.il/smoker-tandoor/שיפודי-נירוסטה-יוקרתיים-עם-ידית-ברונזה-מארז-עור-פרימיום-copy-0/
https://compassgrill.co.il/smoker-tandoor/שיפודי-נירוסטה-יוקרתיים-עם-ידית-ברונזה-מארז-עור-פרימיום-copy-0/?sort=p.sort_order&order=ASC,duplicate,Redirect 301,https://compassgrill.co.il/smoker-tandoor/שיפודי-נירוסטה-יוקרתיים-עם-ידית-ברונזה-מארז-עור-פרימיום-copy-0/
https://compassgrill.co.il/smoker-tandoor/שיפודי-נירוסטה-יוקרתיים-עם-ידית-ברונזה-מארז-עור-פרימיום-copy-0/?sort=p.sort_order&order=ASC,404/410/soft 404,Redirect 301 to https://compassgrill.co.il/smoker-tandoor/שיפודי-נירוסטה-יוקרתיים-עם-ידית-ברונזה-מארז-עור-פרימיום-copy-0/,https://compassgrill.co.il/smoker-tandoor/שיפודי-נירוסטה-יוקרתיים-עם-ידית-ברונזה-מארז-עור-פרימיום-copy-0/
https://compassgrill.co.il/eitan-meat-2/אנטריקוט-פידלוט-בלאק-אנגוס-חצוי-טרי/?category_id=66834&sort=price&order=DESC,parameters,Noindex,https://compassgrill.co.il/eitan-meat-2/אנטריקוט-פידלוט-בלאק-אנגוס-חצוי-טרי/
https://compassgrill.co.il/eitan-meat-2/אנטריקוט-פידלוט-בלאק-אנגוס-חצוי-טרי/?category_id=66834&sort=price&order=DESC,404/410/soft 404,Redirect 301 to https://compassgrill.co.il/eitan-meat-2/אנטריקוט-פידלוט-בלאק-אנגוס-חצוי-טרי/,https://compassgrill.co.il/eitan-meat-2/אנטריקוט-פידלוט-בלאק-אנגוס-חצוי-טרי/
https://compassgrill.co.il/eitan-meat-eilat/בשר-טרי/?sort=price&order=DESC,parameters,Noindex,https://compassgrill.co.il/eitan-meat-eilat/בשר-טרי/
https://compassgrill.co.il/eitan-meat-eilat/בשר-טרי/?sort=price&order=DESC,404/410/soft 404,Redirect 301 to https://compassgrill.co.il/eitan-meat-eilat/בשר-טרי/,https://compassgrill.co.il/eitan-meat-eilat/בשר-טרי/
https://compassgrill.co.il/smoker-tandoor/מנגל-פחמים-ומנגל-לשיפודים/?sort=p.model&order=ASC,parameters,Noindex,https://compassgrill.co.il/smoker-tandoor/מנגל-פחמים-ומנגל-לשיפודים/
https://compassgrill.co.il/smoker-tandoor/מנגל-פחמים-ומנגל-לשיפודים/?sort=p.model&order=ASC,404/410/soft 404,Redirect 301 to https://compassgrill.co.il/smoker-tandoor/מנגל-פחמים-ומנגל-לשיפודים/,https://compassgrill.co.il/smoker-tandoor/מנגל-פחמים-ומנגל-לשיפודים/
https://compassgrill.co.il/eitan-meat-2/frozen-meat/angus-carpaccio-sliced-10-servings-700g-pack/?sort=price&order=ASC,parameters,Noindex,https://compassgrill.co.il/eitan-meat-2/frozen-meat/angus-carpaccio-sliced-10-servings-700g-pack/
https://compassgrill.co.il/eitan-meat-2/frozen-meat/angus-carpaccio-sliced-10-servings-700g-pack/?sort=price&order=ASC,404/410/soft 404,Redirect 301 to https://compassgrill.co.il/eitan-meat-2/frozen-meat/angus-carpaccio-sliced-10-servings-700g-pack/,https://compassgrill.co.il/eitan-meat-2/frozen-meat/angus-carpaccio-sliced-10-servings-700g-pack/
https://compassgrill.co.il/outdoor-kitchen-9/alumex/?sort=rating&order=DESC,parameters,Noindex,https://compassgrill.co.il/outdoor-kitchen-9/alumex/
https://compassgrill.co.il/outdoor-kitchen-9/alumex/?sort=rating&order=DESC,404/410/soft 404,Redirect 301 to https://compassgrill.co.il/outdoor-kitchen-9/alumex/,https://compassgrill.co.il/outdoor-kitchen-9/alumex/
https://compassgrill.co.il/כלים-מברזל-ייצוק-1/dual-cast-iron-round-griddle-1/,duplicate,Redirect 301,https://compassgrill.co.il/כלים-מברזל-ייצוק-1/dual-cast-iron-round-griddle-1/
https://compassgrill.co.il/כלים-מברזל-ייצוק-1/dual-cast-iron-round-griddle-1/,404/410/soft 404,Redirect 301 to https://compassgrill.co.il/כלים-מברזל-ייצוק-1/dual-cast-iron-round-griddle-1/,https://compassgrill.co.il/כלים-מברזל-ייצוק-1/dual-cast-iron-round-griddle-1/
https://compassgrill.co.il/פלנצ-ה-צליה-עגולה-דו-צ-יציקת-ברזל-1/,duplicate,Redirect 301,https://compassgrill.co.il/פלנצ-ה-צליה-עגולה-דו-צ-יציקת-ברזל-1/
https://compassgrill.co.il/פלנצ-ה-צליה-עגולה-דו-צ-יציקת-ברזל-1/,404/410/soft 404,Redirect 301 to https://compassgrill.co.il/פלנצ-ה-צליה-עגולה-דו-צ-יציקת-ברזל-1/,https://compassgrill.co.il/פלנצ-ה-צליה-עגולה-דו-צ-יציקת-ברזל-1/
https://compassgrill.co.il/tandoor-products-and-accessories/brass-brush-for-pizza-oven/?sort=p.model&order=DESC,parameters,Noindex,https://compassgrill.co.il/tandoor-products-and-accessories/brass-brush-for-pizza-oven/
https://compassgrill.co.il/tandoor-products-and-accessories/brass-brush-for-pizza-oven/?sort=p.model&order=DESC,404/410/soft 404,Redirect 301 to https://compassgrill.co.il/tandoor-products-and-accessories/brass-brush-for-pizza-oven/,https://compassgrill.co.il/tandoor-products-and-accessories/brass-brush-for-pizza-oven/
https://compassgrill.co.il/leather-case-stainless-steel-skewers-2/,duplicate,Redirect 301,https://compassgrill.co.il/leather-case-stainless-steel-skewers-2/
https://compassgrill.co.il/leather-case-stainless-steel-skewers-2/,404/410/soft 404,Redirect 301 to https://compassgrill.co.il/leather-case-stainless-steel-skewers-2/,https://compassgrill.co.il/leather-case-stainless-steel-skewers-2/
https://compassgrill.co.il/outdoor-kitchen-9/modular-outdoor-kitchens/?sort=pd.name&order=ASC,parameters,Noindex,https://compassgrill.co.il/outdoor-kitchen-9/modular-outdoor-kitchens/
https://compassgrill.co.il/outdoor-kitchen-9/modular-outdoor-kitchens/?sort=pd.name&order=ASC,404/410/soft 404,Redirect 301 to https://compassgrill.co.il/outdoor-kitchen-9/modular-outdoor-kitchens/,https://compassgrill.co.il/outdoor-kitchen-9/modular-outdoor-kitchens/
https://compassgrill.co.il/outdoor-kitchen-9/modular-outdoor-kitchens/classic-outdoor-kitchen-1/?sort=pd.name&order=DESC,parameters,Noindex,https://compassgrill.co.il/outdoor-kitchen-9/modular-outdoor-kitchens/classic-outdoor-kitchen-1/
https://compassgrill.co.il/outdoor-kitchen-9/modular-outdoor-kitchens/classic-outdoor-kitchen-1/?sort=pd.name&order=DESC,duplicate,Redirect 301,https://compassgrill.co.il/outdoor-kitchen-9/modular-outdoor-kitchens/classic-outdoor-kitchen-1/
https://compassgrill.co.il/outdoor-kitchen-9/modular-outdoor-kitchens/classic-outdoor-kitchen-1/?sort=pd.name&order=DESC,404/410/soft 404,Redirect 301 to https://compassgrill.co.il/outdoor-kitchen-9/modular-outdoor-kitchens/classic-outdoor-kitchen-1/,https://compassgrill.co.il/outdoor-kitchen-9/modular-outdoor-kitchens/classic-outdoor-kitchen-1/
https://compassgrill.co.il/מדורות-גן/,404/410/soft 404,Redirect 301 to https://compassgrill.co.il/מדורות-גן/,https://compassgrill.co.il/מדורות-גן/
https://compassgrill.co.il/tandoor-products-and-accessories/cozzepro17/?sort=pd.name&order=DESC,parameters,Noindex,https://compassgrill.co.il/tandoor-products-and-accessories/cozzepro17/
https://compassgrill.co.il/tandoor-products-and-accessories/cozzepro17/?sort=pd.name&order=DESC,404/410/soft 404,Redirect 301 to https://compassgrill.co.il/tandoor-products-and-accessories/cozzepro17/,https://compassgrill.co.il/tandoor-products-and-accessories/cozzepro17/
https://compassgrill.co.il/grill-smoker-accessories/cast-iron-tools-plov-cooking/dual-cast-iron-round-griddle-1/?sort=pd.name&order=DESC,parameters,Noindex,https://compassgrill.co.il/grill-smoker-accessories/cast-iron-tools-plov-cooking/dual-cast-iron-round-griddle/
https://compassgrill.co.il/grill-smoker-accessories/cast-iron-tools-plov-cooking/dual-cast-iron-round-griddle-1/?sort=pd.name&order=DESC,duplicate,Redirect 301,https://compassgrill.co.il/grill-smoker-accessories/cast-iron-tools-plov-cooking/dual-cast-iron-round-griddle/
https://compassgrill.co.il/grill-smoker-accessories/cast-iron-tools-plov-cooking/dual-cast-iron-round-griddle-1/?sort=pd.name&order=DESC,404/410/soft 404,Redirect 301 to https://compassgrill.co.il/grill-smoker-accessories/cast-iron-tools-plov-cooking/dual-cast-iron-round-griddle/,https://compassgrill.co.il/grill-smoker-accessories/cast-iron-tools-plov-cooking/dual-cast-iron-round-griddle/
https://compassgrill.co.il/eitan-meat-eilat/בשר-טרי/?sort=p.sort_order&order=ASC,parameters,Noindex,https://compassgrill.co.il/eitan-meat-eilat/בשר-טרי/
https://compassgrill.co.il/eitan-meat-eilat/בשר-טרי/?sort=p.sort_order&order=ASC,404/410/soft 404,Redirect 301 to https://compassgrill.co.il/eitan-meat-eilat/בשר-טרי/,https://compassgrill.co.il/eitan-meat-eilat/בשר-טרי/
https://compassgrill.co.il/eitan-meat-2/chicken-steak-teriyaki-1kg/,404/410/soft 404,Redirect 301 to https://compassgrill.co.il/eitan-meat-2/chicken-steak-teriyaki-1kg/,https://compassgrill.co.il/eitan-meat-2/chicken-steak-teriyaki-1kg/
https://compassgrill.co.il/grill-smoker-accessories/compass-skewers/6-pcs-flat-stainless-steel-skewers-for-meat-poultry-vegetables-700x3x20-1/?sort=price&order=DESC,parameters,Noindex,https://compassgrill.co.il/grill-smoker-accessories/compass-skewers/6-pcs-flat-stainless-steel-skewers-for-meat-poultry-vegetables-700x3x20-1/
https://compassgrill.co.il/grill-smoker-accessories/compass-skewers/6-pcs-flat-stainless-steel-skewers-for-meat-poultry-vegetables-700x3x20-1/?sort=price&order=DESC,duplicate,Redirect 301,https://compassgrill.co.il/grill-smoker-accessories/compass-skewers/6-pcs-flat-stainless-steel-skewers-for-meat-poultry-vegetables-700x3x20-1/
https://compassgrill.co.il/grill-smoker-accessories/compass-skewers/6-pcs-flat-stainless-steel-skewers-for-meat-poultry-vegetables-700x3x20-1/?sort=price&order=DESC,404/410/soft 404,Redirect 301 to https://compassgrill.co.il/grill-smoker-accessories/compass-skewers/6-pcs-flat-stainless-steel-skewers-for-meat-poultry-vegetables-700x3x20-1/,https://compassgrill.co.il/grill-smoker-accessories/compass-skewers/6-pcs-flat-stainless-steel-skewers-for-meat-poultry-vegetables-700x3x20-1/
https://compassgrill.co.il/gas-grill-smokers-tandoor/pro-1600/?sort=p.model&order=ASC,parameters,Noindex,https://compassgrill.co.il/gas-grill-smokers-tandoor/pro-1600/
https://compassgrill.co.il/gas-grill-smokers-tandoor/pro-1600/?sort=p.model&order=ASC,404/410/soft 404,Redirect 301 to https://compassgrill.co.il/gas-grill-smokers-tandoor/pro-1600/,https://compassgrill.co.il/gas-grill-smokers-tandoor/pro-1600/
https://compassgrill.co.il/eitan-meat-2/fresh-beef/denver-steak-fl-sliced-vacuum-packed-300g/?category_id=66835&sort=pd.name&order=ASC,parameters,Noindex,https://compassgrill.co.il/eitan-meat-2/fresh-beef/denver-steak-fl-sliced-vacuum-packed-300g/
https://compassgrill.co.il/eitan-meat-2/fresh-beef/denver-steak-fl-sliced-vacuum-packed-300g/?category_id=66835&sort=pd.name&order=ASC,404/410/soft 404,Redirect 301 to https://compassgrill.co.il/eitan-meat-2/fresh-beef/denver-steak-fl-sliced-vacuum-packed-300g/,https://compassgrill.co.il/eitan-meat-2/fresh-beef/denver-steak-fl-sliced-vacuum-packed-300g/
https://compassgrill.co.il/smoker-tandoor/שיפודי-נירוסטה-יוקרתיים-עם-ידית-ברונזה-מארז-עור-פרימיום-copy-0/?sort=pd.name&order=DESC,parameters,Noindex,https://compassgrill.co.il/smoker-tandoor/שיפודי-נירוסטה-יוקרתיים-עם-ידית-ברונזה-מארז-עור-פרימיום-copy-0/
https://compassgrill.co.il/smoker-tandoor/שיפודי-נירוסטה-יוקרתיים-עם-ידית-ברונזה-מארז-עור-פרימיום-copy-0/?sort=pd.name&order=DESC,duplicate,Redirect 301,https://compassgrill.co.il/smoker-tandoor/שיפודי-נירוסטה-יוקרתיים-עם-ידית-ברונזה-מארז-עור-פרימיום-copy-0/
https://compassgrill.co.il/smoker-tandoor/שיפודי-נירוסטה-יוקרתיים-עם-ידית-ברונזה-מארז-עור-פרימיום-copy-0/?sort=pd.name&order=DESC,404/410/soft 404,Redirect 301 to https://compassgrill.co.il/smoker-tandoor/שיפודי-נירוסטה-יוקרתיים-עם-ידית-ברונזה-מארז-עור-פרימיום-copy-0/,https://compassgrill.co.il/smoker-tandoor/שיפודי-נירוסטה-יוקרתיים-עם-ידית-ברונזה-מארז-עור-פרימיום-copy-0/
https://compassgrill.co.il/pecan-wood-chunks/,404/410/soft 404,Redirect 301 to https://compassgrill.co.il/pecan-wood-chunks/,https://compassgrill.co.il/pecan-wood-chunks/
https://compassgrill.co.il/grill-smoker-accessories/wood-chips-and-chunks-for-smoking/oak-wood-chunks/,404/410/soft 404,Redirect 301 to https://compassgrill.co.il/grill-smoker-accessories/wood-chips-and-chunks-for-smoking/oak-wood-chunks/,https://compassgrill.co.il/grill-smoker-accessories/wood-chips-and-chunks-for-smoking/oak-wood-chunks/
https://compassgrill.co.il/oak-wood-for-smoking/?sort=p.model&order=DESC,parameters,Noindex,https://compassgrill.co.il/oak-wood-for-smoking/
https://compassgrill.co.il/oak-wood-for-smoking/?sort=p.model&order=DESC,404/410/soft 404,Redirect 301 to https://compassgrill.co.il/oak-wood-for-smoking/,https://compassgrill.co.il/oak-wood-for-smoking/
https://compassgrill.co.il/compass-skewers/שיפודי-נירוסטה-יוקרתיים-עם-ידית-ברונזה-מארז-עור-פרימיום-copy-0/?sort=pd.name&order=ASC,parameters,Noindex,https://compassgrill.co.il/compass-skewers/שיפודי-נירוסטה-יוקרתיים-עם-ידית-ברונזה-מארז-עור-פרימיום-copy-0/
https://compassgrill.co.il/compass-skewers/שיפודי-נירוסטה-יוקרתיים-עם-ידית-ברונזה-מארז-עור-פרימיום-copy-0/?sort=pd.name&order=ASC,duplicate,Redirect 301,https://compassgrill.co.il/compass-skewers/שיפודי-נירוסטה-יוקרתיים-עם-ידית-ברונזה-מארז-עור-פרימיום-copy-0/
https://compassgrill.co.il/compass-skewers/שיפודי-נירוסטה-יוקרתיים-עם-ידית-ברונזה-מארז-עור-פרימיום-copy-0/?sort=pd.name&order=ASC,404/410/soft 404,Redirect 301 to https://compassgrill.co.il/compass-skewers/שיפודי-נירוסטה-יוקרתיים-עם-ידית-ברונזה-מארז-עור-פרימיום-copy-0/,https://compassgrill.co.il/compass-skewers/שיפודי-נירוסטה-יוקרתיים-עם-ידית-ברונזה-מארז-עור-פרימיום-copy-0/
https://compassgrill.co.il/grill-smoker-accessories/compass-skewers/6-pcs-flat-stainless-steel-skewers-for-meat-poultry-vegetables-700x3x20-1/?sort=price&order=ASC,parameters,Noindex,https://compassgrill.co.il/grill-smoker-accessories/compass-skewers/6-pcs-flat-stainless-steel-skewers-for-meat-poultry-vegetables-700x3x20-1/
https://compassgrill.co.il/grill-smoker-accessories/compass-skewers/6-pcs-flat-stainless-steel-skewers-for-meat-poultry-vegetables-700x3x20-1/?sort=price&order=ASC,duplicate,Redirect 301,https://compassgrill.co.il/grill-smoker-accessories/compass-skewers/6-pcs-flat-stainless-steel-skewers-for-meat-poultry-vegetables-700x3x20-1/
https://compassgrill.co.il/grill-smoker-accessories/compass-skewers/6-pcs-flat-stainless-steel-skewers-for-meat-poultry-vegetables-700x3x20-1/?sort=price&order=ASC,404/410/soft 404,Redirect 301 to https://compassgrill.co.il/grill-smoker-accessories/compass-skewers/6-pcs-flat-stainless-steel-skewers-for-meat-poultry-vegetables-700x3x20-1/,https://compassgrill.co.il/grill-smoker-accessories/compass-skewers/6-pcs-flat-stainless-steel-skewers-for-meat-poultry-vegetables-700x3x20-1/
https://compassgrill.co.il/tandoor-products-and-accessories/essenza-pizza-peel-34cm/?sort=pd.name&order=ASC,parameters,Noindex,https://compassgrill.co.il/tandoor-products-and-accessories/essenza-pizza-peel-34cm/
https://compassgrill.co.il/tandoor-products-and-accessories/essenza-pizza-peel-34cm/?sort=pd.name&order=ASC,404/410/soft 404,Redirect 301 to https://compassgrill.co.il/tandoor-products-and-accessories/essenza-pizza-peel-34cm/,https://compassgrill.co.il/tandoor-products-and-accessories/essenza-pizza-peel-34cm/
https://compassgrill.co.il/grill-smoker-accessories/pecan-wood-chunks/?sort=p.model&order=DESC,parameters,Noindex,https://compassgrill.co.il/grill-smoker-accessories/pecan-wood-chunks/
https://compassgrill.co.il/grill-smoker-accessories/pecan-wood-chunks/?sort=p.model&order=DESC,404/410/soft 404,Redirect 301 to https://compassgrill.co.il/grill-smoker-accessories/pecan-wood-chunks/,https://compassgrill.co.il/grill-smoker-accessories/pecan-wood-chunks/
https://compassgrill.co.il/grill-smoker-accessories/cast-iron-tools-plov-cooking/dual-cast-iron-round-griddle-1/,duplicate,Redirect 301,https://compassgrill.co.il/grill-smoker-accessories/cast-iron-tools-plov-cooking/dual-cast-iron-round-griddle/
https://compassgrill.co.il/grill-smoker-accessories/cast-iron-tools-plov-cooking/dual-cast-iron-round-griddle-1/,404/410/soft 404,Redirect 301 to https://compassgrill.co.il/grill-smoker-accessories/cast-iron-tools-plov-cooking/dual-cast-iron-round-griddle/,https://compassgrill.co.il/grill-smoker-accessories/cast-iron-tools-plov-cooking/dual-cast-iron-round-griddle/
https://compassgrill.co.il/brand/giesser-1/tradition-chef-knife-20-26cm/,404/410/soft 404,Redirect 301 to https://compassgrill.co.il/brand/giesser-1/tradition-chef-knife-20-26cm/,https://compassgrill.co.il/brand/giesser-1/tradition-chef-knife-20-26cm/
https://compassgrill.co.il/outdoor-kitchen-9/modular-outdoor-kitchens/?sort=p.sort_order&order=ASC,parameters,Noindex,https://compassgrill.co.il/outdoor-kitchen-9/modular-outdoor-kitchens/
https://compassgrill.co.il/outdoor-kitchen-9/modular-outdoor-kitchens/?sort=p.sort_order&order=ASC,404/410/soft 404,Redirect 301 to https://compassgrill.co.il/outdoor-kitchen-9/modular-outdoor-kitchens/,https://compassgrill.co.il/outdoor-kitchen-9/modular-outdoor-kitchens/
https://compassgrill.co.il/eitan-meat-2/meat-vending-machine-24-7/?sort=pd.name&order=ASC,parameters,Noindex,https://compassgrill.co.il/eitan-meat-2/meat-vending-machine-24-7/
https://compassgrill.co.il/eitan-meat-2/meat-vending-machine-24-7/?sort=pd.name&order=ASC,404/410/soft 404,Redirect 301 to https://compassgrill.co.il/eitan-meat-2/meat-vending-machine-24-7/,https://compassgrill.co.il/eitan-meat-2/meat-vending-machine-24-7/
https://compassgrill.co.il/eitan-meat-2/fresh-beef/?sort=price&order=DESC,parameters,Noindex,https://compassgrill.co.il/eitan-meat-2/fresh-beef/
https://compassgrill.co.il/eitan-meat-2/fresh-beef/?sort=price&order=DESC,404/410/soft 404,Redirect 301 to https://compassgrill.co.il/eitan-meat-2/fresh-beef/,https://compassgrill.co.il/eitan-meat-2/fresh-beef/
https://compassgrill.co.il/grill-smoker-accessories/compass-skewers/leather-case-stainless-steel-skewers-2/?category_id=38152&sort=rating&order=ASC,parameters,Noindex,https://compassgrill.co.il/grill-smoker-accessories/compass-skewers/leather-case-stainless-steel-skewers-2/
https://compassgrill.co.il/grill-smoker-accessories/compass-skewers/leather-case-stainless-steel-skewers-2/?category_id=38152&sort=rating&order=ASC,duplicate,Redirect 301,https://compassgrill.co.il/grill-smoker-accessories/compass-skewers/leather-case-stainless-steel-skewers-2/
https://compassgrill.co.il/grill-smoker-accessories/compass-skewers/leather-case-stainless-steel-skewers-2/?category_id=38152&sort=rating&order=ASC,404/410/soft 404,Redirect 301 to https://compassgrill.co.il/grill-smoker-accessories/compass-skewers/leather-case-stainless-steel-skewers-2/,https://compassgrill.co.il/grill-smoker-accessories/compass-skewers/leather-case-stainless-steel-skewers-2/
https://compassgrill.co.il/smoker-tandoor/מנגל-פחמים-ומנגל-לשיפודים/?sort=pd.name&order=DESC,parameters,Noindex,https://compassgrill.co.il/smoker-tandoor/מנגל-פחמים-ומנגל-לשיפודים/
https://compassgrill.co.il/smoker-tandoor/מנגל-פחמים-ומנגל-לשיפודים/?sort=pd.name&order=DESC,404/410/soft 404,Redirect 301 to https://compassgrill.co.il/smoker-tandoor/מנגל-פחמים-ומנגל-לשיפודים/,https://compassgrill.co.il/smoker-tandoor/מנגל-פחמים-ומנגל-לשיפודים/
https://compassgrill.co.il/eitan-meat-2/teperberg-wines/?sort=p.model&order=ASC,parameters,Noindex,https://compassgrill.co.il/eitan-meat-2/teperberg-wines/
https://compassgrill.co.il/eitan-meat-2/teperberg-wines/?sort=p.model&order=ASC,404/410/soft 404,Redirect 301 to https://compassgrill.co.il/eitan-meat-2/teperberg-wines/,https://compassgrill.co.il/eitan-meat-2/teperberg-wines/
https://compassgrill.co.il/grill-smoker-accessories/compass-skewers/leather-case-stainless-steel-skewers-2/?sort=pd.name&order=DESC,parameters,Noindex,https://compassgrill.co.il/grill-smoker-accessories/compass-skewers/leather-case-stainless-steel-skewers-2/
https://compassgrill.co.il/grill-smoker-accessories/compass-skewers/leather-case-stainless-steel-skewers-2/?sort=pd.name&order=DESC,duplicate,Redirect 301,https://compassgrill.co.il/grill-smoker-accessories/compass-skewers/leather-case-stainless-steel-skewers-2/
https://compassgrill.co.il/grill-smoker-accessories/compass-skewers/leather-case-stainless-steel-skewers-2/?sort=pd.name&order=DESC,404/410/soft 404,Redirect 301 to https://compassgrill.co.il/grill-smoker-accessories/compass-skewers/leather-case-stainless-steel-skewers-2/,https://compassgrill.co.il/grill-smoker-accessories/compass-skewers/leather-case-stainless-steel-skewers-2/
https://compassgrill.co.il/eitan-meat-2/fresh-beef/feedlot-angus-sirloin-steak/?category_id=66835,parameters,Canonical,https://compassgrill.co.il/eitan-meat-2/fresh-beef/feedlot-angus-sirloin-steak/
https://compassgrill.co.il/eitan-meat-2/fresh-beef/feedlot-angus-sirloin-steak/?category_id=66835,404/410/soft 404,Redirect 301 to https://compassgrill.co.il/eitan-meat-2/fresh-beef/feedlot-angus-sirloin-steak/,https://compassgrill.co.il/eitan-meat-2/fresh-beef/feedlot-angus-sirloin-steak/
https://compassgrill.co.il/eitan-meat-2/frozen-meat/kosher-calf-sweetbreads-argentina-1kg/?sort=price&order=DESC,parameters,Noindex,https://compassgrill.co.il/eitan-meat-2/frozen-meat/kosher-calf-sweetbreads-argentina-1kg/
https://compassgrill.co.il/eitan-meat-2/frozen-meat/kosher-calf-sweetbreads-argentina-1kg/?sort=price&order=DESC,404/410/soft 404,Redirect 301 to https://compassgrill.co.il/eitan-meat-2/frozen-meat/kosher-calf-sweetbreads-argentina-1kg/,https://compassgrill.co.il/eitan-meat-2/frozen-meat/kosher-calf-sweetbreads-argentina-1kg/
https://compassgrill.co.il/eitan-meat-2/frozen-meat/black-angus-feedlot-shoulder-roast-slice-5/?sort=pd.name&order=DESC,parameters,Noindex,https://compassgrill.co.il/eitan-meat-2/frozen-meat/black-angus-feedlot-shoulder-roast-slice-5/
https://compassgrill.co.il/eitan-meat-2/frozen-meat/black-angus-feedlot-shoulder-roast-slice-5/?sort=pd.name&order=DESC,404/410/soft 404,Redirect 301 to https://compassgrill.co.il/eitan-meat-2/frozen-meat/black-angus-feedlot-shoulder-roast-slice-5/,https://compassgrill.co.il/eitan-meat-2/frozen-meat/black-angus-feedlot-shoulder-roast-slice-5/
https://compassgrill.co.il/eitan-meat-eilat/בשר-טרי/?sort=pd.name&order=ASC,parameters,Noindex,https://compassgrill.co.il/eitan-meat-eilat/בשר-טרי/
https://compassgrill.co.il/eitan-meat-eilat/בשר-טרי/?sort=pd.name&order=ASC,404/410/soft 404,Redirect 301 to https://compassgrill.co.il/eitan-meat-eilat/בשר-טרי/,https://compassgrill.co.il/eitan-meat-eilat/בשר-טרי/
https://compassgrill.co.il/eitan-meat-2/?sort=p.model&order=ASC,parameters,Noindex,https://compassgrill.co.il/eitan-meat/
https://compassgrill.co.il/eitan-meat-2/?sort=p.model&order=ASC,duplicate,Redirect 301,https://compassgrill.co.il/eitan-meat/
https://compassgrill.co.il/eitan-meat-2/?sort=p.model&order=ASC,404/410/soft 404,Redirect 301 to https://compassgrill.co.il/eitan-meat/,https://compassgrill.co.il/eitan-meat/
https://compassgrill.co.il/grill-smoker-accessories/compass-skewers/שיפודי-נירוסטה-יוקרתיים-עם-ידית-ברונזה-מארז-עור-פרימיום-copy-0/?category_id=38152,parameters,Canonical,https://compassgrill.co.il/grill-smoker-accessories/compass-skewers/שיפודי-נירוסטה-יוקרתיים-עם-ידית-ברונזה-מארז-עור-פרימיום-copy-0/
https://compassgrill.co.il/grill-smoker-accessories/compass-skewers/שיפודי-נירוסטה-יוקרתיים-עם-ידית-ברונזה-מארז-עור-פרימיום-copy-0/?category_id=38152,duplicate,Redirect 301,https://compassgrill.co.il/grill-smoker-accessories/compass-skewers/שיפודי-נירוסטה-יוקרתיים-עם-ידית-ברונזה-מארז-עור-פרימיום-copy-0/
https://compassgrill.co.il/grill-smoker-accessories/compass-skewers/שיפודי-נירוסטה-יוקרתיים-עם-ידית-ברונזה-מארז-עור-פרימיום-copy-0/?category_id=38152,404/410/soft 404,Redirect 301 to https://compassgrill.co.il/grill-smoker-accessories/compass-skewers/שיפודי-נירוסטה-יוקרתיים-עם-ידית-ברונזה-מארז-עור-פרימיום-copy-0/,https://compassgrill.co.il/grill-smoker-accessories/compass-skewers/שיפודי-נירוסטה-יוקרתיים-עם-ידית-ברונזה-מארז-עור-פרימיום-copy-0/
https://compassgrill.co.il/tandoor-products-and-accessories/essenza-pizza-round-peel/?sort=p.model&order=DESC,parameters,Noindex,https://compassgrill.co.il/tandoor-products-and-accessories/essenza-pizza-round-peel/
https://compassgrill.co.il/tandoor-products-and-accessories/essenza-pizza-round-peel/?sort=p.model&order=DESC,404/410/soft 404,Redirect 301 to https://compassgrill.co.il/tandoor-products-and-accessories/essenza-pizza-round-peel/,https://compassgrill.co.il/tandoor-products-and-accessories/essenza-pizza-round-peel/
https://compassgrill.co.il/grill-smoker-accessories/compass-skewers/leather-case-stainless-steel-skewers-2/?sort=p.model&order=DESC,parameters,Noindex,https://compassgrill.co.il/grill-smoker-accessories/compass-skewers/leather-case-stainless-steel-skewers-2/
https://compassgrill.co.il/grill-smoker-accessories/compass-skewers/leather-case-stainless-steel-skewers-2/?sort=p.model&order=DESC,duplicate,Redirect 301,https://compassgrill.co.il/grill-smoker-accessories/compass-skewers/leather-case-stainless-steel-skewers-2/
https://compassgrill.co.il/grill-smoker-accessories/compass-skewers/leather-case-stainless-steel-skewers-2/?sort=p.model&order=DESC,404/410/soft 404,Redirect 301 to https://compassgrill.co.il/grill-smoker-accessories/compass-skewers/leather-case-stainless-steel-skewers-2/,https://compassgrill.co.il/grill-smoker-accessories/compass-skewers/leather-case-stainless-steel-skewers-2/
https://compassgrill.co.il/grill-smoker-accessories/pecan-wood-chunks/?sort=pd.name&order=DESC,parameters,Noindex,https://compassgrill.co.il/grill-smoker-accessories/pecan-wood-chunks/
https://compassgrill.co.il/grill-smoker-accessories/pecan-wood-chunks/?sort=pd.name&order=DESC,404/410/soft 404,Redirect 301 to https://compassgrill.co.il/grill-smoker-accessories/pecan-wood-chunks/,https://compassgrill.co.il/grill-smoker-accessories/pecan-wood-chunks/
https://compassgrill.co.il/grill-smoker-accessories/compass-skewers/leather-case-stainless-steel-skewers-2/?sort=p.model&order=ASC,parameters,Noindex,https://compassgrill.co.il/grill-smoker-accessories/compass-skewers/leather-case-stainless-steel-skewers-2/
https://compassgrill.co.il/grill-smoker-accessories/compass-skewers/leather-case-stainless-steel-skewers-2/?sort=p.model&order=ASC,duplicate,Redirect 301,https://compassgrill.co.il/grill-smoker-accessories/compass-skewers/leather-case-stainless-steel-skewers-2/
https://compassgrill.co.il/grill-smoker-accessories/compass-skewers/leather-case-stainless-steel-skewers-2/?sort=p.model&order=ASC,404/410/soft 404,Redirect 301 to https://compassgrill.co.il/grill-smoker-accessories/compass-skewers/leather-case-stainless-steel-skewers-2/,https://compassgrill.co.il/grill-smoker-accessories/compass-skewers/leather-case-stainless-steel-skewers-2/
https://compassgrill.co.il/smoker-tandoor/6-pcs-flat-stainless-steel-skewers-for-meat-poultry-vegetables-700x3x20-1/?sort=p.model&order=DESC,parameters,Noindex,https://compassgrill.co.il/smoker-tandoor/6-pcs-flat-stainless-steel-skewers-for-meat-poultry-vegetables-700x3x20/
https://compassgrill.co.il/smoker-tandoor/6-pcs-flat-stainless-steel-skewers-for-meat-poultry-vegetables-700x3x20-1/?sort=p.model&order=DESC,duplicate,Redirect 301,https://compassgrill.co.il/smoker-tandoor/6-pcs-flat-stainless-steel-skewers-for-meat-poultry-vegetables-700x3x20/
https://compassgrill.co.il/smoker-tandoor/6-pcs-flat-stainless-steel-skewers-for-meat-poultry-vegetables-700x3x20-1/?sort=p.model&order=DESC,404/410/soft 404,Redirect 301 to https://compassgrill.co.il/smoker-tandoor/6-pcs-flat-stainless-steel-skewers-for-meat-poultry-vegetables-700x3x20/,https://compassgrill.co.il/smoker-tandoor/6-pcs-flat-stainless-steel-skewers-for-meat-poultry-vegetables-700x3x20/
https://compassgrill.co.il/smoker-tandoor/dual-cast-iron-round-griddle-1/?sort=p.model&order=DESC,parameters,Noindex,https://compassgrill.co.il/smoker-tandoor/dual-cast-iron-round-griddle/
https://compassgrill.co.il/smoker-tandoor/dual-cast-iron-round-griddle-1/?sort=p.model&order=DESC,duplicate,Redirect 301,https://compassgrill.co.il/smoker-tandoor/dual-cast-iron-round-griddle/
https://compassgrill.co.il/smoker-tandoor/dual-cast-iron-round-griddle-1/?sort=p.model&order=DESC,404/410/soft 404,Redirect 301 to https://compassgrill.co.il/smoker-tandoor/dual-cast-iron-round-griddle/,https://compassgrill.co.il/smoker-tandoor/dual-cast-iron-round-griddle/
https://compassgrill.co.il/grill-smoker-accessories/שיפודי-נירוסטה-יוקרתיים-עם-ידית-ברונזה-מארז-עור-פרימיום-copy-0/?category_id=37972,parameters,Canonical,https://compassgrill.co.il/grill-smoker-accessories/שיפודי-נירוסטה-יוקרתיים-עם-ידית-ברונזה-מארז-עור-פרימיום-copy-0/
https://compassgrill.co.il/grill-smoker-accessories/שיפודי-נירוסטה-יוקרתיים-עם-ידית-ברונזה-מארז-עור-פרימיום-copy-0/?category_id=37972,duplicate,Redirect 301,https://compassgrill.co.il/grill-smoker-accessories/שיפודי-נירוסטה-יוקרתיים-עם-ידית-ברונזה-מארז-עור-פרימיום-copy-0/
https://compassgrill.co.il/grill-smoker-accessories/שיפודי-נירוסטה-יוקרתיים-עם-ידית-ברונזה-מארז-עור-פרימיום-copy-0/?category_id=37972,404/410/soft 404,Redirect 301 to https://compassgrill.co.il/grill-smoker-accessories/שיפודי-נירוסטה-יוקרתיים-עם-ידית-ברונזה-מארז-עור-פרימיום-copy-0/,https://compassgrill.co.il/grill-smoker-accessories/שיפודי-נירוסטה-יוקרתיים-עם-ידית-ברונזה-מארז-עור-פרימיום-copy-0/
https://compassgrill.co.il/smoker-tandoor/dual-cast-iron-round-griddle-1/?sort=pd.name&order=DESC,parameters,Noindex,https://compassgrill.co.il/smoker-tandoor/dual-cast-iron-round-griddle/
https://compassgrill.co.il/smoker-tandoor/dual-cast-iron-round-griddle-1/?sort=pd.name&order=DESC,duplicate,Redirect 301,https://compassgrill.co.il/smoker-tandoor/dual-cast-iron-round-griddle/
https://compassgrill.co.il/smoker-tandoor/dual-cast-iron-round-griddle-1/?sort=pd.name&order=DESC,404/410/soft 404,Redirect 301 to https://compassgrill.co.il/smoker-tandoor/dual-cast-iron-round-griddle/,https://compassgrill.co.il/smoker-tandoor/dual-cast-iron-round-griddle/
https://compassgrill.co.il/choose-the-perfect-garden-furniture/,404/410/soft 404,Redirect 301 to https://compassgrill.co.il/choose-the-perfect-garden-furniture/,https://compassgrill.co.il/choose-the-perfect-garden-furniture/
https://compassgrill.co.il/aluminum-dining-sets-for-garden-perfect-choice-for-durable-elegant-and-comfortable-outdoor-design/,404/410/soft 404,Redirect 301 to https://compassgrill.co.il/aluminum-dining-sets-for-garden-perfect-choice-for-durable-elegant-and-comfortable-outdoor-design/,https://compassgrill.co.il/aluminum-dining-sets-for-garden-perfect-choice-for-durable-elegant-and-comfortable-outdoor-design/
https://compassgrill.co.il/oak-wood-for-smoking/?sort=pd.name&order=ASC,parameters,Noindex,https://compassgrill.co.il/oak-wood-for-smoking/
https://compassgrill.co.il/oak-wood-for-smoking/?sort=pd.name&order=ASC,404/410/soft 404,Redirect 301 to https://compassgrill.co.il/oak-wood-for-smoking/,https://compassgrill.co.il/oak-wood-for-smoking/
https://compassgrill.co.il/eitan-meat-2/fresh-beef/?sort=rating&order=DESC,parameters,Noindex,https://compassgrill.co.il/eitan-meat-2/fresh-beef/
https://compassgrill.co.il/eitan-meat-2/fresh-beef/?sort=rating&order=DESC,404/410/soft 404,Redirect 301 to https://compassgrill.co.il/eitan-meat-2/fresh-beef/,https://compassgrill.co.il/eitan-meat-2/fresh-beef/
https://compassgrill.co.il/outdoor-kitchen-9/?sort=price&order=ASC,parameters,Noindex,https://compassgrill.co.il/outdoor-kitchen-9/
https://compassgrill.co.il/outdoor-kitchen-9/?sort=price&order=ASC,404/410/soft 404,Redirect 301 to https://compassgrill.co.il/outdoor-kitchen-9/,https://compassgrill.co.il/outdoor-kitchen-9/
https://compassgrill.co.il/smoker-tandoor/מנגל-פחמים-ומנגל-לשיפודים/?sort=pd.name&order=ASC,parameters,Noindex,https://compassgrill.co.il/smoker-tandoor/מנגל-פחמים-ומנגל-לשיפודים/
https://compassgrill.co.il/smoker-tandoor/מנגל-פחמים-ומנגל-לשיפודים/?sort=pd.name&order=ASC,404/410/soft 404,Redirect 301 to https://compassgrill.co.il/smoker-tandoor/מנגל-פחמים-ומנגל-לשיפודים/,https://compassgrill.co.il/smoker-tandoor/מנגל-פחמים-ומנגל-לשיפודים/
https://compassgrill.co.il/oak-wood-for-smoking/?sort=price&order=ASC,parameters,Noindex,https://compassgrill.co.il/oak-wood-for-smoking/
https://compassgrill.co.il/oak-wood-for-smoking/?sort=price&order=ASC,404/410/soft 404,Redirect 301 to https://compassgrill.co.il/oak-wood-for-smoking/,https://compassgrill.co.il/oak-wood-for-smoking/
https://compassgrill.co.il/smoker-tandoor/מנגל-פחמים-ומנגל-לשיפודים/?sort=p.model&order=DESC,parameters,Noindex,https://compassgrill.co.il/smoker-tandoor/מנגל-פחמים-ומנגל-לשיפודים/
https://compassgrill.co.il/smoker-tandoor/מנגל-פחמים-ומנגל-לשיפודים/?sort=p.model&order=DESC,404/410/soft 404,Redirect 301 to https://compassgrill.co.il/smoker-tandoor/מנגל-פחמים-ומנגל-לשיפודים/,https://compassgrill.co.il/smoker-tandoor/מנגל-פחמים-ומנגל-לשיפודים/
https://compassgrill.co.il/eitan-meat-2/fresh-beef/?sort=pd.name&order=ASC,parameters,Noindex,https://compassgrill.co.il/eitan-meat-2/fresh-beef/
https://compassgrill.co.il/eitan-meat-2/fresh-beef/?sort=pd.name&order=ASC,404/410/soft 404,Redirect 301 to https://compassgrill.co.il/eitan-meat-2/fresh-beef/,https://compassgrill.co.il/eitan-meat-2/fresh-beef/
https://compassgrill.co.il/outdoor-kitchen-9/modular-outdoor-kitchens/?sort=price&order=ASC,parameters,Noindex,https://compassgrill.co.il/outdoor-kitchen-9/modular-outdoor-kitchens/
https://compassgrill.co.il/outdoor-kitchen-9/modular-outdoor-kitchens/?sort=price&order=ASC,404/410/soft 404,Redirect 301 to https://compassgrill.co.il/outdoor-kitchen-9/modular-outdoor-kitchens/,https://compassgrill.co.il/outdoor-kitchen-9/modular-outdoor-kitchens/
https://compassgrill.co.il/eitan-meat-eilat/בשר-טרי/?sort=rating&order=ASC,parameters,Noindex,https://compassgrill.co.il/eitan-meat-eilat/בשר-טרי/
https://compassgrill.co.il/eitan-meat-eilat/בשר-טרי/?sort=rating&order=ASC,404/410/soft 404,Redirect 301 to https://compassgrill.co.il/eitan-meat-eilat/בשר-טרי/,https://compassgrill.co.il/eitan-meat-eilat/בשר-טרי/
https://compassgrill.co.il/eitan-meat-eilat/בשר-טרי/?sort=pd.name&order=DESC,parameters,Noindex,https://compassgrill.co.il/eitan-meat-eilat/בשר-טרי/
https://compassgrill.co.il/eitan-meat-eilat/בשר-טרי/?sort=pd.name&order=DESC,404/410/soft 404,Redirect 301 to https://compassgrill.co.il/eitan-meat-eilat/בשר-טרי/,https://compassgrill.co.il/eitan-meat-eilat/בשר-טרי/
https://compassgrill.co.il/tandoor-products-and-accessories/?sort=pd.name&order=DESC,parameters,Noindex,https://compassgrill.co.il/tandoor-products-and-accessories/
https://compassgrill.co.il/tandoor-products-and-accessories/?sort=pd.name&order=DESC,404/410/soft 404,Redirect 301 to https://compassgrill.co.il/tandoor-products-and-accessories/,https://compassgrill.co.il/tandoor-products-and-accessories/
https://compassgrill.co.il/meat-aging-treatment/רשת-רולדה-מידה-16-אורך-50-מטר/?category_id=121072&sort=p.model&order=DESC,parameters,Noindex,https://compassgrill.co.il/meat-aging-treatment/רשת-רולדה-מידה-16-אורך-50-מטר/
https://compassgrill.co.il/meat-aging-treatment/רשת-רולדה-מידה-16-אורך-50-מטר/?category_id=121072&sort=p.model&order=DESC,404/410/soft 404,Redirect 301 to https://compassgrill.co.il/meat-aging-treatment/רשת-רולדה-מידה-16-אורך-50-מטר/,https://compassgrill.co.il/meat-aging-treatment/רשת-רולדה-מידה-16-אורך-50-מטר/
https://compassgrill.co.il/outdoor-kitchen-9/modular-outdoor-kitchens/?sort=rating&order=DESC,parameters,Noindex,https://compassgrill.co.il/outdoor-kitchen-9/modular-outdoor-kitchens/
https://compassgrill.co.il/outdoor-kitchen-9/modular-outdoor-kitchens/?sort=rating&order=DESC,404/410/soft 404,Redirect 301 to https://compassgrill.co.il/outdoor-kitchen-9/modular-outdoor-kitchens/,https://compassgrill.co.il/outdoor-kitchen-9/modular-outdoor-kitchens/
https://compassgrill.co.il/eitan-meat-2/teperberg-wines/?sort=pd.name&order=ASC,parameters,Noindex,https://compassgrill.co.il/eitan-meat-2/teperberg-wines/
https://compassgrill.co.il/eitan-meat-2/teperberg-wines/?sort=pd.name&order=ASC,404/410/soft 404,Redirect 301 to https://compassgrill.co.il/eitan-meat-2/teperberg-wines/,https://compassgrill.co.il/eitan-meat-2/teperberg-wines/
https://compassgrill.co.il/eitan-meat-2/frozen-ground-meat/?sort=pd.name&order=ASC,parameters,Noindex,https://compassgrill.co.il/eitan-meat-2/frozen-ground-meat/
https://compassgrill.co.il/eitan-meat-2/frozen-ground-meat/?sort=pd.name&order=ASC,404/410/soft 404,Redirect 301 to https://compassgrill.co.il/eitan-meat-2/frozen-ground-meat/,https://compassgrill.co.il/eitan-meat-2/frozen-ground-meat/
https://compassgrill.co.il/grill-smoker-accessories/כלים-מברזל-ייצוק/פלנצ-ה-צליה-עגולה-דו-צ-יציקת-ברזל-1/?category_id=35279&sort=p.sort_order&order=ASC,parameters,Noindex,https://compassgrill.co.il/grill-smoker-accessories/כלים-מברזל-ייצוק/פלנצ-ה-צליה-עגולה-דו-צ-יציקת-ברזל-1/
https://compassgrill.co.il/grill-smoker-accessories/כלים-מברזל-ייצוק/פלנצ-ה-צליה-עגולה-דו-צ-יציקת-ברזל-1/?category_id=35279&sort=p.sort_order&order=ASC,duplicate,Redirect 301,https://compassgrill.co.il/grill-smoker-accessories/כלים-מברזל-ייצוק/פלנצ-ה-צליה-עגולה-דו-צ-יציקת-ברזל-1/
https://compassgrill.co.il/grill-smoker-accessories/כלים-מברזל-ייצוק/פלנצ-ה-צליה-עגולה-דו-צ-יציקת-ברזל-1/?category_id=35279&sort=p.sort_order&order=ASC,404/410/soft 404,Redirect 301 to https://compassgrill.co.il/grill-smoker-accessories/כלים-מברזל-ייצוק/פלנצ-ה-צליה-עגולה-דו-צ-יציקת-ברזל-1/,https://compassgrill.co.il/grill-smoker-accessories/כלים-מברזל-ייצוק/פלנצ-ה-צליה-עגולה-דו-צ-יציקת-ברזל-1/
https://compassgrill.co.il/meat-aging-treatment/רשת-רולדה-מידה-16-אורך-50-מטר/?category_id=121072&sort=rating&order=DESC,parameters,Noindex,https://compassgrill.co.il/meat-aging-treatment/רשת-רולדה-מידה-16-אורך-50-מטר/
https://compassgrill.co.il/meat-aging-treatment/רשת-רולדה-מידה-16-אורך-50-מטר/?category_id=121072&sort=rating&order=DESC,404/410/soft 404,Redirect 301 to https://compassgrill.co.il/meat-aging-treatment/רשת-רולדה-מידה-16-אורך-50-מטר/,https://compassgrill.co.il/meat-aging-treatment/רשת-רולדה-מידה-16-אורך-50-מטר/
https://compassgrill.co.il/tandoor-products-and-accessories/premium-italian-basalte-firebrick-30x30/?category_id=35145,parameters,Canonical,https://compassgrill.co.il/tandoor-products-and-accessories/premium-italian-basalte-firebrick-30x30/
https://compassgrill.co.il/tandoor-products-and-accessories/premium-italian-basalte-firebrick-30x30/?category_id=35145,404/410/soft 404,Redirect 301 to https://compassgrill.co.il/tandoor-products-and-accessories/premium-italian-basalte-firebrick-30x30/,https://compassgrill.co.il/tandoor-products-and-accessories/premium-italian-basalte-firebrick-30x30/
https://compassgrill.co.il/tandoor-products-and-accessories/?sort=pd.name&order=ASC,parameters,Noindex,https://compassgrill.co.il/tandoor-products-and-accessories/
https://compassgrill.co.il/tandoor-products-and-accessories/?sort=pd.name&order=ASC,404/410/soft 404,Redirect 301 to https://compassgrill.co.il/tandoor-products-and-accessories/,https://compassgrill.co.il/tandoor-products-and-accessories/
https://compassgrill.co.il/שיפודי-נירוסטה-יוקרתיים-עם-ידית-ברונזה-מארז-עור-פרימיום-copy-0/,duplicate,Redirect 301,https://compassgrill.co.il/שיפודי-נירוסטה-יוקרתיים-עם-ידית-ברונזה-מארז-עור-פרימיום-copy-0/
https://compassgrill.co.il/שיפודי-נירוסטה-יוקרתיים-עם-ידית-ברונזה-מארז-עור-פרימיום-copy-0/,404/410/soft 404,Redirect 301 to https://compassgrill.co.il/שיפודי-נירוסטה-יוקרתיים-עם-ידית-ברונזה-מארז-עור-פרימיום-copy-0/,https://compassgrill.co.il/שיפודי-נירוסטה-יוקרתיים-עם-ידית-ברונזה-מארז-עור-פרימיום-copy-0/
https://compassgrill.co.il/grill-smoker-accessories/knives-and-accessories/arcos-knives/?sort=price&order=DESC,parameters,Noindex,https://compassgrill.co.il/grill-smoker-accessories/knives-and-accessories/arcos-knives/
https://compassgrill.co.il/grill-smoker-accessories/knives-and-accessories/arcos-knives/?sort=price&order=DESC,404/410/soft 404,Redirect 301 to https://compassgrill.co.il/grill-smoker-accessories/knives-and-accessories/arcos-knives/,https://compassgrill.co.il/grill-smoker-accessories/knives-and-accessories/arcos-knives/
https://compassgrill.co.il/grill-smoker-accessories/skome-woods-chips/oak-wood-chunks/,404/410/soft 404,Redirect 301 to https://compassgrill.co.il/grill-smoker-accessories/skome-woods-chips/oak-wood-chunks/,https://compassgrill.co.il/grill-smoker-accessories/skome-woods-chips/oak-wood-chunks/
https://compassgrill.co.il/oak-wood-for-smoking/oak-wood-chunks/?category_id=97685,parameters,Canonical,https://compassgrill.co.il/oak-wood-for-smoking/oak-wood-chunks/
https://compassgrill.co.il/oak-wood-for-smoking/oak-wood-chunks/?category_id=97685,404/410/soft 404,Redirect 301 to https://compassgrill.co.il/oak-wood-for-smoking/oak-wood-chunks/,https://compassgrill.co.il/oak-wood-for-smoking/oak-wood-chunks/
https://compassgrill.co.il/outdoor-kitchen-9/modular-outdoor-kitchens/?sort=p.model&order=DESC,parameters,Noindex,https://compassgrill.co.il/outdoor-kitchen-9/modular-outdoor-kitchens/
https://compassgrill.co.il/outdoor-kitchen-9/modular-outdoor-kitchens/?sort=p.model&order=DESC,404/410/soft 404,Redirect 301 to https://compassgrill.co.il/outdoor-kitchen-9/modular-outdoor-kitchens/,https://compassgrill.co.il/outdoor-kitchen-9/modular-outdoor-kitchens/
https://compassgrill.co.il/eitan-meat-2/salonika-kebab-pack/,404/410/soft 404,Redirect 301 to https://compassgrill.co.il/eitan-meat-2/salonika-kebab-pack/,https://compassgrill.co.il/eitan-meat-2/salonika-kebab-pack/
https://compassgrill.co.il/tandoor-products-and-accessories/?sort=rating&order=DESC,parameters,Noindex,https://compassgrill.co.il/tandoor-products-and-accessories/
https://compassgrill.co.il/tandoor-products-and-accessories/?sort=rating&order=DESC,404/410/soft 404,Redirect 301 to https://compassgrill.co.il/tandoor-products-and-accessories/,https://compassgrill.co.il/tandoor-products-and-accessories/
https://compassgrill.co.il/smoker-tandoor/6-pcs-flat-stainless-steel-skewers-for-meat-poultry-vegetables-700x3x20-1/?sort=pd.name&order=ASC,parameters,Noindex,https://compassgrill.co.il/smoker-tandoor/6-pcs-flat-stainless-steel-skewers-for-meat-poultry-vegetables-700x3x20/
https://compassgrill.co.il/smoker-tandoor/6-pcs-flat-stainless-steel-skewers-for-meat-poultry-vegetables-700x3x20-1/?sort=pd.name&order=ASC,duplicate,Redirect 301,https://compassgrill.co.il/smoker-tandoor/6-pcs-flat-stainless-steel-skewers-for-meat-poultry-vegetables-700x3x20/
https://compassgrill.co.il/smoker-tandoor/6-pcs-flat-stainless-steel-skewers-for-meat-poultry-vegetables-700x3x20-1/?sort=pd.name&order=ASC,404/410/soft 404,Redirect 301 to https://compassgrill.co.il/smoker-tandoor/6-pcs-flat-stainless-steel-skewers-for-meat-poultry-vegetables-700x3x20/,https://compassgrill.co.il/smoker-tandoor/6-pcs-flat-stainless-steel-skewers-for-meat-poultry-vegetables-700x3x20/
https://compassgrill.co.il/smoker-tandoor/dual-cast-iron-round-griddle-1/?sort=rating&order=DESC,parameters,Noindex,https://compassgrill.co.il/smoker-tandoor/dual-cast-iron-round-griddle/
https://compassgrill.co.il/smoker-tandoor/dual-cast-iron-round-griddle-1/?sort=rating&order=DESC,duplicate,Redirect 301,https://compassgrill.co.il/smoker-tandoor/dual-cast-iron-round-griddle/
https://compassgrill.co.il/smoker-tandoor/dual-cast-iron-round-griddle-1/?sort=rating&order=DESC,404/410/soft 404,Redirect 301 to https://compassgrill.co.il/smoker-tandoor/dual-cast-iron-round-griddle/,https://compassgrill.co.il/smoker-tandoor/dual-cast-iron-round-griddle/
https://compassgrill.co.il/meat-aging-treatment/רשת-רולדה-מידה-16-אורך-50-מטר/?category_id=121072&sort=price&order=DESC,parameters,Noindex,https://compassgrill.co.il/meat-aging-treatment/רשת-רולדה-מידה-16-אורך-50-מטר/
https://compassgrill.co.il/meat-aging-treatment/רשת-רולדה-מידה-16-אורך-50-מטר/?category_id=121072&sort=price&order=DESC,404/410/soft 404,Redirect 301 to https://compassgrill.co.il/meat-aging-treatment/רשת-רולדה-מידה-16-אורך-50-מטר/,https://compassgrill.co.il/meat-aging-treatment/רשת-רולדה-מידה-16-אורך-50-מטר/
https://compassgrill.co.il/grill-smoker-accessories/compass-skewers/leather-case-stainless-steel-skewers-2/?sort=rating&order=ASC,parameters,Noindex,https://compassgrill.co.il/grill-smoker-accessories/compass-skewers/leather-case-stainless-steel-skewers-2/
https://compassgrill.co.il/grill-smoker-accessories/compass-skewers/leather-case-stainless-steel-skewers-2/?sort=rating&order=ASC,duplicate,Redirect 301,https://compassgrill.co.il/grill-smoker-accessories/compass-skewers/leather-case-stainless-steel-skewers-2/
https://compassgrill.co.il/grill-smoker-accessories/compass-skewers/leather-case-stainless-steel-skewers-2/?sort=rating&order=ASC,404/410/soft 404,Redirect 301 to https://compassgrill.co.il/grill-smoker-accessories/compass-skewers/leather-case-stainless-steel-skewers-2/,https://compassgrill.co.il/grill-smoker-accessories/compass-skewers/leather-case-stainless-steel-skewers-2/
https://compassgrill.co.il/compass-skewers/6-pcs-flat-stainless-steel-skewers-for-meat-poultry-vegetables-700x3x20-1/?sort=price&order=ASC,parameters,Noindex,https://compassgrill.co.il/compass-skewers/6-pcs-flat-stainless-steel-skewers-for-meat-poultry-vegetables-700x3x20/
https://compassgrill.co.il/compass-skewers/6-pcs-flat-stainless-steel-skewers-for-meat-poultry-vegetables-700x3x20-1/?sort=price&order=ASC,duplicate,Redirect 301,https://compassgrill.co.il/compass-skewers/6-pcs-flat-stainless-steel-skewers-for-meat-poultry-vegetables-700x3x20/
https://compassgrill.co.il/compass-skewers/6-pcs-flat-stainless-steel-skewers-for-meat-poultry-vegetables-700x3x20-1/?sort=price&order=ASC,404/410/soft 404,Redirect 301 to https://compassgrill.co.il/compass-skewers/6-pcs-flat-stainless-steel-skewers-for-meat-poultry-vegetables-700x3x20/,https://compassgrill.co.il/compass-skewers/6-pcs-flat-stainless-steel-skewers-for-meat-poultry-vegetables-700x3x20/
https://compassgrill.co.il/eitan-meat-2/frozen-meat/premium-sliced-lamb-ribs-6-pcs-tray/?sort=pd.name&order=DESC,parameters,Noindex,https://compassgrill.co.il/eitan-meat-2/frozen-meat/premium-sliced-lamb-ribs-6-pcs-tray/
https://compassgrill.co.il/eitan-meat-2/frozen-meat/premium-sliced-lamb-ribs-6-pcs-tray/?sort=pd.name&order=DESC,404/410/soft 404,Redirect 301 to https://compassgrill.co.il/eitan-meat-2/frozen-meat/premium-sliced-lamb-ribs-6-pcs-tray/,https://compassgrill.co.il/eitan-meat-2/frozen-meat/premium-sliced-lamb-ribs-6-pcs-tray/
https://compassgrill.co.il/eitan-meat-2/frozen-meat/premium-sliced-lamb-ribs-6-pcs-tray/?sort=price&order=DESC,parameters,Noindex,https://compassgrill.co.il/eitan-meat-2/frozen-meat/premium-sliced-lamb-ribs-6-pcs-tray/
https://compassgrill.co.il/eitan-meat-2/frozen-meat/premium-sliced-lamb-ribs-6-pcs-tray/?sort=price&order=DESC,404/410/soft 404,Redirect 301 to https://compassgrill.co.il/eitan-meat-2/frozen-meat/premium-sliced-lamb-ribs-6-pcs-tray/,https://compassgrill.co.il/eitan-meat-2/frozen-meat/premium-sliced-lamb-ribs-6-pcs-tray/
https://compassgrill.co.il/grill-charcoal-abigail/,404/410/soft 404,Redirect 301 to https://compassgrill.co.il/grill-charcoal-abigail/,https://compassgrill.co.il/grill-charcoal-abigail/
https://compassgrill.co.il/brand/giesser-1/tradition-kitchen-knife-16cm,404/410/soft 404,Redirect 301 to https://compassgrill.co.il/brand/giesser-1/tradition-kitchen-knife-16cm,https://compassgrill.co.il/brand/giesser-1/tradition-kitchen-knife-16cm
https://compassgrill.co.il/outdoor-kitchen-9/?sort=p.model&order=DESC,parameters,Noindex,https://compassgrill.co.il/outdoor-kitchen-9/
https://compassgrill.co.il/outdoor-kitchen-9/?sort=p.model&order=DESC,404/410/soft 404,Redirect 301 to https://compassgrill.co.il/outdoor-kitchen-9/,https://compassgrill.co.il/outdoor-kitchen-9/
https://compassgrill.co.il/eitan-meat-2/poultry-3/?sort=p.sort_order&order=ASC,parameters,Noindex,https://compassgrill.co.il/eitan-meat-2/poultry/
https://compassgrill.co.il/eitan-meat-2/poultry-3/?sort=p.sort_order&order=ASC,duplicate,Redirect 301,https://compassgrill.co.il/eitan-meat-2/poultry/
https://compassgrill.co.il/eitan-meat-2/poultry-3/?sort=p.sort_order&order=ASC,404/410/soft 404,Redirect 301 to https://compassgrill.co.il/eitan-meat-2/poultry/,https://compassgrill.co.il/eitan-meat-2/poultry/
https://compassgrill.co.il/smoker-tandoor/מנגל-פחמים-ומנגל-לשיפודים/?sort=price&order=ASC,parameters,Noindex,https://compassgrill.co.il/smoker-tandoor/מנגל-פחמים-ומנגל-לשיפודים/
https://compassgrill.co.il/smoker-tandoor/מנגל-פחמים-ומנגל-לשיפודים/?sort=price&order=ASC,404/410/soft 404,Redirect 301 to https://compassgrill.co.il/smoker-tandoor/מנגל-פחמים-ומנגל-לשיפודים/,https://compassgrill.co.il/smoker-tandoor/מנגל-פחמים-ומנגל-לשיפודים/
https://compassgrill.co.il/שולחנות-אש-ודקורציה-חיצונית/,404/410/soft 404,Redirect 301 to https://compassgrill.co.il/שולחנות-אש-ודקורציה-חיצונית/,https://compassgrill.co.il/שולחנות-אש-ודקורציה-חיצונית/
https://compassgrill.co.il/brand/כרמל-דיירקט/,404/410/soft 404,Redirect 301 to https://compassgrill.co.il/brand/כרמל-דיירקט/,https://compassgrill.co.il/brand/כרמל-דיירקט/
https://compassgrill.co.il/smoker-tandoor/מנגל-פחמים-ומנגל-לשיפודים/?sort=p.sort_order&order=ASC,parameters,Noindex,https://compassgrill.co.il/smoker-tandoor/מנגל-פחמים-ומנגל-לשיפודים/
https://compassgrill.co.il/smoker-tandoor/מנגל-פחמים-ומנגל-לשיפודים/?sort=p.sort_order&order=ASC,404/410/soft 404,Redirect 301 to https://compassgrill.co.il/smoker-tandoor/מנגל-פחמים-ומנגל-לשיפודים/,https://compassgrill.co.il/smoker-tandoor/מנגל-פחמים-ומנגל-לשיפודים/
https://compassgrill.co.il/oak-wood-for-smoking/?sort=price&order=DESC,parameters,Noindex,https://compassgrill.co.il/oak-wood-for-smoking/
https://compassgrill.co.il/oak-wood-for-smoking/?sort=price&order=DESC,404/410/soft 404,Redirect 301 to https://compassgrill.co.il/oak-wood-for-smoking/,https://compassgrill.co.il/oak-wood-for-smoking/
https://compassgrill.co.il/outdoor-kitchen-9/modular-outdoor-kitchens/?sort=pd.name&order=DESC,parameters,Noindex,https://compassgrill.co.il/outdoor-kitchen-9/modular-outdoor-kitchens/
https://compassgrill.co.il/outdoor-kitchen-9/modular-outdoor-kitchens/?sort=pd.name&order=DESC,404/410/soft 404,Redirect 301 to https://compassgrill.co.il/outdoor-kitchen-9/modular-outdoor-kitchens/,https://compassgrill.co.il/outdoor-kitchen-9/modular-outdoor-kitchens/
https://compassgrill.co.il/oak-wood-for-smoking/?sort=rating&order=DESC,parameters,Noindex,https://compassgrill.co.il/oak-wood-for-smoking/
https://compassgrill.co.il/oak-wood-for-smoking/?sort=rating&order=DESC,404/410/soft 404,Redirect 301 to https://compassgrill.co.il/oak-wood-for-smoking/,https://compassgrill.co.il/oak-wood-for-smoking/
https://compassgrill.co.il/בשר-טרי/?sort=price&order=ASC,parameters,Noindex,https://compassgrill.co.il/בשר-טרי/
https://compassgrill.co.il/בשר-טרי/?sort=price&order=ASC,404/410/soft 404,Redirect 301 to https://compassgrill.co.il/בשר-טרי/,https://compassgrill.co.il/בשר-טרי/
https://compassgrill.co.il/grill-smoker-accessories/compass-skewers/leather-case-stainless-steel-skewers-2/?sort=price&order=DESC,parameters,Noindex,https://compassgrill.co.il/grill-smoker-accessories/compass-skewers/leather-case-stainless-steel-skewers-2/
https://compassgrill.co.il/grill-smoker-accessories/compass-skewers/leather-case-stainless-steel-skewers-2/?sort=price&order=DESC,duplicate,Redirect 301,https://compassgrill.co.il/grill-smoker-accessories/compass-skewers/leather-case-stainless-steel-skewers-2/
https://compassgrill.co.il/grill-smoker-accessories/compass-skewers/leather-case-stainless-steel-skewers-2/?sort=price&order=DESC,404/410/soft 404,Redirect 301 to https://compassgrill.co.il/grill-smoker-accessories/compass-skewers/leather-case-stainless-steel-skewers-2/,https://compassgrill.co.il/grill-smoker-accessories/compass-skewers/leather-case-stainless-steel-skewers-2/
https://compassgrill.co.il/cast-iron-tools-plov-cooking/dual-cast-iron-round-griddle-1/,duplicate,Redirect 301,https://compassgrill.co.il/cast-iron-tools-plov-cooking/dual-cast-iron-round-griddle-1/
https://compassgrill.co.il/cast-iron-tools-plov-cooking/dual-cast-iron-round-griddle-1/,404/410/soft 404,Redirect 301 to https://compassgrill.co.il/cast-iron-tools-plov-cooking/dual-cast-iron-round-griddle-1/,https://compassgrill.co.il/cast-iron-tools-plov-cooking/dual-cast-iron-round-griddle-1/
https://compassgrill.co.il/eitan-meat-eilat/בשר-טרי/אנטריקוט-פידלוט-בלאק-אנגוס-חצוי-טרי-1/?sort=p.sort_order&order=ASC,parameters,Noindex,https://compassgrill.co.il/eitan-meat-eilat/בשר-טרי/אנטריקוט-פידלוט-בלאק-אנגוס-חצוי-טרי/
https://compassgrill.co.il/eitan-meat-eilat/בשר-טרי/אנטריקוט-פידלוט-בלאק-אנגוס-חצוי-טרי-1/?sort=p.sort_order&order=ASC,duplicate,Redirect 301,https://compassgrill.co.il/eitan-meat-eilat/בשר-טרי/אנטריקוט-פידלוט-בלאק-אנגוס-חצוי-טרי/
https://compassgrill.co.il/eitan-meat-eilat/בשר-טרי/אנטריקוט-פידלוט-בלאק-אנגוס-חצוי-טרי-1/?sort=p.sort_order&order=ASC,404/410/soft 404,Redirect 301 to https://compassgrill.co.il/eitan-meat-eilat/בשר-טרי/אנטריקוט-פידלוט-בלאק-אנגוס-חצוי-טרי/,https://compassgrill.co.il/eitan-meat-eilat/בשר-טרי/אנטריקוט-פידלוט-בלאק-אנגוס-חצוי-טרי/
https://compassgrill.co.il/cast-iron-cooking-tools/dual-cast-iron-round-griddle-1/,duplicate,Redirect 301,https://compassgrill.co.il/cast-iron-cooking-tools/dual-cast-iron-round-griddle-1/
https://compassgrill.co.il/cast-iron-cooking-tools/dual-cast-iron-round-griddle-1/,404/410/soft 404,Redirect 301 to https://compassgrill.co.il/cast-iron-cooking-tools/dual-cast-iron-round-griddle-1/,https://compassgrill.co.il/cast-iron-cooking-tools/dual-cast-iron-round-griddle-1/
https://compassgrill.co.il/outdoor-kitchen-9/modular-outdoor-kitchens/classic-outdoor-kitchen-1/?category_id=80794&sort=p.model&order=ASC,parameters,Noindex,https://compassgrill.co.il/outdoor-kitchen-9/modular-outdoor-kitchens/classic-outdoor-kitchen-1/
https://compassgrill.co.il/outdoor-kitchen-9/modular-outdoor-kitchens/classic-outdoor-kitchen-1/?category_id=80794&sort=p.model&order=ASC,duplicate,Redirect 301,https://compassgrill.co.il/outdoor-kitchen-9/modular-outdoor-kitchens/classic-outdoor-kitchen-1/
https://compassgrill.co.il/outdoor-kitchen-9/modular-outdoor-kitchens/classic-outdoor-kitchen-1/?category_id=80794&sort=p.model&order=ASC,404/410/soft 404,Redirect 301 to https://compassgrill.co.il/outdoor-kitchen-9/modular-outdoor-kitchens/classic-outdoor-kitchen-1/,https://compassgrill.co.il/outdoor-kitchen-9/modular-outdoor-kitchens/classic-outdoor-kitchen-1/
https://compassgrill.co.il/oak-wood-for-smoking/,404/410/soft 404,Redirect 301 to https://compassgrill.co.il/oak-wood-for-smoking/,https://compassgrill.co.il/oak-wood-for-smoking/
https://compassgrill.co.il/smoker-tandoor/grill-smokers-tandoor/charcoal-grill-smokers-tandoor/vertical-charcoal-grill/,404/410/soft 404,Redirect 301 to https://compassgrill.co.il/smoker-tandoor/grill-smokers-tandoor/charcoal-grill-smokers-tandoor/vertical-charcoal-grill/,https://compassgrill.co.il/smoker-tandoor/grill-smokers-tandoor/charcoal-grill-smokers-tandoor/vertical-charcoal-grill/
https://compassgrill.co.il/eitan-meat-2/?sort=price&order=DESC,parameters,Noindex,https://compassgrill.co.il/eitan-meat/
https://compassgrill.co.il/eitan-meat-2/?sort=price&order=DESC,duplicate,Redirect 301,https://compassgrill.co.il/eitan-meat/
https://compassgrill.co.il/eitan-meat-2/?sort=price&order=DESC,404/410/soft 404,Redirect 301 to https://compassgrill.co.il/eitan-meat/,https://compassgrill.co.il/eitan-meat/
https://compassgrill.co.il/smoker-tandoor/grill-smokers-tandoor/charcoal-grill-smokers-tandoor/portable-charcoal-pellet-smoker/,404/410/soft 404,Redirect 301 to https://compassgrill.co.il/smoker-tandoor/grill-smokers-tandoor/charcoal-grill-smokers-tandoor/portable-charcoal-pellet-smoker/,https://compassgrill.co.il/smoker-tandoor/grill-smokers-tandoor/charcoal-grill-smokers-tandoor/portable-charcoal-pellet-smoker/
https://compassgrill.co.il/eitan-meat-eilat/בשר-טרי/fattened-angus-entrecote-sliced-pairs-1/?sort=p.model&order=DESC,parameters,Noindex,https://compassgrill.co.il/eitan-meat-eilat/בשר-טרי/fattened-angus-entrecote-sliced-pairs/
https://compassgrill.co.il/eitan-meat-eilat/בשר-טרי/fattened-angus-entrecote-sliced-pairs-1/?sort=p.model&order=DESC,duplicate,Redirect 301,https://compassgrill.co.il/eitan-meat-eilat/בשר-טרי/fattened-angus-entrecote-sliced-pairs/
https://compassgrill.co.il/eitan-meat-eilat/בשר-טרי/fattened-angus-entrecote-sliced-pairs-1/?sort=p.model&order=DESC,404/410/soft 404,Redirect 301 to https://compassgrill.co.il/eitan-meat-eilat/בשר-טרי/fattened-angus-entrecote-sliced-pairs/,https://compassgrill.co.il/eitan-meat-eilat/בשר-טרי/fattened-angus-entrecote-sliced-pairs/
https://compassgrill.co.il/eitan-meat-2/teperberg-wines/?sort=p.model&order=DESC,parameters,Noindex,https://compassgrill.co.il/eitan-meat-2/teperberg-wines/
https://compassgrill.co.il/eitan-meat-2/teperberg-wines/?sort=p.model&order=DESC,404/410/soft 404,Redirect 301 to https://compassgrill.co.il/eitan-meat-2/teperberg-wines/,https://compassgrill.co.il/eitan-meat-2/teperberg-wines/
https://compassgrill.co.il/eitan-meat-2/?sort=p.sort_order&order=ASC,parameters,Noindex,https://compassgrill.co.il/eitan-meat/
https://compassgrill.co.il/eitan-meat-2/?sort=p.sort_order&order=ASC,duplicate,Redirect 301,https://compassgrill.co.il/eitan-meat/
https://compassgrill.co.il/eitan-meat-2/?sort=p.sort_order&order=ASC,404/410/soft 404,Redirect 301 to https://compassgrill.co.il/eitan-meat/,https://compassgrill.co.il/eitan-meat/
https://compassgrill.co.il/outdoor-kitchen-9/alumex/?sort=pd.name&order=DESC,parameters,Noindex,https://compassgrill.co.il/outdoor-kitchen-9/alumex/
https://compassgrill.co.il/outdoor-kitchen-9/alumex/?sort=pd.name&order=DESC,404/410/soft 404,Redirect 301 to https://compassgrill.co.il/outdoor-kitchen-9/alumex/,https://compassgrill.co.il/outdoor-kitchen-9/alumex/
https://compassgrill.co.il/eitan-meat-2/fresh-beef/?sort=rating&order=ASC,parameters,Noindex,https://compassgrill.co.il/eitan-meat-2/fresh-beef/
https://compassgrill.co.il/eitan-meat-2/fresh-beef/?sort=rating&order=ASC,404/410/soft 404,Redirect 301 to https://compassgrill.co.il/eitan-meat-2/fresh-beef/,https://compassgrill.co.il/eitan-meat-2/fresh-beef/
https://compassgrill.co.il/eitan-meat-2/frozen-meat/sorted-brain-bones-sliced-6-8-pcs/?sort=pd.name&order=DESC,parameters,Noindex,https://compassgrill.co.il/eitan-meat-2/frozen-meat/sorted-brain-bones-sliced-6-8-pcs/
https://compassgrill.co.il/eitan-meat-2/frozen-meat/sorted-brain-bones-sliced-6-8-pcs/?sort=pd.name&order=DESC,404/410/soft 404,Redirect 301 to https://compassgrill.co.il/eitan-meat-2/frozen-meat/sorted-brain-bones-sliced-6-8-pcs/,https://compassgrill.co.il/eitan-meat-2/frozen-meat/sorted-brain-bones-sliced-6-8-pcs/
https://compassgrill.co.il/gas-grill-smokers-tandoor/pro-1600/?sort=pd.name&order=ASC,parameters,Noindex,https://compassgrill.co.il/gas-grill-smokers-tandoor/pro-1600/
https://compassgrill.co.il/gas-grill-smokers-tandoor/pro-1600/?sort=pd.name&order=ASC,404/410/soft 404,Redirect 301 to https://compassgrill.co.il/gas-grill-smokers-tandoor/pro-1600/,https://compassgrill.co.il/gas-grill-smokers-tandoor/pro-1600/
https://compassgrill.co.il/eitan-meat-2/teperberg-wines/?sort=price&order=DESC,parameters,Noindex,https://compassgrill.co.il/eitan-meat-2/teperberg-wines/
https://compassgrill.co.il/eitan-meat-2/teperberg-wines/?sort=price&order=DESC,404/410/soft 404,Redirect 301 to https://compassgrill.co.il/eitan-meat-2/teperberg-wines/,https://compassgrill.co.il/eitan-meat-2/teperberg-wines/
https://compassgrill.co.il/outdoor-kitchen-9/alumex/?sort=rating&order=ASC,parameters,Noindex,https://compassgrill.co.il/outdoor-kitchen-9/alumex/
https://compassgrill.co.il/outdoor-kitchen-9/alumex/?sort=rating&order=ASC,404/410/soft 404,Redirect 301 to https://compassgrill.co.il/outdoor-kitchen-9/alumex/,https://compassgrill.co.il/outdoor-kitchen-9/alumex/
https://compassgrill.co.il/oak-wood-for-smoking/?sort=p.sort_order&order=ASC,parameters,Noindex,https://compassgrill.co.il/oak-wood-for-smoking/
https://compassgrill.co.il/oak-wood-for-smoking/?sort=p.sort_order&order=ASC,404/410/soft 404,Redirect 301 to https://compassgrill.co.il/oak-wood-for-smoking/,https://compassgrill.co.il/oak-wood-for-smoking/
https://compassgrill.co.il/outdoor-kitchen-9/alumex/balcony/?sort=pd.name&order=DESC,parameters,Noindex,https://compassgrill.co.il/outdoor-kitchen-9/alumex/balcony/
https://compassgrill.co.il/outdoor-kitchen-9/alumex/balcony/?sort=pd.name&order=DESC,404/410/soft 404,Redirect 301 to https://compassgrill.co.il/outdoor-kitchen-9/alumex/balcony/,https://compassgrill.co.il/outdoor-kitchen-9/alumex/balcony/
https://compassgrill.co.il/gas-grill-smokers-tandoor/pro-1600/?sort=price&order=DESC,parameters,Noindex,https://compassgrill.co.il/gas-grill-smokers-tandoor/pro-1600/
https://compassgrill.co.il/gas-grill-smokers-tandoor/pro-1600/?sort=price&order=DESC,404/410/soft 404,Redirect 301 to https://compassgrill.co.il/gas-grill-smokers-tandoor/pro-1600/,https://compassgrill.co.il/gas-grill-smokers-tandoor/pro-1600/
https://compassgrill.co.il/smoker-tandoor/שיפודי-נירוסטה-יוקרתיים-עם-ידית-ברונזה-מארז-עור-פרימיום-copy-0/?category_id=34515,parameters,Canonical,https://compassgrill.co.il/smoker-tandoor/שיפודי-נירוסטה-יוקרתיים-עם-ידית-ברונזה-מארז-עור-פרימיום-copy-0/
https://compassgrill.co.il/smoker-tandoor/שיפודי-נירוסטה-יוקרתיים-עם-ידית-ברונזה-מארז-עור-פרימיום-copy-0/?category_id=34515,duplicate,Redirect 301,https://compassgrill.co.il/smoker-tandoor/שיפודי-נירוסטה-יוקרתיים-עם-ידית-ברונזה-מארז-עור-פרימיום-copy-0/
https://compassgrill.co.il/smoker-tandoor/שיפודי-נירוסטה-יוקרתיים-עם-ידית-ברונזה-מארז-עור-פרימיום-copy-0/?category_id=34515,404/410/soft 404,Redirect 301 to https://compassgrill.co.il/smoker-tandoor/שיפודי-נירוסטה-יוקרתיים-עם-ידית-ברונזה-מארז-עור-פרימיום-copy-0/,https://compassgrill.co.il/smoker-tandoor/שיפודי-נירוסטה-יוקרתיים-עם-ידית-ברונזה-מארז-עור-פרימיום-copy-0/
https://compassgrill.co.il/tandoor-products-and-accessories/?sort=p.sort_order&order=ASC,parameters,Noindex,https://compassgrill.co.il/tandoor-products-and-accessories/
https://compassgrill.co.il/tandoor-products-and-accessories/?sort=p.sort_order&order=ASC,404/410/soft 404,Redirect 301 to https://compassgrill.co.il/tandoor-products-and-accessories/,https://compassgrill.co.il/tandoor-products-and-accessories/
https://compassgrill.co.il/tandoor-products-and-accessories/mineral-firebrick-for-pizza/?sort=rating&order=DESC,parameters,Noindex,https://compassgrill.co.il/tandoor-products-and-accessories/mineral-firebrick-for-pizza/
https://compassgrill.co.il/tandoor-products-and-accessories/mineral-firebrick-for-pizza/?sort=rating&order=DESC,404/410/soft 404,Redirect 301 to https://compassgrill.co.il/tandoor-products-and-accessories/mineral-firebrick-for-pizza/,https://compassgrill.co.il/tandoor-products-and-accessories/mineral-firebrick-for-pizza/
https://compassgrill.co.il/gas-grill-smokers-tandoor/pro-1600/?sort=rating&order=ASC,parameters,Noindex,https://compassgrill.co.il/gas-grill-smokers-tandoor/pro-1600/
https://compassgrill.co.il/gas-grill-smokers-tandoor/pro-1600/?sort=rating&order=ASC,404/410/soft 404,Redirect 301 to https://compassgrill.co.il/gas-grill-smokers-tandoor/pro-1600/,https://compassgrill.co.il/gas-grill-smokers-tandoor/pro-1600/
https://compassgrill.co.il/oak-wood-for-smoking/hs-austrian-wood-brick/?sort=rating&order=DESC,parameters,Noindex,https://compassgrill.co.il/oak-wood-for-smoking/hs-austrian-wood-brick/
https://compassgrill.co.il/oak-wood-for-smoking/hs-austrian-wood-brick/?sort=rating&order=DESC,404/410/soft 404,Redirect 301 to https://compassgrill.co.il/oak-wood-for-smoking/hs-austrian-wood-brick/,https://compassgrill.co.il/oak-wood-for-smoking/hs-austrian-wood-brick/
https://compassgrill.co.il/tandoor-products-and-accessories/dough-working-board/?category_id=35145&sort=p.model&order=ASC,parameters,Noindex,https://compassgrill.co.il/tandoor-products-and-accessories/dough-working-board/
https://compassgrill.co.il/tandoor-products-and-accessories/dough-working-board/?category_id=35145&sort=p.model&order=ASC,404/410/soft 404,Redirect 301 to https://compassgrill.co.il/tandoor-products-and-accessories/dough-working-board/,https://compassgrill.co.il/tandoor-products-and-accessories/dough-working-board/
https://compassgrill.co.il/eitan-meat-2/teperberg-wines/?sort=rating&order=DESC,parameters,Noindex,https://compassgrill.co.il/eitan-meat-2/teperberg-wines/
https://compassgrill.co.il/eitan-meat-2/teperberg-wines/?sort=rating&order=DESC,404/410/soft 404,Redirect 301 to https://compassgrill.co.il/eitan-meat-2/teperberg-wines/,https://compassgrill.co.il/eitan-meat-2/teperberg-wines/
https://compassgrill.co.il/gas-grill-smokers-tandoor/pro-1600/?sort=price&order=ASC,parameters,Noindex,https://compassgrill.co.il/gas-grill-smokers-tandoor/pro-1600/
https://compassgrill.co.il/gas-grill-smokers-tandoor/pro-1600/?sort=price&order=ASC,404/410/soft 404,Redirect 301 to https://compassgrill.co.il/gas-grill-smokers-tandoor/pro-1600/,https://compassgrill.co.il/gas-grill-smokers-tandoor/pro-1600/
https://compassgrill.co.il/tandoor-products-and-accessories/?sort=price&order=ASC,parameters,Noindex,https://compassgrill.co.il/tandoor-products-and-accessories/
https://compassgrill.co.il/tandoor-products-and-accessories/?sort=price&order=ASC,404/410/soft 404,Redirect 301 to https://compassgrill.co.il/tandoor-products-and-accessories/,https://compassgrill.co.il/tandoor-products-and-accessories/
https://compassgrill.co.il/eitan-meat-2/teperberg-wines/?sort=pd.name&order=DESC,parameters,Noindex,https://compassgrill.co.il/eitan-meat-2/teperberg-wines/
https://compassgrill.co.il/eitan-meat-2/teperberg-wines/?sort=pd.name&order=DESC,404/410/soft 404,Redirect 301 to https://compassgrill.co.il/eitan-meat-2/teperberg-wines/,https://compassgrill.co.il/eitan-meat-2/teperberg-wines/
https://compassgrill.co.il/grill-smoker-accessories/compass-skewers/6-pcs-flat-stainless-steel-skewers-for-meat-poultry-vegetables-700x3x20-1/?category_id=38152,parameters,Canonical,https://compassgrill.co.il/grill-smoker-accessories/compass-skewers/6-pcs-flat-stainless-steel-skewers-for-meat-poultry-vegetables-700x3x20-1/
https://compassgrill.co.il/grill-smoker-accessories/compass-skewers/6-pcs-flat-stainless-steel-skewers-for-meat-poultry-vegetables-700x3x20-1/?category_id=38152,duplicate,Redirect 301,https://compassgrill.co.il/grill-smoker-accessories/compass-skewers/6-pcs-flat-stainless-steel-skewers-for-meat-poultry-vegetables-700x3x20-1/
https://compassgrill.co.il/grill-smoker-accessories/compass-skewers/6-pcs-flat-stainless-steel-skewers-for-meat-poultry-vegetables-700x3x20-1/?category_id=38152,404/410/soft 404,Redirect 301 to https://compassgrill.co.il/grill-smoker-accessories/compass-skewers/6-pcs-flat-stainless-steel-skewers-for-meat-poultry-vegetables-700x3x20-1/,https://compassgrill.co.il/grill-smoker-accessories/compass-skewers/6-pcs-flat-stainless-steel-skewers-for-meat-poultry-vegetables-700x3x20-1/
https://compassgrill.co.il/smoker-tandoor/pro-1600/?sort=p.model&order=ASC,parameters,Noindex,https://compassgrill.co.il/smoker-tandoor/pro-1600/
https://compassgrill.co.il/smoker-tandoor/pro-1600/?sort=p.model&order=ASC,404/410/soft 404,Redirect 301 to https://compassgrill.co.il/smoker-tandoor/pro-1600/,https://compassgrill.co.il/smoker-tandoor/pro-1600/
https://compassgrill.co.il/oak-wood-for-smoking/?sort=p.model&order=ASC,parameters,Noindex,https://compassgrill.co.il/oak-wood-for-smoking/
https://compassgrill.co.il/oak-wood-for-smoking/?sort=p.model&order=ASC,404/410/soft 404,Redirect 301 to https://compassgrill.co.il/oak-wood-for-smoking/,https://compassgrill.co.il/oak-wood-for-smoking/
https://compassgrill.co.il/meat-aging-treatment/רשת-רולדה-מידה-16-אורך-50-מטר/?sort=p.model&order=DESC,parameters,Noindex,https://compassgrill.co.il/meat-aging-treatment/רשת-רולדה-מידה-16-אורך-50-מטר/
https://compassgrill.co.il/meat-aging-treatment/רשת-רולדה-מידה-16-אורך-50-מטר/?sort=p.model&order=DESC,404/410/soft 404,Redirect 301 to https://compassgrill.co.il/meat-aging-treatment/רשת-רולדה-מידה-16-אורך-50-מטר/,https://compassgrill.co.il/meat-aging-treatment/רשת-רולדה-מידה-16-אורך-50-מטר/
https://compassgrill.co.il/meat-aging-treatment/רשת-רולדה-מידה-16-אורך-50-מטר/?sort=rating&order=DESC,parameters,Noindex,https://compassgrill.co.il/meat-aging-treatment/רשת-רולדה-מידה-16-אורך-50-מטר/
https://compassgrill.co.il/meat-aging-treatment/רשת-רולדה-מידה-16-אורך-50-מטר/?sort=rating&order=DESC,404/410/soft 404,Redirect 301 to https://compassgrill.co.il/meat-aging-treatment/רשת-רולדה-מידה-16-אורך-50-מטר/,https://compassgrill.co.il/meat-aging-treatment/רשת-רולדה-מידה-16-אורך-50-מטר/
https://compassgrill.co.il/tandoor-products-and-accessories/brass-brush-for-pizza-oven/?sort=pd.name&order=DESC,parameters,Noindex,https://compassgrill.co.il/tandoor-products-and-accessories/brass-brush-for-pizza-oven/
https://compassgrill.co.il/tandoor-products-and-accessories/brass-brush-for-pizza-oven/?sort=pd.name&order=DESC,404/410/soft 404,Redirect 301 to https://compassgrill.co.il/tandoor-products-and-accessories/brass-brush-for-pizza-oven/,https://compassgrill.co.il/tandoor-products-and-accessories/brass-brush-for-pizza-oven/
https://compassgrill.co.il/tandoor-products-and-accessories/essenza-pizza-peel-34cm/?sort=price&order=ASC,parameters,Noindex,https://compassgrill.co.il/tandoor-products-and-accessories/essenza-pizza-peel-34cm/
https://compassgrill.co.il/tandoor-products-and-accessories/essenza-pizza-peel-34cm/?sort=price&order=ASC,404/410/soft 404,Redirect 301 to https://compassgrill.co.il/tandoor-products-and-accessories/essenza-pizza-peel-34cm/,https://compassgrill.co.il/tandoor-products-and-accessories/essenza-pizza-peel-34cm/
https://compassgrill.co.il/eitan-meat-2/frozen-meat/feedlot-butcher-steak/?sort=pd.name&order=DESC,parameters,Noindex,https://compassgrill.co.il/eitan-meat-2/frozen-meat/feedlot-butcher-steak/
https://compassgrill.co.il/eitan-meat-2/frozen-meat/feedlot-butcher-steak/?sort=pd.name&order=DESC,404/410/soft 404,Redirect 301 to https://compassgrill.co.il/eitan-meat-2/frozen-meat/feedlot-butcher-steak/,https://compassgrill.co.il/eitan-meat-2/frozen-meat/feedlot-butcher-steak/
https://compassgrill.co.il/meat-aging-treatment/רשת-רולדה-מידה-16-אורך-50-מטר/?sort=price&order=DESC,parameters,Noindex,https://compassgrill.co.il/meat-aging-treatment/רשת-רולדה-מידה-16-אורך-50-מטר/
https://compassgrill.co.il/meat-aging-treatment/רשת-רולדה-מידה-16-אורך-50-מטר/?sort=price&order=DESC,404/410/soft 404,Redirect 301 to https://compassgrill.co.il/meat-aging-treatment/רשת-רולדה-מידה-16-אורך-50-מטר/,https://compassgrill.co.il/meat-aging-treatment/רשת-רולדה-מידה-16-אורך-50-מטר/
https://compassgrill.co.il/grill-smoker-accessories/compass-skewers/שיפודי-נירוסטה-יוקרתיים-עם-ידית-ברונזה-מארז-עור-פרימיום-copy-0/,duplicate,Redirect 301,https://compassgrill.co.il/grill-smoker-accessories/compass-skewers/שיפודי-נירוסטה-יוקרתיים-עם-ידית-ברונזה-מארז-עור-פרימיום-copy-0/
https://compassgrill.co.il/grill-smoker-accessories/compass-skewers/שיפודי-נירוסטה-יוקרתיים-עם-ידית-ברונזה-מארז-עור-פרימיום-copy-0/,404/410/soft 404,Redirect 301 to https://compassgrill.co.il/grill-smoker-accessories/compass-skewers/שיפודי-נירוסטה-יוקרתיים-עם-ידית-ברונזה-מארז-עור-פרימיום-copy-0/,https://compassgrill.co.il/grill-smoker-accessories/compass-skewers/שיפודי-נירוסטה-יוקרתיים-עם-ידית-ברונזה-מארז-עור-פרימיום-copy-0/
https://compassgrill.co.il/grill-smoker-accessories/cast-iron-tools-plov-cooking/cast-iron-cooking-tools/dual-cast-iron-round-griddle-1/,duplicate,Redirect 301,https://compassgrill.co.il/grill-smoker-accessories/cast-iron-tools-plov-cooking/cast-iron-cooking-tools/dual-cast-iron-round-griddle/
https://compassgrill.co.il/grill-smoker-accessories/cast-iron-tools-plov-cooking/cast-iron-cooking-tools/dual-cast-iron-round-griddle-1/,404/410/soft 404,Redirect 301 to https://compassgrill.co.il/grill-smoker-accessories/cast-iron-tools-plov-cooking/cast-iron-cooking-tools/dual-cast-iron-round-griddle/,https://compassgrill.co.il/grill-smoker-accessories/cast-iron-tools-plov-cooking/cast-iron-cooking-tools/dual-cast-iron-round-griddle/
https://compassgrill.co.il/meat-aging-treatment/רשת-רולדה-מידה-16-אורך-50-מטר/,404/410/soft 404,Redirect 301 to https://compassgrill.co.il/meat-aging-treatment/רשת-רולדה-מידה-16-אורך-50-מטר/,https://compassgrill.co.il/meat-aging-treatment/רשת-רולדה-מידה-16-אורך-50-מטר/
https://compassgrill.co.il/eitan-meat-2/frozen-meat/flet-iron-feedlot-halak/,404/410/soft 404,Redirect 301 to https://compassgrill.co.il/eitan-meat-2/frozen-meat/flet-iron-feedlot-halak/,https://compassgrill.co.il/eitan-meat-2/frozen-meat/flet-iron-feedlot-halak/
https://compassgrill.co.il/tandoor-products-and-accessories/?sort=price&order=DESC,parameters,Noindex,https://compassgrill.co.il/tandoor-products-and-accessories/
https://compassgrill.co.il/tandoor-products-and-accessories/?sort=price&order=DESC,404/410/soft 404,Redirect 301 to https://compassgrill.co.il/tandoor-products-and-accessories/,https://compassgrill.co.il/tandoor-products-and-accessories/
https://compassgrill.co.il/brand/רוקח/,404/410/soft 404,Redirect 301 to https://compassgrill.co.il/brand/רוקח/,https://compassgrill.co.il/brand/רוקח/
https://compassgrill.co.il/brand/giesser-1/,duplicate,Redirect 301,https://compassgrill.co.il/brand/giesser-1/
https://compassgrill.co.il/brand/giesser-1/,404/410/soft 404,Redirect 301 to https://compassgrill.co.il/brand/giesser-1/,https://compassgrill.co.il/brand/giesser-1/
https://compassgrill.co.il/smoker-tandoor/grill-charcoal-abigail/?sort=price&order=DESC,parameters,Noindex,https://compassgrill.co.il/smoker-tandoor/grill-charcoal-abigail/
https://compassgrill.co.il/smoker-tandoor/grill-charcoal-abigail/?sort=price&order=DESC,404/410/soft 404,Redirect 301 to https://compassgrill.co.il/smoker-tandoor/grill-charcoal-abigail/,https://compassgrill.co.il/smoker-tandoor/grill-charcoal-abigail/
https://compassgrill.co.il/brand/רוקח/bernini-nero,404/410/soft 404,Redirect 301 to https://compassgrill.co.il/brand/רוקח/bernini-nero,https://compassgrill.co.il/brand/רוקח/bernini-nero
https://compassgrill.co.il/grill-smoker-accessories/compass-skewers/leather-case-stainless-steel-skewers-2/?sort=price&order=ASC,parameters,Noindex,https://compassgrill.co.il/grill-smoker-accessories/compass-skewers/leather-case-stainless-steel-skewers-2/
https://compassgrill.co.il/grill-smoker-accessories/compass-skewers/leather-case-stainless-steel-skewers-2/?sort=price&order=ASC,duplicate,Redirect 301,https://compassgrill.co.il/grill-smoker-accessories/compass-skewers/leather-case-stainless-steel-skewers-2/
https://compassgrill.co.il/grill-smoker-accessories/compass-skewers/leather-case-stainless-steel-skewers-2/?sort=price&order=ASC,404/410/soft 404,Redirect 301 to https://compassgrill.co.il/grill-smoker-accessories/compass-skewers/leather-case-stainless-steel-skewers-2/,https://compassgrill.co.il/grill-smoker-accessories/compass-skewers/leather-case-stainless-steel-skewers-2/
https://compassgrill.co.il/brand/compass/oak-wood-chunks,404/410/soft 404,Redirect 301 to https://compassgrill.co.il/brand/compass/oak-wood-chunks,https://compassgrill.co.il/brand/compass/oak-wood-chunks
https://compassgrill.co.il/שיפודי-נירוסטה-יוקרתיים-עם-ידית-ברונזה-מארז-עור-פרימיום-1/,duplicate,Redirect 301,https://compassgrill.co.il/שיפודי-נירוסטה-יוקרתיים-עם-ידית-ברונזה-מארז-עור-פרימיום-1/
https://compassgrill.co.il/שיפודי-נירוסטה-יוקרתיים-עם-ידית-ברונזה-מארז-עור-פרימיום-1/,404/410/soft 404,Redirect 301 to https://compassgrill.co.il/שיפודי-נירוסטה-יוקרתיים-עם-ידית-ברונזה-מארז-עור-פרימיום-1/,https://compassgrill.co.il/שיפודי-נירוסטה-יוקרתיים-עם-ידית-ברונזה-מארז-עור-פרימיום-1/
https://compassgrill.co.il/tandoor-products-and-accessories/essenza-pizza-round-peel/?sort=pd.name&order=DESC,parameters,Noindex,https://compassgrill.co.il/tandoor-products-and-accessories/essenza-pizza-round-peel/
https://compassgrill.co.il/tandoor-products-and-accessories/essenza-pizza-round-peel/?sort=pd.name&order=DESC,404/410/soft 404,Redirect 301 to https://compassgrill.co.il/tandoor-products-and-accessories/essenza-pizza-round-peel/,https://compassgrill.co.il/tandoor-products-and-accessories/essenza-pizza-round-peel/
https://compassgrill.co.il/eitan-meat-2/fresh-beef/feedlot-angus-sirloin-steak/?sort=pd.name&order=DESC,parameters,Noindex,https://compassgrill.co.il/eitan-meat-2/fresh-beef/feedlot-angus-sirloin-steak/
https://compassgrill.co.il/eitan-meat-2/fresh-beef/feedlot-angus-sirloin-steak/?sort=pd.name&order=DESC,404/410/soft 404,Redirect 301 to https://compassgrill.co.il/eitan-meat-2/fresh-beef/feedlot-angus-sirloin-steak/,https://compassgrill.co.il/eitan-meat-2/fresh-beef/feedlot-angus-sirloin-steak/
https://compassgrill.co.il/eitan-meat-2/frozen-meat/brisket-1/?sort=price&order=ASC,parameters,Noindex,https://compassgrill.co.il/eitan-meat-2/frozen-meat/brisket/
https://compassgrill.co.il/eitan-meat-2/frozen-meat/brisket-1/?sort=price&order=ASC,duplicate,Redirect 301,https://compassgrill.co.il/eitan-meat-2/frozen-meat/brisket/
https://compassgrill.co.il/eitan-meat-2/frozen-meat/brisket-1/?sort=price&order=ASC,404/410/soft 404,Redirect 301 to https://compassgrill.co.il/eitan-meat-2/frozen-meat/brisket/,https://compassgrill.co.il/eitan-meat-2/frozen-meat/brisket/
https://compassgrill.co.il/tandoor-products-and-accessories/mineral-firebrick-for-pizza/?sort=rating&order=ASC,parameters,Noindex,https://compassgrill.co.il/tandoor-products-and-accessories/mineral-firebrick-for-pizza/
https://compassgrill.co.il/tandoor-products-and-accessories/mineral-firebrick-for-pizza/?sort=rating&order=ASC,404/410/soft 404,Redirect 301 to https://compassgrill.co.il/tandoor-products-and-accessories/mineral-firebrick-for-pizza/,https://compassgrill.co.il/tandoor-products-and-accessories/mineral-firebrick-for-pizza/
https://compassgrill.co.il/grill-smoker-accessories/compass-skewers/שיפודי-נירוסטה-יוקרתיים-עם-ידית-ברונזה-מארז-עור-פרימיום-1/?sort=rating&order=ASC,parameters,Noindex,https://compassgrill.co.il/grill-smoker-accessories/compass-skewers/שיפודי-נירוסטה-יוקרתיים-עם-ידית-ברונזה-מארז-עור-פרימיום-1/
https://compassgrill.co.il/grill-smoker-accessories/compass-skewers/שיפודי-נירוסטה-יוקרתיים-עם-ידית-ברונזה-מארז-עור-פרימיום-1/?sort=rating&order=ASC,duplicate,Redirect 301,https://compassgrill.co.il/grill-smoker-accessories/compass-skewers/שיפודי-נירוסטה-יוקרתיים-עם-ידית-ברונזה-מארז-עור-פרימיום-1/
https://compassgrill.co.il/grill-smoker-accessories/compass-skewers/שיפודי-נירוסטה-יוקרתיים-עם-ידית-ברונזה-מארז-עור-פרימיום-1/?sort=rating&order=ASC,404/410/soft 404,Redirect 301 to https://compassgrill.co.il/grill-smoker-accessories/compass-skewers/שיפודי-נירוסטה-יוקרתיים-עם-ידית-ברונזה-מארז-עור-פרימיום-1/,https://compassgrill.co.il/grill-smoker-accessories/compass-skewers/שיפודי-נירוסטה-יוקרתיים-עם-ידית-ברונזה-מארז-עור-פרימיום-1/
https://compassgrill.co.il/eitan-meat-2/fresh-beef/?sort=pd.name&order=DESC,parameters,Noindex,https://compassgrill.co.il/eitan-meat-2/fresh-beef/
https://compassgrill.co.il/eitan-meat-2/fresh-beef/?sort=pd.name&order=DESC,404/410/soft 404,Redirect 301 to https://compassgrill.co.il/eitan-meat-2/fresh-beef/,https://compassgrill.co.il/eitan-meat-2/fresh-beef/
https://compassgrill.co.il/outdoor-kitchen-9/?sort=pd.name&order=ASC,parameters,Noindex,https://compassgrill.co.il/outdoor-kitchen-9/
https://compassgrill.co.il/outdoor-kitchen-9/?sort=pd.name&order=ASC,404/410/soft 404,Redirect 301 to https://compassgrill.co.il/outdoor-kitchen-9/,https://compassgrill.co.il/outdoor-kitchen-9/
https://compassgrill.co.il/creating-a-blending-indoor-outdoor-living-spaces-in-eilat/,404/410/soft 404,Redirect 301 to https://compassgrill.co.il/creating-a-blending-indoor-outdoor-living-spaces-in-eilat/,https://compassgrill.co.il/creating-a-blending-indoor-outdoor-living-spaces-in-eilat/
https://compassgrill.co.il/tandoor-products-and-accessories/?sort=rating&order=ASC,parameters,Noindex,https://compassgrill.co.il/tandoor-products-and-accessories/
https://compassgrill.co.il/tandoor-products-and-accessories/?sort=rating&order=ASC,404/410/soft 404,Redirect 301 to https://compassgrill.co.il/tandoor-products-and-accessories/,https://compassgrill.co.il/tandoor-products-and-accessories/
https://compassgrill.co.il/smoker-tandoor/מנגל-פחמים-ומנגל-לשיפודים/?sort=rating&order=DESC,parameters,Noindex,https://compassgrill.co.il/smoker-tandoor/מנגל-פחמים-ומנגל-לשיפודים/
https://compassgrill.co.il/smoker-tandoor/מנגל-פחמים-ומנגל-לשיפודים/?sort=rating&order=DESC,404/410/soft 404,Redirect 301 to https://compassgrill.co.il/smoker-tandoor/מנגל-פחמים-ומנגל-לשיפודים/,https://compassgrill.co.il/smoker-tandoor/מנגל-פחמים-ומנגל-לשיפודים/
https://compassgrill.co.il/outdoor-kitchen-9/modular-outdoor-kitchens/?sort=price&order=DESC,parameters,Noindex,https://compassgrill.co.il/outdoor-kitchen-9/modular-outdoor-kitchens/
https://compassgrill.co.il/outdoor-kitchen-9/modular-outdoor-kitchens/?sort=price&order=DESC,404/410/soft 404,Redirect 301 to https://compassgrill.co.il/outdoor-kitchen-9/modular-outdoor-kitchens/,https://compassgrill.co.il/outdoor-kitchen-9/modular-outdoor-kitchens/
https://compassgrill.co.il/smoker-tandoor/מעשנות-גרילים-וטנדור-מעשנות-גרילים-וטנדור-מעשנות-גרילים-וטנדור/מנגל-פחמים-ומנגל-לשיפודים-1/,duplicate,Redirect 301,https://compassgrill.co.il/smoker-tandoor/מעשנות-גרילים-וטנדור-מעשנות-גרילים-וטנדור-מעשנות-גרילים-וטנדור/מנגל-פחמים-ומנגל-לשיפודים-1/
https://compassgrill.co.il/smoker-tandoor/מעשנות-גרילים-וטנדור-מעשנות-גרילים-וטנדור-מעשנות-גרילים-וטנדור/מנגל-פחמים-ומנגל-לשיפודים-1/,404/410/soft 404,Redirect 301 to https://compassgrill.co.il/smoker-tandoor/מעשנות-גרילים-וטנדור-מעשנות-גרילים-וטנדור-מעשנות-גרילים-וטנדור/מנגל-פחמים-ומנגל-לשיפודים-1/,https://compassgrill.co.il/smoker-tandoor/מעשנות-גרילים-וטנדור-מעשנות-גרילים-וטנדור-מעשנות-גרילים-וטנדור/מנגל-פחמים-ומנגל-לשיפודים-1/
https://compassgrill.co.il/grill-smoker-accessories/שיפודי-פרימיום-מותג-compass/,404/410/soft 404,Redirect 301 to https://compassgrill.co.il/grill-smoker-accessories/שיפודי-פרימיום-מותג-compass/,https://compassgrill.co.il/grill-smoker-accessories/שיפודי-פרימיום-מותג-compass/
https://compassgrill.co.il/outdoor-kitchen-9/classic-outdoor-kitchen-1/?category_id=97698,parameters,Canonical,https://compassgrill.co.il/outdoor-kitchen-9/classic-outdoor-kitchen-1/
https://compassgrill.co.il/outdoor-kitchen-9/classic-outdoor-kitchen-1/?category_id=97698,duplicate,Redirect 301,https://compassgrill.co.il/outdoor-kitchen-9/classic-outdoor-kitchen-1/
https://compassgrill.co.il/outdoor-kitchen-9/classic-outdoor-kitchen-1/?category_id=97698,404/410/soft 404,Redirect 301 to https://compassgrill.co.il/outdoor-kitchen-9/classic-outdoor-kitchen-1/,https://compassgrill.co.il/outdoor-kitchen-9/classic-outdoor-kitchen-1/
https://compassgrill.co.il/outdoor-kitchen-9/modular-outdoor-kitchens/cat4sib-ku-mwb-black/?sort=pd.name&order=DESC,parameters,Noindex,https://compassgrill.co.il/outdoor-kitchen-9/modular-outdoor-kitchens/cat4sib-ku-mwb-black/
https://compassgrill.co.il/outdoor-kitchen-9/modular-outdoor-kitchens/cat4sib-ku-mwb-black/?sort=pd.name&order=DESC,404/410/soft 404,Redirect 301 to https://compassgrill.co.il/outdoor-kitchen-9/modular-outdoor-kitchens/cat4sib-ku-mwb-black/,https://compassgrill.co.il/outdoor-kitchen-9/modular-outdoor-kitchens/cat4sib-ku-mwb-black/
https://compassgrill.co.il/oak-wood-for-smoking/?sort=pd.name&order=DESC,parameters,Noindex,https://compassgrill.co.il/oak-wood-for-smoking/
https://compassgrill.co.il/oak-wood-for-smoking/?sort=pd.name&order=DESC,404/410/soft 404,Redirect 301 to https://compassgrill.co.il/oak-wood-for-smoking/,https://compassgrill.co.il/oak-wood-for-smoking/
https://compassgrill.co.il/brand/teperberg-5/,404/410/soft 404,Redirect 301 to https://compassgrill.co.il/brand/teperberg-5/,https://compassgrill.co.il/brand/teperberg-5/
https://compassgrill.co.il/שולחנות-אש-ודקורציה-חיצונית/?sort=p.model&order=DESC,parameters,Noindex,https://compassgrill.co.il/שולחנות-אש-ודקורציה-חיצונית/
https://compassgrill.co.il/שולחנות-אש-ודקורציה-חיצונית/?sort=p.model&order=DESC,404/410/soft 404,Redirect 301 to https://compassgrill.co.il/שולחנות-אש-ודקורציה-חיצונית/,https://compassgrill.co.il/שולחנות-אש-ודקורציה-חיצונית/
https://compassgrill.co.il/eitan-meat-2/fresh-beef/bone-in-short-rib-3kg/?sort=p.model&order=DESC,parameters,Noindex,https://compassgrill.co.il/eitan-meat-2/fresh-beef/bone-in-short-rib-3kg/
https://compassgrill.co.il/eitan-meat-2/fresh-beef/bone-in-short-rib-3kg/?sort=p.model&order=DESC,404/410/soft 404,Redirect 301 to https://compassgrill.co.il/eitan-meat-2/fresh-beef/bone-in-short-rib-3kg/,https://compassgrill.co.il/eitan-meat-2/fresh-beef/bone-in-short-rib-3kg/
https://compassgrill.co.il/eitan-meat-2/fresh-beef/?sort=p.model&order=DESC,parameters,Noindex,https://compassgrill.co.il/eitan-meat-2/fresh-beef/
https://compassgrill.co.il/eitan-meat-2/fresh-beef/?sort=p.model&order=DESC,404/410/soft 404,Redirect 301 to https://compassgrill.co.il/eitan-meat-2/fresh-beef/,https://compassgrill.co.il/eitan-meat-2/fresh-beef/
https://compassgrill.co.il/smoker-tandoor/מנגל-פחמים-ומנגל-לשיפודים/?sort=rating&order=ASC,parameters,Noindex,https://compassgrill.co.il/smoker-tandoor/מנגל-פחמים-ומנגל-לשיפודים/
https://compassgrill.co.il/smoker-tandoor/מנגל-פחמים-ומנגל-לשיפודים/?sort=rating&order=ASC,404/410/soft 404,Redirect 301 to https://compassgrill.co.il/smoker-tandoor/מנגל-פחמים-ומנגל-לשיפודים/,https://compassgrill.co.il/smoker-tandoor/מנגל-פחמים-ומנגל-לשיפודים/
https://compassgrill.co.il/tandoor-products-and-accessories/dough-working-board/?category_id=35145&sort=pd.name&order=DESC,parameters,Noindex,https://compassgrill.co.il/tandoor-products-and-accessories/dough-working-board/
https://compassgrill.co.il/tandoor-products-and-accessories/dough-working-board/?category_id=35145&sort=pd.name&order=DESC,404/410/soft 404,Redirect 301 to https://compassgrill.co.il/tandoor-products-and-accessories/dough-working-board/,https://compassgrill.co.il/tandoor-products-and-accessories/dough-working-board/
https://compassgrill.co.il/טבליית-הפלא-להצללת-המים-flovil-פלוביל/,404/410/soft 404,Redirect 301 to https://compassgrill.co.il/טבליית-הפלא-להצללת-המים-flovil-פלוביל/,https://compassgrill.co.il/טבליית-הפלא-להצללת-המים-flovil-פלוביל/
https://compassgrill.co.il/tandoor-products-and-accessories/?sort=p.model&order=ASC,parameters,Noindex,https://compassgrill.co.il/tandoor-products-and-accessories/
https://compassgrill.co.il/tandoor-products-and-accessories/?sort=p.model&order=ASC,404/410/soft 404,Redirect 301 to https://compassgrill.co.il/tandoor-products-and-accessories/,https://compassgrill.co.il/tandoor-products-and-accessories/
https://compassgrill.co.il/כדור-ים-מתנפח-מצויר-בקוטר-51-ס-מ-intex-אינטקס/,404/410/soft 404,Redirect 301 to https://compassgrill.co.il/כדור-ים-מתנפח-מצויר-בקוטר-51-ס-מ-intex-אינטקס/,https://compassgrill.co.il/כדור-ים-מתנפח-מצויר-בקוטר-51-ס-מ-intex-אינטקס/
https://compassgrill.co.il/גריל-גז/גריל-גז-rogue-xt-365sib-il-שחור/?category_id=35202&sort=rating&order=ASC,parameters,Noindex,https://compassgrill.co.il/גריל-גז/גריל-גז-rogue-xt-365sib-il-שחור/
https://compassgrill.co.il/גריל-גז/גריל-גז-rogue-xt-365sib-il-שחור/?category_id=35202&sort=rating&order=ASC,404/410/soft 404,Redirect 301 to https://compassgrill.co.il/גריל-גז/גריל-גז-rogue-xt-365sib-il-שחור/,https://compassgrill.co.il/גריל-גז/גריל-גז-rogue-xt-365sib-il-שחור/
https://compassgrill.co.il/eitan-meat-2/fresh-beef/fresh-angus-sirloin-halved-2kg/?sort=pd.name&order=DESC,parameters,Noindex,https://compassgrill.co.il/eitan-meat-2/fresh-beef/fresh-angus-sirloin-halved-2kg/
https://compassgrill.co.il/eitan-meat-2/fresh-beef/fresh-angus-sirloin-halved-2kg/?sort=pd.name&order=DESC,404/410/soft 404,Redirect 301 to https://compassgrill.co.il/eitan-meat-2/fresh-beef/fresh-angus-sirloin-halved-2kg/,https://compassgrill.co.il/eitan-meat-2/fresh-beef/fresh-angus-sirloin-halved-2kg/
https://compassgrill.co.il/eitan-meat-2/fresh-beef/fresh-angus-sirloin-halved-2kg/?sort=p.model&order=ASC,parameters,Noindex,https://compassgrill.co.il/eitan-meat-2/fresh-beef/fresh-angus-sirloin-halved-2kg/
https://compassgrill.co.il/eitan-meat-2/fresh-beef/fresh-angus-sirloin-halved-2kg/?sort=p.model&order=ASC,404/410/soft 404,Redirect 301 to https://compassgrill.co.il/eitan-meat-2/fresh-beef/fresh-angus-sirloin-halved-2kg/,https://compassgrill.co.il/eitan-meat-2/fresh-beef/fresh-angus-sirloin-halved-2kg/
https://compassgrill.co.il/tandoor-products-and-accessories/,404/410/soft 404,Redirect 301 to https://compassgrill.co.il/tandoor-products-and-accessories/,https://compassgrill.co.il/tandoor-products-and-accessories/
https://compassgrill.co.il/meat-aging-treatment/20cm-chef-knife-arcos-niza/?sort=p.model&order=DESC,parameters,Noindex,https://compassgrill.co.il/meat-aging-treatment/20cm-chef-knife-arcos-niza/
https://compassgrill.co.il/meat-aging-treatment/20cm-chef-knife-arcos-niza/?sort=p.model&order=DESC,404/410/soft 404,Redirect 301 to https://compassgrill.co.il/meat-aging-treatment/20cm-chef-knife-arcos-niza/,https://compassgrill.co.il/meat-aging-treatment/20cm-chef-knife-arcos-niza/
https://compassgrill.co.il/smoker-tandoor/pro-1600/?sort=pd.name&order=ASC,parameters,Noindex,https://compassgrill.co.il/smoker-tandoor/pro-1600/
https://compassgrill.co.il/smoker-tandoor/pro-1600/?sort=pd.name&order=ASC,404/410/soft 404,Redirect 301 to https://compassgrill.co.il/smoker-tandoor/pro-1600/,https://compassgrill.co.il/smoker-tandoor/pro-1600/
https://compassgrill.co.il/outdoor-kitchen-9/modular-outdoor-kitchens/classic-outdoor-kitchen-1/?sort=price&order=DESC,parameters,Noindex,https://compassgrill.co.il/outdoor-kitchen-9/modular-outdoor-kitchens/classic-outdoor-kitchen-1/
https://compassgrill.co.il/outdoor-kitchen-9/modular-outdoor-kitchens/classic-outdoor-kitchen-1/?sort=price&order=DESC,duplicate,Redirect 301,https://compassgrill.co.il/outdoor-kitchen-9/modular-outdoor-kitchens/classic-outdoor-kitchen-1/
https://compassgrill.co.il/outdoor-kitchen-9/modular-outdoor-kitchens/classic-outdoor-kitchen-1/?sort=price&order=DESC,404/410/soft 404,Redirect 301 to https://compassgrill.co.il/outdoor-kitchen-9/modular-outdoor-kitchens/classic-outdoor-kitchen-1/,https://compassgrill.co.il/outdoor-kitchen-9/modular-outdoor-kitchens/classic-outdoor-kitchen-1/
https://compassgrill.co.il/smoker-tandoor/מנגל-פחמים-ומנגל-לשיפודים/?sort=price&order=DESC,parameters,Noindex,https://compassgrill.co.il/smoker-tandoor/מנגל-פחמים-ומנגל-לשיפודים/
https://compassgrill.co.il/smoker-tandoor/מנגל-פחמים-ומנגל-לשיפודים/?sort=price&order=DESC,404/410/soft 404,Redirect 301 to https://compassgrill.co.il/smoker-tandoor/מנגל-פחמים-ומנגל-לשיפודים/,https://compassgrill.co.il/smoker-tandoor/מנגל-פחמים-ומנגל-לשיפודים/
https://compassgrill.co.il/eitan-meat-2/fresh-beef/?sort=price&order=ASC,parameters,Noindex,https://compassgrill.co.il/eitan-meat-2/fresh-beef/
https://compassgrill.co.il/eitan-meat-2/fresh-beef/?sort=price&order=ASC,404/410/soft 404,Redirect 301 to https://compassgrill.co.il/eitan-meat-2/fresh-beef/,https://compassgrill.co.il/eitan-meat-2/fresh-beef/
https://compassgrill.co.il/oak-wood-for-smoking/?sort=rating&order=ASC,parameters,Noindex,https://compassgrill.co.il/oak-wood-for-smoking/
https://compassgrill.co.il/oak-wood-for-smoking/?sort=rating&order=ASC,404/410/soft 404,Redirect 301 to https://compassgrill.co.il/oak-wood-for-smoking/,https://compassgrill.co.il/oak-wood-for-smoking/
https://compassgrill.co.il/שולחנות-אש-ודקורציה-חיצונית/מדורות-גן/,404/410/soft 404,Redirect 301 to https://compassgrill.co.il/שולחנות-אש-ודקורציה-חיצונית/מדורות-גן/,https://compassgrill.co.il/שולחנות-אש-ודקורציה-חיצונית/מדורות-גן/
https://compassgrill.co.il/smoker-tandoor/pro-1600/?sort=price&order=DESC,parameters,Noindex,https://compassgrill.co.il/smoker-tandoor/pro-1600/
https://compassgrill.co.il/smoker-tandoor/pro-1600/?sort=price&order=DESC,404/410/soft 404,Redirect 301 to https://compassgrill.co.il/smoker-tandoor/pro-1600/,https://compassgrill.co.il/smoker-tandoor/pro-1600/
https://compassgrill.co.il/eitan-meat-eilat/בשר-טרי/?sort=p.model&order=DESC,parameters,Noindex,https://compassgrill.co.il/eitan-meat-eilat/בשר-טרי/
https://compassgrill.co.il/eitan-meat-eilat/בשר-טרי/?sort=p.model&order=DESC,404/410/soft 404,Redirect 301 to https://compassgrill.co.il/eitan-meat-eilat/בשר-טרי/,https://compassgrill.co.il/eitan-meat-eilat/בשר-טרי/
https://compassgrill.co.il/tandoor-products-and-accessories/dough-working-board/?sort=rating&order=DESC,parameters,Noindex,https://compassgrill.co.il/tandoor-products-and-accessories/dough-working-board/
https://compassgrill.co.il/tandoor-products-and-accessories/dough-working-board/?sort=rating&order=DESC,404/410/soft 404,Redirect 301 to https://compassgrill.co.il/tandoor-products-and-accessories/dough-working-board/,https://compassgrill.co.il/tandoor-products-and-accessories/dough-working-board/
https://compassgrill.co.il/brand/luciano/,404/410/soft 404,Redirect 301 to https://compassgrill.co.il/brand/luciano/,https://compassgrill.co.il/brand/luciano/
https://compassgrill.co.il/eitan-meat-eilat/בשר-טרי/?sort=rating&order=DESC,parameters,Noindex,https://compassgrill.co.il/eitan-meat-eilat/בשר-טרי/
https://compassgrill.co.il/eitan-meat-eilat/בשר-טרי/?sort=rating&order=DESC,404/410/soft 404,Redirect 301 to https://compassgrill.co.il/eitan-meat-eilat/בשר-טרי/,https://compassgrill.co.il/eitan-meat-eilat/בשר-טרי/
https://compassgrill.co.il/בשר-טרי/,404/410/soft 404,Redirect 301 to https://compassgrill.co.il/בשר-טרי/,https://compassgrill.co.il/בשר-טרי/
https://compassgrill.co.il/poultry/frozen-chicken-shawarma-1kg/,404/410/soft 404,Redirect 301 to https://compassgrill.co.il/poultry/frozen-chicken-shawarma-1kg/,https://compassgrill.co.il/poultry/frozen-chicken-shawarma-1kg/
https://compassgrill.co.il/מוצרי-איתן-מעדני-בשר-אילת/טחונים-קפואים/,404/410/soft 404,Redirect 301 to https://compassgrill.co.il/מוצרי-איתן-מעדני-בשר-אילת/טחונים-קפואים/,https://compassgrill.co.il/מוצרי-איתן-מעדני-בשר-אילת/טחונים-קפואים/
https://compassgrill.co.il/eitan-meat-2/teperberg-wines/?sort=p.sort_order&order=ASC,parameters,Noindex,https://compassgrill.co.il/eitan-meat-2/teperberg-wines/
https://compassgrill.co.il/eitan-meat-2/teperberg-wines/?sort=p.sort_order&order=ASC,404/410/soft 404,Redirect 301 to https://compassgrill.co.il/eitan-meat-2/teperberg-wines/,https://compassgrill.co.il/eitan-meat-2/teperberg-wines/
https://compassgrill.co.il/outdoor-kitchen-9/?sort=rating&order=DESC,parameters,Noindex,https://compassgrill.co.il/outdoor-kitchen-9/
https://compassgrill.co.il/outdoor-kitchen-9/?sort=rating&order=DESC,404/410/soft 404,Redirect 301 to https://compassgrill.co.il/outdoor-kitchen-9/,https://compassgrill.co.il/outdoor-kitchen-9/
https://compassgrill.co.il/garden-furniture-accessories/fire-table-varna-porcelain/?sort=price&order=DESC,parameters,Noindex,https://compassgrill.co.il/garden-furniture-accessories/fire-table-varna-porcelain/
https://compassgrill.co.il/garden-furniture-accessories/fire-table-varna-porcelain/?sort=price&order=DESC,404/410/soft 404,Redirect 301 to https://compassgrill.co.il/garden-furniture-accessories/fire-table-varna-porcelain/,https://compassgrill.co.il/garden-furniture-accessories/fire-table-varna-porcelain/
https://compassgrill.co.il/premium-certified-entrecote-chilled-pairs-vacuum-packed-500g/,404/410/soft 404,Redirect 301 to https://compassgrill.co.il/premium-certified-entrecote-chilled-pairs-vacuum-packed-500g/,https://compassgrill.co.il/premium-certified-entrecote-chilled-pairs-vacuum-packed-500g/
https://compassgrill.co.il/eitan-meat-2/?sort=rating&order=ASC,parameters,Noindex,https://compassgrill.co.il/eitan-meat/
https://compassgrill.co.il/eitan-meat-2/?sort=rating&order=ASC,duplicate,Redirect 301,https://compassgrill.co.il/eitan-meat/
https://compassgrill.co.il/eitan-meat-2/?sort=rating&order=ASC,404/410/soft 404,Redirect 301 to https://compassgrill.co.il/eitan-meat/,https://compassgrill.co.il/eitan-meat/
https://compassgrill.co.il/eitan-meat-eilat-1/,duplicate,Redirect 301,https://compassgrill.co.il/eitan-meat-eilat-1/
https://compassgrill.co.il/eitan-meat-eilat-1/,404/410/soft 404,Redirect 301 to https://compassgrill.co.il/eitan-meat-eilat-1/,https://compassgrill.co.il/eitan-meat-eilat-1/
https://compassgrill.co.il/gas-grills/ligorio-top/?sort=rating&order=ASC,parameters,Noindex,https://compassgrill.co.il/gas-grills/ligorio-top/
https://compassgrill.co.il/gas-grills/ligorio-top/?sort=rating&order=ASC,404/410/soft 404,Redirect 301 to https://compassgrill.co.il/gas-grills/ligorio-top/,https://compassgrill.co.il/gas-grills/ligorio-top/
https://compassgrill.co.il/grill-smoker-accessories/pecan-wood-chunks/?sort=rating&order=DESC,parameters,Noindex,https://compassgrill.co.il/grill-smoker-accessories/pecan-wood-chunks/
https://compassgrill.co.il/grill-smoker-accessories/pecan-wood-chunks/?sort=rating&order=DESC,404/410/soft 404,Redirect 301 to https://compassgrill.co.il/grill-smoker-accessories/pecan-wood-chunks/,https://compassgrill.co.il/grill-smoker-accessories/pecan-wood-chunks/
https://compassgrill.co.il/grill-smoker-accessories/pecan-wood-chunks/?sort=price&order=ASC,parameters,Noindex,https://compassgrill.co.il/grill-smoker-accessories/pecan-wood-chunks/
https://compassgrill.co.il/grill-smoker-accessories/pecan-wood-chunks/?sort=price&order=ASC,404/410/soft 404,Redirect 301 to https://compassgrill.co.il/grill-smoker-accessories/pecan-wood-chunks/,https://compassgrill.co.il/grill-smoker-accessories/pecan-wood-chunks/
https://compassgrill.co.il/outdoor-kitchen-9/modular-outdoor-kitchens/cat4sib-ku-mwb-black/?sort=p.model&order=DESC,parameters,Noindex,https://compassgrill.co.il/outdoor-kitchen-9/modular-outdoor-kitchens/cat4sib-ku-mwb-black/
https://compassgrill.co.il/outdoor-kitchen-9/modular-outdoor-kitchens/cat4sib-ku-mwb-black/?sort=p.model&order=DESC,404/410/soft 404,Redirect 301 to https://compassgrill.co.il/outdoor-kitchen-9/modular-outdoor-kitchens/cat4sib-ku-mwb-black/,https://compassgrill.co.il/outdoor-kitchen-9/modular-outdoor-kitchens/cat4sib-ku-mwb-black/
https://compassgrill.co.il/pro-1600/,404/410/soft 404,Redirect 301 to https://compassgrill.co.il/pro-1600/,https://compassgrill.co.il/pro-1600/
https://compassgrill.co.il/brand/gorilla-grill/רשת-רולדה-מידה-16-אורך-50-מטר,404/410/soft 404,Redirect 301 to https://compassgrill.co.il/brand/gorilla-grill/רשת-רולדה-מידה-16-אורך-50-מטר,https://compassgrill.co.il/brand/gorilla-grill/רשת-רולדה-מידה-16-אורך-50-מטר
https://compassgrill.co.il/eitan-meat-2/?sort=price&order=ASC,parameters,Noindex,https://compassgrill.co.il/eitan-meat/
https://compassgrill.co.il/eitan-meat-2/?sort=price&order=ASC,duplicate,Redirect 301,https://compassgrill.co.il/eitan-meat/
https://compassgrill.co.il/eitan-meat-2/?sort=price&order=ASC,404/410/soft 404,Redirect 301 to https://compassgrill.co.il/eitan-meat/,https://compassgrill.co.il/eitan-meat/
https://compassgrill.co.il/טפרברג-לגסי-פטי-ורדו-750-מ-ל/,404/410/soft 404,Redirect 301 to https://compassgrill.co.il/טפרברג-לגסי-פטי-ורדו-750-מ-ל/,https://compassgrill.co.il/טפרברג-לגסי-פטי-ורדו-750-מ-ל/
https://compassgrill.co.il/eitan-meat-2/?sort=p.model&order=DESC,parameters,Noindex,https://compassgrill.co.il/eitan-meat/
https://compassgrill.co.il/eitan-meat-2/?sort=p.model&order=DESC,duplicate,Redirect 301,https://compassgrill.co.il/eitan-meat/
https://compassgrill.co.il/eitan-meat-2/?sort=p.model&order=DESC,404/410/soft 404,Redirect 301 to https://compassgrill.co.il/eitan-meat/,https://compassgrill.co.il/eitan-meat/
https://compassgrill.co.il/outdoor-kitchen-9/modular-outdoor-kitchens/classic-outdoor-kitchen-1/?sort=p.model&order=ASC,parameters,Noindex,https://compassgrill.co.il/outdoor-kitchen-9/modular-outdoor-kitchens/classic-outdoor-kitchen-1/
https://compassgrill.co.il/outdoor-kitchen-9/modular-outdoor-kitchens/classic-outdoor-kitchen-1/?sort=p.model&order=ASC,duplicate,Redirect 301,https://compassgrill.co.il/outdoor-kitchen-9/modular-outdoor-kitchens/classic-outdoor-kitchen-1/
https://compassgrill.co.il/outdoor-kitchen-9/modular-outdoor-kitchens/classic-outdoor-kitchen-1/?sort=p.model&order=ASC,404/410/soft 404,Redirect 301 to https://compassgrill.co.il/outdoor-kitchen-9/modular-outdoor-kitchens/classic-outdoor-kitchen-1/,https://compassgrill.co.il/outdoor-kitchen-9/modular-outdoor-kitchens/classic-outdoor-kitchen-1/
https://compassgrill.co.il/eitan-meat-eilat/בשר-טרי/fattened-angus-entrecote-sliced-pairs-1/?category_id=125606&sort=p.sort_order&order=ASC,parameters,Noindex,https://compassgrill.co.il/eitan-meat-eilat/בשר-טרי/fattened-angus-entrecote-sliced-pairs/
https://compassgrill.co.il/eitan-meat-eilat/בשר-טרי/fattened-angus-entrecote-sliced-pairs-1/?category_id=125606&sort=p.sort_order&order=ASC,duplicate,Redirect 301,https://compassgrill.co.il/eitan-meat-eilat/בשר-טרי/fattened-angus-entrecote-sliced-pairs/
https://compassgrill.co.il/eitan-meat-eilat/בשר-טרי/fattened-angus-entrecote-sliced-pairs-1/?category_id=125606&sort=p.sort_order&order=ASC,404/410/soft 404,Redirect 301 to https://compassgrill.co.il/eitan-meat-eilat/בשר-טרי/fattened-angus-entrecote-sliced-pairs/,https://compassgrill.co.il/eitan-meat-eilat/בשר-טרי/fattened-angus-entrecote-sliced-pairs/
https://compassgrill.co.il/grill-smoker-accessories/compass-skewers/charcoal-grill-for-6-skewers-foldable-with-bag-1/?category_id=38152&sort=price&order=DESC,parameters,Noindex,https://compassgrill.co.il/grill-smoker-accessories/compass-skewers/charcoal-grill-for-6-skewers-foldable-with-bag/
https://compassgrill.co.il/grill-smoker-accessories/compass-skewers/charcoal-grill-for-6-skewers-foldable-with-bag-1/?category_id=38152&sort=price&order=DESC,duplicate,Redirect 301,https://compassgrill.co.il/grill-smoker-accessories/compass-skewers/charcoal-grill-for-6-skewers-foldable-with-bag/
https://compassgrill.co.il/grill-smoker-accessories/compass-skewers/charcoal-grill-for-6-skewers-foldable-with-bag-1/?category_id=38152&sort=price&order=DESC,404/410/soft 404,Redirect 301 to https://compassgrill.co.il/grill-smoker-accessories/compass-skewers/charcoal-grill-for-6-skewers-foldable-with-bag/,https://compassgrill.co.il/grill-smoker-accessories/compass-skewers/charcoal-grill-for-6-skewers-foldable-with-bag/
https://compassgrill.co.il/grill-smoker-accessories/compass-skewers/charcoal-grill-for-6-skewers-foldable-with-bag-1/?sort=p.model&order=DESC,parameters,Noindex,https://compassgrill.co.il/grill-smoker-accessories/compass-skewers/charcoal-grill-for-6-skewers-foldable-with-bag/
https://compassgrill.co.il/grill-smoker-accessories/compass-skewers/charcoal-grill-for-6-skewers-foldable-with-bag-1/?sort=p.model&order=DESC,duplicate,Redirect 301,https://compassgrill.co.il/grill-smoker-accessories/compass-skewers/charcoal-grill-for-6-skewers-foldable-with-bag/
https://compassgrill.co.il/grill-smoker-accessories/compass-skewers/charcoal-grill-for-6-skewers-foldable-with-bag-1/?sort=p.model&order=DESC,404/410/soft 404,Redirect 301 to https://compassgrill.co.il/grill-smoker-accessories/compass-skewers/charcoal-grill-for-6-skewers-foldable-with-bag/,https://compassgrill.co.il/grill-smoker-accessories/compass-skewers/charcoal-grill-for-6-skewers-foldable-with-bag/
https://compassgrill.co.il/פחם-קוקוס-איכותי-לנרגילה-0-5-1-ק-ג/,404/410/soft 404,Redirect 301 to https://compassgrill.co.il/פחם-קוקוס-איכותי-לנרגילה-0-5-1-ק-ג/,https://compassgrill.co.il/פחם-קוקוס-איכותי-לנרגילה-0-5-1-ק-ג/
https://compassgrill.co.il/grill-smoker-accessories/compass-skewers/charcoal-grill-for-6-skewers-foldable-with-bag-1/?sort=pd.name&order=DESC,parameters,Noindex,https://compassgrill.co.il/grill-smoker-accessories/compass-skewers/charcoal-grill-for-6-skewers-foldable-with-bag/
https://compassgrill.co.il/grill-smoker-accessories/compass-skewers/charcoal-grill-for-6-skewers-foldable-with-bag-1/?sort=pd.name&order=DESC,duplicate,Redirect 301,https://compassgrill.co.il/grill-smoker-accessories/compass-skewers/charcoal-grill-for-6-skewers-foldable-with-bag/
https://compassgrill.co.il/grill-smoker-accessories/compass-skewers/charcoal-grill-for-6-skewers-foldable-with-bag-1/?sort=pd.name&order=DESC,404/410/soft 404,Redirect 301 to https://compassgrill.co.il/grill-smoker-accessories/compass-skewers/charcoal-grill-for-6-skewers-foldable-with-bag/,https://compassgrill.co.il/grill-smoker-accessories/compass-skewers/charcoal-grill-for-6-skewers-foldable-with-bag/
https://compassgrill.co.il/eitan-meat-2/?sort=pd.name&order=ASC,parameters,Noindex,https://compassgrill.co.il/eitan-meat/
https://compassgrill.co.il/eitan-meat-2/?sort=pd.name&order=ASC,duplicate,Redirect 301,https://compassgrill.co.il/eitan-meat/
https://compassgrill.co.il/eitan-meat-2/?sort=pd.name&order=ASC,404/410/soft 404,Redirect 301 to https://compassgrill.co.il/eitan-meat/,https://compassgrill.co.il/eitan-meat/
https://compassgrill.co.il/brand/compass/oak-wood-chunks/,404/410/soft 404,Redirect 301 to https://compassgrill.co.il/brand/compass/oak-wood-chunks/,https://compassgrill.co.il/brand/compass/oak-wood-chunks/
https://compassgrill.co.il/grill-smoker-accessories/compass-skewers/שיפודי-נירוסטה-יוקרתיים-עם-ידית-ברונזה-מארז-עור-פרימיום-1/?sort=p.model&order=DESC,parameters,Noindex,https://compassgrill.co.il/grill-smoker-accessories/compass-skewers/שיפודי-נירוסטה-יוקרתיים-עם-ידית-ברונזה-מארז-עור-פרימיום-1/
https://compassgrill.co.il/grill-smoker-accessories/compass-skewers/שיפודי-נירוסטה-יוקרתיים-עם-ידית-ברונזה-מארז-עור-פרימיום-1/?sort=p.model&order=DESC,duplicate,Redirect 301,https://compassgrill.co.il/grill-smoker-accessories/compass-skewers/שיפודי-נירוסטה-יוקרתיים-עם-ידית-ברונזה-מארז-עור-פרימיום-1/
https://compassgrill.co.il/grill-smoker-accessories/compass-skewers/שיפודי-נירוסטה-יוקרתיים-עם-ידית-ברונזה-מארז-עור-פרימיום-1/?sort=p.model&order=DESC,404/410/soft 404,Redirect 301 to https://compassgrill.co.il/grill-smoker-accessories/compass-skewers/שיפודי-נירוסטה-יוקרתיים-עם-ידית-ברונזה-מארז-עור-פרימיום-1/,https://compassgrill.co.il/grill-smoker-accessories/compass-skewers/שיפודי-נירוסטה-יוקרתיים-עם-ידית-ברונזה-מארז-עור-פרימיום-1/
https://compassgrill.co.il/eitan-meat-2/?sort=pd.name&order=DESC,parameters,Noindex,https://compassgrill.co.il/eitan-meat/
https://compassgrill.co.il/eitan-meat-2/?sort=pd.name&order=DESC,duplicate,Redirect 301,https://compassgrill.co.il/eitan-meat/
https://compassgrill.co.il/eitan-meat-2/?sort=pd.name&order=DESC,404/410/soft 404,Redirect 301 to https://compassgrill.co.il/eitan-meat/,https://compassgrill.co.il/eitan-meat/
https://compassgrill.co.il/grill-smoker-accessories/wood-chips-and-chunks-for-smoking/pecan-wood-chunks/?category_id=97766,parameters,Canonical,https://compassgrill.co.il/grill-smoker-accessories/wood-chips-and-chunks-for-smoking/pecan-wood-chunks/
https://compassgrill.co.il/grill-smoker-accessories/wood-chips-and-chunks-for-smoking/pecan-wood-chunks/?category_id=97766,404/410/soft 404,Redirect 301 to https://compassgrill.co.il/grill-smoker-accessories/wood-chips-and-chunks-for-smoking/pecan-wood-chunks/,https://compassgrill.co.il/grill-smoker-accessories/wood-chips-and-chunks-for-smoking/pecan-wood-chunks/
https://compassgrill.co.il/eitan-meat-2/?sort=rating&order=DESC,parameters,Noindex,https://compassgrill.co.il/eitan-meat/
https://compassgrill.co.il/eitan-meat-2/?sort=rating&order=DESC,duplicate,Redirect 301,https://compassgrill.co.il/eitan-meat/
https://compassgrill.co.il/eitan-meat-2/?sort=rating&order=DESC,404/410/soft 404,Redirect 301 to https://compassgrill.co.il/eitan-meat/,https://compassgrill.co.il/eitan-meat/
https://compassgrill.co.il/grill-smoker-accessories/compass-skewers/leather-case-stainless-steel-skewers-2/,duplicate,Redirect 301,https://compassgrill.co.il/grill-smoker-accessories/compass-skewers/leather-case-stainless-steel-skewers-2/
https://compassgrill.co.il/grill-smoker-accessories/compass-skewers/leather-case-stainless-steel-skewers-2/,404/410/soft 404,Redirect 301 to https://compassgrill.co.il/grill-smoker-accessories/compass-skewers/leather-case-stainless-steel-skewers-2/,https://compassgrill.co.il/grill-smoker-accessories/compass-skewers/leather-case-stainless-steel-skewers-2/
https://compassgrill.co.il/grill-smoker-accessories/wood-chips-and-chunks-for-smoking/pecan-wood-chunks/?sort=p.sort_order&order=ASC,parameters,Noindex,https://compassgrill.co.il/grill-smoker-accessories/wood-chips-and-chunks-for-smoking/pecan-wood-chunks/
https://compassgrill.co.il/grill-smoker-accessories/wood-chips-and-chunks-for-smoking/pecan-wood-chunks/?sort=p.sort_order&order=ASC,404/410/soft 404,Redirect 301 to https://compassgrill.co.il/grill-smoker-accessories/wood-chips-and-chunks-for-smoking/pecan-wood-chunks/,https://compassgrill.co.il/grill-smoker-accessories/wood-chips-and-chunks-for-smoking/pecan-wood-chunks/
https://compassgrill.co.il/eitan-meat-2/fresh-beef/angus-filet-fl-block-1-5kg/?category_id=66835,parameters,Canonical,https://compassgrill.co.il/eitan-meat-2/fresh-beef/angus-filet-fl-block-1-5kg/
https://compassgrill.co.il/eitan-meat-2/fresh-beef/angus-filet-fl-block-1-5kg/?category_id=66835,404/410/soft 404,Redirect 301 to https://compassgrill.co.il/eitan-meat-2/fresh-beef/angus-filet-fl-block-1-5kg/,https://compassgrill.co.il/eitan-meat-2/fresh-beef/angus-filet-fl-block-1-5kg/
https://compassgrill.co.il/eitan-meat-2/fresh-beef/bone-in-short-rib-3kg/?sort=price&order=ASC,parameters,Noindex,https://compassgrill.co.il/eitan-meat-2/fresh-beef/bone-in-short-rib-3kg/
https://compassgrill.co.il/eitan-meat-2/fresh-beef/bone-in-short-rib-3kg/?sort=price&order=ASC,404/410/soft 404,Redirect 301 to https://compassgrill.co.il/eitan-meat-2/fresh-beef/bone-in-short-rib-3kg/,https://compassgrill.co.il/eitan-meat-2/fresh-beef/bone-in-short-rib-3kg/
https://compassgrill.co.il/grill-smoker-accessories/wood-chips-and-chunks-for-smoking/pecan-wood-chunks/?sort=pd.name&order=ASC,parameters,Noindex,https://compassgrill.co.il/grill-smoker-accessories/wood-chips-and-chunks-for-smoking/pecan-wood-chunks/
https://compassgrill.co.il/grill-smoker-accessories/wood-chips-and-chunks-for-smoking/pecan-wood-chunks/?sort=pd.name&order=ASC,404/410/soft 404,Redirect 301 to https://compassgrill.co.il/grill-smoker-accessories/wood-chips-and-chunks-for-smoking/pecan-wood-chunks/,https://compassgrill.co.il/grill-smoker-accessories/wood-chips-and-chunks-for-smoking/pecan-wood-chunks/
https://compassgrill.co.il/grill-smoker-accessories/שיפודי-נירוסטה-יוקרתיים-עם-ידית-ברונזה-מארז-עור-פרימיום-1/?category_id=37972,parameters,Canonical,https://compassgrill.co.il/grill-smoker-accessories/שיפודי-נירוסטה-יוקרתיים-עם-ידית-ברונזה-מארז-עור-פרימיום-1/
https://compassgrill.co.il/grill-smoker-accessories/שיפודי-נירוסטה-יוקרתיים-עם-ידית-ברונזה-מארז-עור-פרימיום-1/?category_id=37972,duplicate,Redirect 301,https://compassgrill.co.il/grill-smoker-accessories/שיפודי-נירוסטה-יוקרתיים-עם-ידית-ברונזה-מארז-עור-פרימיום-1/
https://compassgrill.co.il/grill-smoker-accessories/שיפודי-נירוסטה-יוקרתיים-עם-ידית-ברונזה-מארז-עור-פרימיום-1/?category_id=37972,404/410/soft 404,Redirect 301 to https://compassgrill.co.il/grill-smoker-accessories/שיפודי-נירוסטה-יוקרתיים-עם-ידית-ברונזה-מארז-עור-פרימיום-1/,https://compassgrill.co.il/grill-smoker-accessories/שיפודי-נירוסטה-יוקרתיים-עם-ידית-ברונזה-מארז-עור-פרימיום-1/
https://compassgrill.co.il/brand/giesser-1/premiumcut-barbecue-30,404/410/soft 404,Redirect 301 to https://compassgrill.co.il/brand/giesser-1/premiumcut-barbecue-30,https://compassgrill.co.il/brand/giesser-1/premiumcut-barbecue-30
https://compassgrill.co.il/eitan-meat-2/fresh-beef/denver-steak-fl-sliced-vacuum-packed-300g/?sort=price&order=ASC,parameters,Noindex,https://compassgrill.co.il/eitan-meat-2/fresh-beef/denver-steak-fl-sliced-vacuum-packed-300g/
https://compassgrill.co.il/eitan-meat-2/fresh-beef/denver-steak-fl-sliced-vacuum-packed-300g/?sort=price&order=ASC,404/410/soft 404,Redirect 301 to https://compassgrill.co.il/eitan-meat-2/fresh-beef/denver-steak-fl-sliced-vacuum-packed-300g/,https://compassgrill.co.il/eitan-meat-2/fresh-beef/denver-steak-fl-sliced-vacuum-packed-300g/
https://compassgrill.co.il/eitan-meat-2/poultry-3/?sort=pd.name&order=ASC,parameters,Noindex,https://compassgrill.co.il/eitan-meat-2/poultry/
https://compassgrill.co.il/eitan-meat-2/poultry-3/?sort=pd.name&order=ASC,duplicate,Redirect 301,https://compassgrill.co.il/eitan-meat-2/poultry/
https://compassgrill.co.il/eitan-meat-2/poultry-3/?sort=pd.name&order=ASC,404/410/soft 404,Redirect 301 to https://compassgrill.co.il/eitan-meat-2/poultry/,https://compassgrill.co.il/eitan-meat-2/poultry/
https://compassgrill.co.il/tandoor-products-and-accessories/brass-brush-for-pizza-oven/?sort=pd.name&order=ASC,parameters,Noindex,https://compassgrill.co.il/tandoor-products-and-accessories/brass-brush-for-pizza-oven/
https://compassgrill.co.il/tandoor-products-and-accessories/brass-brush-for-pizza-oven/?sort=pd.name&order=ASC,404/410/soft 404,Redirect 301 to https://compassgrill.co.il/tandoor-products-and-accessories/brass-brush-for-pizza-oven/,https://compassgrill.co.il/tandoor-products-and-accessories/brass-brush-for-pizza-oven/
https://compassgrill.co.il/eitan-meat-2/frozen-ground-meat/salonika-kebab-pack/?category_id=66897&sort=rating&order=DESC,parameters,Noindex,https://compassgrill.co.il/eitan-meat-2/frozen-ground-meat/salonika-kebab-pack/
https://compassgrill.co.il/eitan-meat-2/frozen-ground-meat/salonika-kebab-pack/?category_id=66897&sort=rating&order=DESC,404/410/soft 404,Redirect 301 to https://compassgrill.co.il/eitan-meat-2/frozen-ground-meat/salonika-kebab-pack/,https://compassgrill.co.il/eitan-meat-2/frozen-ground-meat/salonika-kebab-pack/
https://compassgrill.co.il/oak-wood-for-smoking/hs-austrian-wood-brick/?sort=rating&order=ASC,parameters,Noindex,https://compassgrill.co.il/oak-wood-for-smoking/hs-austrian-wood-brick/
https://compassgrill.co.il/oak-wood-for-smoking/hs-austrian-wood-brick/?sort=rating&order=ASC,404/410/soft 404,Redirect 301 to https://compassgrill.co.il/oak-wood-for-smoking/hs-austrian-wood-brick/,https://compassgrill.co.il/oak-wood-for-smoking/hs-austrian-wood-brick/
https://compassgrill.co.il/tandoor-products-and-accessories/essenza-pizza-round-peel/?sort=price&order=ASC,parameters,Noindex,https://compassgrill.co.il/tandoor-products-and-accessories/essenza-pizza-round-peel/
https://compassgrill.co.il/tandoor-products-and-accessories/essenza-pizza-round-peel/?sort=price&order=ASC,404/410/soft 404,Redirect 301 to https://compassgrill.co.il/tandoor-products-and-accessories/essenza-pizza-round-peel/,https://compassgrill.co.il/tandoor-products-and-accessories/essenza-pizza-round-peel/
https://compassgrill.co.il/handmade-outdoor-furniture-ideas-for-homes-in-eilat/,404/410/soft 404,Redirect 301 to https://compassgrill.co.il/handmade-outdoor-furniture-ideas-for-homes-in-eilat/,https://compassgrill.co.il/handmade-outdoor-furniture-ideas-for-homes-in-eilat/
https://compassgrill.co.il/eitan-meat-2/meat-vending-machine-24-7/kebab-cinnamon-stick-600g-frozen-automatic-meat-247/?sort=price&order=ASC,parameters,Noindex,https://compassgrill.co.il/eitan-meat-2/meat-vending-machine-24-7/kebab-cinnamon-stick-600g-frozen-automatic-meat-247/
https://compassgrill.co.il/eitan-meat-2/meat-vending-machine-24-7/kebab-cinnamon-stick-600g-frozen-automatic-meat-247/?sort=price&order=ASC,404/410/soft 404,Redirect 301 to https://compassgrill.co.il/eitan-meat-2/meat-vending-machine-24-7/kebab-cinnamon-stick-600g-frozen-automatic-meat-247/,https://compassgrill.co.il/eitan-meat-2/meat-vending-machine-24-7/kebab-cinnamon-stick-600g-frozen-automatic-meat-247/
https://compassgrill.co.il/outdoor-furniture-maintenance-tips-for-eilat-residents-how-to-protect-patio-furniture-in-desert-climate/,404/410/soft 404,Redirect 301 to https://compassgrill.co.il/outdoor-furniture-maintenance-tips-for-eilat-residents-how-to-protect-patio-furniture-in-desert-climate/,https://compassgrill.co.il/outdoor-furniture-maintenance-tips-for-eilat-residents-how-to-protect-patio-furniture-in-desert-climate/
https://compassgrill.co.il/aluminum-seating-perfect-choice-for-style-and-comfort-in-your-garden/,404/410/soft 404,Redirect 301 to https://compassgrill.co.il/aluminum-seating-perfect-choice-for-style-and-comfort-in-your-garden/,https://compassgrill.co.il/aluminum-seating-perfect-choice-for-style-and-comfort-in-your-garden/
https://compassgrill.co.il/mylo-your-virtual-saver/,404/410/soft 404,Redirect 301 to https://compassgrill.co.il/mylo-your-virtual-saver/,https://compassgrill.co.il/mylo-your-virtual-saver/
https://compassgrill.co.il/eitan-meat-2/teperberg-wines/?sort=price&order=ASC,parameters,Noindex,https://compassgrill.co.il/eitan-meat-2/teperberg-wines/
https://compassgrill.co.il/eitan-meat-2/teperberg-wines/?sort=price&order=ASC,404/410/soft 404,Redirect 301 to https://compassgrill.co.il/eitan-meat-2/teperberg-wines/,https://compassgrill.co.il/eitan-meat-2/teperberg-wines/
https://compassgrill.co.il/sustainable-outdoor-furniture-eilat-complete-guide-green-eco-friendly-solutions/,404/410/soft 404,Redirect 301 to https://compassgrill.co.il/sustainable-outdoor-furniture-eilat-complete-guide-green-eco-friendly-solutions/,https://compassgrill.co.il/sustainable-outdoor-furniture-eilat-complete-guide-green-eco-friendly-solutions/
https://compassgrill.co.il/aluminum-garden-furniture-durability-style-and-comfort-for-your-outdoor-space/,404/410/soft 404,Redirect 301 to https://compassgrill.co.il/aluminum-garden-furniture-durability-style-and-comfort-for-your-outdoor-space/,https://compassgrill.co.il/aluminum-garden-furniture-durability-style-and-comfort-for-your-outdoor-space/
https://compassgrill.co.il/eitan-meat-2/fresh-beef/?sort=p.sort_order&order=ASC,parameters,Noindex,https://compassgrill.co.il/eitan-meat-2/fresh-beef/
https://compassgrill.co.il/eitan-meat-2/fresh-beef/?sort=p.sort_order&order=ASC,404/410/soft 404,Redirect 301 to https://compassgrill.co.il/eitan-meat-2/fresh-beef/,https://compassgrill.co.il/eitan-meat-2/fresh-beef/
https://compassgrill.co.il/tandoor-products-and-accessories/premium-italian-basalte-firebrick-30x30/?category_id=35145&sort=rating&order=DESC,parameters,Noindex,https://compassgrill.co.il/tandoor-products-and-accessories/premium-italian-basalte-firebrick-30x30/
https://compassgrill.co.il/tandoor-products-and-accessories/premium-italian-basalte-firebrick-30x30/?category_id=35145&sort=rating&order=DESC,404/410/soft 404,Redirect 301 to https://compassgrill.co.il/tandoor-products-and-accessories/premium-italian-basalte-firebrick-30x30/,https://compassgrill.co.il/tandoor-products-and-accessories/premium-italian-basalte-firebrick-30x30/
https://compassgrill.co.il/grill-smoker-accessories/wood-chips-and-chunks-for-smoking/pecan-wood-chunks/,404/410/soft 404,Redirect 301 to https://compassgrill.co.il/grill-smoker-accessories/wood-chips-and-chunks-for-smoking/pecan-wood-chunks/,https://compassgrill.co.il/grill-smoker-accessories/wood-chips-and-chunks-for-smoking/pecan-wood-chunks/
https://compassgrill.co.il/tandoor-products-and-accessories/?sort=p.model&order=DESC,parameters,Noindex,https://compassgrill.co.il/tandoor-products-and-accessories/
https://compassgrill.co.il/tandoor-products-and-accessories/?sort=p.model&order=DESC,404/410/soft 404,Redirect 301 to https://compassgrill.co.il/tandoor-products-and-accessories/,https://compassgrill.co.il/tandoor-products-and-accessories/
https://compassgrill.co.il/tandoor-products-and-accessories/cozzepro17/?sort=price&order=ASC,parameters,Noindex,https://compassgrill.co.il/tandoor-products-and-accessories/cozzepro17/
https://compassgrill.co.il/tandoor-products-and-accessories/cozzepro17/?sort=price&order=ASC,404/410/soft 404,Redirect 301 to https://compassgrill.co.il/tandoor-products-and-accessories/cozzepro17/,https://compassgrill.co.il/tandoor-products-and-accessories/cozzepro17/
https://compassgrill.co.il/tandoor-products-and-accessories/premium-italian-basalte-firebrick-30x30/?category_id=35145&sort=price&order=DESC,parameters,Noindex,https://compassgrill.co.il/tandoor-products-and-accessories/premium-italian-basalte-firebrick-30x30/
https://compassgrill.co.il/tandoor-products-and-accessories/premium-italian-basalte-firebrick-30x30/?category_id=35145&sort=price&order=DESC,404/410/soft 404,Redirect 301 to https://compassgrill.co.il/tandoor-products-and-accessories/premium-italian-basalte-firebrick-30x30/,https://compassgrill.co.il/tandoor-products-and-accessories/premium-italian-basalte-firebrick-30x30/
https://compassgrill.co.il/brand/compass/שיפודי-נירוסטה-יוקרתיים-עם-ידית-ברונזה-מארז-עור-פרימיום-copy-0,duplicate,Redirect 301,https://compassgrill.co.il/brand/compass/שיפודי-נירוסטה-יוקרתיים-עם-ידית-ברונזה-מארז-עור-פרימיום-copy-0
https://compassgrill.co.il/brand/compass/שיפודי-נירוסטה-יוקרתיים-עם-ידית-ברונזה-מארז-עור-פרימיום-copy-0,404/410/soft 404,Redirect 301 to https://compassgrill.co.il/brand/compass/שיפודי-נירוסטה-יוקרתיים-עם-ידית-ברונזה-מארז-עור-פרימיום-copy-0,https://compassgrill.co.il/brand/compass/שיפודי-נירוסטה-יוקרתיים-עם-ידית-ברונזה-מארז-עור-פרימיום-copy-0
https://compassgrill.co.il/grill-smoker-accessories/compass-skewers/שיפודי-נירוסטה-יוקרתיים-עם-ידית-ברונזה-מארז-עור-פרימיום-1/?sort=p.model&order=ASC,parameters,Noindex,https://compassgrill.co.il/grill-smoker-accessories/compass-skewers/שיפודי-נירוסטה-יוקרתיים-עם-ידית-ברונזה-מארז-עור-פרימיום-1/
https://compassgrill.co.il/grill-smoker-accessories/compass-skewers/שיפודי-נירוסטה-יוקרתיים-עם-ידית-ברונזה-מארז-עור-פרימיום-1/?sort=p.model&order=ASC,duplicate,Redirect 301,https://compassgrill.co.il/grill-smoker-accessories/compass-skewers/שיפודי-נירוסטה-יוקרתיים-עם-ידית-ברונזה-מארז-עור-פרימיום-1/
https://compassgrill.co.il/grill-smoker-accessories/compass-skewers/שיפודי-נירוסטה-יוקרתיים-עם-ידית-ברונזה-מארז-עור-פרימיום-1/?sort=p.model&order=ASC,404/410/soft 404,Redirect 301 to https://compassgrill.co.il/grill-smoker-accessories/compass-skewers/שיפודי-נירוסטה-יוקרתיים-עם-ידית-ברונזה-מארז-עור-פרימיום-1/,https://compassgrill.co.il/grill-smoker-accessories/compass-skewers/שיפודי-נירוסטה-יוקרתיים-עם-ידית-ברונזה-מארז-עור-פרימיום-1/
https://compassgrill.co.il/tandoor-products-and-accessories/cozzepro17/?sort=p.model&order=ASC,parameters,Noindex,https://compassgrill.co.il/tandoor-products-and-accessories/cozzepro17/
https://compassgrill.co.il/tandoor-products-and-accessories/cozzepro17/?sort=p.model&order=ASC,404/410/soft 404,Redirect 301 to https://compassgrill.co.il/tandoor-products-and-accessories/cozzepro17/,https://compassgrill.co.il/tandoor-products-and-accessories/cozzepro17/
https://compassgrill.co.il/eitan-meat-2/frozen-meat/brisket-1/?sort=rating&order=ASC,parameters,Noindex,https://compassgrill.co.il/eitan-meat-2/frozen-meat/brisket/
https://compassgrill.co.il/eitan-meat-2/frozen-meat/brisket-1/?sort=rating&order=ASC,duplicate,Redirect 301,https://compassgrill.co.il/eitan-meat-2/frozen-meat/brisket/
https://compassgrill.co.il/eitan-meat-2/frozen-meat/brisket-1/?sort=rating&order=ASC,404/410/soft 404,Redirect 301 to https://compassgrill.co.il/eitan-meat-2/frozen-meat/brisket/,https://compassgrill.co.il/eitan-meat-2/frozen-meat/brisket/
https://compassgrill.co.il/oak-wood-for-smoking/hs-austrian-wood-brick/?sort=p.model&order=DESC,parameters,Noindex,https://compassgrill.co.il/oak-wood-for-smoking/hs-austrian-wood-brick/
https://compassgrill.co.il/oak-wood-for-smoking/hs-austrian-wood-brick/?sort=p.model&order=DESC,404/410/soft 404,Redirect 301 to https://compassgrill.co.il/oak-wood-for-smoking/hs-austrian-wood-brick/,https://compassgrill.co.il/oak-wood-for-smoking/hs-austrian-wood-brick/
https://compassgrill.co.il/eitan-meat-2/frozen-meat/zigzag-sweet-potato-fries/?category_id=66836&sort=p.model&order=DESC,parameters,Noindex,https://compassgrill.co.il/eitan-meat-2/frozen-meat/zigzag-sweet-potato-fries/
https://compassgrill.co.il/eitan-meat-2/frozen-meat/zigzag-sweet-potato-fries/?category_id=66836&sort=p.model&order=DESC,404/410/soft 404,Redirect 301 to https://compassgrill.co.il/eitan-meat-2/frozen-meat/zigzag-sweet-potato-fries/,https://compassgrill.co.il/eitan-meat-2/frozen-meat/zigzag-sweet-potato-fries/
https://compassgrill.co.il/בשר-טרי/?sort=rating&order=ASC,parameters,Noindex,https://compassgrill.co.il/בשר-טרי/
https://compassgrill.co.il/בשר-טרי/?sort=rating&order=ASC,404/410/soft 404,Redirect 301 to https://compassgrill.co.il/בשר-טרי/,https://compassgrill.co.il/בשר-טרי/
https://compassgrill.co.il/eitan-meat-eilat/בשר-טרי/fresh-angus-sirloin-halved-2kg-1/?sort=p.model&order=DESC,parameters,Noindex,https://compassgrill.co.il/eitan-meat-eilat/בשר-טרי/fresh-angus-sirloin-halved-2kg/
https://compassgrill.co.il/eitan-meat-eilat/בשר-טרי/fresh-angus-sirloin-halved-2kg-1/?sort=p.model&order=DESC,duplicate,Redirect 301,https://compassgrill.co.il/eitan-meat-eilat/בשר-טרי/fresh-angus-sirloin-halved-2kg/
https://compassgrill.co.il/eitan-meat-eilat/בשר-טרי/fresh-angus-sirloin-halved-2kg-1/?sort=p.model&order=DESC,404/410/soft 404,Redirect 301 to https://compassgrill.co.il/eitan-meat-eilat/בשר-טרי/fresh-angus-sirloin-halved-2kg/,https://compassgrill.co.il/eitan-meat-eilat/בשר-טרי/fresh-angus-sirloin-halved-2kg/
https://compassgrill.co.il/wood-chips-and-chunks-for-smoking/oak-wood-chunks/,404/410/soft 404,Redirect 301 to https://compassgrill.co.il/wood-chips-and-chunks-for-smoking/oak-wood-chunks/,https://compassgrill.co.il/wood-chips-and-chunks-for-smoking/oak-wood-chunks/
https://compassgrill.co.il/outdoor-kitchen-9/alumex/?sort=price&order=ASC,parameters,Noindex,https://compassgrill.co.il/outdoor-kitchen-9/alumex/
https://compassgrill.co.il/outdoor-kitchen-9/alumex/?sort=price&order=ASC,404/410/soft 404,Redirect 301 to https://compassgrill.co.il/outdoor-kitchen-9/alumex/,https://compassgrill.co.il/outdoor-kitchen-9/alumex/
https://compassgrill.co.il/eitan-meat-2/fresh-beef/?sort=p.model&order=ASC,parameters,Noindex,https://compassgrill.co.il/eitan-meat-2/fresh-beef/
https://compassgrill.co.il/eitan-meat-2/fresh-beef/?sort=p.model&order=ASC,404/410/soft 404,Redirect 301 to https://compassgrill.co.il/eitan-meat-2/fresh-beef/,https://compassgrill.co.il/eitan-meat-2/fresh-beef/
https://compassgrill.co.il/בשר-טרי/?sort=price&order=DESC,parameters,Noindex,https://compassgrill.co.il/בשר-טרי/
https://compassgrill.co.il/בשר-טרי/?sort=price&order=DESC,404/410/soft 404,Redirect 301 to https://compassgrill.co.il/בשר-טרי/,https://compassgrill.co.il/בשר-טרי/
https://compassgrill.co.il/eitan-meat-eilat/בשר-טרי/feedlot-angus-sirloin-steak-1/,duplicate,Redirect 301,https://compassgrill.co.il/eitan-meat-eilat/בשר-טרי/feedlot-angus-sirloin-steak-1/
https://compassgrill.co.il/eitan-meat-eilat/בשר-טרי/feedlot-angus-sirloin-steak-1/,404/410/soft 404,Redirect 301 to https://compassgrill.co.il/eitan-meat-eilat/בשר-טרי/feedlot-angus-sirloin-steak-1/,https://compassgrill.co.il/eitan-meat-eilat/בשר-טרי/feedlot-angus-sirloin-steak-1/
https://compassgrill.co.il/eitan-meat-2/frozen-meat/feedlot-butcher-steak/?sort=price&order=DESC,parameters,Noindex,https://compassgrill.co.il/eitan-meat-2/frozen-meat/feedlot-butcher-steak/
https://compassgrill.co.il/eitan-meat-2/frozen-meat/feedlot-butcher-steak/?sort=price&order=DESC,404/410/soft 404,Redirect 301 to https://compassgrill.co.il/eitan-meat-2/frozen-meat/feedlot-butcher-steak/,https://compassgrill.co.il/eitan-meat-2/frozen-meat/feedlot-butcher-steak/
https://compassgrill.co.il/tandoor-products-and-accessories/essenza-pizza-round-peel/?sort=p.model&order=ASC,parameters,Noindex,https://compassgrill.co.il/tandoor-products-and-accessories/essenza-pizza-round-peel/
https://compassgrill.co.il/tandoor-products-and-accessories/essenza-pizza-round-peel/?sort=p.model&order=ASC,404/410/soft 404,Redirect 301 to https://compassgrill.co.il/tandoor-products-and-accessories/essenza-pizza-round-peel/,https://compassgrill.co.il/tandoor-products-and-accessories/essenza-pizza-round-peel/
https://compassgrill.co.il/fuel-wood-smoking-pellets-charcoal/oak-wood-chunks/,404/410/soft 404,Redirect 301 to https://compassgrill.co.il/fuel-wood-smoking-pellets-charcoal/oak-wood-chunks/,https://compassgrill.co.il/fuel-wood-smoking-pellets-charcoal/oak-wood-chunks/
https://compassgrill.co.il/tandoor-products-and-accessories/essenza-pizza-peel-34cm/?sort=p.model&order=ASC,parameters,Noindex,https://compassgrill.co.il/tandoor-products-and-accessories/essenza-pizza-peel-34cm/
https://compassgrill.co.il/tandoor-products-and-accessories/essenza-pizza-peel-34cm/?sort=p.model&order=ASC,404/410/soft 404,Redirect 301 to https://compassgrill.co.il/tandoor-products-and-accessories/essenza-pizza-peel-34cm/,https://compassgrill.co.il/tandoor-products-and-accessories/essenza-pizza-peel-34cm/
https://compassgrill.co.il/eitan-meat-2/fresh-beef/premium-certified-entrecote-pairs-vacuum-packed-500g/?sort=p.model&order=DESC,parameters,Noindex,https://compassgrill.co.il/eitan-meat-2/fresh-beef/premium-certified-entrecote-pairs-vacuum-packed-500g/
https://compassgrill.co.il/eitan-meat-2/fresh-beef/premium-certified-entrecote-pairs-vacuum-packed-500g/?sort=p.model&order=DESC,404/410/soft 404,Redirect 301 to https://compassgrill.co.il/eitan-meat-2/fresh-beef/premium-certified-entrecote-pairs-vacuum-packed-500g/,https://compassgrill.co.il/eitan-meat-2/fresh-beef/premium-certified-entrecote-pairs-vacuum-packed-500g/
https://compassgrill.co.il/eitan-meat-2/fresh-beef/veal-filet-medallions-5-pcs-500g/?sort=price&order=ASC,parameters,Noindex,https://compassgrill.co.il/eitan-meat-2/fresh-beef/veal-filet-medallions-5-pcs-500g/
https://compassgrill.co.il/eitan-meat-2/fresh-beef/veal-filet-medallions-5-pcs-500g/?sort=price&order=ASC,404/410/soft 404,Redirect 301 to https://compassgrill.co.il/eitan-meat-2/fresh-beef/veal-filet-medallions-5-pcs-500g/,https://compassgrill.co.il/eitan-meat-2/fresh-beef/veal-filet-medallions-5-pcs-500g/
https://compassgrill.co.il/skome-woods-chips/apple-wood-chunks/?category_id=97765,parameters,Canonical,https://compassgrill.co.il/skome-woods-chips/apple-wood-chunks/
https://compassgrill.co.il/skome-woods-chips/apple-wood-chunks/?category_id=97765,404/410/soft 404,Redirect 301 to https://compassgrill.co.il/skome-woods-chips/apple-wood-chunks/,https://compassgrill.co.il/skome-woods-chips/apple-wood-chunks/
https://compassgrill.co.il/eitan-meat-2/fresh-beef/premium-certified-entrecote-pairs-vacuum-packed-500g/?sort=price&order=ASC,parameters,Noindex,https://compassgrill.co.il/eitan-meat-2/fresh-beef/premium-certified-entrecote-pairs-vacuum-packed-500g/
https://compassgrill.co.il/eitan-meat-2/fresh-beef/premium-certified-entrecote-pairs-vacuum-packed-500g/?sort=price&order=ASC,404/410/soft 404,Redirect 301 to https://compassgrill.co.il/eitan-meat-2/fresh-beef/premium-certified-entrecote-pairs-vacuum-packed-500g/,https://compassgrill.co.il/eitan-meat-2/fresh-beef/premium-certified-entrecote-pairs-vacuum-packed-500g/
https://compassgrill.co.il/eitan-meat-2/frozen-meat/crunch-coated-boat-fries/?sort=price&order=ASC,parameters,Noindex,https://compassgrill.co.il/eitan-meat-2/frozen-meat/crunch-coated-boat-fries/
https://compassgrill.co.il/eitan-meat-2/frozen-meat/crunch-coated-boat-fries/?sort=price&order=ASC,404/410/soft 404,Redirect 301 to https://compassgrill.co.il/eitan-meat-2/frozen-meat/crunch-coated-boat-fries/,https://compassgrill.co.il/eitan-meat-2/frozen-meat/crunch-coated-boat-fries/
https://compassgrill.co.il/eitan-meat-2/fresh-beef/sliced-feedlot-sirloin/?category_id=66835,parameters,Canonical,https://compassgrill.co.il/eitan-meat-2/fresh-beef/sliced-feedlot-sirloin/
https://compassgrill.co.il/eitan-meat-2/fresh-beef/sliced-feedlot-sirloin/?category_id=66835,404/410/soft 404,Redirect 301 to https://compassgrill.co.il/eitan-meat-2/fresh-beef/sliced-feedlot-sirloin/,https://compassgrill.co.il/eitan-meat-2/fresh-beef/sliced-feedlot-sirloin/
https://compassgrill.co.il/eitan-meat-2/teperberg-wines/teperberg-vizion-dry-white-750ml/,404/410/soft 404,Redirect 301 to https://compassgrill.co.il/eitan-meat-2/teperberg-wines/teperberg-vizion-dry-white-750ml/,https://compassgrill.co.il/eitan-meat-2/teperberg-wines/teperberg-vizion-dry-white-750ml/
https://compassgrill.co.il/outdoor-kitchen-9/?sort=p.model&order=ASC,parameters,Noindex,https://compassgrill.co.il/outdoor-kitchen-9/
https://compassgrill.co.il/outdoor-kitchen-9/?sort=p.model&order=ASC,404/410/soft 404,Redirect 301 to https://compassgrill.co.il/outdoor-kitchen-9/,https://compassgrill.co.il/outdoor-kitchen-9/
https://compassgrill.co.il/tandoor-products-and-accessories/dough-working-board/?sort=rating&order=ASC,parameters,Noindex,https://compassgrill.co.il/tandoor-products-and-accessories/dough-working-board/
https://compassgrill.co.il/tandoor-products-and-accessories/dough-working-board/?sort=rating&order=ASC,404/410/soft 404,Redirect 301 to https://compassgrill.co.il/tandoor-products-and-accessories/dough-working-board/,https://compassgrill.co.il/tandoor-products-and-accessories/dough-working-board/
https://compassgrill.co.il/eitan-meat-2/frozen-meat/kosher-calf-sweetbreads-argentina-1kg/,404/410/soft 404,Redirect 301 to https://compassgrill.co.il/eitan-meat-2/frozen-meat/kosher-calf-sweetbreads-argentina-1kg/,https://compassgrill.co.il/eitan-meat-2/frozen-meat/kosher-calf-sweetbreads-argentina-1kg/
https://compassgrill.co.il/eitan-meat-2/fresh-beef/veal-filet-medallions-5-pcs-500g/?category_id=66835,parameters,Canonical,https://compassgrill.co.il/eitan-meat-2/fresh-beef/veal-filet-medallions-5-pcs-500g/
https://compassgrill.co.il/eitan-meat-2/fresh-beef/veal-filet-medallions-5-pcs-500g/?category_id=66835,404/410/soft 404,Redirect 301 to https://compassgrill.co.il/eitan-meat-2/fresh-beef/veal-filet-medallions-5-pcs-500g/,https://compassgrill.co.il/eitan-meat-2/fresh-beef/veal-filet-medallions-5-pcs-500g/
https://compassgrill.co.il/oak-wood-for-smoking/hs-austrian-wood-brick/,404/410/soft 404,Redirect 301 to https://compassgrill.co.il/oak-wood-for-smoking/hs-austrian-wood-brick/,https://compassgrill.co.il/oak-wood-for-smoking/hs-austrian-wood-brick/
https://compassgrill.co.il/eitan-meat-2/teperberg-wines/teperberg-impression-cabernet-sauvignon-750ml/,404/410/soft 404,Redirect 301 to https://compassgrill.co.il/eitan-meat-2/teperberg-wines/teperberg-impression-cabernet-sauvignon-750ml/,https://compassgrill.co.il/eitan-meat-2/teperberg-wines/teperberg-impression-cabernet-sauvignon-750ml/
https://compassgrill.co.il/skome-woods-chips/apple-wood-chunks/,404/410/soft 404,Redirect 301 to https://compassgrill.co.il/skome-woods-chips/apple-wood-chunks/,https://compassgrill.co.il/skome-woods-chips/apple-wood-chunks/
https://compassgrill.co.il/skome-woods-chips/cherry-wood-chips/?sort=rating&order=ASC,parameters,Noindex,https://compassgrill.co.il/skome-woods-chips/cherry-wood-chips/
https://compassgrill.co.il/skome-woods-chips/cherry-wood-chips/?sort=rating&order=ASC,404/410/soft 404,Redirect 301 to https://compassgrill.co.il/skome-woods-chips/cherry-wood-chips/,https://compassgrill.co.il/skome-woods-chips/cherry-wood-chips/
https://compassgrill.co.il/eitan-meat-2/teperberg-wines/?sort=rating&order=ASC,parameters,Noindex,https://compassgrill.co.il/eitan-meat-2/teperberg-wines/
https://compassgrill.co.il/eitan-meat-2/teperberg-wines/?sort=rating&order=ASC,404/410/soft 404,Redirect 301 to https://compassgrill.co.il/eitan-meat-2/teperberg-wines/,https://compassgrill.co.il/eitan-meat-2/teperberg-wines/
https://compassgrill.co.il/outdoor-kitchen-9/alumex/?sort=price&order=DESC,parameters,Noindex,https://compassgrill.co.il/outdoor-kitchen-9/alumex/
https://compassgrill.co.il/outdoor-kitchen-9/alumex/?sort=price&order=DESC,404/410/soft 404,Redirect 301 to https://compassgrill.co.il/outdoor-kitchen-9/alumex/,https://compassgrill.co.il/outdoor-kitchen-9/alumex/
https://compassgrill.co.il/smoker-tandoor/מנגל-פחמים-ומנגל-לשיפודים/charcoal-grill-with-legs-for-8-skewers-foldable-with-bag/?category_id=36001,parameters,Canonical,https://compassgrill.co.il/smoker-tandoor/מנגל-פחמים-ומנגל-לשיפודים/charcoal-grill-with-legs-for-8-skewers-foldable-with-bag/
https://compassgrill.co.il/smoker-tandoor/מנגל-פחמים-ומנגל-לשיפודים/charcoal-grill-with-legs-for-8-skewers-foldable-with-bag/?category_id=36001,404/410/soft 404,Redirect 301 to https://compassgrill.co.il/smoker-tandoor/מנגל-פחמים-ומנגל-לשיפודים/charcoal-grill-with-legs-for-8-skewers-foldable-with-bag/,https://compassgrill.co.il/smoker-tandoor/מנגל-פחמים-ומנגל-לשיפודים/charcoal-grill-with-legs-for-8-skewers-foldable-with-bag/
https://compassgrill.co.il/oak-wood-for-smoking/hs-austrian-wood-brick/?sort=p.model&order=ASC,parameters,Noindex,https://compassgrill.co.il/oak-wood-for-smoking/hs-austrian-wood-brick/
https://compassgrill.co.il/oak-wood-for-smoking/hs-austrian-wood-brick/?sort=p.model&order=ASC,404/410/soft 404,Redirect 301 to https://compassgrill.co.il/oak-wood-for-smoking/hs-austrian-wood-brick/,https://compassgrill.co.il/oak-wood-for-smoking/hs-austrian-wood-brick/
https://compassgrill.co.il/eitan-meat-eilat/בשר-טרי/feedlot-angus-sirloin-steak-1/?category_id=125606&sort=p.model&order=ASC,parameters,Noindex,https://compassgrill.co.il/eitan-meat-eilat/בשר-טרי/feedlot-angus-sirloin-steak-1/
https://compassgrill.co.il/eitan-meat-eilat/בשר-טרי/feedlot-angus-sirloin-steak-1/?category_id=125606&sort=p.model&order=ASC,duplicate,Redirect 301,https://compassgrill.co.il/eitan-meat-eilat/בשר-טרי/feedlot-angus-sirloin-steak-1/
https://compassgrill.co.il/eitan-meat-eilat/בשר-טרי/feedlot-angus-sirloin-steak-1/?category_id=125606&sort=p.model&order=ASC,404/410/soft 404,Redirect 301 to https://compassgrill.co.il/eitan-meat-eilat/בשר-טרי/feedlot-angus-sirloin-steak-1/,https://compassgrill.co.il/eitan-meat-eilat/בשר-טרי/feedlot-angus-sirloin-steak-1/
https://compassgrill.co.il/wood-chips-and-chunks-for-smoking/pecan-wood-chunks/,404/410/soft 404,Redirect 301 to https://compassgrill.co.il/wood-chips-and-chunks-for-smoking/pecan-wood-chunks/,https://compassgrill.co.il/wood-chips-and-chunks-for-smoking/pecan-wood-chunks/
https://compassgrill.co.il/skome-woods/pecan-wood-chips/,404/410/soft 404,Redirect 301 to https://compassgrill.co.il/skome-woods/pecan-wood-chips/,https://compassgrill.co.il/skome-woods/pecan-wood-chips/
https://compassgrill.co.il/eitan-meat-2/fresh-beef/fattened-angus-entrecote-sliced-pairs/?sort=p.model&order=DESC,parameters,Noindex,https://compassgrill.co.il/eitan-meat-2/fresh-beef/fattened-angus-entrecote-sliced-pairs/
https://compassgrill.co.il/eitan-meat-2/fresh-beef/fattened-angus-entrecote-sliced-pairs/?sort=p.model&order=DESC,404/410/soft 404,Redirect 301 to https://compassgrill.co.il/eitan-meat-2/fresh-beef/fattened-angus-entrecote-sliced-pairs/,https://compassgrill.co.il/eitan-meat-2/fresh-beef/fattened-angus-entrecote-sliced-pairs/
https://compassgrill.co.il/eitan-meat-2/fresh-beef/fattened-angus-entrecote-sliced-pairs/?sort=rating&order=DESC,parameters,Noindex,https://compassgrill.co.il/eitan-meat-2/fresh-beef/fattened-angus-entrecote-sliced-pairs/
https://compassgrill.co.il/eitan-meat-2/fresh-beef/fattened-angus-entrecote-sliced-pairs/?sort=rating&order=DESC,404/410/soft 404,Redirect 301 to https://compassgrill.co.il/eitan-meat-2/fresh-beef/fattened-angus-entrecote-sliced-pairs/,https://compassgrill.co.il/eitan-meat-2/fresh-beef/fattened-angus-entrecote-sliced-pairs/
https://compassgrill.co.il/skome-woods-chips/pecan-wood-chunks/,404/410/soft 404,Redirect 301 to https://compassgrill.co.il/skome-woods-chips/pecan-wood-chunks/,https://compassgrill.co.il/skome-woods-chips/pecan-wood-chunks/
https://compassgrill.co.il/eitan-meat-2/fresh-beef/fattened-angus-entrecote-sliced-pairs/?category_id=66835,parameters,Canonical,https://compassgrill.co.il/eitan-meat-2/fresh-beef/fattened-angus-entrecote-sliced-pairs/
https://compassgrill.co.il/eitan-meat-2/fresh-beef/fattened-angus-entrecote-sliced-pairs/?category_id=66835,404/410/soft 404,Redirect 301 to https://compassgrill.co.il/eitan-meat-2/fresh-beef/fattened-angus-entrecote-sliced-pairs/,https://compassgrill.co.il/eitan-meat-2/fresh-beef/fattened-angus-entrecote-sliced-pairs/
https://compassgrill.co.il/eitan-meat-2/fresh-beef/fattened-angus-entrecote-sliced-pairs/?sort=price&order=ASC,parameters,Noindex,https://compassgrill.co.il/eitan-meat-2/fresh-beef/fattened-angus-entrecote-sliced-pairs/
https://compassgrill.co.il/eitan-meat-2/fresh-beef/fattened-angus-entrecote-sliced-pairs/?sort=price&order=ASC,404/410/soft 404,Redirect 301 to https://compassgrill.co.il/eitan-meat-2/fresh-beef/fattened-angus-entrecote-sliced-pairs/,https://compassgrill.co.il/eitan-meat-2/fresh-beef/fattened-angus-entrecote-sliced-pairs/
https://compassgrill.co.il/brand/compass/leather-case-stainless-steel-skewers-2,duplicate,Redirect 301,https://compassgrill.co.il/brand/compass/leather-case-stainless-steel-skewers-2
https://compassgrill.co.il/brand/compass/leather-case-stainless-steel-skewers-2,404/410/soft 404,Redirect 301 to https://compassgrill.co.il/brand/compass/leather-case-stainless-steel-skewers-2,https://compassgrill.co.il/brand/compass/leather-case-stainless-steel-skewers-2
https://compassgrill.co.il/grill-smoker-accessories/compass-skewers/charcoal-grill-for-6-skewers-foldable-with-bag-1/?sort=p.model&order=ASC,parameters,Noindex,https://compassgrill.co.il/grill-smoker-accessories/compass-skewers/charcoal-grill-for-6-skewers-foldable-with-bag/
https://compassgrill.co.il/grill-smoker-accessories/compass-skewers/charcoal-grill-for-6-skewers-foldable-with-bag-1/?sort=p.model&order=ASC,duplicate,Redirect 301,https://compassgrill.co.il/grill-smoker-accessories/compass-skewers/charcoal-grill-for-6-skewers-foldable-with-bag/
https://compassgrill.co.il/grill-smoker-accessories/compass-skewers/charcoal-grill-for-6-skewers-foldable-with-bag-1/?sort=p.model&order=ASC,404/410/soft 404,Redirect 301 to https://compassgrill.co.il/grill-smoker-accessories/compass-skewers/charcoal-grill-for-6-skewers-foldable-with-bag/,https://compassgrill.co.il/grill-smoker-accessories/compass-skewers/charcoal-grill-for-6-skewers-foldable-with-bag/
https://compassgrill.co.il/eitan-meat-2/fresh-beef/denver-steak-fl-sliced-vacuum-packed-300g/?category_id=66835,parameters,Canonical,https://compassgrill.co.il/eitan-meat-2/fresh-beef/denver-steak-fl-sliced-vacuum-packed-300g/
https://compassgrill.co.il/eitan-meat-2/fresh-beef/denver-steak-fl-sliced-vacuum-packed-300g/?category_id=66835,404/410/soft 404,Redirect 301 to https://compassgrill.co.il/eitan-meat-2/fresh-beef/denver-steak-fl-sliced-vacuum-packed-300g/,https://compassgrill.co.il/eitan-meat-2/fresh-beef/denver-steak-fl-sliced-vacuum-packed-300g/
https://compassgrill.co.il/eitan-meat-2/fresh-beef/feedlot-angus-sirloin-steak/,404/410/soft 404,Redirect 301 to https://compassgrill.co.il/eitan-meat-2/fresh-beef/feedlot-angus-sirloin-steak/,https://compassgrill.co.il/eitan-meat-2/fresh-beef/feedlot-angus-sirloin-steak/
https://compassgrill.co.il/eitan-meat-2/frozen-meat/angus-fl-boneless-assaado-snacks-500g/?sort=price&order=ASC,parameters,Noindex,https://compassgrill.co.il/eitan-meat-2/frozen-meat/angus-fl-boneless-assaado-snacks-500g/
https://compassgrill.co.il/eitan-meat-2/frozen-meat/angus-fl-boneless-assaado-snacks-500g/?sort=price&order=ASC,404/410/soft 404,Redirect 301 to https://compassgrill.co.il/eitan-meat-2/frozen-meat/angus-fl-boneless-assaado-snacks-500g/,https://compassgrill.co.il/eitan-meat-2/frozen-meat/angus-fl-boneless-assaado-snacks-500g/
https://compassgrill.co.il/sous-vide/vacuum-grooved-bags-size-20x30/,404/410/soft 404,Redirect 301 to https://compassgrill.co.il/sous-vide/vacuum-grooved-bags-size-20x30/,https://compassgrill.co.il/sous-vide/vacuum-grooved-bags-size-20x30/
https://compassgrill.co.il/grill-smoker-accessories/compass-skewers/charcoal-grill-for-6-skewers-foldable-with-bag-1/?sort=pd.name&order=ASC,parameters,Noindex,https://compassgrill.co.il/grill-smoker-accessories/compass-skewers/charcoal-grill-for-6-skewers-foldable-with-bag/
https://compassgrill.co.il/grill-smoker-accessories/compass-skewers/charcoal-grill-for-6-skewers-foldable-with-bag-1/?sort=pd.name&order=ASC,duplicate,Redirect 301,https://compassgrill.co.il/grill-smoker-accessories/compass-skewers/charcoal-grill-for-6-skewers-foldable-with-bag/
https://compassgrill.co.il/grill-smoker-accessories/compass-skewers/charcoal-grill-for-6-skewers-foldable-with-bag-1/?sort=pd.name&order=ASC,404/410/soft 404,Redirect 301 to https://compassgrill.co.il/grill-smoker-accessories/compass-skewers/charcoal-grill-for-6-skewers-foldable-with-bag/,https://compassgrill.co.il/grill-smoker-accessories/compass-skewers/charcoal-grill-for-6-skewers-foldable-with-bag/
https://compassgrill.co.il/brand/compass/pecan-wood-chunks,404/410/soft 404,Redirect 301 to https://compassgrill.co.il/brand/compass/pecan-wood-chunks,https://compassgrill.co.il/brand/compass/pecan-wood-chunks
https://compassgrill.co.il/eitan-meat-2/chicken-steak-teriyaki-1kg/?category_id=66834,parameters,Canonical,https://compassgrill.co.il/eitan-meat-2/chicken-steak-teriyaki-1kg/
https://compassgrill.co.il/eitan-meat-2/chicken-steak-teriyaki-1kg/?category_id=66834,404/410/soft 404,Redirect 301 to https://compassgrill.co.il/eitan-meat-2/chicken-steak-teriyaki-1kg/,https://compassgrill.co.il/eitan-meat-2/chicken-steak-teriyaki-1kg/
https://compassgrill.co.il/tandoor-products-and-accessories/brass-brush-for-pizza-oven/?sort=price&order=ASC,parameters,Noindex,https://compassgrill.co.il/tandoor-products-and-accessories/brass-brush-for-pizza-oven/
https://compassgrill.co.il/tandoor-products-and-accessories/brass-brush-for-pizza-oven/?sort=price&order=ASC,404/410/soft 404,Redirect 301 to https://compassgrill.co.il/tandoor-products-and-accessories/brass-brush-for-pizza-oven/,https://compassgrill.co.il/tandoor-products-and-accessories/brass-brush-for-pizza-oven/
https://compassgrill.co.il/eitan-meat-eilat/בשר-טרי/fresh-angus-sirloin-halved-2kg-1/?category_id=125606&sort=p.model&order=DESC,parameters,Noindex,https://compassgrill.co.il/eitan-meat-eilat/בשר-טרי/fresh-angus-sirloin-halved-2kg/
https://compassgrill.co.il/eitan-meat-eilat/בשר-טרי/fresh-angus-sirloin-halved-2kg-1/?category_id=125606&sort=p.model&order=DESC,duplicate,Redirect 301,https://compassgrill.co.il/eitan-meat-eilat/בשר-טרי/fresh-angus-sirloin-halved-2kg/
https://compassgrill.co.il/eitan-meat-eilat/בשר-טרי/fresh-angus-sirloin-halved-2kg-1/?category_id=125606&sort=p.model&order=DESC,404/410/soft 404,Redirect 301 to https://compassgrill.co.il/eitan-meat-eilat/בשר-טרי/fresh-angus-sirloin-halved-2kg/,https://compassgrill.co.il/eitan-meat-eilat/בשר-טרי/fresh-angus-sirloin-halved-2kg/
https://compassgrill.co.il/smoker-tandoor/pro-1600/?sort=rating&order=ASC,parameters,Noindex,https://compassgrill.co.il/smoker-tandoor/pro-1600/
https://compassgrill.co.il/smoker-tandoor/pro-1600/?sort=rating&order=ASC,404/410/soft 404,Redirect 301 to https://compassgrill.co.il/smoker-tandoor/pro-1600/,https://compassgrill.co.il/smoker-tandoor/pro-1600/
https://compassgrill.co.il/skome-woods-chips/cherry-wood-chips/?sort=price&order=DESC,parameters,Noindex,https://compassgrill.co.il/skome-woods-chips/cherry-wood-chips/
https://compassgrill.co.il/skome-woods-chips/cherry-wood-chips/?sort=price&order=DESC,404/410/soft 404,Redirect 301 to https://compassgrill.co.il/skome-woods-chips/cherry-wood-chips/,https://compassgrill.co.il/skome-woods-chips/cherry-wood-chips/
https://compassgrill.co.il/charcoal-grill-for-6-skewers-foldable-with-bag-1/,duplicate,Redirect 301,https://compassgrill.co.il/charcoal-grill-for-6-skewers-foldable-with-bag/
https://compassgrill.co.il/charcoal-grill-for-6-skewers-foldable-with-bag-1/,404/410/soft 404,Redirect 301 to https://compassgrill.co.il/charcoal-grill-for-6-skewers-foldable-with-bag/,https://compassgrill.co.il/charcoal-grill-for-6-skewers-foldable-with-bag/
https://compassgrill.co.il/brand/compass/שיפודי-נירוסטה-יוקרתיים-עם-ידית-ברונזה-מארז-עור-פרימיום-copy-0/,duplicate,Redirect 301,https://compassgrill.co.il/brand/compass/שיפודי-נירוסטה-יוקרתיים-עם-ידית-ברונזה-מארז-עור-פרימיום-copy-0/
https://compassgrill.co.il/brand/compass/שיפודי-נירוסטה-יוקרתיים-עם-ידית-ברונזה-מארז-עור-פרימיום-copy-0/,404/410/soft 404,Redirect 301 to https://compassgrill.co.il/brand/compass/שיפודי-נירוסטה-יוקרתיים-עם-ידית-ברונזה-מארז-עור-פרימיום-copy-0/,https://compassgrill.co.il/brand/compass/שיפודי-נירוסטה-יוקרתיים-עם-ידית-ברונזה-מארז-עור-פרימיום-copy-0/
https://compassgrill.co.il/grill-smoker-accessories/שיפודי-נירוסטה-יוקרתיים-עם-ידית-ברונזה-מארז-עור-פרימיום-copy-0/,duplicate,Redirect 301,https://compassgrill.co.il/grill-smoker-accessories/שיפודי-נירוסטה-יוקרתיים-עם-ידית-ברונזה-מארז-עור-פרימיום-copy-0/
https://compassgrill.co.il/grill-smoker-accessories/שיפודי-נירוסטה-יוקרתיים-עם-ידית-ברונזה-מארז-עור-פרימיום-copy-0/,404/410/soft 404,Redirect 301 to https://compassgrill.co.il/grill-smoker-accessories/שיפודי-נירוסטה-יוקרתיים-עם-ידית-ברונזה-מארז-עור-פרימיום-copy-0/,https://compassgrill.co.il/grill-smoker-accessories/שיפודי-נירוסטה-יוקרתיים-עם-ידית-ברונזה-מארז-עור-פרימיום-copy-0/
https://compassgrill.co.il/tandoor-products-and-accessories/premium-italian-basalte-firebrick-30x30/?sort=price&order=DESC,parameters,Noindex,https://compassgrill.co.il/tandoor-products-and-accessories/premium-italian-basalte-firebrick-30x30/
https://compassgrill.co.il/tandoor-products-and-accessories/premium-italian-basalte-firebrick-30x30/?sort=price&order=DESC,404/410/soft 404,Redirect 301 to https://compassgrill.co.il/tandoor-products-and-accessories/premium-italian-basalte-firebrick-30x30/,https://compassgrill.co.il/tandoor-products-and-accessories/premium-italian-basalte-firebrick-30x30/
https://compassgrill.co.il/eitan-meat-eilat/בשר-טרי/,404/410/soft 404,Redirect 301 to https://compassgrill.co.il/eitan-meat-eilat/בשר-טרי/,https://compassgrill.co.il/eitan-meat-eilat/בשר-טרי/
https://compassgrill.co.il/eitan-meat-2/fresh-beef/premium-certified-entrecote-pairs-vacuum-packed-500g/?sort=pd.name&order=DESC,parameters,Noindex,https://compassgrill.co.il/eitan-meat-2/fresh-beef/premium-certified-entrecote-pairs-vacuum-packed-500g/
https://compassgrill.co.il/eitan-meat-2/fresh-beef/premium-certified-entrecote-pairs-vacuum-packed-500g/?sort=pd.name&order=DESC,404/410/soft 404,Redirect 301 to https://compassgrill.co.il/eitan-meat-2/fresh-beef/premium-certified-entrecote-pairs-vacuum-packed-500g/,https://compassgrill.co.il/eitan-meat-2/fresh-beef/premium-certified-entrecote-pairs-vacuum-packed-500g/
https://compassgrill.co.il/outdoor-kitchen-9/alumex/?sort=p.model&order=DESC,parameters,Noindex,https://compassgrill.co.il/outdoor-kitchen-9/alumex/
https://compassgrill.co.il/outdoor-kitchen-9/alumex/?sort=p.model&order=DESC,404/410/soft 404,Redirect 301 to https://compassgrill.co.il/outdoor-kitchen-9/alumex/,https://compassgrill.co.il/outdoor-kitchen-9/alumex/
https://compassgrill.co.il/eitan-meat-2/poultry-3/כבד-אווז-קפוא-ארוז-פרימיום-copy-0/?category_id=105748,parameters,Canonical,https://compassgrill.co.il/eitan-meat-2/poultry-3/כבד-אווז-קפוא-ארוז-פרימיום-copy-0/
https://compassgrill.co.il/eitan-meat-2/poultry-3/כבד-אווז-קפוא-ארוז-פרימיום-copy-0/?category_id=105748,duplicate,Redirect 301,https://compassgrill.co.il/eitan-meat-2/poultry-3/כבד-אווז-קפוא-ארוז-פרימיום-copy-0/
https://compassgrill.co.il/eitan-meat-2/poultry-3/כבד-אווז-קפוא-ארוז-פרימיום-copy-0/?category_id=105748,404/410/soft 404,Redirect 301 to https://compassgrill.co.il/eitan-meat-2/poultry-3/כבד-אווז-קפוא-ארוז-פרימיום-copy-0/,https://compassgrill.co.il/eitan-meat-2/poultry-3/כבד-אווז-קפוא-ארוז-פרימיום-copy-0/
https://compassgrill.co.il/eitan-meat-2/frozen-meat/כבד-אווז-קפוא-ארוז-פרימיום-copy-0/,duplicate,Redirect 301,https://compassgrill.co.il/eitan-meat-2/frozen-meat/כבד-אווז-קפוא-ארוז-פרימיום-copy-0/
https://compassgrill.co.il/eitan-meat-2/frozen-meat/כבד-אווז-קפוא-ארוז-פרימיום-copy-0/,404/410/soft 404,Redirect 301 to https://compassgrill.co.il/eitan-meat-2/frozen-meat/כבד-אווז-קפוא-ארוז-פרימיום-copy-0/,https://compassgrill.co.il/eitan-meat-2/frozen-meat/כבד-אווז-קפוא-ארוז-פרימיום-copy-0/
https://compassgrill.co.il/tandoor-products-and-accessories/premium-italian-basalte-firebrick-30x30/?sort=rating&order=DESC,parameters,Noindex,https://compassgrill.co.il/tandoor-products-and-accessories/premium-italian-basalte-firebrick-30x30/
https://compassgrill.co.il/tandoor-products-and-accessories/premium-italian-basalte-firebrick-30x30/?sort=rating&order=DESC,404/410/soft 404,Redirect 301 to https://compassgrill.co.il/tandoor-products-and-accessories/premium-italian-basalte-firebrick-30x30/,https://compassgrill.co.il/tandoor-products-and-accessories/premium-italian-basalte-firebrick-30x30/
https://compassgrill.co.il/eitan-meat-2/poultry-3/כבד-אווז-קפוא-ארוז-פרימיום-copy-0/?sort=price&order=ASC,parameters,Noindex,https://compassgrill.co.il/eitan-meat-2/poultry-3/כבד-אווז-קפוא-ארוז-פרימיום-copy-0/
https://compassgrill.co.il/eitan-meat-2/poultry-3/כבד-אווז-קפוא-ארוז-פרימיום-copy-0/?sort=price&order=ASC,duplicate,Redirect 301,https://compassgrill.co.il/eitan-meat-2/poultry-3/כבד-אווז-קפוא-ארוז-פרימיום-copy-0/
https://compassgrill.co.il/eitan-meat-2/poultry-3/כבד-אווז-קפוא-ארוז-פרימיום-copy-0/?sort=price&order=ASC,404/410/soft 404,Redirect 301 to https://compassgrill.co.il/eitan-meat-2/poultry-3/כבד-אווז-קפוא-ארוז-פרימיום-copy-0/,https://compassgrill.co.il/eitan-meat-2/poultry-3/כבד-אווז-קפוא-ארוז-פרימיום-copy-0/
https://compassgrill.co.il/smoker-tandoor/שיפודי-נירוסטה-יוקרתיים-עם-ידית-ברונזה-מארז-עור-פרימיום-1/,duplicate,Redirect 301,https://compassgrill.co.il/smoker-tandoor/שיפודי-נירוסטה-יוקרתיים-עם-ידית-ברונזה-מארז-עור-פרימיום-1/
https://compassgrill.co.il/smoker-tandoor/שיפודי-נירוסטה-יוקרתיים-עם-ידית-ברונזה-מארז-עור-פרימיום-1/,404/410/soft 404,Redirect 301 to https://compassgrill.co.il/smoker-tandoor/שיפודי-נירוסטה-יוקרתיים-עם-ידית-ברונזה-מארז-עור-פרימיום-1/,https://compassgrill.co.il/smoker-tandoor/שיפודי-נירוסטה-יוקרתיים-עם-ידית-ברונזה-מארז-עור-פרימיום-1/
https://compassgrill.co.il/grill-smoker-accessories/compass-skewers/charcoal-grill-for-6-skewers-foldable-with-bag-1/?sort=price&order=DESC,parameters,Noindex,https://compassgrill.co.il/grill-smoker-accessories/compass-skewers/charcoal-grill-for-6-skewers-foldable-with-bag/
https://compassgrill.co.il/grill-smoker-accessories/compass-skewers/charcoal-grill-for-6-skewers-foldable-with-bag-1/?sort=price&order=DESC,duplicate,Redirect 301,https://compassgrill.co.il/grill-smoker-accessories/compass-skewers/charcoal-grill-for-6-skewers-foldable-with-bag/
https://compassgrill.co.il/grill-smoker-accessories/compass-skewers/charcoal-grill-for-6-skewers-foldable-with-bag-1/?sort=price&order=DESC,404/410/soft 404,Redirect 301 to https://compassgrill.co.il/grill-smoker-accessories/compass-skewers/charcoal-grill-for-6-skewers-foldable-with-bag/,https://compassgrill.co.il/grill-smoker-accessories/compass-skewers/charcoal-grill-for-6-skewers-foldable-with-bag/
https://compassgrill.co.il/eitan-meat-2/fresh-beef/black-angus-feedlot-shoulder-roast-no-5-2kg/?sort=rating&order=ASC,parameters,Noindex,https://compassgrill.co.il/eitan-meat-2/fresh-beef/black-angus-feedlot-shoulder-roast-no-5-2kg/
https://compassgrill.co.il/eitan-meat-2/fresh-beef/black-angus-feedlot-shoulder-roast-no-5-2kg/?sort=rating&order=ASC,404/410/soft 404,Redirect 301 to https://compassgrill.co.il/eitan-meat-2/fresh-beef/black-angus-feedlot-shoulder-roast-no-5-2kg/,https://compassgrill.co.il/eitan-meat-2/fresh-beef/black-angus-feedlot-shoulder-roast-no-5-2kg/
https://compassgrill.co.il/tandoor-products-and-accessories/dough-working-board/?sort=price&order=DESC,parameters,Noindex,https://compassgrill.co.il/tandoor-products-and-accessories/dough-working-board/
https://compassgrill.co.il/tandoor-products-and-accessories/dough-working-board/?sort=price&order=DESC,404/410/soft 404,Redirect 301 to https://compassgrill.co.il/tandoor-products-and-accessories/dough-working-board/,https://compassgrill.co.il/tandoor-products-and-accessories/dough-working-board/
https://compassgrill.co.il/outdoor-kitchen-9/?sort=rating&order=ASC,parameters,Noindex,https://compassgrill.co.il/outdoor-kitchen-9/
https://compassgrill.co.il/outdoor-kitchen-9/?sort=rating&order=ASC,404/410/soft 404,Redirect 301 to https://compassgrill.co.il/outdoor-kitchen-9/,https://compassgrill.co.il/outdoor-kitchen-9/
https://compassgrill.co.il/premium-side-pole-parasol-3x3/,404/410/soft 404,Redirect 301 to https://compassgrill.co.il/premium-side-pole-parasol-3x3/,https://compassgrill.co.il/premium-side-pole-parasol-3x3/
https://compassgrill.co.il/brand/compass/leather-case-stainless-steel-skewers-2/,duplicate,Redirect 301,https://compassgrill.co.il/brand/compass/leather-case-stainless-steel-skewers-2/
https://compassgrill.co.il/brand/compass/leather-case-stainless-steel-skewers-2/,404/410/soft 404,Redirect 301 to https://compassgrill.co.il/brand/compass/leather-case-stainless-steel-skewers-2/,https://compassgrill.co.il/brand/compass/leather-case-stainless-steel-skewers-2/
https://compassgrill.co.il/6-pcs-flat-stainless-steel-skewers-for-meat-poultry-vegetables-700x3x20-1/,duplicate,Redirect 301,https://compassgrill.co.il/6-pcs-flat-stainless-steel-skewers-for-meat-poultry-vegetables-700x3x20-1/
https://compassgrill.co.il/6-pcs-flat-stainless-steel-skewers-for-meat-poultry-vegetables-700x3x20-1/,404/410/soft 404,Redirect 301 to https://compassgrill.co.il/6-pcs-flat-stainless-steel-skewers-for-meat-poultry-vegetables-700x3x20-1/,https://compassgrill.co.il/6-pcs-flat-stainless-steel-skewers-for-meat-poultry-vegetables-700x3x20-1/
https://compassgrill.co.il/eitan-meat-eilat/בשר-טרי/angus-assado-boneless-feedlot-2-5kg-1/?sort=rating&order=DESC,parameters,Noindex,https://compassgrill.co.il/eitan-meat-eilat/בשר-טרי/angus-assado-boneless-feedlot-2-5kg/
https://compassgrill.co.il/eitan-meat-eilat/בשר-טרי/angus-assado-boneless-feedlot-2-5kg-1/?sort=rating&order=DESC,duplicate,Redirect 301,https://compassgrill.co.il/eitan-meat-eilat/בשר-טרי/angus-assado-boneless-feedlot-2-5kg/
https://compassgrill.co.il/eitan-meat-eilat/בשר-טרי/angus-assado-boneless-feedlot-2-5kg-1/?sort=rating&order=DESC,404/410/soft 404,Redirect 301 to https://compassgrill.co.il/eitan-meat-eilat/בשר-טרי/angus-assado-boneless-feedlot-2-5kg/,https://compassgrill.co.il/eitan-meat-eilat/בשר-טרי/angus-assado-boneless-feedlot-2-5kg/
https://compassgrill.co.il/gas-grill-smokers-tandoor/pro-1600/?category_id=97701,parameters,Canonical,https://compassgrill.co.il/gas-grill-smokers-tandoor/pro-1600/
https://compassgrill.co.il/gas-grill-smokers-tandoor/pro-1600/?category_id=97701,404/410/soft 404,Redirect 301 to https://compassgrill.co.il/gas-grill-smokers-tandoor/pro-1600/,https://compassgrill.co.il/gas-grill-smokers-tandoor/pro-1600/
https://compassgrill.co.il/בשר-טרי/?sort=pd.name&order=DESC,parameters,Noindex,https://compassgrill.co.il/בשר-טרי/
https://compassgrill.co.il/בשר-טרי/?sort=pd.name&order=DESC,404/410/soft 404,Redirect 301 to https://compassgrill.co.il/בשר-טרי/,https://compassgrill.co.il/בשר-טרי/
https://compassgrill.co.il/eitan-meat-2/meat-vending-machine-24-7/,404/410/soft 404,Redirect 301 to https://compassgrill.co.il/eitan-meat-2/meat-vending-machine-24-7/,https://compassgrill.co.il/eitan-meat-2/meat-vending-machine-24-7/
https://compassgrill.co.il/grill-smoker-accessories/compass-skewers/6-pcs-flat-stainless-steel-skewers-for-meat-poultry-vegetables-700x3x20-1/,duplicate,Redirect 301,https://compassgrill.co.il/grill-smoker-accessories/compass-skewers/6-pcs-flat-stainless-steel-skewers-for-meat-poultry-vegetables-700x3x20-1/
https://compassgrill.co.il/grill-smoker-accessories/compass-skewers/6-pcs-flat-stainless-steel-skewers-for-meat-poultry-vegetables-700x3x20-1/,404/410/soft 404,Redirect 301 to https://compassgrill.co.il/grill-smoker-accessories/compass-skewers/6-pcs-flat-stainless-steel-skewers-for-meat-poultry-vegetables-700x3x20-1/,https://compassgrill.co.il/grill-smoker-accessories/compass-skewers/6-pcs-flat-stainless-steel-skewers-for-meat-poultry-vegetables-700x3x20-1/
https://compassgrill.co.il/tandoor-products-and-accessories/cozzepro17/?category_id=35145,parameters,Canonical,https://compassgrill.co.il/tandoor-products-and-accessories/cozzepro17/
https://compassgrill.co.il/tandoor-products-and-accessories/cozzepro17/?category_id=35145,404/410/soft 404,Redirect 301 to https://compassgrill.co.il/tandoor-products-and-accessories/cozzepro17/,https://compassgrill.co.il/tandoor-products-and-accessories/cozzepro17/
https://compassgrill.co.il/grill-smoker-accessories/שיפודי-נירוסטה-יוקרתיים-עם-ידית-ברונזה-מארז-עור-פרימיום-1/,duplicate,Redirect 301,https://compassgrill.co.il/grill-smoker-accessories/שיפודי-נירוסטה-יוקרתיים-עם-ידית-ברונזה-מארז-עור-פרימיום-1/
https://compassgrill.co.il/grill-smoker-accessories/שיפודי-נירוסטה-יוקרתיים-עם-ידית-ברונזה-מארז-עור-פרימיום-1/,404/410/soft 404,Redirect 301 to https://compassgrill.co.il/grill-smoker-accessories/שיפודי-נירוסטה-יוקרתיים-עם-ידית-ברונזה-מארז-עור-פרימיום-1/,https://compassgrill.co.il/grill-smoker-accessories/שיפודי-נירוסטה-יוקרתיים-עם-ידית-ברונזה-מארז-עור-פרימיום-1/
https://compassgrill.co.il/brand/gorilla-grill/רשת-רולדה-מידה-16-אורך-50-מטר/,404/410/soft 404,Redirect 301 to https://compassgrill.co.il/brand/gorilla-grill/רשת-רולדה-מידה-16-אורך-50-מטר/,https://compassgrill.co.il/brand/gorilla-grill/רשת-רולדה-מידה-16-אורך-50-מטר/
https://compassgrill.co.il/eitan-meat-2/frozen-meat/sorted-brain-bones-sliced-6-8-pcs/?sort=rating&order=ASC,parameters,Noindex,https://compassgrill.co.il/eitan-meat-2/frozen-meat/sorted-brain-bones-sliced-6-8-pcs/
https://compassgrill.co.il/eitan-meat-2/frozen-meat/sorted-brain-bones-sliced-6-8-pcs/?sort=rating&order=ASC,404/410/soft 404,Redirect 301 to https://compassgrill.co.il/eitan-meat-2/frozen-meat/sorted-brain-bones-sliced-6-8-pcs/,https://compassgrill.co.il/eitan-meat-2/frozen-meat/sorted-brain-bones-sliced-6-8-pcs/
https://compassgrill.co.il/eitan-meat-2/stuffed-spleen-4-pcs-vacuum-packed/?sort=p.model&order=ASC,parameters,Noindex,https://compassgrill.co.il/eitan-meat-2/stuffed-spleen-4-pcs-vacuum-packed/
https://compassgrill.co.il/eitan-meat-2/stuffed-spleen-4-pcs-vacuum-packed/?sort=p.model&order=ASC,404/410/soft 404,Redirect 301 to https://compassgrill.co.il/eitan-meat-2/stuffed-spleen-4-pcs-vacuum-packed/,https://compassgrill.co.il/eitan-meat-2/stuffed-spleen-4-pcs-vacuum-packed/
https://compassgrill.co.il/eitan-meat-2/frozen-meat/stuffed-spleen-4-pcs-vacuum-packed/?category_id=66836&sort=price&order=DESC,parameters,Noindex,https://compassgrill.co.il/eitan-meat-2/frozen-meat/stuffed-spleen-4-pcs-vacuum-packed/
https://compassgrill.co.il/eitan-meat-2/frozen-meat/stuffed-spleen-4-pcs-vacuum-packed/?category_id=66836&sort=price&order=DESC,404/410/soft 404,Redirect 301 to https://compassgrill.co.il/eitan-meat-2/frozen-meat/stuffed-spleen-4-pcs-vacuum-packed/,https://compassgrill.co.il/eitan-meat-2/frozen-meat/stuffed-spleen-4-pcs-vacuum-packed/
https://compassgrill.co.il/eitan-meat-eilat/בשר-טרי/argentina-beef-6-1/?sort=rating&order=DESC,parameters,Noindex,https://compassgrill.co.il/eitan-meat-eilat/בשר-טרי/argentina-beef-6/
https://compassgrill.co.il/eitan-meat-eilat/בשר-טרי/argentina-beef-6-1/?sort=rating&order=DESC,duplicate,Redirect 301,https://compassgrill.co.il/eitan-meat-eilat/בשר-טרי/argentina-beef-6/
https://compassgrill.co.il/eitan-meat-eilat/בשר-טרי/argentina-beef-6-1/?sort=rating&order=DESC,404/410/soft 404,Redirect 301 to https://compassgrill.co.il/eitan-meat-eilat/בשר-טרי/argentina-beef-6/,https://compassgrill.co.il/eitan-meat-eilat/בשר-טרי/argentina-beef-6/
https://compassgrill.co.il/tandoor-products-and-accessories/dough-working-board/?sort=p.model&order=DESC,parameters,Noindex,https://compassgrill.co.il/tandoor-products-and-accessories/dough-working-board/
https://compassgrill.co.il/tandoor-products-and-accessories/dough-working-board/?sort=p.model&order=DESC,404/410/soft 404,Redirect 301 to https://compassgrill.co.il/tandoor-products-and-accessories/dough-working-board/,https://compassgrill.co.il/tandoor-products-and-accessories/dough-working-board/
https://compassgrill.co.il/tandoor-products-and-accessories/mineral-firebrick-for-pizza/?sort=p.model&order=DESC,parameters,Noindex,https://compassgrill.co.il/tandoor-products-and-accessories/mineral-firebrick-for-pizza/
https://compassgrill.co.il/tandoor-products-and-accessories/mineral-firebrick-for-pizza/?sort=p.model&order=DESC,404/410/soft 404,Redirect 301 to https://compassgrill.co.il/tandoor-products-and-accessories/mineral-firebrick-for-pizza/,https://compassgrill.co.il/tandoor-products-and-accessories/mineral-firebrick-for-pizza/
https://compassgrill.co.il/gas-grill-smokers-tandoor/pro-1600/,404/410/soft 404,Redirect 301 to https://compassgrill.co.il/gas-grill-smokers-tandoor/pro-1600/,https://compassgrill.co.il/gas-grill-smokers-tandoor/pro-1600/
https://compassgrill.co.il/brand/compass/pecan-wood-chunks/,404/410/soft 404,Redirect 301 to https://compassgrill.co.il/brand/compass/pecan-wood-chunks/,https://compassgrill.co.il/brand/compass/pecan-wood-chunks/
https://compassgrill.co.il/בשר-טרי/?sort=rating&order=DESC,parameters,Noindex,https://compassgrill.co.il/בשר-טרי/
https://compassgrill.co.il/בשר-טרי/?sort=rating&order=DESC,404/410/soft 404,Redirect 301 to https://compassgrill.co.il/בשר-טרי/,https://compassgrill.co.il/בשר-טרי/
https://compassgrill.co.il/eitan-meat-2/frozen-meat/chicken-steak-teriyaki-1kg/?sort=price&order=ASC,parameters,Noindex,https://compassgrill.co.il/eitan-meat-2/frozen-meat/chicken-steak-teriyaki-1kg/
https://compassgrill.co.il/eitan-meat-2/frozen-meat/chicken-steak-teriyaki-1kg/?sort=price&order=ASC,404/410/soft 404,Redirect 301 to https://compassgrill.co.il/eitan-meat-2/frozen-meat/chicken-steak-teriyaki-1kg/,https://compassgrill.co.il/eitan-meat-2/frozen-meat/chicken-steak-teriyaki-1kg/
https://compassgrill.co.il/brand/pit-boss/pro-1600,404/410/soft 404,Redirect 301 to https://compassgrill.co.il/brand/pit-boss/pro-1600,https://compassgrill.co.il/brand/pit-boss/pro-1600
https://compassgrill.co.il/בשר-טרי/?sort=pd.name&order=ASC,parameters,Noindex,https://compassgrill.co.il/בשר-טרי/
https://compassgrill.co.il/בשר-טרי/?sort=pd.name&order=ASC,404/410/soft 404,Redirect 301 to https://compassgrill.co.il/בשר-טרי/,https://compassgrill.co.il/בשר-טרי/
https://compassgrill.co.il/tandoor-products-and-accessories/essenza-pizza-peel-34cm/?category_id=35145,parameters,Canonical,https://compassgrill.co.il/tandoor-products-and-accessories/essenza-pizza-peel-34cm/
https://compassgrill.co.il/tandoor-products-and-accessories/essenza-pizza-peel-34cm/?category_id=35145,404/410/soft 404,Redirect 301 to https://compassgrill.co.il/tandoor-products-and-accessories/essenza-pizza-peel-34cm/,https://compassgrill.co.il/tandoor-products-and-accessories/essenza-pizza-peel-34cm/
https://compassgrill.co.il/eitan-meat-2/frozen-ground-meat/?sort=p.model&order=ASC,parameters,Noindex,https://compassgrill.co.il/eitan-meat-2/frozen-ground-meat/
https://compassgrill.co.il/eitan-meat-2/frozen-ground-meat/?sort=p.model&order=ASC,404/410/soft 404,Redirect 301 to https://compassgrill.co.il/eitan-meat-2/frozen-ground-meat/,https://compassgrill.co.il/eitan-meat-2/frozen-ground-meat/
https://compassgrill.co.il/eitan-meat-2/veal-lamb-kebab-140g-6-pcs-pack/?category_id=66834&sort=p.sort_order&order=ASC,parameters,Noindex,https://compassgrill.co.il/eitan-meat-2/veal-lamb-kebab-140g-6-pcs-pack/
https://compassgrill.co.il/eitan-meat-2/veal-lamb-kebab-140g-6-pcs-pack/?category_id=66834&sort=p.sort_order&order=ASC,404/410/soft 404,Redirect 301 to https://compassgrill.co.il/eitan-meat-2/veal-lamb-kebab-140g-6-pcs-pack/,https://compassgrill.co.il/eitan-meat-2/veal-lamb-kebab-140g-6-pcs-pack/
https://compassgrill.co.il/eitan-meat-2/fresh-beef/premium-certified-entrecote-pairs-vacuum-packed-500g/?category_id=66835,parameters,Canonical,https://compassgrill.co.il/eitan-meat-2/fresh-beef/premium-certified-entrecote-pairs-vacuum-packed-500g/
https://compassgrill.co.il/eitan-meat-2/fresh-beef/premium-certified-entrecote-pairs-vacuum-packed-500g/?category_id=66835,404/410/soft 404,Redirect 301 to https://compassgrill.co.il/eitan-meat-2/fresh-beef/premium-certified-entrecote-pairs-vacuum-packed-500g/,https://compassgrill.co.il/eitan-meat-2/fresh-beef/premium-certified-entrecote-pairs-vacuum-packed-500g/
https://compassgrill.co.il/tandoor-products-and-accessories/rocker-pizza-cutter/,404/410/soft 404,Redirect 301 to https://compassgrill.co.il/tandoor-products-and-accessories/rocker-pizza-cutter/,https://compassgrill.co.il/tandoor-products-and-accessories/rocker-pizza-cutter/
https://compassgrill.co.il/gas-grills/גריל-גז-2-מבערים/גריל-גז-rogue-xt-365sib-il-שחור/?category_id=108373&sort=rating&order=DESC,parameters,Noindex,https://compassgrill.co.il/gas-grills/גריל-גז-2-מבערים/גריל-גז-rogue-xt-365sib-il-שחור/
https://compassgrill.co.il/gas-grills/גריל-גז-2-מבערים/גריל-גז-rogue-xt-365sib-il-שחור/?category_id=108373&sort=rating&order=DESC,404/410/soft 404,Redirect 301 to https://compassgrill.co.il/gas-grills/גריל-גז-2-מבערים/גריל-גז-rogue-xt-365sib-il-שחור/,https://compassgrill.co.il/gas-grills/גריל-גז-2-מבערים/גריל-גז-rogue-xt-365sib-il-שחור/
https://compassgrill.co.il/eitan-meat-2/frozen-meat/feedlot-butcher-steak/?sort=p.model&order=ASC,parameters,Noindex,https://compassgrill.co.il/eitan-meat-2/frozen-meat/feedlot-butcher-steak/
https://compassgrill.co.il/eitan-meat-2/frozen-meat/feedlot-butcher-steak/?sort=p.model&order=ASC,404/410/soft 404,Redirect 301 to https://compassgrill.co.il/eitan-meat-2/frozen-meat/feedlot-butcher-steak/,https://compassgrill.co.il/eitan-meat-2/frozen-meat/feedlot-butcher-steak/
https://compassgrill.co.il/grill-smoker-accessories/leather-case-stainless-steel-skewers-2/?sort=price&order=DESC,parameters,Noindex,https://compassgrill.co.il/grill-smoker-accessories/leather-case-stainless-steel-skewers/
https://compassgrill.co.il/grill-smoker-accessories/leather-case-stainless-steel-skewers-2/?sort=price&order=DESC,duplicate,Redirect 301,https://compassgrill.co.il/grill-smoker-accessories/leather-case-stainless-steel-skewers/
https://compassgrill.co.il/grill-smoker-accessories/leather-case-stainless-steel-skewers-2/?sort=price&order=DESC,404/410/soft 404,Redirect 301 to https://compassgrill.co.il/grill-smoker-accessories/leather-case-stainless-steel-skewers/,https://compassgrill.co.il/grill-smoker-accessories/leather-case-stainless-steel-skewers/
https://compassgrill.co.il/compass-skewers/leather-case-stainless-steel-skewers-2/,duplicate,Redirect 301,https://compassgrill.co.il/compass-skewers/leather-case-stainless-steel-skewers-2/
https://compassgrill.co.il/compass-skewers/leather-case-stainless-steel-skewers-2/,404/410/soft 404,Redirect 301 to https://compassgrill.co.il/compass-skewers/leather-case-stainless-steel-skewers-2/,https://compassgrill.co.il/compass-skewers/leather-case-stainless-steel-skewers-2/
https://compassgrill.co.il/eitan-meat-2/meat-vending-machine-24-7/seasoned-frozen-chicken-thigh-skewers-5pcs-automatic-meat-247/,404/410/soft 404,Redirect 301 to https://compassgrill.co.il/eitan-meat-2/meat-vending-machine-24-7/seasoned-frozen-chicken-thigh-skewers-5pcs-automatic-meat-247/,https://compassgrill.co.il/eitan-meat-2/meat-vending-machine-24-7/seasoned-frozen-chicken-thigh-skewers-5pcs-automatic-meat-247/
https://compassgrill.co.il/smoker-tandoor/grill-charcoal-abigail/?sort=p.sort_order&order=ASC,parameters,Noindex,https://compassgrill.co.il/smoker-tandoor/grill-charcoal-abigail/
https://compassgrill.co.il/smoker-tandoor/grill-charcoal-abigail/?sort=p.sort_order&order=ASC,404/410/soft 404,Redirect 301 to https://compassgrill.co.il/smoker-tandoor/grill-charcoal-abigail/,https://compassgrill.co.il/smoker-tandoor/grill-charcoal-abigail/
https://compassgrill.co.il/outdoor-kitchen-9/modular-outdoor-kitchens/גריל-גז-סיזר-nero-6-מבערים-יחידת-מקרר-וכיור-יוקרתית/,404/410/soft 404,Redirect 301 to https://compassgrill.co.il/outdoor-kitchen-9/modular-outdoor-kitchens/גריל-גז-סיזר-nero-6-מבערים-יחידת-מקרר-וכיור-יוקרתית/,https://compassgrill.co.il/outdoor-kitchen-9/modular-outdoor-kitchens/גריל-גז-סיזר-nero-6-מבערים-יחידת-מקרר-וכיור-יוקרתית/
https://compassgrill.co.il/eitan-meat-2/frozen-ground-meat/cinnamon-kebab-on-stick-55g-12-pcs-tray/?category_id=66897,parameters,Canonical,https://compassgrill.co.il/eitan-meat-2/frozen-ground-meat/cinnamon-kebab-on-stick-55g-12-pcs-tray/
https://compassgrill.co.il/eitan-meat-2/frozen-ground-meat/cinnamon-kebab-on-stick-55g-12-pcs-tray/?category_id=66897,404/410/soft 404,Redirect 301 to https://compassgrill.co.il/eitan-meat-2/frozen-ground-meat/cinnamon-kebab-on-stick-55g-12-pcs-tray/,https://compassgrill.co.il/eitan-meat-2/frozen-ground-meat/cinnamon-kebab-on-stick-55g-12-pcs-tray/
https://compassgrill.co.il/tandoor-products-and-accessories/dough-working-board/?sort=pd.name&order=DESC,parameters,Noindex,https://compassgrill.co.il/tandoor-products-and-accessories/dough-working-board/
https://compassgrill.co.il/tandoor-products-and-accessories/dough-working-board/?sort=pd.name&order=DESC,404/410/soft 404,Redirect 301 to https://compassgrill.co.il/tandoor-products-and-accessories/dough-working-board/,https://compassgrill.co.il/tandoor-products-and-accessories/dough-working-board/
https://compassgrill.co.il/eitan-meat-2/frozen-ground-meat/cinnamon-kebab-on-stick-55g-12-pcs-tray/?sort=pd.name&order=ASC,parameters,Noindex,https://compassgrill.co.il/eitan-meat-2/frozen-ground-meat/cinnamon-kebab-on-stick-55g-12-pcs-tray/
https://compassgrill.co.il/eitan-meat-2/frozen-ground-meat/cinnamon-kebab-on-stick-55g-12-pcs-tray/?sort=pd.name&order=ASC,404/410/soft 404,Redirect 301 to https://compassgrill.co.il/eitan-meat-2/frozen-ground-meat/cinnamon-kebab-on-stick-55g-12-pcs-tray/,https://compassgrill.co.il/eitan-meat-2/frozen-ground-meat/cinnamon-kebab-on-stick-55g-12-pcs-tray/
https://compassgrill.co.il/smoker-tandoor/grill-charcoal-abigail/?sort=p.model&order=DESC,parameters,Noindex,https://compassgrill.co.il/smoker-tandoor/grill-charcoal-abigail/
https://compassgrill.co.il/smoker-tandoor/grill-charcoal-abigail/?sort=p.model&order=DESC,404/410/soft 404,Redirect 301 to https://compassgrill.co.il/smoker-tandoor/grill-charcoal-abigail/,https://compassgrill.co.il/smoker-tandoor/grill-charcoal-abigail/
https://compassgrill.co.il/outdoor-kitchen-9/modular-outdoor-kitchens/classic-outdoor-kitchen-1/?sort=price&order=ASC,parameters,Noindex,https://compassgrill.co.il/outdoor-kitchen-9/modular-outdoor-kitchens/classic-outdoor-kitchen-1/
https://compassgrill.co.il/outdoor-kitchen-9/modular-outdoor-kitchens/classic-outdoor-kitchen-1/?sort=price&order=ASC,duplicate,Redirect 301,https://compassgrill.co.il/outdoor-kitchen-9/modular-outdoor-kitchens/classic-outdoor-kitchen-1/
https://compassgrill.co.il/outdoor-kitchen-9/modular-outdoor-kitchens/classic-outdoor-kitchen-1/?sort=price&order=ASC,404/410/soft 404,Redirect 301 to https://compassgrill.co.il/outdoor-kitchen-9/modular-outdoor-kitchens/classic-outdoor-kitchen-1/,https://compassgrill.co.il/outdoor-kitchen-9/modular-outdoor-kitchens/classic-outdoor-kitchen-1/
https://compassgrill.co.il/smoker-tandoor/grill-charcoal-abigail/?sort=pd.name&order=ASC,parameters,Noindex,https://compassgrill.co.il/smoker-tandoor/grill-charcoal-abigail/
https://compassgrill.co.il/smoker-tandoor/grill-charcoal-abigail/?sort=pd.name&order=ASC,404/410/soft 404,Redirect 301 to https://compassgrill.co.il/smoker-tandoor/grill-charcoal-abigail/,https://compassgrill.co.il/smoker-tandoor/grill-charcoal-abigail/
https://compassgrill.co.il/tandoor-products-and-accessories/mineral-firebrick-for-pizza/?sort=pd.name&order=DESC,parameters,Noindex,https://compassgrill.co.il/tandoor-products-and-accessories/mineral-firebrick-for-pizza/
https://compassgrill.co.il/tandoor-products-and-accessories/mineral-firebrick-for-pizza/?sort=pd.name&order=DESC,404/410/soft 404,Redirect 301 to https://compassgrill.co.il/tandoor-products-and-accessories/mineral-firebrick-for-pizza/,https://compassgrill.co.il/tandoor-products-and-accessories/mineral-firebrick-for-pizza/
https://compassgrill.co.il/smoker-tandoor/grill-charcoal-abigail/?sort=rating&order=ASC,parameters,Noindex,https://compassgrill.co.il/smoker-tandoor/grill-charcoal-abigail/
https://compassgrill.co.il/smoker-tandoor/grill-charcoal-abigail/?sort=rating&order=ASC,404/410/soft 404,Redirect 301 to https://compassgrill.co.il/smoker-tandoor/grill-charcoal-abigail/,https://compassgrill.co.il/smoker-tandoor/grill-charcoal-abigail/
https://compassgrill.co.il/smoker-tandoor/grill-charcoal-abigail/?sort=price&order=ASC,parameters,Noindex,https://compassgrill.co.il/smoker-tandoor/grill-charcoal-abigail/
https://compassgrill.co.il/smoker-tandoor/grill-charcoal-abigail/?sort=price&order=ASC,404/410/soft 404,Redirect 301 to https://compassgrill.co.il/smoker-tandoor/grill-charcoal-abigail/,https://compassgrill.co.il/smoker-tandoor/grill-charcoal-abigail/
https://compassgrill.co.il/grill-charcoal-abigail/?sort=p.sort_order&order=ASC,parameters,Noindex,https://compassgrill.co.il/grill-charcoal-abigail/
https://compassgrill.co.il/grill-charcoal-abigail/?sort=p.sort_order&order=ASC,404/410/soft 404,Redirect 301 to https://compassgrill.co.il/grill-charcoal-abigail/,https://compassgrill.co.il/grill-charcoal-abigail/
https://compassgrill.co.il/brand/giesser-1/tradition-chef-knife-20-26cm,404/410/soft 404,Redirect 301 to https://compassgrill.co.il/brand/giesser-1/tradition-chef-knife-20-26cm,https://compassgrill.co.il/brand/giesser-1/tradition-chef-knife-20-26cm
https://compassgrill.co.il/grill-charcoal-abigail/?sort=pd.name&order=DESC,parameters,Noindex,https://compassgrill.co.il/grill-charcoal-abigail/
https://compassgrill.co.il/grill-charcoal-abigail/?sort=pd.name&order=DESC,404/410/soft 404,Redirect 301 to https://compassgrill.co.il/grill-charcoal-abigail/,https://compassgrill.co.il/grill-charcoal-abigail/
https://compassgrill.co.il/grill-charcoal-abigail/?sort=p.model&order=DESC,parameters,Noindex,https://compassgrill.co.il/grill-charcoal-abigail/
https://compassgrill.co.il/grill-charcoal-abigail/?sort=p.model&order=DESC,404/410/soft 404,Redirect 301 to https://compassgrill.co.il/grill-charcoal-abigail/,https://compassgrill.co.il/grill-charcoal-abigail/
https://compassgrill.co.il/tandoor-products-and-accessories/dough-working-board/?sort=pd.name&order=ASC,parameters,Noindex,https://compassgrill.co.il/tandoor-products-and-accessories/dough-working-board/
https://compassgrill.co.il/tandoor-products-and-accessories/dough-working-board/?sort=pd.name&order=ASC,404/410/soft 404,Redirect 301 to https://compassgrill.co.il/tandoor-products-and-accessories/dough-working-board/,https://compassgrill.co.il/tandoor-products-and-accessories/dough-working-board/
https://compassgrill.co.il/בשר-טרי/?sort=p.sort_order&order=ASC,parameters,Noindex,https://compassgrill.co.il/בשר-טרי/
https://compassgrill.co.il/בשר-טרי/?sort=p.sort_order&order=ASC,404/410/soft 404,Redirect 301 to https://compassgrill.co.il/בשר-טרי/,https://compassgrill.co.il/בשר-טרי/
https://compassgrill.co.il/grill-charcoal-abigail/?sort=rating&order=DESC,parameters,Noindex,https://compassgrill.co.il/grill-charcoal-abigail/
https://compassgrill.co.il/grill-charcoal-abigail/?sort=rating&order=DESC,404/410/soft 404,Redirect 301 to https://compassgrill.co.il/grill-charcoal-abigail/,https://compassgrill.co.il/grill-charcoal-abigail/
https://compassgrill.co.il/grill-smoker-accessories/knives-and-accessories/giesser-knives/premiumcut-butcher-22/?sort=price&order=DESC,parameters,Noindex,https://compassgrill.co.il/grill-smoker-accessories/knives-and-accessories/giesser-knives/premiumcut-butcher-22/
https://compassgrill.co.il/grill-smoker-accessories/knives-and-accessories/giesser-knives/premiumcut-butcher-22/?sort=price&order=DESC,404/410/soft 404,Redirect 301 to https://compassgrill.co.il/grill-smoker-accessories/knives-and-accessories/giesser-knives/premiumcut-butcher-22/,https://compassgrill.co.il/grill-smoker-accessories/knives-and-accessories/giesser-knives/premiumcut-butcher-22/
https://compassgrill.co.il/מנגל-פחמים-ומנגל-לשיפודים/?sort=rating&order=ASC,parameters,Noindex,https://compassgrill.co.il/מנגל-פחמים-ומנגל-לשיפודים/
https://compassgrill.co.il/מנגל-פחמים-ומנגל-לשיפודים/?sort=rating&order=ASC,404/410/soft 404,Redirect 301 to https://compassgrill.co.il/מנגל-פחמים-ומנגל-לשיפודים/,https://compassgrill.co.il/מנגל-פחמים-ומנגל-לשיפודים/
https://compassgrill.co.il/fuel-wood-smoking-pellets-charcoal/pecan-wood-chunks/,404/410/soft 404,Redirect 301 to https://compassgrill.co.il/fuel-wood-smoking-pellets-charcoal/pecan-wood-chunks/,https://compassgrill.co.il/fuel-wood-smoking-pellets-charcoal/pecan-wood-chunks/
https://compassgrill.co.il/grill-charcoal-abigail/?sort=p.model&order=ASC,parameters,Noindex,https://compassgrill.co.il/grill-charcoal-abigail/
https://compassgrill.co.il/grill-charcoal-abigail/?sort=p.model&order=ASC,404/410/soft 404,Redirect 301 to https://compassgrill.co.il/grill-charcoal-abigail/,https://compassgrill.co.il/grill-charcoal-abigail/
https://compassgrill.co.il/eitan-meat-2/fresh-beef/אנטריקוט-פידלוט-בלאק-אנגוס-חצוי-טרי/?category_id=66835&sort=p.model&order=ASC,parameters,Noindex,https://compassgrill.co.il/eitan-meat-2/fresh-beef/אנטריקוט-פידלוט-בלאק-אנגוס-חצוי-טרי/
https://compassgrill.co.il/eitan-meat-2/fresh-beef/אנטריקוט-פידלוט-בלאק-אנגוס-חצוי-טרי/?category_id=66835&sort=p.model&order=ASC,404/410/soft 404,Redirect 301 to https://compassgrill.co.il/eitan-meat-2/fresh-beef/אנטריקוט-פידלוט-בלאק-אנגוס-חצוי-טרי/,https://compassgrill.co.il/eitan-meat-2/fresh-beef/אנטריקוט-פידלוט-בלאק-אנגוס-חצוי-טרי/
https://compassgrill.co.il/טאבונים-ומוצרים-לטאבונים/oak-trees-in-bags-for-smokers-tabons-fireplaces-and-heating-1/?sort=price&order=DESC,parameters,Noindex,https://compassgrill.co.il/טאבונים-ומוצרים-לטאבונים/oak-trees-in-bags-for-smokers-tabons-fireplaces-and-heating/
https://compassgrill.co.il/טאבונים-ומוצרים-לטאבונים/oak-trees-in-bags-for-smokers-tabons-fireplaces-and-heating-1/?sort=price&order=DESC,duplicate,Redirect 301,https://compassgrill.co.il/טאבונים-ומוצרים-לטאבונים/oak-trees-in-bags-for-smokers-tabons-fireplaces-and-heating/
https://compassgrill.co.il/טאבונים-ומוצרים-לטאבונים/oak-trees-in-bags-for-smokers-tabons-fireplaces-and-heating-1/?sort=price&order=DESC,404/410/soft 404,Redirect 301 to https://compassgrill.co.il/טאבונים-ומוצרים-לטאבונים/oak-trees-in-bags-for-smokers-tabons-fireplaces-and-heating/,https://compassgrill.co.il/טאבונים-ומוצרים-לטאבונים/oak-trees-in-bags-for-smokers-tabons-fireplaces-and-heating/
https://compassgrill.co.il/eitan-meat-eilat/בשר-טרי/premium-certified-entrecote-pairs-vacuum-packed-500g-1/,duplicate,Redirect 301,https://compassgrill.co.il/eitan-meat-eilat/בשר-טרי/premium-certified-entrecote-pairs-vacuum-packed-500g-1/
https://compassgrill.co.il/eitan-meat-eilat/בשר-טרי/premium-certified-entrecote-pairs-vacuum-packed-500g-1/,404/410/soft 404,Redirect 301 to https://compassgrill.co.il/eitan-meat-eilat/בשר-טרי/premium-certified-entrecote-pairs-vacuum-packed-500g-1/,https://compassgrill.co.il/eitan-meat-eilat/בשר-טרי/premium-certified-entrecote-pairs-vacuum-packed-500g-1/
https://compassgrill.co.il/eitan-meat-2/poultry-3/כבד-אווז-קפוא-ארוז-פרימיום-copy-0/,duplicate,Redirect 301,https://compassgrill.co.il/eitan-meat-2/poultry-3/כבד-אווז-קפוא-ארוז-פרימיום-copy-0/
https://compassgrill.co.il/eitan-meat-2/poultry-3/כבד-אווז-קפוא-ארוז-פרימיום-copy-0/,404/410/soft 404,Redirect 301 to https://compassgrill.co.il/eitan-meat-2/poultry-3/כבד-אווז-קפוא-ארוז-פרימיום-copy-0/,https://compassgrill.co.il/eitan-meat-2/poultry-3/כבד-אווז-קפוא-ארוז-פרימיום-copy-0/
https://compassgrill.co.il/outdoor-kitchen-9/alumex/?sort=pd.name&order=ASC,parameters,Noindex,https://compassgrill.co.il/outdoor-kitchen-9/alumex/
https://compassgrill.co.il/outdoor-kitchen-9/alumex/?sort=pd.name&order=ASC,404/410/soft 404,Redirect 301 to https://compassgrill.co.il/outdoor-kitchen-9/alumex/,https://compassgrill.co.il/outdoor-kitchen-9/alumex/
https://compassgrill.co.il/grill-charcoal-abigail/?sort=pd.name&order=ASC,parameters,Noindex,https://compassgrill.co.il/grill-charcoal-abigail/
https://compassgrill.co.il/grill-charcoal-abigail/?sort=pd.name&order=ASC,404/410/soft 404,Redirect 301 to https://compassgrill.co.il/grill-charcoal-abigail/,https://compassgrill.co.il/grill-charcoal-abigail/
https://compassgrill.co.il/grill-smoker-accessories/compass-skewers/charcoal-grill-for-6-skewers-foldable-with-bag-1/?sort=rating&order=ASC,parameters,Noindex,https://compassgrill.co.il/grill-smoker-accessories/compass-skewers/charcoal-grill-for-6-skewers-foldable-with-bag/
https://compassgrill.co.il/grill-smoker-accessories/compass-skewers/charcoal-grill-for-6-skewers-foldable-with-bag-1/?sort=rating&order=ASC,duplicate,Redirect 301,https://compassgrill.co.il/grill-smoker-accessories/compass-skewers/charcoal-grill-for-6-skewers-foldable-with-bag/
https://compassgrill.co.il/grill-smoker-accessories/compass-skewers/charcoal-grill-for-6-skewers-foldable-with-bag-1/?sort=rating&order=ASC,404/410/soft 404,Redirect 301 to https://compassgrill.co.il/grill-smoker-accessories/compass-skewers/charcoal-grill-for-6-skewers-foldable-with-bag/,https://compassgrill.co.il/grill-smoker-accessories/compass-skewers/charcoal-grill-for-6-skewers-foldable-with-bag/
https://compassgrill.co.il/בשר-טרי/?sort=p.model&order=DESC,parameters,Noindex,https://compassgrill.co.il/בשר-טרי/
https://compassgrill.co.il/בשר-טרי/?sort=p.model&order=DESC,404/410/soft 404,Redirect 301 to https://compassgrill.co.il/בשר-טרי/,https://compassgrill.co.il/בשר-טרי/
https://compassgrill.co.il/eitan-meat-2/frozen-meat/stuffed-spleen-4-pcs-vacuum-packed/?sort=pd.name&order=ASC,parameters,Noindex,https://compassgrill.co.il/eitan-meat-2/frozen-meat/stuffed-spleen-4-pcs-vacuum-packed/
https://compassgrill.co.il/eitan-meat-2/frozen-meat/stuffed-spleen-4-pcs-vacuum-packed/?sort=pd.name&order=ASC,404/410/soft 404,Redirect 301 to https://compassgrill.co.il/eitan-meat-2/frozen-meat/stuffed-spleen-4-pcs-vacuum-packed/,https://compassgrill.co.il/eitan-meat-2/frozen-meat/stuffed-spleen-4-pcs-vacuum-packed/
https://compassgrill.co.il/smoker-tandoor/charcoal-grill-for-6-skewers-foldable-with-bag-1/?sort=rating&order=DESC,parameters,Noindex,https://compassgrill.co.il/smoker-tandoor/charcoal-grill-for-6-skewers-foldable-with-bag/
https://compassgrill.co.il/smoker-tandoor/charcoal-grill-for-6-skewers-foldable-with-bag-1/?sort=rating&order=DESC,duplicate,Redirect 301,https://compassgrill.co.il/smoker-tandoor/charcoal-grill-for-6-skewers-foldable-with-bag/
https://compassgrill.co.il/smoker-tandoor/charcoal-grill-for-6-skewers-foldable-with-bag-1/?sort=rating&order=DESC,404/410/soft 404,Redirect 301 to https://compassgrill.co.il/smoker-tandoor/charcoal-grill-for-6-skewers-foldable-with-bag/,https://compassgrill.co.il/smoker-tandoor/charcoal-grill-for-6-skewers-foldable-with-bag/
https://compassgrill.co.il/eitan-meat-2/salonika-kebab-pack/?sort=p.model&order=DESC,parameters,Noindex,https://compassgrill.co.il/eitan-meat-2/salonika-kebab-pack/
https://compassgrill.co.il/eitan-meat-2/salonika-kebab-pack/?sort=p.model&order=DESC,404/410/soft 404,Redirect 301 to https://compassgrill.co.il/eitan-meat-2/salonika-kebab-pack/,https://compassgrill.co.il/eitan-meat-2/salonika-kebab-pack/
https://compassgrill.co.il/compass-skewers/שיפודי-נירוסטה-יוקרתיים-עם-ידית-ברונזה-מארז-עור-פרימיום-copy-0/,duplicate,Redirect 301,https://compassgrill.co.il/compass-skewers/שיפודי-נירוסטה-יוקרתיים-עם-ידית-ברונזה-מארז-עור-פרימיום-copy-0/
https://compassgrill.co.il/compass-skewers/שיפודי-נירוסטה-יוקרתיים-עם-ידית-ברונזה-מארז-עור-פרימיום-copy-0/,404/410/soft 404,Redirect 301 to https://compassgrill.co.il/compass-skewers/שיפודי-נירוסטה-יוקרתיים-עם-ידית-ברונזה-מארז-עור-פרימיום-copy-0/,https://compassgrill.co.il/compass-skewers/שיפודי-נירוסטה-יוקרתיים-עם-ידית-ברונזה-מארז-עור-פרימיום-copy-0/
https://compassgrill.co.il/meat-aging-treatment/arcos-chicken-cutting-and-boning-scissors/?category_id=121072&sort=pd.name&order=DESC,parameters,Noindex,https://compassgrill.co.il/meat-aging-treatment/arcos-chicken-cutting-and-boning-scissors/
https://compassgrill.co.il/meat-aging-treatment/arcos-chicken-cutting-and-boning-scissors/?category_id=121072&sort=pd.name&order=DESC,404/410/soft 404,Redirect 301 to https://compassgrill.co.il/meat-aging-treatment/arcos-chicken-cutting-and-boning-scissors/,https://compassgrill.co.il/meat-aging-treatment/arcos-chicken-cutting-and-boning-scissors/
https://compassgrill.co.il/brand/pit-boss/pro-1600/,404/410/soft 404,Redirect 301 to https://compassgrill.co.il/brand/pit-boss/pro-1600/,https://compassgrill.co.il/brand/pit-boss/pro-1600/
https://compassgrill.co.il/compass-skewers/charcoal-grill-for-6-skewers-foldable-with-bag-1/?category_id=38152,parameters,Canonical,https://compassgrill.co.il/compass-skewers/charcoal-grill-for-6-skewers-foldable-with-bag/
https://compassgrill.co.il/compass-skewers/charcoal-grill-for-6-skewers-foldable-with-bag-1/?category_id=38152,duplicate,Redirect 301,https://compassgrill.co.il/compass-skewers/charcoal-grill-for-6-skewers-foldable-with-bag/
https://compassgrill.co.il/compass-skewers/charcoal-grill-for-6-skewers-foldable-with-bag-1/?category_id=38152,404/410/soft 404,Redirect 301 to https://compassgrill.co.il/compass-skewers/charcoal-grill-for-6-skewers-foldable-with-bag/,https://compassgrill.co.il/compass-skewers/charcoal-grill-for-6-skewers-foldable-with-bag/
https://compassgrill.co.il/smoker-tandoor/שיפודי-נירוסטה-יוקרתיים-עם-ידית-ברונזה-מארז-עור-פרימיום-copy-0/,duplicate,Redirect 301,https://compassgrill.co.il/smoker-tandoor/שיפודי-נירוסטה-יוקרתיים-עם-ידית-ברונזה-מארז-עור-פרימיום-copy-0/
https://compassgrill.co.il/smoker-tandoor/שיפודי-נירוסטה-יוקרתיים-עם-ידית-ברונזה-מארז-עור-פרימיום-copy-0/,404/410/soft 404,Redirect 301 to https://compassgrill.co.il/smoker-tandoor/שיפודי-נירוסטה-יוקרתיים-עם-ידית-ברונזה-מארז-עור-פרימיום-copy-0/,https://compassgrill.co.il/smoker-tandoor/שיפודי-נירוסטה-יוקרתיים-עם-ידית-ברונזה-מארז-עור-פרימיום-copy-0/
https://compassgrill.co.il/outdoor-kitchen-9/modular-outdoor-kitchens/cat4sib-ku-mwb-black/?category_id=80794&sort=p.model&order=DESC,parameters,Noindex,https://compassgrill.co.il/outdoor-kitchen-9/modular-outdoor-kitchens/cat4sib-ku-mwb-black/
https://compassgrill.co.il/outdoor-kitchen-9/modular-outdoor-kitchens/cat4sib-ku-mwb-black/?category_id=80794&sort=p.model&order=DESC,404/410/soft 404,Redirect 301 to https://compassgrill.co.il/outdoor-kitchen-9/modular-outdoor-kitchens/cat4sib-ku-mwb-black/,https://compassgrill.co.il/outdoor-kitchen-9/modular-outdoor-kitchens/cat4sib-ku-mwb-black/
https://compassgrill.co.il/outdoor-kitchen-9/modular-outdoor-kitchens/cat4sib-ku-mwb-black/?sort=price&order=DESC,parameters,Noindex,https://compassgrill.co.il/outdoor-kitchen-9/modular-outdoor-kitchens/cat4sib-ku-mwb-black/
https://compassgrill.co.il/outdoor-kitchen-9/modular-outdoor-kitchens/cat4sib-ku-mwb-black/?sort=price&order=DESC,404/410/soft 404,Redirect 301 to https://compassgrill.co.il/outdoor-kitchen-9/modular-outdoor-kitchens/cat4sib-ku-mwb-black/,https://compassgrill.co.il/outdoor-kitchen-9/modular-outdoor-kitchens/cat4sib-ku-mwb-black/
https://compassgrill.co.il/outdoor-kitchen-9/modular-outdoor-kitchens/cat4sib-ku-mwb-black/?sort=pd.name&order=ASC,parameters,Noindex,https://compassgrill.co.il/outdoor-kitchen-9/modular-outdoor-kitchens/cat4sib-ku-mwb-black/
https://compassgrill.co.il/outdoor-kitchen-9/modular-outdoor-kitchens/cat4sib-ku-mwb-black/?sort=pd.name&order=ASC,404/410/soft 404,Redirect 301 to https://compassgrill.co.il/outdoor-kitchen-9/modular-outdoor-kitchens/cat4sib-ku-mwb-black/,https://compassgrill.co.il/outdoor-kitchen-9/modular-outdoor-kitchens/cat4sib-ku-mwb-black/
https://compassgrill.co.il/outdoor-kitchen-9/modular-outdoor-kitchens/cbu-611-al-black-kit/,404/410/soft 404,Redirect 301 to https://compassgrill.co.il/outdoor-kitchen-9/modular-outdoor-kitchens/cbu-611-al-black-kit/,https://compassgrill.co.il/outdoor-kitchen-9/modular-outdoor-kitchens/cbu-611-al-black-kit/
https://compassgrill.co.il/בסיס-שמשייה-עגול-40-ק-ג/,404/410/soft 404,Redirect 301 to https://compassgrill.co.il/בסיס-שמשייה-עגול-40-ק-ג/,https://compassgrill.co.il/בסיס-שמשייה-עגול-40-ק-ג/
https://compassgrill.co.il/outdoor-kitchen-9/alumex/balcony/,404/410/soft 404,Redirect 301 to https://compassgrill.co.il/outdoor-kitchen-9/alumex/balcony/,https://compassgrill.co.il/outdoor-kitchen-9/alumex/balcony/
https://compassgrill.co.il/outdoor-kitchen-9/modular-outdoor-kitchens/,404/410/soft 404,Redirect 301 to https://compassgrill.co.il/outdoor-kitchen-9/modular-outdoor-kitchens/,https://compassgrill.co.il/outdoor-kitchen-9/modular-outdoor-kitchens/
https://compassgrill.co.il/oak-wood-for-smoking/hs-austrian-wood-brick/?sort=price&order=DESC,parameters,Noindex,https://compassgrill.co.il/oak-wood-for-smoking/hs-austrian-wood-brick/
https://compassgrill.co.il/oak-wood-for-smoking/hs-austrian-wood-brick/?sort=price&order=DESC,404/410/soft 404,Redirect 301 to https://compassgrill.co.il/oak-wood-for-smoking/hs-austrian-wood-brick/,https://compassgrill.co.il/oak-wood-for-smoking/hs-austrian-wood-brick/
https://compassgrill.co.il/outdoor-kitchen-9/?sort=pd.name&order=DESC,parameters,Noindex,https://compassgrill.co.il/outdoor-kitchen-9/
https://compassgrill.co.il/outdoor-kitchen-9/?sort=pd.name&order=DESC,404/410/soft 404,Redirect 301 to https://compassgrill.co.il/outdoor-kitchen-9/,https://compassgrill.co.il/outdoor-kitchen-9/
https://compassgrill.co.il/eitan-meat-2/fresh-beef/veal-filet-medallions-5-pcs-500g/,404/410/soft 404,Redirect 301 to https://compassgrill.co.il/eitan-meat-2/fresh-beef/veal-filet-medallions-5-pcs-500g/,https://compassgrill.co.il/eitan-meat-2/fresh-beef/veal-filet-medallions-5-pcs-500g/
https://compassgrill.co.il/eitan-meat-2/frozen-ground-meat/iraqi-meatballs-1/?sort=pd.name&order=ASC,parameters,Noindex,https://compassgrill.co.il/eitan-meat-2/frozen-ground-meat/iraqi-meatballs/
https://compassgrill.co.il/eitan-meat-2/frozen-ground-meat/iraqi-meatballs-1/?sort=pd.name&order=ASC,duplicate,Redirect 301,https://compassgrill.co.il/eitan-meat-2/frozen-ground-meat/iraqi-meatballs/
https://compassgrill.co.il/eitan-meat-2/frozen-ground-meat/iraqi-meatballs-1/?sort=pd.name&order=ASC,404/410/soft 404,Redirect 301 to https://compassgrill.co.il/eitan-meat-2/frozen-ground-meat/iraqi-meatballs/,https://compassgrill.co.il/eitan-meat-2/frozen-ground-meat/iraqi-meatballs/
https://compassgrill.co.il/eitan-meat-2/fresh-beef/black-angus-feedlot-shoulder-roast-no-5-2kg/?category_id=66835,parameters,Canonical,https://compassgrill.co.il/eitan-meat-2/fresh-beef/black-angus-feedlot-shoulder-roast-no-5-2kg/
https://compassgrill.co.il/eitan-meat-2/fresh-beef/black-angus-feedlot-shoulder-roast-no-5-2kg/?category_id=66835,404/410/soft 404,Redirect 301 to https://compassgrill.co.il/eitan-meat-2/fresh-beef/black-angus-feedlot-shoulder-roast-no-5-2kg/,https://compassgrill.co.il/eitan-meat-2/fresh-beef/black-angus-feedlot-shoulder-roast-no-5-2kg/
https://compassgrill.co.il/meat-aging-treatment/רשת-רולדה-מידה-16-אורך-50-מטר/?category_id=121072,parameters,Canonical,https://compassgrill.co.il/meat-aging-treatment/רשת-רולדה-מידה-16-אורך-50-מטר/
https://compassgrill.co.il/meat-aging-treatment/רשת-רולדה-מידה-16-אורך-50-מטר/?category_id=121072,404/410/soft 404,Redirect 301 to https://compassgrill.co.il/meat-aging-treatment/רשת-רולדה-מידה-16-אורך-50-מטר/,https://compassgrill.co.il/meat-aging-treatment/רשת-רולדה-מידה-16-אורך-50-מטר/
https://compassgrill.co.il/outdoor-kitchen-9/modular-outdoor-kitchens/classic-outdoor-kitchen-1/,duplicate,Redirect 301,https://compassgrill.co.il/outdoor-kitchen-9/modular-outdoor-kitchens/classic-outdoor-kitchen-1/
https://compassgrill.co.il/outdoor-kitchen-9/modular-outdoor-kitchens/classic-outdoor-kitchen-1/,404/410/soft 404,Redirect 301 to https://compassgrill.co.il/outdoor-kitchen-9/modular-outdoor-kitchens/classic-outdoor-kitchen-1/,https://compassgrill.co.il/outdoor-kitchen-9/modular-outdoor-kitchens/classic-outdoor-kitchen-1/
https://compassgrill.co.il/blog/choose-the-perfect-garden-furniture/,404/410/soft 404,Redirect 301 to https://compassgrill.co.il/blog/choose-the-perfect-garden-furniture/,https://compassgrill.co.il/blog/choose-the-perfect-garden-furniture/
https://compassgrill.co.il/שיפודי-פרימיום-מותג-compass/מארז-פרימיום-שיפודי-נירוסטה-כולל-סכין-ומזלג-להורדת-בשר-1/,duplicate,Redirect 301,https://compassgrill.co.il/שיפודי-פרימיום-מותג-compass/מארז-פרימיום-שיפודי-נירוסטה-כולל-סכין-ומזלג-להורדת-בשר-1/
https://compassgrill.co.il/שיפודי-פרימיום-מותג-compass/מארז-פרימיום-שיפודי-נירוסטה-כולל-סכין-ומזלג-להורדת-בשר-1/,404/410/soft 404,Redirect 301 to https://compassgrill.co.il/שיפודי-פרימיום-מותג-compass/מארז-פרימיום-שיפודי-נירוסטה-כולל-סכין-ומזלג-להורדת-בשר-1/,https://compassgrill.co.il/שיפודי-פרימיום-מותג-compass/מארז-פרימיום-שיפודי-נירוסטה-כולל-סכין-ומזלג-להורדת-בשר-1/
https://compassgrill.co.il/tandoor-products-and-accessories/dough-working-board/?sort=price&order=ASC,parameters,Noindex,https://compassgrill.co.il/tandoor-products-and-accessories/dough-working-board/
https://compassgrill.co.il/tandoor-products-and-accessories/dough-working-board/?sort=price&order=ASC,404/410/soft 404,Redirect 301 to https://compassgrill.co.il/tandoor-products-and-accessories/dough-working-board/,https://compassgrill.co.il/tandoor-products-and-accessories/dough-working-board/
https://compassgrill.co.il/tandoor-products-and-accessories/dough-working-board/?sort=p.model&order=ASC,parameters,Noindex,https://compassgrill.co.il/tandoor-products-and-accessories/dough-working-board/
https://compassgrill.co.il/tandoor-products-and-accessories/dough-working-board/?sort=p.model&order=ASC,404/410/soft 404,Redirect 301 to https://compassgrill.co.il/tandoor-products-and-accessories/dough-working-board/,https://compassgrill.co.il/tandoor-products-and-accessories/dough-working-board/
https://compassgrill.co.il/poultry/frozen-chicken-skewers-5-units/?sort=pd.name&order=DESC,parameters,Noindex,https://compassgrill.co.il/poultry/frozen-chicken-skewers-5-units/
https://compassgrill.co.il/poultry/frozen-chicken-skewers-5-units/?sort=pd.name&order=DESC,404/410/soft 404,Redirect 301 to https://compassgrill.co.il/poultry/frozen-chicken-skewers-5-units/,https://compassgrill.co.il/poultry/frozen-chicken-skewers-5-units/
https://compassgrill.co.il/eitan-meat-2/frozen-ground-meat/?sort=p.model&order=DESC,parameters,Noindex,https://compassgrill.co.il/eitan-meat-2/frozen-ground-meat/
https://compassgrill.co.il/eitan-meat-2/frozen-ground-meat/?sort=p.model&order=DESC,404/410/soft 404,Redirect 301 to https://compassgrill.co.il/eitan-meat-2/frozen-ground-meat/,https://compassgrill.co.il/eitan-meat-2/frozen-ground-meat/
https://compassgrill.co.il/eitan-meat-2/frozen-meat/?sort=pd.name&order=ASC,parameters,Noindex,https://compassgrill.co.il/eitan-meat-2/frozen-meat/
https://compassgrill.co.il/eitan-meat-2/frozen-meat/?sort=pd.name&order=ASC,404/410/soft 404,Redirect 301 to https://compassgrill.co.il/eitan-meat-2/frozen-meat/,https://compassgrill.co.il/eitan-meat-2/frozen-meat/
https://compassgrill.co.il/eitan-meat-2/frozen-ground-meat/iraqi-meatballs-1/?category_id=66897,parameters,Canonical,https://compassgrill.co.il/eitan-meat-2/frozen-ground-meat/iraqi-meatballs/
https://compassgrill.co.il/eitan-meat-2/frozen-ground-meat/iraqi-meatballs-1/?category_id=66897,duplicate,Redirect 301,https://compassgrill.co.il/eitan-meat-2/frozen-ground-meat/iraqi-meatballs/
https://compassgrill.co.il/eitan-meat-2/frozen-ground-meat/iraqi-meatballs-1/?category_id=66897,404/410/soft 404,Redirect 301 to https://compassgrill.co.il/eitan-meat-2/frozen-ground-meat/iraqi-meatballs/,https://compassgrill.co.il/eitan-meat-2/frozen-ground-meat/iraqi-meatballs/
https://compassgrill.co.il/grill-smoker-accessories/compass-skewers/charcoal-grill-for-6-skewers-foldable-with-bag-1/?sort=rating&order=DESC,parameters,Noindex,https://compassgrill.co.il/grill-smoker-accessories/compass-skewers/charcoal-grill-for-6-skewers-foldable-with-bag/
https://compassgrill.co.il/grill-smoker-accessories/compass-skewers/charcoal-grill-for-6-skewers-foldable-with-bag-1/?sort=rating&order=DESC,duplicate,Redirect 301,https://compassgrill.co.il/grill-smoker-accessories/compass-skewers/charcoal-grill-for-6-skewers-foldable-with-bag/
https://compassgrill.co.il/grill-smoker-accessories/compass-skewers/charcoal-grill-for-6-skewers-foldable-with-bag-1/?sort=rating&order=DESC,404/410/soft 404,Redirect 301 to https://compassgrill.co.il/grill-smoker-accessories/compass-skewers/charcoal-grill-for-6-skewers-foldable-with-bag/,https://compassgrill.co.il/grill-smoker-accessories/compass-skewers/charcoal-grill-for-6-skewers-foldable-with-bag/
https://compassgrill.co.il/eitan-meat-2/frozen-ground-meat/?sort=rating&order=ASC,parameters,Noindex,https://compassgrill.co.il/eitan-meat-2/frozen-ground-meat/
https://compassgrill.co.il/eitan-meat-2/frozen-ground-meat/?sort=rating&order=ASC,404/410/soft 404,Redirect 301 to https://compassgrill.co.il/eitan-meat-2/frozen-ground-meat/,https://compassgrill.co.il/eitan-meat-2/frozen-ground-meat/
https://compassgrill.co.il/tandoor-products-and-accessories/mineral-firebrick-for-pizza/?sort=pd.name&order=ASC,parameters,Noindex,https://compassgrill.co.il/tandoor-products-and-accessories/mineral-firebrick-for-pizza/
https://compassgrill.co.il/tandoor-products-and-accessories/mineral-firebrick-for-pizza/?sort=pd.name&order=ASC,404/410/soft 404,Redirect 301 to https://compassgrill.co.il/tandoor-products-and-accessories/mineral-firebrick-for-pizza/,https://compassgrill.co.il/tandoor-products-and-accessories/mineral-firebrick-for-pizza/
https://compassgrill.co.il/smoker-tandoor/fratello-גריל-מעשנה-פחמים-פרטלו/?sort=rating&order=ASC,parameters,Noindex,https://compassgrill.co.il/smoker-tandoor/fratello-גריל-מעשנה-פחמים-פרטלו/
https://compassgrill.co.il/smoker-tandoor/fratello-גריל-מעשנה-פחמים-פרטלו/?sort=rating&order=ASC,404/410/soft 404,Redirect 301 to https://compassgrill.co.il/smoker-tandoor/fratello-גריל-מעשנה-פחמים-פרטלו/,https://compassgrill.co.il/smoker-tandoor/fratello-גריל-מעשנה-פחמים-פרטלו/
https://compassgrill.co.il/eitan-meat-2/frozen-ground-meat/?sort=pd.name&order=DESC,parameters,Noindex,https://compassgrill.co.il/eitan-meat-2/frozen-ground-meat/
https://compassgrill.co.il/eitan-meat-2/frozen-ground-meat/?sort=pd.name&order=DESC,404/410/soft 404,Redirect 301 to https://compassgrill.co.il/eitan-meat-2/frozen-ground-meat/,https://compassgrill.co.il/eitan-meat-2/frozen-ground-meat/
https://compassgrill.co.il/תנור-לסאונה-יבשה-עם-פיקוד-חיצוני-9kw-מוסטנג/?search&sort=p.model&order=DESC,parameters,Noindex,https://compassgrill.co.il/תנור-לסאונה-יבשה-עם-פיקוד-חיצוני-9kw-מוסטנג/
https://compassgrill.co.il/תנור-לסאונה-יבשה-עם-פיקוד-חיצוני-9kw-מוסטנג/?search&sort=p.model&order=DESC,404/410/soft 404,Redirect 301 to https://compassgrill.co.il/תנור-לסאונה-יבשה-עם-פיקוד-חיצוני-9kw-מוסטנג/,https://compassgrill.co.il/תנור-לסאונה-יבשה-עם-פיקוד-חיצוני-9kw-מוסטנג/
https://compassgrill.co.il/eitan-meat-eilat/בשר-טרי/fresh-sliced-tomahawk-1kg-1/?category_id=125606&sort=rating&order=DESC,parameters,Noindex,https://compassgrill.co.il/eitan-meat-eilat/בשר-טרי/fresh-sliced-tomahawk-1kg/
https://compassgrill.co.il/eitan-meat-eilat/בשר-טרי/fresh-sliced-tomahawk-1kg-1/?category_id=125606&sort=rating&order=DESC,duplicate,Redirect 301,https://compassgrill.co.il/eitan-meat-eilat/בשר-טרי/fresh-sliced-tomahawk-1kg/
https://compassgrill.co.il/eitan-meat-eilat/בשר-טרי/fresh-sliced-tomahawk-1kg-1/?category_id=125606&sort=rating&order=DESC,404/410/soft 404,Redirect 301 to https://compassgrill.co.il/eitan-meat-eilat/בשר-טרי/fresh-sliced-tomahawk-1kg/,https://compassgrill.co.il/eitan-meat-eilat/בשר-טרי/fresh-sliced-tomahawk-1kg/
https://compassgrill.co.il/oak-wood-for-smoking/smoking-enthusiast-set/?sort=price&order=DESC,parameters,Noindex,https://compassgrill.co.il/oak-wood-for-smoking/smoking-enthusiast-set/
https://compassgrill.co.il/oak-wood-for-smoking/smoking-enthusiast-set/?sort=price&order=DESC,404/410/soft 404,Redirect 301 to https://compassgrill.co.il/oak-wood-for-smoking/smoking-enthusiast-set/,https://compassgrill.co.il/oak-wood-for-smoking/smoking-enthusiast-set/
https://compassgrill.co.il/blog/aluminum-dining-sets-for-garden-perfect-choice-for-durable-elegant-and-comfortable-outdoor-design/,404/410/soft 404,Redirect 301 to https://compassgrill.co.il/blog/aluminum-dining-sets-for-garden-perfect-choice-for-durable-elegant-and-comfortable-outdoor-design/,https://compassgrill.co.il/blog/aluminum-dining-sets-for-garden-perfect-choice-for-durable-elegant-and-comfortable-outdoor-design/
https://compassgrill.co.il/eitan-meat-2/frozen-meat/angus-fl-boneless-assaado-snacks-500g/?sort=rating&order=ASC,parameters,Noindex,https://compassgrill.co.il/eitan-meat-2/frozen-meat/angus-fl-boneless-assaado-snacks-500g/
https://compassgrill.co.il/eitan-meat-2/frozen-meat/angus-fl-boneless-assaado-snacks-500g/?sort=rating&order=ASC,404/410/soft 404,Redirect 301 to https://compassgrill.co.il/eitan-meat-2/frozen-meat/angus-fl-boneless-assaado-snacks-500g/,https://compassgrill.co.il/eitan-meat-2/frozen-meat/angus-fl-boneless-assaado-snacks-500g/
https://compassgrill.co.il/eitan-meat-2/frozen-meat/?sort=p.model&order=ASC,parameters,Noindex,https://compassgrill.co.il/eitan-meat-2/frozen-meat/
https://compassgrill.co.il/eitan-meat-2/frozen-meat/?sort=p.model&order=ASC,404/410/soft 404,Redirect 301 to https://compassgrill.co.il/eitan-meat-2/frozen-meat/,https://compassgrill.co.il/eitan-meat-2/frozen-meat/
https://compassgrill.co.il/eitan-meat-2/frozen-meat/?sort=p.model&order=DESC,parameters,Noindex,https://compassgrill.co.il/eitan-meat-2/frozen-meat/
https://compassgrill.co.il/eitan-meat-2/frozen-meat/?sort=p.model&order=DESC,404/410/soft 404,Redirect 301 to https://compassgrill.co.il/eitan-meat-2/frozen-meat/,https://compassgrill.co.il/eitan-meat-2/frozen-meat/
https://compassgrill.co.il/eitan-meat-2/meat-vending-machine-24-7/angus-veal-chorizo-900g-tray-frozen-automatic-meat-247/,404/410/soft 404,Redirect 301 to https://compassgrill.co.il/eitan-meat-2/meat-vending-machine-24-7/angus-veal-chorizo-900g-tray-frozen-automatic-meat-247/,https://compassgrill.co.il/eitan-meat-2/meat-vending-machine-24-7/angus-veal-chorizo-900g-tray-frozen-automatic-meat-247/
https://compassgrill.co.il/eitan-meat-2/meat-vending-machine-24-7/kebab-cinnamon-stick-600g-frozen-automatic-meat-247/,404/410/soft 404,Redirect 301 to https://compassgrill.co.il/eitan-meat-2/meat-vending-machine-24-7/kebab-cinnamon-stick-600g-frozen-automatic-meat-247/,https://compassgrill.co.il/eitan-meat-2/meat-vending-machine-24-7/kebab-cinnamon-stick-600g-frozen-automatic-meat-247/
https://compassgrill.co.il/eitan-meat-2/frozen-meat/crunch-coated-boat-fries/?sort=pd.name&order=DESC,parameters,Noindex,https://compassgrill.co.il/eitan-meat-2/frozen-meat/crunch-coated-boat-fries/
https://compassgrill.co.il/eitan-meat-2/frozen-meat/crunch-coated-boat-fries/?sort=pd.name&order=DESC,404/410/soft 404,Redirect 301 to https://compassgrill.co.il/eitan-meat-2/frozen-meat/crunch-coated-boat-fries/,https://compassgrill.co.il/eitan-meat-2/frozen-meat/crunch-coated-boat-fries/
https://compassgrill.co.il/sous-vide/dumbbells/,404/410/soft 404,Redirect 301 to https://compassgrill.co.il/sous-vide/dumbbells/,https://compassgrill.co.il/sous-vide/dumbbells/
https://compassgrill.co.il/oak-wood-for-smoking/oak-trees-in-bags-for-smokers-tabons-fireplaces-and-heating-1/,duplicate,Redirect 301,https://compassgrill.co.il/oak-wood-for-smoking/oak-trees-in-bags-for-smokers-tabons-fireplaces-and-heating-1/
https://compassgrill.co.il/oak-wood-for-smoking/oak-trees-in-bags-for-smokers-tabons-fireplaces-and-heating-1/,404/410/soft 404,Redirect 301 to https://compassgrill.co.il/oak-wood-for-smoking/oak-trees-in-bags-for-smokers-tabons-fireplaces-and-heating-1/,https://compassgrill.co.il/oak-wood-for-smoking/oak-trees-in-bags-for-smokers-tabons-fireplaces-and-heating-1/
https://compassgrill.co.il/oak-wood-for-smoking/oak-trees-in-bags-for-smokers-tabons-fireplaces-and-heating-1/?sort=price&order=ASC,parameters,Noindex,https://compassgrill.co.il/oak-wood-for-smoking/oak-trees-in-bags-for-smokers-tabons-fireplaces-and-heating-1/
https://compassgrill.co.il/oak-wood-for-smoking/oak-trees-in-bags-for-smokers-tabons-fireplaces-and-heating-1/?sort=price&order=ASC,duplicate,Redirect 301,https://compassgrill.co.il/oak-wood-for-smoking/oak-trees-in-bags-for-smokers-tabons-fireplaces-and-heating-1/
https://compassgrill.co.il/oak-wood-for-smoking/oak-trees-in-bags-for-smokers-tabons-fireplaces-and-heating-1/?sort=price&order=ASC,404/410/soft 404,Redirect 301 to https://compassgrill.co.il/oak-wood-for-smoking/oak-trees-in-bags-for-smokers-tabons-fireplaces-and-heating-1/,https://compassgrill.co.il/oak-wood-for-smoking/oak-trees-in-bags-for-smokers-tabons-fireplaces-and-heating-1/
https://compassgrill.co.il/eitan-meat-2/meat-vending-machine-24-7/angus-burger-880g-frozen-automatic-meat-247/,404/410/soft 404,Redirect 301 to https://compassgrill.co.il/eitan-meat-2/meat-vending-machine-24-7/angus-burger-880g-frozen-automatic-meat-247/,https://compassgrill.co.il/eitan-meat-2/meat-vending-machine-24-7/angus-burger-880g-frozen-automatic-meat-247/
https://compassgrill.co.il/oak-wood-for-smoking/plum-smoking-chips/,404/410/soft 404,Redirect 301 to https://compassgrill.co.il/oak-wood-for-smoking/plum-smoking-chips/,https://compassgrill.co.il/oak-wood-for-smoking/plum-smoking-chips/
https://compassgrill.co.il/eitan-meat-2/frozen-meat/angus-carpaccio-sliced-10-servings-700g-pack/?sort=pd.name&order=DESC,parameters,Noindex,https://compassgrill.co.il/eitan-meat-2/frozen-meat/angus-carpaccio-sliced-10-servings-700g-pack/
https://compassgrill.co.il/eitan-meat-2/frozen-meat/angus-carpaccio-sliced-10-servings-700g-pack/?sort=pd.name&order=DESC,404/410/soft 404,Redirect 301 to https://compassgrill.co.il/eitan-meat-2/frozen-meat/angus-carpaccio-sliced-10-servings-700g-pack/,https://compassgrill.co.il/eitan-meat-2/frozen-meat/angus-carpaccio-sliced-10-servings-700g-pack/
https://compassgrill.co.il/smoker-tandoor/מנגל-פחמים-ומנגל-לשיפודים/stainless-steel-charcoal-grill-for-6-skewers-foldable-with-bag/,404/410/soft 404,Redirect 301 to https://compassgrill.co.il/smoker-tandoor/מנגל-פחמים-ומנגל-לשיפודים/stainless-steel-charcoal-grill-for-6-skewers-foldable-with-bag/,https://compassgrill.co.il/smoker-tandoor/מנגל-פחמים-ומנגל-לשיפודים/stainless-steel-charcoal-grill-for-6-skewers-foldable-with-bag/
https://compassgrill.co.il/eitan-meat-2/fresh-beef/denver-steak-fl-sliced-vacuum-packed-300g/,404/410/soft 404,Redirect 301 to https://compassgrill.co.il/eitan-meat-2/fresh-beef/denver-steak-fl-sliced-vacuum-packed-300g/,https://compassgrill.co.il/eitan-meat-2/fresh-beef/denver-steak-fl-sliced-vacuum-packed-300g/
https://compassgrill.co.il/tandoor-products-and-accessories/pizza-party-ardore/,404/410/soft 404,Redirect 301 to https://compassgrill.co.il/tandoor-products-and-accessories/pizza-party-ardore/,https://compassgrill.co.il/tandoor-products-and-accessories/pizza-party-ardore/
https://compassgrill.co.il/eitan-meat-eilat/בשר-טרי/fresh-angus-sirloin-halved-2kg-1/?sort=rating&order=DESC,parameters,Noindex,https://compassgrill.co.il/eitan-meat-eilat/בשר-טרי/fresh-angus-sirloin-halved-2kg/
https://compassgrill.co.il/eitan-meat-eilat/בשר-טרי/fresh-angus-sirloin-halved-2kg-1/?sort=rating&order=DESC,duplicate,Redirect 301,https://compassgrill.co.il/eitan-meat-eilat/בשר-טרי/fresh-angus-sirloin-halved-2kg/
https://compassgrill.co.il/eitan-meat-eilat/בשר-טרי/fresh-angus-sirloin-halved-2kg-1/?sort=rating&order=DESC,404/410/soft 404,Redirect 301 to https://compassgrill.co.il/eitan-meat-eilat/בשר-טרי/fresh-angus-sirloin-halved-2kg/,https://compassgrill.co.il/eitan-meat-eilat/בשר-טרי/fresh-angus-sirloin-halved-2kg/
https://compassgrill.co.il/eitan-meat-eilat/בשר-טרי/veal-filet-medallions-5-pcs-500g-1/,duplicate,Redirect 301,https://compassgrill.co.il/eitan-meat-eilat/בשר-טרי/veal-filet-medallions-5-pcs-500g-1/
https://compassgrill.co.il/eitan-meat-eilat/בשר-טרי/veal-filet-medallions-5-pcs-500g-1/,404/410/soft 404,Redirect 301 to https://compassgrill.co.il/eitan-meat-eilat/בשר-טרי/veal-filet-medallions-5-pcs-500g-1/,https://compassgrill.co.il/eitan-meat-eilat/בשר-טרי/veal-filet-medallions-5-pcs-500g-1/
https://compassgrill.co.il/grill-charcoal-abigail/?sort=price&order=DESC,parameters,Noindex,https://compassgrill.co.il/grill-charcoal-abigail/
https://compassgrill.co.il/grill-charcoal-abigail/?sort=price&order=DESC,404/410/soft 404,Redirect 301 to https://compassgrill.co.il/grill-charcoal-abigail/,https://compassgrill.co.il/grill-charcoal-abigail/
https://compassgrill.co.il/eitan-meat-2/frozen-ground-meat/veal-lamb-kebab-140g-6-pcs-pack/?category_id=66897,parameters,Canonical,https://compassgrill.co.il/eitan-meat-2/frozen-ground-meat/veal-lamb-kebab-140g-6-pcs-pack/
https://compassgrill.co.il/eitan-meat-2/frozen-ground-meat/veal-lamb-kebab-140g-6-pcs-pack/?category_id=66897,404/410/soft 404,Redirect 301 to https://compassgrill.co.il/eitan-meat-2/frozen-ground-meat/veal-lamb-kebab-140g-6-pcs-pack/,https://compassgrill.co.il/eitan-meat-2/frozen-ground-meat/veal-lamb-kebab-140g-6-pcs-pack/
https://compassgrill.co.il/smoker-tandoor/grill-charcoal-abigail/?sort=p.model&order=ASC,parameters,Noindex,https://compassgrill.co.il/smoker-tandoor/grill-charcoal-abigail/
https://compassgrill.co.il/smoker-tandoor/grill-charcoal-abigail/?sort=p.model&order=ASC,404/410/soft 404,Redirect 301 to https://compassgrill.co.il/smoker-tandoor/grill-charcoal-abigail/,https://compassgrill.co.il/smoker-tandoor/grill-charcoal-abigail/
https://compassgrill.co.il/grill-smoker-accessories/compass-skewers/charcoal-grill-for-6-skewers-foldable-with-bag-1/?sort=price&order=ASC,parameters,Noindex,https://compassgrill.co.il/grill-smoker-accessories/compass-skewers/charcoal-grill-for-6-skewers-foldable-with-bag/
https://compassgrill.co.il/grill-smoker-accessories/compass-skewers/charcoal-grill-for-6-skewers-foldable-with-bag-1/?sort=price&order=ASC,duplicate,Redirect 301,https://compassgrill.co.il/grill-smoker-accessories/compass-skewers/charcoal-grill-for-6-skewers-foldable-with-bag/
https://compassgrill.co.il/grill-smoker-accessories/compass-skewers/charcoal-grill-for-6-skewers-foldable-with-bag-1/?sort=price&order=ASC,404/410/soft 404,Redirect 301 to https://compassgrill.co.il/grill-smoker-accessories/compass-skewers/charcoal-grill-for-6-skewers-foldable-with-bag/,https://compassgrill.co.il/grill-smoker-accessories/compass-skewers/charcoal-grill-for-6-skewers-foldable-with-bag/
https://compassgrill.co.il/smoker-tandoor/premium-set-stainless-steel-skewers-with-knife-and-fork-for-meat-remova/?sort=p.model&order=DESC,parameters,Noindex,https://compassgrill.co.il/smoker-tandoor/premium-set-stainless-steel-skewers-with-knife-and-fork-for-meat-remova/
https://compassgrill.co.il/grill-smoker-accessories/cast-iron-tools-plov-cooking/cast-iron-zhigong-cooking-kazan/?sort=pd.name&order=ASC,parameters,Noindex,https://compassgrill.co.il/grill-smoker-accessories/cast-iron-tools-plov-cooking/cast-iron-zhigong-cooking-kazan/
https://compassgrill.co.il/butcher-kfar-saba/poultry-3/?sort=p.model&order=DESC,parameters,Noindex,https://compassgrill.co.il/butcher-kfar-saba/poultry/
https://compassgrill.co.il/butcher-kfar-saba/poultry-3/?sort=p.model&order=DESC,duplicate,Redirect 301,https://compassgrill.co.il/butcher-kfar-saba/poultry/
https://compassgrill.co.il/grill-smoker-accessories/cast-iron-tools-plov-cooking/cast-iron-zhigong-cooking-kazan/?sort=p.sort_order&order=ASC,parameters,Noindex,https://compassgrill.co.il/grill-smoker-accessories/cast-iron-tools-plov-cooking/cast-iron-zhigong-cooking-kazan/
https://compassgrill.co.il/fuel-wood-smoking-pellets-charcoal/?sort=p.model&order=DESC,parameters,Noindex,https://compassgrill.co.il/fuel-wood-smoking-pellets-charcoal/
https://compassgrill.co.il/grill-smokers-tandoor/charcoal-grill-smokers-tandoor/?sort=p.model&order=ASC,parameters,Noindex,https://compassgrill.co.il/grill-smokers-tandoor/charcoal-grill-smokers-tandoor/
https://compassgrill.co.il/eitan-meat-eilat/teperberg-wines/?sort=pd.name&order=DESC,parameters,Noindex,https://compassgrill.co.il/eitan-meat-eilat/teperberg-wines/
https://compassgrill.co.il/eitan-meat-eilat/fresh-meat-eilat/?sort=price&order=ASC,parameters,Noindex,https://compassgrill.co.il/eitan-meat-eilat/fresh-meat-eilat/
https://compassgrill.co.il/grill-smokers-tandoor/charcoal-grill-smokers-tandoor/?sort=p.sort_order&order=ASC,parameters,Noindex,https://compassgrill.co.il/grill-smokers-tandoor/charcoal-grill-smokers-tandoor/
https://compassgrill.co.il/fresh-meat-eilat/?sort=pd.name&order=DESC,parameters,Noindex,https://compassgrill.co.il/fresh-meat-eilat/
https://compassgrill.co.il/butcher-kfar-saba/teperberg-wines/?sort=pd.name&order=ASC,parameters,Noindex,https://compassgrill.co.il/butcher-kfar-saba/teperberg-wines/
https://compassgrill.co.il/eitan-meat-eilat/fresh-meat-eilat/?sort=p.model&order=DESC,parameters,Noindex,https://compassgrill.co.il/eitan-meat-eilat/fresh-meat-eilat/
https://compassgrill.co.il/meat-aging-treatment/?sort=pd.name&order=ASC,parameters,Noindex,https://compassgrill.co.il/meat-aging-treatment/
https://compassgrill.co.il/fuel-wood-smoking-pellets-charcoal/?sort=p.sort_order&order=ASC,parameters,Noindex,https://compassgrill.co.il/fuel-wood-smoking-pellets-charcoal/
https://compassgrill.co.il/smoker-tandoor/grill-smokers-tandoor/?sort=pd.name&order=ASC,parameters,Noindex,https://compassgrill.co.il/smoker-tandoor/grill-smokers-tandoor/
https://compassgrill.co.il/butcher-kfar-saba/?sort=p.sort_order&order=ASC,parameters,Noindex,https://compassgrill.co.il/butcher-kfar-saba/
https://compassgrill.co.il/special/?sort=rating&order=ASC&limit=15,parameters,Noindex,https://compassgrill.co.il/special/
https://compassgrill.co.il/gas-grills-1/?sort=pd.name&order=ASC,parameters,Noindex,https://compassgrill.co.il/gas-grills/
https://compassgrill.co.il/gas-grills-1/?sort=pd.name&order=ASC,duplicate,Redirect 301,https://compassgrill.co.il/gas-grills/
https://compassgrill.co.il/garden-firepits-and-decor/fire-table-lunar-bowl/?sort=price&order=DESC,parameters,Noindex,https://compassgrill.co.il/garden-firepits-and-decor/fire-table-lunar-bowl/
https://compassgrill.co.il/pellet-smokers/lg800fp-founders-premier/?sort=price&order=DESC,parameters,Noindex,https://compassgrill.co.il/pellet-smokers/lg800fp-founders-premier/
https://compassgrill.co.il/smoker-tandoor/lg800fp-founders-premier/?sort=pd.name&order=ASC,parameters,Noindex,https://compassgrill.co.il/smoker-tandoor/lg800fp-founders-premier/
https://compassgrill.co.il/grill-smokers-tandoor/terzo/?sort=p.model&order=ASC,parameters,Noindex,https://compassgrill.co.il/grill-smokers-tandoor/terzo/
https://compassgrill.co.il/pellet-smokers/lg800fp-founders-premier/?sort=pd.name&order=ASC,parameters,Noindex,https://compassgrill.co.il/pellet-smokers/lg800fp-founders-premier/
https://compassgrill.co.il/grill-smoker-accessories/knives-and-accessories/giesser-knives/tradition-chef-knife-20-26cm/?sort=p.model&order=DESC,parameters,Noindex,https://compassgrill.co.il/grill-smoker-accessories/knives-and-accessories/giesser-knives/tradition-chef-knife-20-26cm/
https://compassgrill.co.il/compass-skewers/luxury-stainless-steel-skewers-with-bronze-handle-and-premium-leather-case-1/?category_id=38152,parameters,Canonical,https://compassgrill.co.il/compass-skewers/luxury-stainless-steel-skewers-with-bronze-handle-and-premium-leather-case-1/
https://compassgrill.co.il/compass-skewers/luxury-stainless-steel-skewers-with-bronze-handle-and-premium-leather-case-1/?category_id=38152,duplicate,Redirect 301,https://compassgrill.co.il/compass-skewers/luxury-stainless-steel-skewers-with-bronze-handle-and-premium-leather-case-1/
https://compassgrill.co.il/compass-skewers/luxury-stainless-steel-skewers-with-bronze-handle-and-premium-leather-case-1/,duplicate,Redirect 301,https://compassgrill.co.il/compass-skewers/luxury-stainless-steel-skewers-with-bronze-handle-and-premium-leather-case-1/
https://compassgrill.co.il/frozen-ground-meat/angus-burger-220g-4-pcs-tray-chef-recipe/?sort=rating&order=ASC,parameters,Noindex,https://compassgrill.co.il/frozen-ground-meat/angus-burger-220g-4-pcs-tray-chef-recipe/
https://compassgrill.co.il/grill-smokers-tandoor/terzo/?sort=price&order=ASC,parameters,Noindex,https://compassgrill.co.il/grill-smokers-tandoor/terzo/
https://compassgrill.co.il/gas-grills-1/3-burner-gas-grill/caesar-rubicon-3/?sort=pd.name&order=DESC,parameters,Noindex,https://compassgrill.co.il/gas-grills-1/3-burner-gas-grill/caesar-rubicon/
https://compassgrill.co.il/gas-grills-1/3-burner-gas-grill/caesar-rubicon-3/?sort=pd.name&order=DESC,duplicate,Redirect 301,https://compassgrill.co.il/gas-grills-1/3-burner-gas-grill/caesar-rubicon/
https://compassgrill.co.il/modular-outdoor-kitchens/cbu-611-al-black-kit/?category_id=80794,parameters,Canonical,https://compassgrill.co.il/modular-outdoor-kitchens/cbu-611-al-black-kit/
https://compassgrill.co.il/grill-smoker-accessories/meat-aging-refrigerators-products/caso-dryaged-master-63-meat-aging-fridge/?sort=p.model&order=ASC,parameters,Noindex,https://compassgrill.co.il/grill-smoker-accessories/meat-aging-refrigerators-products/caso-dryaged-master-63-meat-aging-fridge/
https://compassgrill.co.il/cast-iron-cooking-tools/cast-iron-meat-holder-wooden-base-for-cuts/?sort=price&order=DESC,parameters,Noindex,https://compassgrill.co.il/cast-iron-cooking-tools/cast-iron-meat-holder-wooden-base-for-cuts/
https://compassgrill.co.il/cast-iron-cooking-tools/cast-iron-meat-holder-wooden-base-for-cuts/?category_id=35280&sort=price&order=DESC,parameters,Noindex,https://compassgrill.co.il/cast-iron-cooking-tools/cast-iron-meat-holder-wooden-base-for-cuts/
https://compassgrill.co.il/smoker-tandoor/tandoor-clay-cooking-tools/persian/?category_id=70159,parameters,Canonical,https://compassgrill.co.il/smoker-tandoor/tandoor-clay-cooking-tools/persian/
https://compassgrill.co.il/3-burner-gas-grill/caesar-rubicon-3/?sort=price&order=ASC,parameters,Noindex,https://compassgrill.co.il/3-burner-gas-grill/caesar-rubicon/
https://compassgrill.co.il/3-burner-gas-grill/caesar-rubicon-3/?sort=price&order=ASC,duplicate,Redirect 301,https://compassgrill.co.il/3-burner-gas-grill/caesar-rubicon/
https://compassgrill.co.il/meat-aging-treatment/meat-accessories-tools/cutting-board-otto/?sort=rating&order=ASC,parameters,Noindex,https://compassgrill.co.il/meat-aging-treatment/meat-accessories-tools/cutting-board-otto/
https://compassgrill.co.il/pellet-smokers/premium-heat-resistant-glove/?sort=pd.name&order=ASC,parameters,Noindex,https://compassgrill.co.il/pellet-smokers/premium-heat-resistant-glove/
https://compassgrill.co.il/pellet-smokers/premium-heat-resistant-glove/?category_id=34516,parameters,Canonical,https://compassgrill.co.il/pellet-smokers/premium-heat-resistant-glove/
https://compassgrill.co.il/pellet-smokers/premium-heat-resistant-glove/?sort=price&order=ASC,parameters,Noindex,https://compassgrill.co.il/pellet-smokers/premium-heat-resistant-glove/
https://compassgrill.co.il/knives-and-accessories/giesser-knives/premiumcut-3-piece-set/?sort=p.sort_order&order=ASC,parameters,Noindex,https://compassgrill.co.il/knives-and-accessories/giesser-knives/premiumcut-3-piece-set/
https://compassgrill.co.il/gas-grills-1/compass-basalt-stones/?sort=rating&order=DESC,parameters,Noindex,https://compassgrill.co.il/gas-grills-1/compass-basalt-stones/
https://compassgrill.co.il/gas-grills-1/compass-basalt-stones/?sort=p.model&order=DESC,parameters,Noindex,https://compassgrill.co.il/gas-grills-1/compass-basalt-stones/
https://compassgrill.co.il/gas-grill-smokers-tandoor/pitboss-fb500/?sort=price&order=ASC,parameters,Noindex,https://compassgrill.co.il/gas-grill-smokers-tandoor/pitboss-fb500/
https://compassgrill.co.il/gas-grill-smokers-tandoor/pitboss-fb500/?sort=rating&order=ASC,parameters,Noindex,https://compassgrill.co.il/gas-grill-smokers-tandoor/pitboss-fb500/
https://compassgrill.co.il/smoker-tandoor/pellet-smokers/pitboss-fb500/?category_id=34516&sort=p.model&order=DESC,parameters,Noindex,https://compassgrill.co.il/smoker-tandoor/pellet-smokers/pitboss-fb500/
https://compassgrill.co.il/grill-smokers-tandoor/charcoal-grill-with-legs-for-8-skewers-foldable-with-bag/?sort=pd.name&order=ASC,parameters,Noindex,https://compassgrill.co.il/grill-smokers-tandoor/charcoal-grill-with-legs-for-8-skewers-foldable-with-bag/
https://compassgrill.co.il/sous-vide-5/sous-vide-ball-set/?sort=rating&order=ASC,parameters,Noindex,https://compassgrill.co.il/sous-vide-5/sous-vide-ball-set/
https://compassgrill.co.il/butcher-kfar-saba/frozen-meat/stuffed-spleen-4-pcs-vacuum-packed/?sort=rating&order=ASC,parameters,Noindex,https://compassgrill.co.il/butcher-kfar-saba/frozen-meat/stuffed-spleen-4-pcs-vacuum-packed/
https://compassgrill.co.il/cast-iron-tools-plov-cooking/cast-iron-cooking-tools/cast-iron-grill-charcoal-holder/?sort=p.model&order=ASC,parameters,Noindex,https://compassgrill.co.il/cast-iron-tools-plov-cooking/cast-iron-cooking-tools/cast-iron-grill-charcoal-holder/
https://compassgrill.co.il/butcher-kfar-saba/stuffed-spleen-4-pcs-vacuum-packed/?category_id=66834&sort=rating&order=ASC,parameters,Noindex,https://compassgrill.co.il/butcher-kfar-saba/stuffed-spleen-4-pcs-vacuum-packed/
https://compassgrill.co.il/butcher-kfar-saba/frozen-meat/stuffed-spleen-4-pcs-vacuum-packed/?sort=price&order=DESC,parameters,Noindex,https://compassgrill.co.il/butcher-kfar-saba/frozen-meat/stuffed-spleen-4-pcs-vacuum-packed/
https://compassgrill.co.il/pellet-smokers/butcher-twine-for-meat-and-poultry/?sort=price&order=DESC,parameters,Noindex,https://compassgrill.co.il/pellet-smokers/butcher-twine-for-meat-and-poultry/
https://compassgrill.co.il/smoker-tandoor/grill-smokers-tandoor/charcoal-grill-smokers-tandoor/?sort=p.model&order=DESC,parameters,Noindex,https://compassgrill.co.il/smoker-tandoor/grill-smokers-tandoor/charcoal-grill-smokers-tandoor/
https://compassgrill.co.il/wood-chips-and-chunks-for-smoking/apple-wood-chips/?category_id=97766&sort=rating&order=DESC,parameters,Noindex,https://compassgrill.co.il/wood-chips-and-chunks-for-smoking/apple-wood-chips/
https://compassgrill.co.il/meat-aging-treatment/sous-vide-5/sous-vide-ball-set/?category_id=70271&sort=price&order=ASC,parameters,Noindex,https://compassgrill.co.il/meat-aging-treatment/sous-vide-5/sous-vide-ball-set/
https://compassgrill.co.il/frozen-meat/cut-lamb-spareribs/?sort=pd.name&order=DESC,parameters,Noindex,https://compassgrill.co.il/frozen-meat/cut-lamb-spareribs/
https://compassgrill.co.il/smoker-tandoor/tandoor-clay-cooking-tools/atman/?sort=pd.name&order=DESC,parameters,Noindex,https://compassgrill.co.il/smoker-tandoor/tandoor-clay-cooking-tools/atman/
https://compassgrill.co.il/frozen-meat/cut-lamb-spareribs/?category_id=66836&sort=price&order=DESC,parameters,Noindex,https://compassgrill.co.il/frozen-meat/cut-lamb-spareribs/
https://compassgrill.co.il/frozen-meat/cut-lamb-spareribs/?sort=price&order=DESC,parameters,Noindex,https://compassgrill.co.il/frozen-meat/cut-lamb-spareribs/
https://compassgrill.co.il/smoker-tandoor/tandoor-clay-cooking-tools/atman/?category_id=70159&sort=p.sort_order&order=ASC,parameters,Noindex,https://compassgrill.co.il/smoker-tandoor/tandoor-clay-cooking-tools/atman/
https://compassgrill.co.il/meat-aging-treatment/calogen-kosher/?sort=rating&order=ASC,parameters,Noindex,https://compassgrill.co.il/meat-aging-treatment/calogen-kosher/
https://compassgrill.co.il/meat-aging-treatment/calogen-kosher/?category_id=121072&sort=price&order=ASC,parameters,Noindex,https://compassgrill.co.il/meat-aging-treatment/calogen-kosher/
https://compassgrill.co.il/meat-aging-treatment/natural-seasoned-smoked-salts/?sort=price&order=DESC,parameters,Noindex,https://compassgrill.co.il/meat-aging-treatment/natural-seasoned-smoked-salts/
https://compassgrill.co.il/meat-aging-treatment/natural-seasoned-smoked-salts/?category_id=121072&sort=price&order=ASC,parameters,Noindex,https://compassgrill.co.il/meat-aging-treatment/natural-seasoned-smoked-salts/
https://compassgrill.co.il/pellet-smokers/?sort=price&order=DESC,parameters,Noindex,https://compassgrill.co.il/pellet-smokers/
https://compassgrill.co.il/eitan-meat-eilat/טחונים-קפואים/angus-burger-220g-4-pcs-tray-chef-recipe-1/?sort=price&order=DESC,parameters,Noindex,https://compassgrill.co.il/eitan-meat-eilat/טחונים-קפואים/angus-burger-220g-4-pcs-tray-chef-recipe/
https://compassgrill.co.il/eitan-meat-eilat/טחונים-קפואים/angus-burger-220g-4-pcs-tray-chef-recipe-1/?sort=price&order=DESC,duplicate,Redirect 301,https://compassgrill.co.il/eitan-meat-eilat/טחונים-קפואים/angus-burger-220g-4-pcs-tray-chef-recipe/
https://compassgrill.co.il/garden-firepits-and-decor/fire-table-lunar-bowl/?sort=p.sort_order&order=ASC,parameters,Noindex,https://compassgrill.co.il/garden-firepits-and-decor/fire-table-lunar-bowl/
https://compassgrill.co.il/garden-firepits-and-decor/fire-table-lunar-bowl/?sort=pd.name&order=ASC,parameters,Noindex,https://compassgrill.co.il/garden-firepits-and-decor/fire-table-lunar-bowl/
https://compassgrill.co.il/smoker-tandoor/tandoor-clay-cooking-tools/skiff/?sort=price&order=ASC,parameters,Noindex,https://compassgrill.co.il/smoker-tandoor/tandoor-clay-cooking-tools/skiff/
https://compassgrill.co.il/sous-vide-5/dumbbells/?sort=rating&order=DESC,parameters,Noindex,https://compassgrill.co.il/sous-vide-5/dumbbells/
https://compassgrill.co.il/smoker-tandoor/champion-barrel-smoker/?category_id=34515&sort=p.model&order=ASC,parameters,Noindex,https://compassgrill.co.il/smoker-tandoor/champion-barrel-smoker/
https://compassgrill.co.il/smoker-tandoor/tandoor-clay-cooking-tools/assman/?category_id=70159,parameters,Canonical,https://compassgrill.co.il/smoker-tandoor/tandoor-clay-cooking-tools/assman/
https://compassgrill.co.il/tandoor-clay-cooking-tools/assman/?sort=price&order=ASC,parameters,Noindex,https://compassgrill.co.il/tandoor-clay-cooking-tools/assman/
https://compassgrill.co.il/בשרים-קפואים/chicken-steak-in-soy-honey-sauce-1kg-1/?sort=rating&order=ASC,parameters,Noindex,https://compassgrill.co.il/בשרים-קפואים/chicken-steak-in-soy-honey-sauce-1kg/
https://compassgrill.co.il/בשרים-קפואים/chicken-steak-in-soy-honey-sauce-1kg-1/?sort=rating&order=ASC,duplicate,Redirect 301,https://compassgrill.co.il/בשרים-קפואים/chicken-steak-in-soy-honey-sauce-1kg/
https://compassgrill.co.il/smoker-tandoor/champion-barrel-smoker/?sort=p.model&order=ASC,parameters,Noindex,https://compassgrill.co.il/smoker-tandoor/champion-barrel-smoker/
https://compassgrill.co.il/eitan-meat-eilat/טחונים-קפואים/premium-ground-beef-1kg-tray-1/?sort=rating&order=ASC,parameters,Noindex,https://compassgrill.co.il/eitan-meat-eilat/טחונים-קפואים/premium-ground-beef-1kg-tray/
https://compassgrill.co.il/eitan-meat-eilat/טחונים-קפואים/premium-ground-beef-1kg-tray-1/?sort=rating&order=ASC,duplicate,Redirect 301,https://compassgrill.co.il/eitan-meat-eilat/טחונים-קפואים/premium-ground-beef-1kg-tray/
https://compassgrill.co.il/sous-vide-5/vacuum-grooved-bags-size-20x30/?sort=rating&order=ASC,parameters,Noindex,https://compassgrill.co.il/sous-vide-5/vacuum-grooved-bags-size-20x30/
https://compassgrill.co.il/heat-temperature-gauges/bluetooth-thermometer-6-probes/?category_id=34577,parameters,Canonical,https://compassgrill.co.il/heat-temperature-gauges/bluetooth-thermometer-6-probes/
https://compassgrill.co.il/grill-smokers-tandoor/charcoal-professional/?sort=p.sort_order&order=ASC,parameters,Noindex,https://compassgrill.co.il/grill-smokers-tandoor/charcoal-professional/
https://compassgrill.co.il/giesser-knives/premiumcut-slicer-31/?category_id=104927,parameters,Canonical,https://compassgrill.co.il/giesser-knives/premiumcut-slicer-31/
https://compassgrill.co.il/frozen-ground-meat/veal-lamb-meatballs-830g-pack/?category_id=66897&sort=rating&order=DESC,parameters,Noindex,https://compassgrill.co.il/frozen-ground-meat/veal-lamb-meatballs-830g-pack/
https://compassgrill.co.il/gas-grills-1/ultimate-griddle-2/?sort=p.model&order=ASC,parameters,Noindex,https://compassgrill.co.il/gas-grills-1/ultimate-griddle/
https://compassgrill.co.il/gas-grills-1/ultimate-griddle-2/?sort=p.model&order=ASC,duplicate,Redirect 301,https://compassgrill.co.il/gas-grills-1/ultimate-griddle/
https://compassgrill.co.il/frozen-meat/molard/?category_id=66836,parameters,Canonical,https://compassgrill.co.il/frozen-meat/molard/
https://compassgrill.co.il/בשרים-קפואים/חזה-אווז-ארוז-בוואקום-1/?sort=p.model&order=ASC,parameters,Noindex,https://compassgrill.co.il/בשרים-קפואים/חזה-אווז-ארוז-בוואקום/
https://compassgrill.co.il/בשרים-קפואים/חזה-אווז-ארוז-בוואקום-1/?sort=p.model&order=ASC,duplicate,Redirect 301,https://compassgrill.co.il/בשרים-קפואים/חזה-אווז-ארוז-בוואקום/
https://compassgrill.co.il/charcoal-grill-smokers-tandoor/charcoal-professional/?category_id=97704,parameters,Canonical,https://compassgrill.co.il/charcoal-grill-smokers-tandoor/charcoal-professional/
https://compassgrill.co.il/grill-smokers-tandoor/charcoal-professional/?sort=p.model&order=DESC,parameters,Noindex,https://compassgrill.co.il/grill-smokers-tandoor/charcoal-professional/
https://compassgrill.co.il/grill-smokers-tandoor/charcoal-professional/?sort=pd.name&order=ASC,parameters,Noindex,https://compassgrill.co.il/grill-smokers-tandoor/charcoal-professional/
https://compassgrill.co.il/eitan-meat-eilat/fresh-beef/bone-in-short-rib-3kg/?sort=pd.name&order=DESC,parameters,Noindex,https://compassgrill.co.il/eitan-meat-eilat/fresh-beef/bone-in-short-rib-3kg/
https://compassgrill.co.il/grill-smoker-accessories/knives-and-accessories/knife-block-passion-rosella/?category_id=35161&sort=pd.name&order=DESC,parameters,Noindex,https://compassgrill.co.il/grill-smoker-accessories/knives-and-accessories/knife-block-passion-rosella/
https://compassgrill.co.il/grill-smoker-accessories/knives-and-accessories/knife-block-passion-rosella/?sort=p.model&order=ASC,parameters,Noindex,https://compassgrill.co.il/grill-smoker-accessories/knives-and-accessories/knife-block-passion-rosella/
https://compassgrill.co.il/grill-smoker-accessories/knives-and-accessories/knife-block-passion-rosella/?sort=rating&order=DESC,parameters,Noindex,https://compassgrill.co.il/grill-smoker-accessories/knives-and-accessories/knife-block-passion-rosella/
https://compassgrill.co.il/meat-aging-treatment/calogen-1/?sort=pd.name&order=DESC,parameters,Noindex,https://compassgrill.co.il/meat-aging-treatment/calogen/
https://compassgrill.co.il/meat-aging-treatment/calogen-1/?sort=pd.name&order=DESC,duplicate,Redirect 301,https://compassgrill.co.il/meat-aging-treatment/calogen/
https://compassgrill.co.il/grill-smoker-accessories/wood-chips-and-chunks-for-smoking/pear-wood-chunks/?sort=p.model&order=DESC,parameters,Noindex,https://compassgrill.co.il/grill-smoker-accessories/wood-chips-and-chunks-for-smoking/pear-wood-chunks/
https://compassgrill.co.il/frozen-meat/כבד-אווז-קפוא-ארוז-פרימיום-copy-0/?sort=p.model&order=DESC,parameters,Noindex,https://compassgrill.co.il/frozen-meat/כבד-אווז-קפוא-ארוז-פרימיום/
https://compassgrill.co.il/frozen-meat/כבד-אווז-קפוא-ארוז-פרימיום-copy-0/?sort=p.model&order=DESC,duplicate,Redirect 301,https://compassgrill.co.il/frozen-meat/כבד-אווז-קפוא-ארוז-פרימיום/
https://compassgrill.co.il/4-burner-gas-grill/freestyle-425-gas-grill-with-infrared-side-burner-1/,duplicate,Redirect 301,https://compassgrill.co.il/4-burner-gas-grill/freestyle-425-gas-grill-with-infrared-side-burner-1/
https://compassgrill.co.il/brand/napoleon/freestyle-425-gas-grill-with-infrared-side-burner-1/,duplicate,Redirect 301,https://compassgrill.co.il/brand/napoleon/freestyle-425-gas-grill-with-infrared-side-burner-1/
https://compassgrill.co.il/grill-smoker-accessories/cast-iron-tools-plov-cooking/cast-iron-cooking-tools/cast-iron-meat-holder-wooden-base-for-cuts/?sort=price&order=ASC,parameters,Noindex,https://compassgrill.co.il/grill-smoker-accessories/cast-iron-tools-plov-cooking/cast-iron-cooking-tools/cast-iron-meat-holder-wooden-base-for-cuts/
https://compassgrill.co.il/grill-smoker-accessories/cast-iron-tools-plov-cooking/cast-iron-cooking-tools/cast-iron-meat-holder-wooden-base-for-cuts/?category_id=35280&sort=price&order=ASC,parameters,Noindex,https://compassgrill.co.il/grill-smoker-accessories/cast-iron-tools-plov-cooking/cast-iron-cooking-tools/cast-iron-meat-holder-wooden-base-for-cuts/
https://compassgrill.co.il/gas-grills-1/r365sbpk-1-il/?category_id=35202&sort=p.model&order=ASC,parameters,Noindex,https://compassgrill.co.il/gas-grills-1/r365sbpk-1-il/
https://compassgrill.co.il/frozen-meat/כבד-אווז-קפוא-ארוז-פרימיום-copy-0/?category_id=66836&sort=p.model&order=DESC,parameters,Noindex,https://compassgrill.co.il/frozen-meat/כבד-אווז-קפוא-ארוז-פרימיום/
https://compassgrill.co.il/frozen-meat/כבד-אווז-קפוא-ארוז-פרימיום-copy-0/?category_id=66836&sort=p.model&order=DESC,duplicate,Redirect 301,https://compassgrill.co.il/frozen-meat/כבד-אווז-קפוא-ארוז-פרימיום/
https://compassgrill.co.il/poultry-3/כבד-אווז-קפוא-ארוז-פרימיום-copy-0/?category_id=105748&sort=p.sort_order&order=ASC,parameters,Noindex,https://compassgrill.co.il/poultry-3/כבד-אווז-קפוא-ארוז-פרימיום/
https://compassgrill.co.il/poultry-3/כבד-אווז-קפוא-ארוז-פרימיום-copy-0/?category_id=105748&sort=p.sort_order&order=ASC,duplicate,Redirect 301,https://compassgrill.co.il/poultry-3/כבד-אווז-קפוא-ארוז-פרימיום/
https://compassgrill.co.il/grill-smoker-accessories/wood-chips-and-chunks-for-smoking/scotch-whiskey-chips/?sort=p.model&order=DESC,parameters,Noindex,https://compassgrill.co.il/grill-smoker-accessories/wood-chips-and-chunks-for-smoking/scotch-whiskey-chips/
https://compassgrill.co.il/eitan-meat-eilat/חזה-אווז-ארוז-בוואקום-2/?category_id=125603&sort=pd.name&order=DESC,parameters,Noindex,https://compassgrill.co.il/eitan-meat-eilat/חזה-אווז-ארוז-בוואקום-2/
https://compassgrill.co.il/eitan-meat-eilat/חזה-אווז-ארוז-בוואקום-2/?category_id=125603&sort=pd.name&order=DESC,duplicate,Redirect 301,https://compassgrill.co.il/eitan-meat-eilat/חזה-אווז-ארוז-בוואקום-2/
https://compassgrill.co.il/frozen-meat/angus-burger-220g-4-pcs-tray-chef-recipe/?category_id=66836,parameters,Canonical,https://compassgrill.co.il/frozen-meat/angus-burger-220g-4-pcs-tray-chef-recipe/
https://compassgrill.co.il/eitan-meat-eilat/בשרים-קפואים/חזה-אווז-ארוז-בוואקום-2/?sort=pd.name&order=DESC,parameters,Noindex,https://compassgrill.co.il/eitan-meat-eilat/בשרים-קפואים/חזה-אווז-ארוז-בוואקום/
https://compassgrill.co.il/eitan-meat-eilat/בשרים-קפואים/חזה-אווז-ארוז-בוואקום-2/?sort=pd.name&order=DESC,duplicate,Redirect 301,https://compassgrill.co.il/eitan-meat-eilat/בשרים-קפואים/חזה-אווז-ארוז-בוואקום/
https://compassgrill.co.il/eitan-meat-eilat/בשרים-קפואים/חזה-אווז-ארוז-בוואקום-2/?category_id=125607&sort=pd.name&order=DESC,parameters,Noindex,https://compassgrill.co.il/eitan-meat-eilat/בשרים-קפואים/חזה-אווז-ארוז-בוואקום/
https://compassgrill.co.il/eitan-meat-eilat/בשרים-קפואים/חזה-אווז-ארוז-בוואקום-2/?category_id=125607&sort=pd.name&order=DESC,duplicate,Redirect 301,https://compassgrill.co.il/eitan-meat-eilat/בשרים-קפואים/חזה-אווז-ארוז-בוואקום/
https://compassgrill.co.il/meat-aging-refrigerators-products/umai/שקיות-יישון-בשר-25-50-ס-מ-4-יחידות-umai-dry/?category_id=36000,parameters,Canonical,https://compassgrill.co.il/meat-aging-refrigerators-products/umai/שקיות-יישון-בשר-25-50-ס-מ-4-יחידות-umai-dry/
https://compassgrill.co.il/gas-grills-1/r365sbpk-1-il/?sort=p.model&order=ASC,parameters,Noindex,https://compassgrill.co.il/gas-grills-1/r365sbpk-1-il/
https://compassgrill.co.il/cast-iron-tools-plov-cooking/cast-iron-cooking-tools/12l-asian-kazan-cast-iron-lid-uncoated/?category_id=35280&sort=rating&order=ASC,parameters,Noindex,https://compassgrill.co.il/cast-iron-tools-plov-cooking/cast-iron-cooking-tools/12l-asian-kazan-cast-iron-lid-uncoated/
https://compassgrill.co.il/4-burner-gas-grill/freestyle-425-gas-grill-with-infrared-side-burner-1/?category_id=108564,parameters,Canonical,https://compassgrill.co.il/4-burner-gas-grill/freestyle-425-gas-grill-with-infrared-side-burner-1/
https://compassgrill.co.il/4-burner-gas-grill/freestyle-425-gas-grill-with-infrared-side-burner-1/?category_id=108564,duplicate,Redirect 301,https://compassgrill.co.il/4-burner-gas-grill/freestyle-425-gas-grill-with-infrared-side-burner-1/
https://compassgrill.co.il/meat-vending-machine-24-7/?sort=price&order=ASC,parameters,Noindex,https://compassgrill.co.il/meat-vending-machine-24-7/
https://compassgrill.co.il/meat-vending-machine-24-7/?sort=rating&order=DESC,parameters,Noindex,https://compassgrill.co.il/meat-vending-machine-24-7/
https://compassgrill.co.il/4-burner-gas-grill/4-ligorio/?sort=rating&order=ASC,parameters,Noindex,https://compassgrill.co.il/4-burner-gas-grill/4-ligorio/
https://compassgrill.co.il/frozen-meat/stuffed-spleen-4-pcs-vacuum-packed/?sort=p.model&order=DESC,parameters,Noindex,https://compassgrill.co.il/frozen-meat/stuffed-spleen-4-pcs-vacuum-packed/
https://compassgrill.co.il/frozen-meat/stuffed-spleen-4-pcs-vacuum-packed/?category_id=66836&sort=price&order=ASC,parameters,Noindex,https://compassgrill.co.il/frozen-meat/stuffed-spleen-4-pcs-vacuum-packed/
https://compassgrill.co.il/frozen-ground-meat/angus-chorizo-1-1/?category_id=66897&sort=p.model&order=ASC,parameters,Noindex,https://compassgrill.co.il/frozen-ground-meat/angus-chorizo-1/
https://compassgrill.co.il/frozen-ground-meat/angus-chorizo-1-1/?category_id=66897&sort=p.model&order=ASC,duplicate,Redirect 301,https://compassgrill.co.il/frozen-ground-meat/angus-chorizo-1/
https://compassgrill.co.il/gas-grills-1/r425sbpk-1-il/?sort=pd.name&order=ASC,parameters,Noindex,https://compassgrill.co.il/gas-grills-1/r425sbpk-1-il/
https://compassgrill.co.il/cast-iron-tools-plov-cooking/cast-iron-cooking-tools/poike-number-3-with-legs/?sort=rating&order=DESC,parameters,Noindex,https://compassgrill.co.il/cast-iron-tools-plov-cooking/cast-iron-cooking-tools/poike-number-3-with-legs/
https://compassgrill.co.il/בשרים-קפואים/כבד-אווז-קפוא-ארוז-פרימיום-copy-0-1/?sort=pd.name&order=DESC,parameters,Noindex,https://compassgrill.co.il/בשרים-קפואים/כבד-אווז-קפוא-ארוז-פרימיום-copy-0/
https://compassgrill.co.il/בשרים-קפואים/כבד-אווז-קפוא-ארוז-פרימיום-copy-0-1/?sort=pd.name&order=DESC,duplicate,Redirect 301,https://compassgrill.co.il/בשרים-קפואים/כבד-אווז-קפוא-ארוז-פרימיום-copy-0/
https://compassgrill.co.il/eitan-meat-eilat/בשרים-קפואים/כבד-אווז-קפוא-ארוז-פרימיום-copy-0-1/?sort=pd.name&order=DESC,parameters,Noindex,https://compassgrill.co.il/eitan-meat-eilat/בשרים-קפואים/כבד-אווז-קפוא-ארוז-פרימיום-copy-0/
https://compassgrill.co.il/eitan-meat-eilat/בשרים-קפואים/כבד-אווז-קפוא-ארוז-פרימיום-copy-0-1/?sort=pd.name&order=DESC,duplicate,Redirect 301,https://compassgrill.co.il/eitan-meat-eilat/בשרים-קפואים/כבד-אווז-קפוא-ארוז-פרימיום-copy-0/
https://compassgrill.co.il/בשרים-קפואים/כבד-אווז-קפוא-ארוז-פרימיום-copy-0-1/?category_id=125607&sort=pd.name&order=DESC,parameters,Noindex,https://compassgrill.co.il/בשרים-קפואים/כבד-אווז-קפוא-ארוז-פרימיום-copy-0/
https://compassgrill.co.il/בשרים-קפואים/כבד-אווז-קפוא-ארוז-פרימיום-copy-0-1/?category_id=125607&sort=pd.name&order=DESC,duplicate,Redirect 301,https://compassgrill.co.il/בשרים-קפואים/כבד-אווז-קפוא-ארוז-פרימיום-copy-0/
https://compassgrill.co.il/frozen-ground-meat/veal-meatballs-830g-pack/?category_id=66897&sort=price&order=DESC,parameters,Noindex,https://compassgrill.co.il/frozen-ground-meat/veal-meatballs-830g-pack/
https://compassgrill.co.il/eitan-meat-eilat/בשרים-קפואים/chicken-liver-1/?sort=rating&order=DESC,parameters,Noindex,https://compassgrill.co.il/eitan-meat-eilat/בשרים-קפואים/chicken-liver/
https://compassgrill.co.il/eitan-meat-eilat/בשרים-קפואים/chicken-liver-1/?sort=rating&order=DESC,duplicate,Redirect 301,https://compassgrill.co.il/eitan-meat-eilat/בשרים-קפואים/chicken-liver/
https://compassgrill.co.il/grill-smoker-accessories/69875/?sort=p.model&order=ASC,parameters,Noindex,https://compassgrill.co.il/grill-smoker-accessories/69875/
https://compassgrill.co.il/knives-and-accessories/giesser-knives/tradition-chef-knife-20-26cm/?sort=p.model&order=DESC,parameters,Noindex,https://compassgrill.co.il/knives-and-accessories/giesser-knives/tradition-chef-knife-20-26cm/
https://compassgrill.co.il/gas-grills-1/3-burner-gas-grill/caesar-rubicon-3/?category_id=108375&sort=p.sort_order&order=ASC,parameters,Noindex,https://compassgrill.co.il/gas-grills-1/3-burner-gas-grill/caesar-rubicon/
https://compassgrill.co.il/gas-grills-1/3-burner-gas-grill/caesar-rubicon-3/?category_id=108375&sort=p.sort_order&order=ASC,duplicate,Redirect 301,https://compassgrill.co.il/gas-grills-1/3-burner-gas-grill/caesar-rubicon/
https://compassgrill.co.il/gas-grills-1/3-burner-gas-grill/caesar-rubicon-3/?sort=p.sort_order&order=ASC,parameters,Noindex,https://compassgrill.co.il/gas-grills-1/3-burner-gas-grill/caesar-rubicon/
https://compassgrill.co.il/gas-grills-1/3-burner-gas-grill/caesar-rubicon-3/?sort=p.sort_order&order=ASC,duplicate,Redirect 301,https://compassgrill.co.il/gas-grills-1/3-burner-gas-grill/caesar-rubicon/
https://compassgrill.co.il/grill-smokers-tandoor/boretti-ibrido/?sort=pd.name&order=ASC,parameters,Noindex,https://compassgrill.co.il/grill-smokers-tandoor/boretti-ibrido/
https://compassgrill.co.il/eitan-meat-eilat/בשרים-קפואים/angus-fl-boneless-assaado-snacks-500g-1/?sort=pd.name&order=DESC,parameters,Noindex,https://compassgrill.co.il/eitan-meat-eilat/בשרים-קפואים/angus-fl-boneless-assaado-snacks-500g/
https://compassgrill.co.il/eitan-meat-eilat/בשרים-קפואים/angus-fl-boneless-assaado-snacks-500g-1/?sort=pd.name&order=DESC,duplicate,Redirect 301,https://compassgrill.co.il/eitan-meat-eilat/בשרים-קפואים/angus-fl-boneless-assaado-snacks-500g/
https://compassgrill.co.il/knives-and-accessories/giesser-knives/premiumcut-office-knife-10cm/?sort=pd.name&order=DESC,parameters,Noindex,https://compassgrill.co.il/knives-and-accessories/giesser-knives/premiumcut-office-knife-10cm/
https://compassgrill.co.il/grill-smokers-tandoor/boretti-ibrido/?sort=price&order=ASC,parameters,Noindex,https://compassgrill.co.il/grill-smokers-tandoor/boretti-ibrido/
https://compassgrill.co.il/grill-smokers-tandoor/boretti-ibrido/?sort=price&order=DESC,parameters,Noindex,https://compassgrill.co.il/grill-smokers-tandoor/boretti-ibrido/
https://compassgrill.co.il/eitan-meat-eilat/בשרים-קפואים/frozen-seasoned-chicken-skewers-5-pieces-1/?sort=pd.name&order=DESC,parameters,Noindex,https://compassgrill.co.il/eitan-meat-eilat/בשרים-קפואים/frozen-seasoned-chicken-skewers-5-pieces/
https://compassgrill.co.il/eitan-meat-eilat/בשרים-קפואים/frozen-seasoned-chicken-skewers-5-pieces-1/?sort=pd.name&order=DESC,duplicate,Redirect 301,https://compassgrill.co.il/eitan-meat-eilat/בשרים-קפואים/frozen-seasoned-chicken-skewers-5-pieces/
https://compassgrill.co.il/cast-iron-tools-plov-cooking/cast-iron-cooking-tools/cast-iron-cook-set/?category_id=35280,parameters,Canonical,https://compassgrill.co.il/cast-iron-tools-plov-cooking/cast-iron-cooking-tools/cast-iron-cook-set/
https://compassgrill.co.il/meat-vending-machine-24-7/angus-burger-880g-frozen-automatic-meat-247/?category_id=125471&sort=rating&order=DESC,parameters,Noindex,https://compassgrill.co.il/meat-vending-machine-24-7/angus-burger-880g-frozen-automatic-meat-247/
https://compassgrill.co.il/teperberg-wines/טפרברג-אימפרשן-שרדונה/?category_id=70397&sort=p.model&order=ASC,parameters,Noindex,https://compassgrill.co.il/teperberg-wines/טפרברג-אימפרשן-שרדונה/
https://compassgrill.co.il/grill-smoker-accessories/knives-and-accessories/giesser-knives/premiumcut-barbecue-30/?category_id=104927&sort=price&order=ASC,parameters,Noindex,https://compassgrill.co.il/grill-smoker-accessories/knives-and-accessories/giesser-knives/premiumcut-barbecue-30/
https://compassgrill.co.il/teperberg-wines/teperberg-vision-merlot-750ml/?category_id=70397&sort=p.model&order=ASC,parameters,Noindex,https://compassgrill.co.il/teperberg-wines/teperberg-vision-merlot-750ml/
https://compassgrill.co.il/gas-grills-1/caesar-rubicon-2/?category_id=35202&sort=pd.name&order=DESC,parameters,Noindex,https://compassgrill.co.il/gas-grills-1/caesar-rubicon/
https://compassgrill.co.il/gas-grills-1/caesar-rubicon-2/?category_id=35202&sort=pd.name&order=DESC,duplicate,Redirect 301,https://compassgrill.co.il/gas-grills-1/caesar-rubicon/
https://compassgrill.co.il/teperberg-wines/shiraz/?category_id=70397&sort=p.model&order=ASC,parameters,Noindex,https://compassgrill.co.il/teperberg-wines/shiraz/
https://compassgrill.co.il/grill-smoker-accessories/knives-and-accessories/giesser-knives/premiumcut-barbecue-30/?sort=price&order=ASC,parameters,Noindex,https://compassgrill.co.il/grill-smoker-accessories/knives-and-accessories/giesser-knives/premiumcut-barbecue-30/
https://compassgrill.co.il/teperberg-wines/טפרברג-אימפרשן-שרדונה/?sort=p.model&order=ASC,parameters,Noindex,https://compassgrill.co.il/teperberg-wines/טפרברג-אימפרשן-שרדונה/
https://compassgrill.co.il/teperberg-wines/shiraz/?sort=p.model&order=ASC,parameters,Noindex,https://compassgrill.co.il/teperberg-wines/shiraz/
https://compassgrill.co.il/butcher-kfar-saba/packed-chicken-hearts/?category_id=66834&sort=pd.name&order=ASC,parameters,Noindex,https://compassgrill.co.il/butcher-kfar-saba/packed-chicken-hearts/
https://compassgrill.co.il/butcher-kfar-saba/chicken-liver/?category_id=66834&sort=p.model&order=ASC,parameters,Noindex,https://compassgrill.co.il/butcher-kfar-saba/chicken-liver/
https://compassgrill.co.il/teperberg-wines/teperberg-vision-merlot-750ml/?sort=p.model&order=ASC,parameters,Noindex,https://compassgrill.co.il/teperberg-wines/teperberg-vision-merlot-750ml/
https://compassgrill.co.il/eitan-meat-eilat/frozen-ground-meat/veal-lamb-meatballs-830g-pack/?sort=rating&order=ASC,parameters,Noindex,https://compassgrill.co.il/eitan-meat-eilat/frozen-ground-meat/veal-lamb-meatballs-830g-pack/
https://compassgrill.co.il/eitan-meat-eilat/בשרים-קפואים/black-angus-feedlot-shoulder-roast-slice-5-1/?category_id=125607&sort=rating&order=ASC,parameters,Noindex,https://compassgrill.co.il/eitan-meat-eilat/בשרים-קפואים/black-angus-feedlot-shoulder-roast-slice-5/
https://compassgrill.co.il/eitan-meat-eilat/בשרים-קפואים/black-angus-feedlot-shoulder-roast-slice-5-1/?category_id=125607&sort=rating&order=ASC,duplicate,Redirect 301,https://compassgrill.co.il/eitan-meat-eilat/בשרים-קפואים/black-angus-feedlot-shoulder-roast-slice-5/
https://compassgrill.co.il/eitan-meat-eilat/frozen-ground-meat/veal-lamb-meatballs-830g-pack/?sort=price&order=ASC,parameters,Noindex,https://compassgrill.co.il/eitan-meat-eilat/frozen-ground-meat/veal-lamb-meatballs-830g-pack/
https://compassgrill.co.il/butcher-kfar-saba/chicken-liver/?sort=p.model&order=ASC,parameters,Noindex,https://compassgrill.co.il/butcher-kfar-saba/chicken-liver/
https://compassgrill.co.il/grill-smoker-accessories/cast-iron-tools-plov-cooking/dual-sided-cast-iron-rectangular-griddle/?category_id=35279&sort=p.sort_order&order=ASC,parameters,Noindex,https://compassgrill.co.il/grill-smoker-accessories/cast-iron-tools-plov-cooking/dual-sided-cast-iron-rectangular-griddle/
https://compassgrill.co.il/בשרים-קפואים/sorted-brain-bones-sliced-6-8-pcs-1/?category_id=125607&sort=p.model&order=ASC,parameters,Noindex,https://compassgrill.co.il/בשרים-קפואים/sorted-brain-bones-sliced-6-8-pcs/
https://compassgrill.co.il/בשרים-קפואים/sorted-brain-bones-sliced-6-8-pcs-1/?category_id=125607&sort=p.model&order=ASC,duplicate,Redirect 301,https://compassgrill.co.il/בשרים-קפואים/sorted-brain-bones-sliced-6-8-pcs/
https://compassgrill.co.il/טחונים-קפואים/iraqi-meatballs-1-1/?category_id=125609&sort=p.model&order=ASC,parameters,Noindex,https://compassgrill.co.il/טחונים-קפואים/iraqi-meatballs-1/
https://compassgrill.co.il/טחונים-קפואים/iraqi-meatballs-1-1/?category_id=125609&sort=p.model&order=ASC,duplicate,Redirect 301,https://compassgrill.co.il/טחונים-קפואים/iraqi-meatballs-1/
https://compassgrill.co.il/butcher-kfar-saba/packed-chicken-hearts/?sort=pd.name&order=ASC,parameters,Noindex,https://compassgrill.co.il/butcher-kfar-saba/packed-chicken-hearts/
https://compassgrill.co.il/5-burner-gas-grill/rxt625sibpss-1-il/?category_id=108565&sort=price&order=DESC,parameters,Noindex,https://compassgrill.co.il/5-burner-gas-grill/rxt625sibpss-1-il/
https://compassgrill.co.il/בשרים-קפואים/zigzag-sweet-potato-fries-1/?category_id=125607&sort=p.model&order=ASC,parameters,Noindex,https://compassgrill.co.il/בשרים-קפואים/zigzag-sweet-potato-fries/
https://compassgrill.co.il/בשרים-קפואים/zigzag-sweet-potato-fries-1/?category_id=125607&sort=p.model&order=ASC,duplicate,Redirect 301,https://compassgrill.co.il/בשרים-קפואים/zigzag-sweet-potato-fries/
https://compassgrill.co.il/smoker-tandoor/grill-smokers-tandoor/champion-barrel-smoker/?category_id=97703&sort=p.model&order=ASC,parameters,Noindex,https://compassgrill.co.il/smoker-tandoor/grill-smokers-tandoor/champion-barrel-smoker/
https://compassgrill.co.il/grill-smoker-accessories/compass-skewers/luxury-stainless-steel-skewers-with-bronze-handle-and-premium-leather-case-1/?category_id=38152&sort=rating&order=DESC,parameters,Noindex,https://compassgrill.co.il/grill-smoker-accessories/compass-skewers/luxury-stainless-steel-skewers-with-bronze-handle-and-premium-leather-case/
https://compassgrill.co.il/grill-smoker-accessories/compass-skewers/luxury-stainless-steel-skewers-with-bronze-handle-and-premium-leather-case-1/?category_id=38152&sort=rating&order=DESC,duplicate,Redirect 301,https://compassgrill.co.il/grill-smoker-accessories/compass-skewers/luxury-stainless-steel-skewers-with-bronze-handle-and-premium-leather-case/
https://compassgrill.co.il/grill-smoker-accessories/wood-chips-and-chunks-for-smoking/pear-wood-chunks/?sort=pd.name&order=DESC,parameters,Noindex,https://compassgrill.co.il/grill-smoker-accessories/wood-chips-and-chunks-for-smoking/pear-wood-chunks/
https://compassgrill.co.il/grill-smoker-accessories/knives-and-accessories/premiumcut-slicer-31/?category_id=35161&sort=rating&order=DESC,parameters,Noindex,https://compassgrill.co.il/grill-smoker-accessories/knives-and-accessories/premiumcut-slicer-31/
https://compassgrill.co.il/grill-smoker-accessories/compass-skewers/luxury-stainless-steel-skewers-with-bronze-handle-and-premium-leather-case-1/?sort=rating&order=DESC,parameters,Noindex,https://compassgrill.co.il/grill-smoker-accessories/compass-skewers/luxury-stainless-steel-skewers-with-bronze-handle-and-premium-leather-case/
https://compassgrill.co.il/grill-smoker-accessories/compass-skewers/luxury-stainless-steel-skewers-with-bronze-handle-and-premium-leather-case-1/?sort=rating&order=DESC,duplicate,Redirect 301,https://compassgrill.co.il/grill-smoker-accessories/compass-skewers/luxury-stainless-steel-skewers-with-bronze-handle-and-premium-leather-case/
https://compassgrill.co.il/grill-smoker-accessories/knives-and-accessories/premiumcut-slicer-31/?sort=rating&order=DESC,parameters,Noindex,https://compassgrill.co.il/grill-smoker-accessories/knives-and-accessories/premiumcut-slicer-31/
https://compassgrill.co.il/eitan-meat-eilat/עופות-קפוא/chicken-liver-1/?category_id=125608&sort=p.model&order=DESC,parameters,Noindex,https://compassgrill.co.il/eitan-meat-eilat/עופות-קפוא/chicken-liver/
https://compassgrill.co.il/eitan-meat-eilat/עופות-קפוא/chicken-liver-1/?category_id=125608&sort=p.model&order=DESC,duplicate,Redirect 301,https://compassgrill.co.il/eitan-meat-eilat/עופות-קפוא/chicken-liver/
https://compassgrill.co.il/grill-smoker-accessories/compass-skewers/bronz/?category_id=38152&sort=rating&order=DESC,parameters,Noindex,https://compassgrill.co.il/grill-smoker-accessories/compass-skewers/bronz/
https://compassgrill.co.il/grill-smoker-accessories/compass-skewers/bronz/?sort=rating&order=DESC,parameters,Noindex,https://compassgrill.co.il/grill-smoker-accessories/compass-skewers/bronz/
https://compassgrill.co.il/smoker-tandoor/grill-smokers-tandoor/champion-barrel-smoker/?sort=p.model&order=ASC,parameters,Noindex,https://compassgrill.co.il/smoker-tandoor/grill-smokers-tandoor/champion-barrel-smoker/
https://compassgrill.co.il/fresh-beef/פוינט-בריסקט-מס-3-אנגוס-פידלוט/?category_id=66835&sort=price&order=ASC,parameters,Noindex,https://compassgrill.co.il/fresh-beef/פוינט-בריסקט-מס-3-אנגוס-פידלוט/
https://compassgrill.co.il/frozen-meat/stuffed-spleen-4-pcs-vacuum-packed/?category_id=66836&sort=p.model&order=DESC,parameters,Noindex,https://compassgrill.co.il/frozen-meat/stuffed-spleen-4-pcs-vacuum-packed/
https://compassgrill.co.il/butcher-kfar-saba/frozen-seasoned-chicken-skewers-5-pieces/?sort=p.sort_order&order=ASC,parameters,Noindex,https://compassgrill.co.il/butcher-kfar-saba/frozen-seasoned-chicken-skewers-5-pieces/
https://compassgrill.co.il/eitan-meat-eilat/עופות-קפוא/chicken-liver-1/?sort=p.model&order=DESC,parameters,Noindex,https://compassgrill.co.il/eitan-meat-eilat/עופות-קפוא/chicken-liver/
https://compassgrill.co.il/eitan-meat-eilat/עופות-קפוא/chicken-liver-1/?sort=p.model&order=DESC,duplicate,Redirect 301,https://compassgrill.co.il/eitan-meat-eilat/עופות-קפוא/chicken-liver/
https://compassgrill.co.il/frozen-meat/chicken-liver/?category_id=66836&sort=p.model&order=DESC,parameters,Noindex,https://compassgrill.co.il/frozen-meat/chicken-liver/
https://compassgrill.co.il/fresh-beef/פוינט-בריסקט-מס-3-אנגוס-פידלוט/?sort=price&order=ASC,parameters,Noindex,https://compassgrill.co.il/fresh-beef/פוינט-בריסקט-מס-3-אנגוס-פידלוט/
https://compassgrill.co.il/poultry-3/frozen-chicken-skewers-5-units/?category_id=105748&sort=p.sort_order&order=ASC,parameters,Noindex,https://compassgrill.co.il/poultry-3/frozen-chicken-skewers-5-units/
https://compassgrill.co.il/butcher-kfar-saba/frozen-seasoned-chicken-skewers-5-pieces/?category_id=66834&sort=p.sort_order&order=ASC,parameters,Noindex,https://compassgrill.co.il/butcher-kfar-saba/frozen-seasoned-chicken-skewers-5-pieces/
https://compassgrill.co.il/knives-and-accessories/giesser-knives/premiumcut-office-knife-10cm/?category_id=104927&sort=price&order=ASC,parameters,Noindex,https://compassgrill.co.il/knives-and-accessories/giesser-knives/premiumcut-office-knife-10cm/
https://compassgrill.co.il/pellet-smokers/navigator-combo-1230-1/?sort=p.sort_order&order=ASC,parameters,Noindex,https://compassgrill.co.il/pellet-smokers/navigator-combo-1230/
https://compassgrill.co.il/pellet-smokers/navigator-combo-1230-1/?sort=p.sort_order&order=ASC,duplicate,Redirect 301,https://compassgrill.co.il/pellet-smokers/navigator-combo-1230/
https://compassgrill.co.il/frozen-meat/chicken-liver/?sort=p.model&order=DESC,parameters,Noindex,https://compassgrill.co.il/frozen-meat/chicken-liver/
https://compassgrill.co.il/frozen-meat/angus-carpaccio-sliced-10-servings-700g-pack/?category_id=66836&sort=p.model&order=DESC,parameters,Noindex,https://compassgrill.co.il/frozen-meat/angus-carpaccio-sliced-10-servings-700g-pack/
https://compassgrill.co.il/fresh-beef/פוינט-בריסקט-מס-3-אנגוס-פידלוט/?category_id=66835&sort=pd.name&order=DESC,parameters,Noindex,https://compassgrill.co.il/fresh-beef/פוינט-בריסקט-מס-3-אנגוס-פידלוט/
https://compassgrill.co.il/knives-and-accessories/pb-extended-grill-brush/?category_id=35161&sort=p.sort_order&order=ASC,parameters,Noindex,https://compassgrill.co.il/knives-and-accessories/pb-extended-grill-brush/
https://compassgrill.co.il/fresh-beef/פוינט-בריסקט-מס-3-אנגוס-פידלוט/?sort=pd.name&order=DESC,parameters,Noindex,https://compassgrill.co.il/fresh-beef/פוינט-בריסקט-מס-3-אנגוס-פידלוט/
https://compassgrill.co.il/frozen-meat/angus-carpaccio-sliced-10-servings-700g-pack/?sort=p.model&order=DESC,parameters,Noindex,https://compassgrill.co.il/frozen-meat/angus-carpaccio-sliced-10-servings-700g-pack/
https://compassgrill.co.il/poultry-3/thin-sliced-chicken-breast-1kg/?category_id=105748&sort=p.sort_order&order=ASC,parameters,Noindex,https://compassgrill.co.il/poultry-3/thin-sliced-chicken-breast-1kg/
https://compassgrill.co.il/butcher-kfar-saba/black-angus-feedlot-shoulder-roast-no-5-2kg/?category_id=66834,parameters,Canonical,https://compassgrill.co.il/butcher-kfar-saba/black-angus-feedlot-shoulder-roast-no-5-2kg/
https://compassgrill.co.il/eitan-meat-eilat/בשרים-קפואים/flet-iron-feedlot-halak-1/?category_id=125607&sort=pd.name&order=DESC,parameters,Noindex,https://compassgrill.co.il/eitan-meat-eilat/בשרים-קפואים/flet-iron-feedlot-halak/
https://compassgrill.co.il/eitan-meat-eilat/בשרים-קפואים/flet-iron-feedlot-halak-1/?category_id=125607&sort=pd.name&order=DESC,duplicate,Redirect 301,https://compassgrill.co.il/eitan-meat-eilat/בשרים-קפואים/flet-iron-feedlot-halak/
https://compassgrill.co.il/knives-and-accessories/giesser-knives/tradition-chef-knife-20-26cm/?sort=price&order=ASC,parameters,Noindex,https://compassgrill.co.il/knives-and-accessories/giesser-knives/tradition-chef-knife-20-26cm/
https://compassgrill.co.il/gas-grills-1/sportsman-3-grill-with-cart/?sort=rating&order=DESC,parameters,Noindex,https://compassgrill.co.il/gas-grills-1/sportsman-3-grill-with-cart/
https://compassgrill.co.il/fresh-beef/פוינט-בריסקט-מס-3-אנגוס-פידלוט/?sort=rating&order=ASC,parameters,Noindex,https://compassgrill.co.il/fresh-beef/פוינט-בריסקט-מס-3-אנגוס-פידלוט/
https://compassgrill.co.il/eitan-meat-eilat/fresh-meat-eilat/angus-assado-boneless-feedlot-2-5kg-1/?category_id=125606&sort=price&order=DESC,parameters,Noindex,https://compassgrill.co.il/eitan-meat-eilat/fresh-meat-eilat/angus-assado-boneless-feedlot-2-5kg/
https://compassgrill.co.il/eitan-meat-eilat/fresh-meat-eilat/angus-assado-boneless-feedlot-2-5kg-1/?category_id=125606&sort=price&order=DESC,duplicate,Redirect 301,https://compassgrill.co.il/eitan-meat-eilat/fresh-meat-eilat/angus-assado-boneless-feedlot-2-5kg/
https://compassgrill.co.il/grill-smoker-accessories/compass-skewers/luxury-stainless-steel-skewers-with-bronze-handle-and-premium-leather-case-1/?category_id=38152&sort=p.model&order=ASC,parameters,Noindex,https://compassgrill.co.il/grill-smoker-accessories/compass-skewers/luxury-stainless-steel-skewers-with-bronze-handle-and-premium-leather-case/
https://compassgrill.co.il/grill-smoker-accessories/compass-skewers/luxury-stainless-steel-skewers-with-bronze-handle-and-premium-leather-case-1/?category_id=38152&sort=p.model&order=ASC,duplicate,Redirect 301,https://compassgrill.co.il/grill-smoker-accessories/compass-skewers/luxury-stainless-steel-skewers-with-bronze-handle-and-premium-leather-case/
https://compassgrill.co.il/grill-smoker-accessories/compass-skewers/luxury-stainless-steel-skewers-with-bronze-handle-and-premium-leather-case-1/?sort=p.model&order=ASC,parameters,Noindex,https://compassgrill.co.il/grill-smoker-accessories/compass-skewers/luxury-stainless-steel-skewers-with-bronze-handle-and-premium-leather-case/
https://compassgrill.co.il/grill-smoker-accessories/compass-skewers/luxury-stainless-steel-skewers-with-bronze-handle-and-premium-leather-case-1/?sort=p.model&order=ASC,duplicate,Redirect 301,https://compassgrill.co.il/grill-smoker-accessories/compass-skewers/luxury-stainless-steel-skewers-with-bronze-handle-and-premium-leather-case/
https://compassgrill.co.il/grill-smoker-accessories/luxury-stainless-steel-skewers-with-bronze-handle-and-premium-leather-case-1/?sort=pd.name&order=DESC,parameters,Noindex,https://compassgrill.co.il/grill-smoker-accessories/luxury-stainless-steel-skewers-with-bronze-handle-and-premium-leather-case/
https://compassgrill.co.il/grill-smoker-accessories/luxury-stainless-steel-skewers-with-bronze-handle-and-premium-leather-case-1/?sort=pd.name&order=DESC,duplicate,Redirect 301,https://compassgrill.co.il/grill-smoker-accessories/luxury-stainless-steel-skewers-with-bronze-handle-and-premium-leather-case/
https://compassgrill.co.il/eitan-meat-eilat/fresh-meat-eilat/feedlot-picanha-1/?category_id=125606&sort=price&order=DESC,parameters,Noindex,https://compassgrill.co.il/eitan-meat-eilat/fresh-meat-eilat/feedlot-picanha/
https://compassgrill.co.il/eitan-meat-eilat/fresh-meat-eilat/feedlot-picanha-1/?category_id=125606&sort=price&order=DESC,duplicate,Redirect 301,https://compassgrill.co.il/eitan-meat-eilat/fresh-meat-eilat/feedlot-picanha/
https://compassgrill.co.il/eitan-meat-eilat/fresh-meat-eilat/angus-assado-boneless-feedlot-2-5kg-1/?sort=price&order=DESC,parameters,Noindex,https://compassgrill.co.il/eitan-meat-eilat/fresh-meat-eilat/angus-assado-boneless-feedlot-2-5kg/
https://compassgrill.co.il/eitan-meat-eilat/fresh-meat-eilat/angus-assado-boneless-feedlot-2-5kg-1/?sort=price&order=DESC,duplicate,Redirect 301,https://compassgrill.co.il/eitan-meat-eilat/fresh-meat-eilat/angus-assado-boneless-feedlot-2-5kg/
https://compassgrill.co.il/eitan-meat-eilat/fresh-meat-eilat/feedlot-picanha-1/?sort=price&order=DESC,parameters,Noindex,https://compassgrill.co.il/eitan-meat-eilat/fresh-meat-eilat/feedlot-picanha/
https://compassgrill.co.il/eitan-meat-eilat/fresh-meat-eilat/feedlot-picanha-1/?sort=price&order=DESC,duplicate,Redirect 301,https://compassgrill.co.il/eitan-meat-eilat/fresh-meat-eilat/feedlot-picanha/
https://compassgrill.co.il/tandoor-clay-cooking-tools/atman/?category_id=70159,parameters,Canonical,https://compassgrill.co.il/tandoor-clay-cooking-tools/atman/
https://compassgrill.co.il/eitan-meat-eilat/fresh-meat-eilat/brisket-1-1/?category_id=125606&sort=price&order=DESC,parameters,Noindex,https://compassgrill.co.il/eitan-meat-eilat/fresh-meat-eilat/brisket-1/
https://compassgrill.co.il/eitan-meat-eilat/fresh-meat-eilat/brisket-1-1/?category_id=125606&sort=price&order=DESC,duplicate,Redirect 301,https://compassgrill.co.il/eitan-meat-eilat/fresh-meat-eilat/brisket-1/
https://compassgrill.co.il/eitan-meat-eilat/fresh-meat-eilat/brisket-1-1/?sort=price&order=DESC,parameters,Noindex,https://compassgrill.co.il/eitan-meat-eilat/fresh-meat-eilat/brisket-1/
https://compassgrill.co.il/eitan-meat-eilat/fresh-meat-eilat/brisket-1-1/?sort=price&order=DESC,duplicate,Redirect 301,https://compassgrill.co.il/eitan-meat-eilat/fresh-meat-eilat/brisket-1/
https://compassgrill.co.il/fresh-meat-eilat/?sort=price&order=DESC,parameters,Noindex,https://compassgrill.co.il/fresh-meat-eilat/
https://compassgrill.co.il/garden-firepits-and-decor/allure-72-inch-electric-fireplace-183cm/?sort=rating&order=ASC,parameters,Noindex,https://compassgrill.co.il/garden-firepits-and-decor/allure-72-inch-electric-fireplace-183cm/
https://compassgrill.co.il/frozen-meat/cut-lamb-spareribs/?sort=price&order=ASC,parameters,Noindex,https://compassgrill.co.il/frozen-meat/cut-lamb-spareribs/
https://compassgrill.co.il/frozen-meat/cut-lamb-spareribs/?category_id=66836&sort=price&order=ASC,parameters,Noindex,https://compassgrill.co.il/frozen-meat/cut-lamb-spareribs/
https://compassgrill.co.il/בשרים-קפואים/angus-fl-boneless-assaado-snacks-500g-1/?category_id=125607&sort=price&order=ASC,parameters,Noindex,https://compassgrill.co.il/בשרים-קפואים/angus-fl-boneless-assaado-snacks-500g/
https://compassgrill.co.il/בשרים-קפואים/angus-fl-boneless-assaado-snacks-500g-1/?category_id=125607&sort=price&order=ASC,duplicate,Redirect 301,https://compassgrill.co.il/בשרים-קפואים/angus-fl-boneless-assaado-snacks-500g/
https://compassgrill.co.il/eitan-meat-eilat/בשרים-קפואים/chicken-liver-1/?category_id=125607&sort=pd.name&order=DESC,parameters,Noindex,https://compassgrill.co.il/eitan-meat-eilat/בשרים-קפואים/chicken-liver/
https://compassgrill.co.il/eitan-meat-eilat/בשרים-קפואים/chicken-liver-1/?category_id=125607&sort=pd.name&order=DESC,duplicate,Redirect 301,https://compassgrill.co.il/eitan-meat-eilat/בשרים-קפואים/chicken-liver/
https://compassgrill.co.il/eitan-meat-eilat/בשרים-קפואים/spicy-angus-chorizo-100g-12-14-pcs-tray-1/?category_id=125607&sort=pd.name&order=DESC,parameters,Noindex,https://compassgrill.co.il/eitan-meat-eilat/בשרים-קפואים/spicy-angus-chorizo-100g-12-14-pcs-tray/
https://compassgrill.co.il/eitan-meat-eilat/בשרים-קפואים/spicy-angus-chorizo-100g-12-14-pcs-tray-1/?category_id=125607&sort=pd.name&order=DESC,duplicate,Redirect 301,https://compassgrill.co.il/eitan-meat-eilat/בשרים-קפואים/spicy-angus-chorizo-100g-12-14-pcs-tray/
https://compassgrill.co.il/eitan-meat-eilat/בשרים-קפואים/sliced-calf-leg-6-8-pcs-vacuum-packed-1/?category_id=125607&sort=pd.name&order=DESC,parameters,Noindex,https://compassgrill.co.il/eitan-meat-eilat/בשרים-קפואים/sliced-calf-leg-6-8-pcs-vacuum-packed/
https://compassgrill.co.il/eitan-meat-eilat/בשרים-קפואים/sliced-calf-leg-6-8-pcs-vacuum-packed-1/?category_id=125607&sort=pd.name&order=DESC,duplicate,Redirect 301,https://compassgrill.co.il/eitan-meat-eilat/בשרים-קפואים/sliced-calf-leg-6-8-pcs-vacuum-packed/
https://compassgrill.co.il/eitan-meat-eilat/בשרים-קפואים/angus-fl-boneless-assaado-snacks-500g-1/?category_id=125607&sort=pd.name&order=DESC,parameters,Noindex,https://compassgrill.co.il/eitan-meat-eilat/בשרים-קפואים/angus-fl-boneless-assaado-snacks-500g/
https://compassgrill.co.il/eitan-meat-eilat/בשרים-קפואים/angus-fl-boneless-assaado-snacks-500g-1/?category_id=125607&sort=pd.name&order=DESC,duplicate,Redirect 301,https://compassgrill.co.il/eitan-meat-eilat/בשרים-קפואים/angus-fl-boneless-assaado-snacks-500g/
https://compassgrill.co.il/eitan-meat-eilat/בשרים-קפואים/flet-iron-feedlot-halak-1/?sort=pd.name&order=DESC,parameters,Noindex,https://compassgrill.co.il/eitan-meat-eilat/בשרים-קפואים/flet-iron-feedlot-halak/
https://compassgrill.co.il/eitan-meat-eilat/בשרים-קפואים/flet-iron-feedlot-halak-1/?sort=pd.name&order=DESC,duplicate,Redirect 301,https://compassgrill.co.il/eitan-meat-eilat/בשרים-קפואים/flet-iron-feedlot-halak/
https://compassgrill.co.il/eitan-meat-eilat/בשרים-קפואים/zigzag-sweet-potato-fries-1/?category_id=125607&sort=pd.name&order=DESC,parameters,Noindex,https://compassgrill.co.il/eitan-meat-eilat/בשרים-קפואים/zigzag-sweet-potato-fries/
https://compassgrill.co.il/eitan-meat-eilat/בשרים-קפואים/zigzag-sweet-potato-fries-1/?category_id=125607&sort=pd.name&order=DESC,duplicate,Redirect 301,https://compassgrill.co.il/eitan-meat-eilat/בשרים-קפואים/zigzag-sweet-potato-fries/
https://compassgrill.co.il/eitan-meat-eilat/בשרים-קפואים/sliced-calf-leg-6-8-pcs-vacuum-packed-1/?sort=pd.name&order=DESC,parameters,Noindex,https://compassgrill.co.il/eitan-meat-eilat/בשרים-קפואים/sliced-calf-leg-6-8-pcs-vacuum-packed/
https://compassgrill.co.il/eitan-meat-eilat/בשרים-קפואים/sliced-calf-leg-6-8-pcs-vacuum-packed-1/?sort=pd.name&order=DESC,duplicate,Redirect 301,https://compassgrill.co.il/eitan-meat-eilat/בשרים-קפואים/sliced-calf-leg-6-8-pcs-vacuum-packed/
https://compassgrill.co.il/eitan-meat-eilat/בשרים-קפואים/frozen-chicken-skewers-5-units-1/?category_id=125607&sort=pd.name&order=DESC,parameters,Noindex,https://compassgrill.co.il/eitan-meat-eilat/בשרים-קפואים/frozen-chicken-skewers-5-units/
https://compassgrill.co.il/eitan-meat-eilat/בשרים-קפואים/frozen-chicken-skewers-5-units-1/?category_id=125607&sort=pd.name&order=DESC,duplicate,Redirect 301,https://compassgrill.co.il/eitan-meat-eilat/בשרים-קפואים/frozen-chicken-skewers-5-units/
https://compassgrill.co.il/eitan-meat-eilat/בשרים-קפואים/zigzag-sweet-potato-fries-1/?sort=pd.name&order=DESC,parameters,Noindex,https://compassgrill.co.il/eitan-meat-eilat/בשרים-קפואים/zigzag-sweet-potato-fries/
https://compassgrill.co.il/eitan-meat-eilat/בשרים-קפואים/zigzag-sweet-potato-fries-1/?sort=pd.name&order=DESC,duplicate,Redirect 301,https://compassgrill.co.il/eitan-meat-eilat/בשרים-קפואים/zigzag-sweet-potato-fries/
https://compassgrill.co.il/eitan-meat-eilat/בשרים-קפואים/prime-rib-sliced-450-500g-1-piece-1/?category_id=125607&sort=pd.name&order=DESC,parameters,Noindex,https://compassgrill.co.il/eitan-meat-eilat/בשרים-קפואים/prime-rib-sliced-450-500g-1-piece/
https://compassgrill.co.il/eitan-meat-eilat/בשרים-קפואים/prime-rib-sliced-450-500g-1-piece-1/?category_id=125607&sort=pd.name&order=DESC,duplicate,Redirect 301,https://compassgrill.co.il/eitan-meat-eilat/בשרים-קפואים/prime-rib-sliced-450-500g-1-piece/
https://compassgrill.co.il/eitan-meat-eilat/בשרים-קפואים/frozen-chicken-shawarma-1kg-1/?category_id=125607&sort=pd.name&order=DESC,parameters,Noindex,https://compassgrill.co.il/eitan-meat-eilat/בשרים-קפואים/frozen-chicken-shawarma-1kg/
https://compassgrill.co.il/eitan-meat-eilat/בשרים-קפואים/frozen-chicken-shawarma-1kg-1/?category_id=125607&sort=pd.name&order=DESC,duplicate,Redirect 301,https://compassgrill.co.il/eitan-meat-eilat/בשרים-קפואים/frozen-chicken-shawarma-1kg/
https://compassgrill.co.il/eitan-meat-eilat/בשרים-קפואים/frozen-chicken-shawarma-1kg-1/?sort=pd.name&order=DESC,parameters,Noindex,https://compassgrill.co.il/eitan-meat-eilat/בשרים-קפואים/frozen-chicken-shawarma-1kg/
https://compassgrill.co.il/eitan-meat-eilat/בשרים-קפואים/frozen-chicken-shawarma-1kg-1/?sort=pd.name&order=DESC,duplicate,Redirect 301,https://compassgrill.co.il/eitan-meat-eilat/בשרים-קפואים/frozen-chicken-shawarma-1kg/
https://compassgrill.co.il/smoker-tandoor/pellet-smokers/vertical-4-pro/?category_id=34516&sort=p.sort_order&order=ASC,parameters,Noindex,https://compassgrill.co.il/smoker-tandoor/pellet-smokers/vertical-4-pro/
https://compassgrill.co.il/eitan-meat-eilat/בשרים-קפואים/angus-fl-boneless-assaado-snacks-500g-1/?category_id=125607&sort=p.model&order=DESC,parameters,Noindex,https://compassgrill.co.il/eitan-meat-eilat/בשרים-קפואים/angus-fl-boneless-assaado-snacks-500g/
https://compassgrill.co.il/eitan-meat-eilat/בשרים-קפואים/angus-fl-boneless-assaado-snacks-500g-1/?category_id=125607&sort=p.model&order=DESC,duplicate,Redirect 301,https://compassgrill.co.il/eitan-meat-eilat/בשרים-קפואים/angus-fl-boneless-assaado-snacks-500g/
https://compassgrill.co.il/eitan-meat-eilat/בשרים-קפואים/chicken-liver-1/?sort=pd.name&order=DESC,parameters,Noindex,https://compassgrill.co.il/eitan-meat-eilat/בשרים-קפואים/chicken-liver/
https://compassgrill.co.il/eitan-meat-eilat/בשרים-קפואים/chicken-liver-1/?sort=pd.name&order=DESC,duplicate,Redirect 301,https://compassgrill.co.il/eitan-meat-eilat/בשרים-קפואים/chicken-liver/
https://compassgrill.co.il/eitan-meat-eilat/בשרים-קפואים/black-angus-feedlot-shoulder-roast-slice-5-1/?sort=pd.name&order=DESC,parameters,Noindex,https://compassgrill.co.il/eitan-meat-eilat/בשרים-קפואים/black-angus-feedlot-shoulder-roast-slice-5/
https://compassgrill.co.il/eitan-meat-eilat/בשרים-קפואים/black-angus-feedlot-shoulder-roast-slice-5-1/?sort=pd.name&order=DESC,duplicate,Redirect 301,https://compassgrill.co.il/eitan-meat-eilat/בשרים-קפואים/black-angus-feedlot-shoulder-roast-slice-5/
https://compassgrill.co.il/eitan-meat-eilat/בשרים-קפואים/prime-rib-sliced-450-500g-1-piece-1/?sort=pd.name&order=DESC,parameters,Noindex,https://compassgrill.co.il/eitan-meat-eilat/בשרים-קפואים/prime-rib-sliced-450-500g-1-piece/
https://compassgrill.co.il/eitan-meat-eilat/בשרים-קפואים/prime-rib-sliced-450-500g-1-piece-1/?sort=pd.name&order=DESC,duplicate,Redirect 301,https://compassgrill.co.il/eitan-meat-eilat/בשרים-קפואים/prime-rib-sliced-450-500g-1-piece/
https://compassgrill.co.il/eitan-meat-eilat/בשרים-קפואים/frozen-chicken-skewers-5-units-1/?sort=pd.name&order=DESC,parameters,Noindex,https://compassgrill.co.il/eitan-meat-eilat/בשרים-קפואים/frozen-chicken-skewers-5-units/
https://compassgrill.co.il/eitan-meat-eilat/בשרים-קפואים/frozen-chicken-skewers-5-units-1/?sort=pd.name&order=DESC,duplicate,Redirect 301,https://compassgrill.co.il/eitan-meat-eilat/בשרים-קפואים/frozen-chicken-skewers-5-units/
https://compassgrill.co.il/eitan-meat-eilat/בשרים-קפואים/premium-sliced-lamb-ribs-6-pcs-tray-1/?category_id=125607&sort=pd.name&order=DESC,parameters,Noindex,https://compassgrill.co.il/eitan-meat-eilat/בשרים-קפואים/premium-sliced-lamb-ribs-6-pcs-tray/
https://compassgrill.co.il/eitan-meat-eilat/בשרים-קפואים/premium-sliced-lamb-ribs-6-pcs-tray-1/?category_id=125607&sort=pd.name&order=DESC,duplicate,Redirect 301,https://compassgrill.co.il/eitan-meat-eilat/בשרים-קפואים/premium-sliced-lamb-ribs-6-pcs-tray/
https://compassgrill.co.il/eitan-meat-eilat/בשרים-קפואים/spicy-angus-chorizo-100g-12-14-pcs-tray-1/?sort=pd.name&order=DESC,parameters,Noindex,https://compassgrill.co.il/eitan-meat-eilat/בשרים-קפואים/spicy-angus-chorizo-100g-12-14-pcs-tray/
https://compassgrill.co.il/eitan-meat-eilat/בשרים-קפואים/spicy-angus-chorizo-100g-12-14-pcs-tray-1/?sort=pd.name&order=DESC,duplicate,Redirect 301,https://compassgrill.co.il/eitan-meat-eilat/בשרים-קפואים/spicy-angus-chorizo-100g-12-14-pcs-tray/
https://compassgrill.co.il/eitan-meat-eilat/בשרים-קפואים/feedlot-butcher-steak-1/?category_id=125607&sort=pd.name&order=DESC,parameters,Noindex,https://compassgrill.co.il/eitan-meat-eilat/בשרים-קפואים/feedlot-butcher-steak/
https://compassgrill.co.il/eitan-meat-eilat/בשרים-קפואים/feedlot-butcher-steak-1/?category_id=125607&sort=pd.name&order=DESC,duplicate,Redirect 301,https://compassgrill.co.il/eitan-meat-eilat/בשרים-קפואים/feedlot-butcher-steak/
https://compassgrill.co.il/butcher-kfar-saba/packed-chicken-hearts/?category_id=66834&sort=rating&order=ASC,parameters,Noindex,https://compassgrill.co.il/butcher-kfar-saba/packed-chicken-hearts/
https://compassgrill.co.il/fresh-beef/פוינט-בריסקט-מס-3-אנגוס-פידלוט/?category_id=66835,parameters,Canonical,https://compassgrill.co.il/fresh-beef/פוינט-בריסקט-מס-3-אנגוס-פידלוט/
https://compassgrill.co.il/smoker-tandoor/pellet-smokers/vertical-4-pro/?sort=p.sort_order&order=ASC,parameters,Noindex,https://compassgrill.co.il/smoker-tandoor/pellet-smokers/vertical-4-pro/
https://compassgrill.co.il/cast-iron-tools-plov-cooking/cast-iron-cooking-tools/cast-iron-meat-holder-wooden-base-for-cuts/?category_id=35280&sort=pd.name&order=DESC,parameters,Noindex,https://compassgrill.co.il/cast-iron-tools-plov-cooking/cast-iron-cooking-tools/cast-iron-meat-holder-wooden-base-for-cuts/
https://compassgrill.co.il/knives-and-accessories/giesser-knives/premiumcut-fork/?category_id=104927&sort=p.model&order=ASC,parameters,Noindex,https://compassgrill.co.il/knives-and-accessories/giesser-knives/premiumcut-fork/
https://compassgrill.co.il/eitan-meat-eilat/בשרים-קפואים/feedlot-butcher-steak-1/?sort=pd.name&order=DESC,parameters,Noindex,https://compassgrill.co.il/eitan-meat-eilat/בשרים-קפואים/feedlot-butcher-steak/
https://compassgrill.co.il/eitan-meat-eilat/בשרים-קפואים/feedlot-butcher-steak-1/?sort=pd.name&order=DESC,duplicate,Redirect 301,https://compassgrill.co.il/eitan-meat-eilat/בשרים-קפואים/feedlot-butcher-steak/
https://compassgrill.co.il/בשרים-קפואים/premium-sliced-lamb-ribs-6-pcs-tray-1/?category_id=125607&sort=pd.name&order=ASC,parameters,Noindex,https://compassgrill.co.il/בשרים-קפואים/premium-sliced-lamb-ribs-6-pcs-tray/
https://compassgrill.co.il/בשרים-קפואים/premium-sliced-lamb-ribs-6-pcs-tray-1/?category_id=125607&sort=pd.name&order=ASC,duplicate,Redirect 301,https://compassgrill.co.il/בשרים-קפואים/premium-sliced-lamb-ribs-6-pcs-tray/
https://compassgrill.co.il/eitan-meat-eilat/בשרים-קפואים/prime-rib-sliced-450-500g-1-piece-1/?category_id=125607&sort=price&order=ASC,parameters,Noindex,https://compassgrill.co.il/eitan-meat-eilat/בשרים-קפואים/prime-rib-sliced-450-500g-1-piece/
https://compassgrill.co.il/eitan-meat-eilat/בשרים-קפואים/prime-rib-sliced-450-500g-1-piece-1/?category_id=125607&sort=price&order=ASC,duplicate,Redirect 301,https://compassgrill.co.il/eitan-meat-eilat/בשרים-קפואים/prime-rib-sliced-450-500g-1-piece/
https://compassgrill.co.il/knives-and-accessories/giesser-knives/premiumcut-steak-knife-12cm/?category_id=104927&sort=price&order=ASC,parameters,Noindex,https://compassgrill.co.il/knives-and-accessories/giesser-knives/premiumcut-steak-knife-12cm/
https://compassgrill.co.il/eitan-meat-eilat/בשרים-קפואים/חזה-אווז-ארוז-בוואקום-1/?sort=pd.name&order=DESC,parameters,Noindex,https://compassgrill.co.il/eitan-meat-eilat/בשרים-קפואים/חזה-אווז-ארוז-בוואקום/
https://compassgrill.co.il/eitan-meat-eilat/בשרים-קפואים/חזה-אווז-ארוז-בוואקום-1/?sort=pd.name&order=DESC,duplicate,Redirect 301,https://compassgrill.co.il/eitan-meat-eilat/בשרים-קפואים/חזה-אווז-ארוז-בוואקום/
https://compassgrill.co.il/eitan-meat-eilat/בשרים-קפואים/premium-sliced-lamb-ribs-6-pcs-tray-1/?sort=pd.name&order=DESC,parameters,Noindex,https://compassgrill.co.il/eitan-meat-eilat/בשרים-קפואים/premium-sliced-lamb-ribs-6-pcs-tray/
https://compassgrill.co.il/eitan-meat-eilat/בשרים-קפואים/premium-sliced-lamb-ribs-6-pcs-tray-1/?sort=pd.name&order=DESC,duplicate,Redirect 301,https://compassgrill.co.il/eitan-meat-eilat/בשרים-קפואים/premium-sliced-lamb-ribs-6-pcs-tray/
https://compassgrill.co.il/eitan-meat-eilat/בשרים-קפואים/premium-sliced-lamb-ribs-6-pieces-tray-1/?sort=pd.name&order=DESC,parameters,Noindex,https://compassgrill.co.il/eitan-meat-eilat/בשרים-קפואים/premium-sliced-lamb-ribs-6-pieces-tray/
https://compassgrill.co.il/eitan-meat-eilat/בשרים-קפואים/premium-sliced-lamb-ribs-6-pieces-tray-1/?sort=pd.name&order=DESC,duplicate,Redirect 301,https://compassgrill.co.il/eitan-meat-eilat/בשרים-קפואים/premium-sliced-lamb-ribs-6-pieces-tray/
https://compassgrill.co.il/eitan-meat-eilat/בשרים-קפואים/sorted-brain-bones-sliced-6-8-pcs-1/?sort=pd.name&order=DESC,parameters,Noindex,https://compassgrill.co.il/eitan-meat-eilat/בשרים-קפואים/sorted-brain-bones-sliced-6-8-pcs/
https://compassgrill.co.il/eitan-meat-eilat/בשרים-קפואים/sorted-brain-bones-sliced-6-8-pcs-1/?sort=pd.name&order=DESC,duplicate,Redirect 301,https://compassgrill.co.il/eitan-meat-eilat/בשרים-קפואים/sorted-brain-bones-sliced-6-8-pcs/
https://compassgrill.co.il/eitan-meat-eilat/בשרים-קפואים/angus-carpaccio-sliced-10-servings-700g-pack-1/?sort=pd.name&order=DESC,parameters,Noindex,https://compassgrill.co.il/eitan-meat-eilat/בשרים-קפואים/angus-carpaccio-sliced-10-servings-700g-pack/
https://compassgrill.co.il/eitan-meat-eilat/בשרים-קפואים/angus-carpaccio-sliced-10-servings-700g-pack-1/?sort=pd.name&order=DESC,duplicate,Redirect 301,https://compassgrill.co.il/eitan-meat-eilat/בשרים-קפואים/angus-carpaccio-sliced-10-servings-700g-pack/
https://compassgrill.co.il/eitan-meat-eilat/בשרים-קפואים/feedlot-butcher-steak-1/?category_id=125607&sort=price&order=ASC,parameters,Noindex,https://compassgrill.co.il/eitan-meat-eilat/בשרים-קפואים/feedlot-butcher-steak/
https://compassgrill.co.il/eitan-meat-eilat/בשרים-קפואים/feedlot-butcher-steak-1/?category_id=125607&sort=price&order=ASC,duplicate,Redirect 301,https://compassgrill.co.il/eitan-meat-eilat/בשרים-קפואים/feedlot-butcher-steak/
https://compassgrill.co.il/knives-and-accessories/giesser-knives/premiumcut-steak-knife-12cm/?sort=price&order=ASC,parameters,Noindex,https://compassgrill.co.il/knives-and-accessories/giesser-knives/premiumcut-steak-knife-12cm/
https://compassgrill.co.il/eitan-meat-eilat/בשרים-קפואים/feedlot-butcher-steak-1/?sort=price&order=ASC,parameters,Noindex,https://compassgrill.co.il/eitan-meat-eilat/בשרים-קפואים/feedlot-butcher-steak/
https://compassgrill.co.il/eitan-meat-eilat/בשרים-קפואים/feedlot-butcher-steak-1/?sort=price&order=ASC,duplicate,Redirect 301,https://compassgrill.co.il/eitan-meat-eilat/בשרים-קפואים/feedlot-butcher-steak/
https://compassgrill.co.il/eitan-meat-eilat/בשרים-קפואים/prime-rib-sliced-450-500g-1-piece-1/?sort=price&order=ASC,parameters,Noindex,https://compassgrill.co.il/eitan-meat-eilat/בשרים-קפואים/prime-rib-sliced-450-500g-1-piece/
https://compassgrill.co.il/eitan-meat-eilat/בשרים-קפואים/prime-rib-sliced-450-500g-1-piece-1/?sort=price&order=ASC,duplicate,Redirect 301,https://compassgrill.co.il/eitan-meat-eilat/בשרים-קפואים/prime-rib-sliced-450-500g-1-piece/
https://compassgrill.co.il/butcher-kfar-saba/packed-chicken-hearts/?sort=rating&order=ASC,parameters,Noindex,https://compassgrill.co.il/butcher-kfar-saba/packed-chicken-hearts/
https://compassgrill.co.il/cast-iron-tools-plov-cooking/cast-iron-cooking-tools/8l-asian-kazan-cast-iron-lid-uncoated/?category_id=35280&sort=pd.name&order=ASC,parameters,Noindex,https://compassgrill.co.il/cast-iron-tools-plov-cooking/cast-iron-cooking-tools/8l-asian-kazan-cast-iron-lid-uncoated/
https://compassgrill.co.il/knives-and-accessories/giesser-knives/premiumcut-steak-knife-12cm/?category_id=104927&sort=rating&order=DESC,parameters,Noindex,https://compassgrill.co.il/knives-and-accessories/giesser-knives/premiumcut-steak-knife-12cm/
https://compassgrill.co.il/knives-and-accessories/giesser-knives/premiumcut-slicer-31/?category_id=104927&sort=p.sort_order&order=ASC,parameters,Noindex,https://compassgrill.co.il/knives-and-accessories/giesser-knives/premiumcut-slicer-31/
https://compassgrill.co.il/grill-smoker-accessories/cast-iron-tools-plov-cooking/cast-iron-zhigong-cooking-kazan/8l-asian-kazan-cast-iron-lid-uncoated/?sort=p.sort_order&order=ASC,parameters,Noindex,https://compassgrill.co.il/grill-smoker-accessories/cast-iron-tools-plov-cooking/cast-iron-zhigong-cooking-kazan/8l-asian-kazan-cast-iron-lid-uncoated/
https://compassgrill.co.il/knives-and-accessories/giesser-knives/premiumcut-3-piece-set/?category_id=104927&sort=pd.name&order=DESC,parameters,Noindex,https://compassgrill.co.il/knives-and-accessories/giesser-knives/premiumcut-3-piece-set/
https://compassgrill.co.il/knives-and-accessories/giesser-knives/premiumcut-3-piece-set/?sort=price&order=ASC,parameters,Noindex,https://compassgrill.co.il/knives-and-accessories/giesser-knives/premiumcut-3-piece-set/
https://compassgrill.co.il/knives-and-accessories/giesser-knives/premiumcut-slicer-31/?sort=p.sort_order&order=ASC,parameters,Noindex,https://compassgrill.co.il/knives-and-accessories/giesser-knives/premiumcut-slicer-31/
https://compassgrill.co.il/בשרים-קפואים/chicken-liver-1/?category_id=125607&sort=pd.name&order=DESC,parameters,Noindex,https://compassgrill.co.il/בשרים-קפואים/chicken-liver/
https://compassgrill.co.il/בשרים-קפואים/chicken-liver-1/?category_id=125607&sort=pd.name&order=DESC,duplicate,Redirect 301,https://compassgrill.co.il/בשרים-קפואים/chicken-liver/
https://compassgrill.co.il/garden-firepits-and-decor/stylus-electric-fireplace/?sort=rating&order=ASC,parameters,Noindex,https://compassgrill.co.il/garden-firepits-and-decor/stylus-electric-fireplace/
https://compassgrill.co.il/eitan-meat-eilat/בשרים-קפואים/black-angus-feedlot-shoulder-roast-slice-5-1/?sort=rating&order=ASC,parameters,Noindex,https://compassgrill.co.il/eitan-meat-eilat/בשרים-קפואים/black-angus-feedlot-shoulder-roast-slice-5/
https://compassgrill.co.il/eitan-meat-eilat/בשרים-קפואים/black-angus-feedlot-shoulder-roast-slice-5-1/?sort=rating&order=ASC,duplicate,Redirect 301,https://compassgrill.co.il/eitan-meat-eilat/בשרים-קפואים/black-angus-feedlot-shoulder-roast-slice-5/
https://compassgrill.co.il/knives-and-accessories/giesser-knives/premiumcut-slicer-31/?category_id=104927&sort=rating&order=ASC,parameters,Noindex,https://compassgrill.co.il/knives-and-accessories/giesser-knives/premiumcut-slicer-31/
https://compassgrill.co.il/eitan-meat-eilat/packed-chicken-hearts-1/?category_id=125603&sort=rating&order=ASC,parameters,Noindex,https://compassgrill.co.il/eitan-meat-eilat/packed-chicken-hearts/
https://compassgrill.co.il/eitan-meat-eilat/packed-chicken-hearts-1/?category_id=125603&sort=rating&order=ASC,duplicate,Redirect 301,https://compassgrill.co.il/eitan-meat-eilat/packed-chicken-hearts/
https://compassgrill.co.il/eitan-meat-eilat/feedlot-picanha-1/?category_id=125603&sort=price&order=DESC,parameters,Noindex,https://compassgrill.co.il/eitan-meat-eilat/feedlot-picanha/
https://compassgrill.co.il/eitan-meat-eilat/feedlot-picanha-1/?category_id=125603&sort=price&order=DESC,duplicate,Redirect 301,https://compassgrill.co.il/eitan-meat-eilat/feedlot-picanha/
https://compassgrill.co.il/בשרים-קפואים/premium-sliced-lamb-ribs-6-pcs-tray-1/?sort=pd.name&order=ASC,parameters,Noindex,https://compassgrill.co.il/בשרים-קפואים/premium-sliced-lamb-ribs-6-pcs-tray/
https://compassgrill.co.il/בשרים-קפואים/premium-sliced-lamb-ribs-6-pcs-tray-1/?sort=pd.name&order=ASC,duplicate,Redirect 301,https://compassgrill.co.il/בשרים-קפואים/premium-sliced-lamb-ribs-6-pcs-tray/
https://compassgrill.co.il/eitan-meat-eilat/בשרים-קפואים/premium-sliced-lamb-ribs-6-pcs-tray-1/?category_id=125607&sort=rating&order=ASC,parameters,Noindex,https://compassgrill.co.il/eitan-meat-eilat/בשרים-קפואים/premium-sliced-lamb-ribs-6-pcs-tray/
https://compassgrill.co.il/eitan-meat-eilat/בשרים-קפואים/premium-sliced-lamb-ribs-6-pcs-tray-1/?category_id=125607&sort=rating&order=ASC,duplicate,Redirect 301,https://compassgrill.co.il/eitan-meat-eilat/בשרים-קפואים/premium-sliced-lamb-ribs-6-pcs-tray/
https://compassgrill.co.il/eitan-meat-eilat/בשרים-קפואים/premium-sliced-lamb-ribs-6-pcs-tray-1/?sort=rating&order=ASC,parameters,Noindex,https://compassgrill.co.il/eitan-meat-eilat/בשרים-קפואים/premium-sliced-lamb-ribs-6-pcs-tray/
https://compassgrill.co.il/eitan-meat-eilat/בשרים-קפואים/premium-sliced-lamb-ribs-6-pcs-tray-1/?sort=rating&order=ASC,duplicate,Redirect 301,https://compassgrill.co.il/eitan-meat-eilat/בשרים-קפואים/premium-sliced-lamb-ribs-6-pcs-tray/
https://compassgrill.co.il/knives-and-accessories/giesser-knives/premiumcut-fork/?category_id=104927&sort=rating&order=DESC,parameters,Noindex,https://compassgrill.co.il/knives-and-accessories/giesser-knives/premiumcut-fork/
https://compassgrill.co.il/eitan-meat-eilat/feedlot-picanha-1/?sort=price&order=DESC,parameters,Noindex,https://compassgrill.co.il/eitan-meat-eilat/feedlot-picanha/
https://compassgrill.co.il/eitan-meat-eilat/feedlot-picanha-1/?sort=price&order=DESC,duplicate,Redirect 301,https://compassgrill.co.il/eitan-meat-eilat/feedlot-picanha/
https://compassgrill.co.il/cast-iron-tools-plov-cooking/cast-iron-cooking-tools/reckless-1-kazan-pot-grill/?category_id=35280&sort=p.model&order=DESC,parameters,Noindex,https://compassgrill.co.il/cast-iron-tools-plov-cooking/cast-iron-cooking-tools/reckless-1-kazan-pot-grill/
https://compassgrill.co.il/בשרים-קפואים/חזה-אווז-ארוז-בוואקום-1/?category_id=125607&sort=pd.name&order=DESC,parameters,Noindex,https://compassgrill.co.il/בשרים-קפואים/חזה-אווז-ארוז-בוואקום/
https://compassgrill.co.il/בשרים-קפואים/חזה-אווז-ארוז-בוואקום-1/?category_id=125607&sort=pd.name&order=DESC,duplicate,Redirect 301,https://compassgrill.co.il/בשרים-קפואים/חזה-אווז-ארוז-בוואקום/
https://compassgrill.co.il/knives-and-accessories/giesser-knives/premiumcut-steak-knife-12cm/?category_id=104927&sort=p.sort_order&order=ASC,parameters,Noindex,https://compassgrill.co.il/knives-and-accessories/giesser-knives/premiumcut-steak-knife-12cm/
https://compassgrill.co.il/בשרים-קפואים/חזה-אווז-ארוז-בוואקום-1/?sort=pd.name&order=DESC,parameters,Noindex,https://compassgrill.co.il/בשרים-קפואים/חזה-אווז-ארוז-בוואקום/
https://compassgrill.co.il/בשרים-קפואים/חזה-אווז-ארוז-בוואקום-1/?sort=pd.name&order=DESC,duplicate,Redirect 301,https://compassgrill.co.il/בשרים-קפואים/חזה-אווז-ארוז-בוואקום/
https://compassgrill.co.il/eitan-meat-eilat/packed-chicken-hearts-1/?sort=rating&order=ASC,parameters,Noindex,https://compassgrill.co.il/eitan-meat-eilat/packed-chicken-hearts/
https://compassgrill.co.il/eitan-meat-eilat/packed-chicken-hearts-1/?sort=rating&order=ASC,duplicate,Redirect 301,https://compassgrill.co.il/eitan-meat-eilat/packed-chicken-hearts/
https://compassgrill.co.il/grill-smokers-tandoor/charcoal-grill-smokers-tandoor/?sort=pd.name&order=DESC,parameters,Noindex,https://compassgrill.co.il/grill-smokers-tandoor/charcoal-grill-smokers-tandoor/
https://compassgrill.co.il/בשרים-קפואים/chicken-liver-1/?sort=pd.name&order=DESC,parameters,Noindex,https://compassgrill.co.il/בשרים-קפואים/chicken-liver/
https://compassgrill.co.il/בשרים-קפואים/chicken-liver-1/?sort=pd.name&order=DESC,duplicate,Redirect 301,https://compassgrill.co.il/בשרים-קפואים/chicken-liver/
https://compassgrill.co.il/בשרים-קפואים/?sort=pd.name&order=DESC,parameters,Noindex,https://compassgrill.co.il/בשרים-קפואים/
https://compassgrill.co.il/grill-smoker-accessories/compass-skewers/6-pcs-skewers-in-bag-590x10x2/?sort=price&order=ASC,parameters,Noindex,https://compassgrill.co.il/grill-smoker-accessories/compass-skewers/6-pcs-skewers-in-bag-590x10x2/
https://compassgrill.co.il/poultry-3/spiced-chicken-wings/?category_id=105748&sort=price&order=DESC,parameters,Noindex,https://compassgrill.co.il/poultry-3/spiced-chicken-wings/
https://compassgrill.co.il/smoker-tandoor/gas-grill-smokers-tandoor/pitboss-fb500/?sort=price&order=ASC,parameters,Noindex,https://compassgrill.co.il/smoker-tandoor/gas-grill-smokers-tandoor/pitboss-fb500/
https://compassgrill.co.il/frozen-meat/molard/?category_id=66836&sort=price&order=ASC,parameters,Noindex,https://compassgrill.co.il/frozen-meat/molard/
https://compassgrill.co.il/frozen-meat/molard/?sort=price&order=ASC,parameters,Noindex,https://compassgrill.co.il/frozen-meat/molard/
https://compassgrill.co.il/fresh-meat-eilat/?sort=p.model&order=DESC,parameters,Noindex,https://compassgrill.co.il/fresh-meat-eilat/
https://compassgrill.co.il/fresh-beef/argentina-beef-6/?category_id=66835&sort=price&order=ASC,parameters,Noindex,https://compassgrill.co.il/fresh-beef/argentina-beef-6/
https://compassgrill.co.il/eitan-meat-eilat/seasoned-frozen-chicken-thigh-skewers-5pcs-automatic-meat-247/?sort=p.sort_order&order=ASC,parameters,Noindex,https://compassgrill.co.il/eitan-meat-eilat/seasoned-frozen-chicken-thigh-skewers-5pcs-automatic-meat-247/
https://compassgrill.co.il/gas-grill-smokers-tandoor/rogue-xt-365sib-il-black/?sort=p.model&order=DESC,parameters,Noindex,https://compassgrill.co.il/gas-grill-smokers-tandoor/rogue-xt-365sib-il-black/
https://compassgrill.co.il/2-burner-gas-grill/rogue-xt-365sib-il-black/?category_id=108373&sort=rating&order=ASC,parameters,Noindex,https://compassgrill.co.il/2-burner-gas-grill/rogue-xt-365sib-il-black/
https://compassgrill.co.il/modular-outdoor-kitchens/128293-גריל-גז-סיזר-nero-6-מבערים-יחידת-מגירות-יחידת-כיור-caesar-nero-black/?category_id=80794,parameters,Canonical,https://compassgrill.co.il/modular-outdoor-kitchens/128293-גריל-גז-סיזר-nero-6-מבערים-יחידת-מגירות-יחידת-כיור-caesar-nero-black/
https://compassgrill.co.il/smoker-tandoor/gas-grill-smokers-tandoor/pro-1600-eilat/?sort=price&order=ASC,parameters,Noindex,https://compassgrill.co.il/smoker-tandoor/gas-grill-smokers-tandoor/pro-1600-eilat/
https://compassgrill.co.il/meat-aging-treatment/butchers-paper-roll/?category_id=121072&sort=p.model&order=DESC,parameters,Noindex,https://compassgrill.co.il/meat-aging-treatment/butchers-paper-roll/
https://compassgrill.co.il/meat-aging-treatment/butchers-paper-roll/?sort=p.sort_order&order=ASC,parameters,Noindex,https://compassgrill.co.il/meat-aging-treatment/butchers-paper-roll/
https://compassgrill.co.il/grill-smoker-accessories/6l-asian-kazan-cast-iron-lid-uncoated/?category_id=37972&sort=rating&order=DESC,parameters,Noindex,https://compassgrill.co.il/grill-smoker-accessories/6l-asian-kazan-cast-iron-lid-uncoated/
https://compassgrill.co.il/meat-accessories-tools/premium-heat-resistant-glove/?category_id=121090&sort=pd.name&order=DESC,parameters,Noindex,https://compassgrill.co.il/meat-accessories-tools/premium-heat-resistant-glove/
https://compassgrill.co.il/cast-iron-tools-plov-cooking/12l-asian-kazan-cast-iron-lid-uncoated/?category_id=35279,parameters,Canonical,https://compassgrill.co.il/cast-iron-tools-plov-cooking/12l-asian-kazan-cast-iron-lid-uncoated/
https://compassgrill.co.il/meat-aging-treatment/natural-seasoned-smoked-salts/?sort=p.sort_order&order=ASC,parameters,Noindex,https://compassgrill.co.il/meat-aging-treatment/natural-seasoned-smoked-salts/
https://compassgrill.co.il/cast-iron-zhigong-cooking-kazan/12l-asian-kazan-cast-iron-lid-uncoated/?category_id=70270,parameters,Canonical,https://compassgrill.co.il/cast-iron-zhigong-cooking-kazan/12l-asian-kazan-cast-iron-lid-uncoated/
https://compassgrill.co.il/grill-smokers-tandoor/charcoal-grill-smokers-tandoor/charcoal-professional/?category_id=97704&sort=p.model&order=ASC,parameters,Noindex,https://compassgrill.co.il/grill-smokers-tandoor/charcoal-grill-smokers-tandoor/charcoal-professional/
https://compassgrill.co.il/smoker-tandoor/navigator-150/?sort=p.model&order=ASC,parameters,Noindex,https://compassgrill.co.il/smoker-tandoor/navigator-150/
https://compassgrill.co.il/grill-smokers-tandoor/charcoal-grill-smokers-tandoor/charcoal-professional-il/?sort=pd.name&order=ASC,parameters,Noindex,https://compassgrill.co.il/grill-smokers-tandoor/charcoal-grill-smokers-tandoor/charcoal-professional-il/
https://compassgrill.co.il/tandoor-clay-cooking-tools/skiff/?sort=p.sort_order&order=ASC,parameters,Noindex,https://compassgrill.co.il/tandoor-clay-cooking-tools/skiff/
https://compassgrill.co.il/knives-and-accessories/giesser-knives/premiumcut-butcher-cleaver-22cm/?category_id=104927&sort=p.sort_order&order=ASC,parameters,Noindex,https://compassgrill.co.il/knives-and-accessories/giesser-knives/premiumcut-butcher-cleaver-22cm/
https://compassgrill.co.il/eitan-meat-eilat/בשרים-קפואים/black-angus-feedlot-shoulder-roast-slice-5-1/?category_id=125607&sort=p.model&order=ASC,parameters,Noindex,https://compassgrill.co.il/eitan-meat-eilat/בשרים-קפואים/black-angus-feedlot-shoulder-roast-slice-5/
https://compassgrill.co.il/eitan-meat-eilat/בשרים-קפואים/black-angus-feedlot-shoulder-roast-slice-5-1/?category_id=125607&sort=p.model&order=ASC,duplicate,Redirect 301,https://compassgrill.co.il/eitan-meat-eilat/בשרים-קפואים/black-angus-feedlot-shoulder-roast-slice-5/
https://compassgrill.co.il/eitan-meat-eilat/בשרים-קפואים/black-angus-feedlot-shoulder-roast-slice-5-1/?sort=p.model&order=ASC,parameters,Noindex,https://compassgrill.co.il/eitan-meat-eilat/בשרים-קפואים/black-angus-feedlot-shoulder-roast-slice-5/
https://compassgrill.co.il/eitan-meat-eilat/בשרים-קפואים/black-angus-feedlot-shoulder-roast-slice-5-1/?sort=p.model&order=ASC,duplicate,Redirect 301,https://compassgrill.co.il/eitan-meat-eilat/בשרים-קפואים/black-angus-feedlot-shoulder-roast-slice-5/
https://compassgrill.co.il/eitan-meat-eilat/בשרים-קפואים/spicy-angus-chorizo-100g-12-14-pcs-tray-1/?category_id=125607&sort=p.model&order=ASC,parameters,Noindex,https://compassgrill.co.il/eitan-meat-eilat/בשרים-קפואים/spicy-angus-chorizo-100g-12-14-pcs-tray/
https://compassgrill.co.il/eitan-meat-eilat/בשרים-קפואים/spicy-angus-chorizo-100g-12-14-pcs-tray-1/?category_id=125607&sort=p.model&order=ASC,duplicate,Redirect 301,https://compassgrill.co.il/eitan-meat-eilat/בשרים-קפואים/spicy-angus-chorizo-100g-12-14-pcs-tray/
https://compassgrill.co.il/eitan-meat-eilat/בשרים-קפואים/spicy-angus-chorizo-100g-12-14-pcs-tray-1/?sort=p.model&order=ASC,parameters,Noindex,https://compassgrill.co.il/eitan-meat-eilat/בשרים-קפואים/spicy-angus-chorizo-100g-12-14-pcs-tray/
https://compassgrill.co.il/eitan-meat-eilat/בשרים-קפואים/spicy-angus-chorizo-100g-12-14-pcs-tray-1/?sort=p.model&order=ASC,duplicate,Redirect 301,https://compassgrill.co.il/eitan-meat-eilat/בשרים-קפואים/spicy-angus-chorizo-100g-12-14-pcs-tray/
https://compassgrill.co.il/frozen-meat/zigzag-sweet-potato-fries/?category_id=66836&sort=rating&order=ASC,parameters,Noindex,https://compassgrill.co.il/frozen-meat/zigzag-sweet-potato-fries/
https://compassgrill.co.il/smoker-tandoor/grill-smokers-tandoor/champion-barrel-smoker/?category_id=97703&sort=p.model&order=DESC,parameters,Noindex,https://compassgrill.co.il/smoker-tandoor/grill-smokers-tandoor/champion-barrel-smoker/
https://compassgrill.co.il/smoker-tandoor/grill-smokers-tandoor/champion-barrel-smoker/?sort=p.model&order=DESC,parameters,Noindex,https://compassgrill.co.il/smoker-tandoor/grill-smokers-tandoor/champion-barrel-smoker/
https://compassgrill.co.il/fresh-beef/פוינט-בריסקט-מס-3-אנגוס-פידלוט/?sort=rating&order=DESC,parameters,Noindex,https://compassgrill.co.il/fresh-beef/פוינט-בריסקט-מס-3-אנגוס-פידלוט/
https://compassgrill.co.il/giesser-knives/tradition-chef-knife-20-26cm/?sort=p.model&order=DESC,parameters,Noindex,https://compassgrill.co.il/giesser-knives/tradition-chef-knife-20-26cm/
https://compassgrill.co.il/eitan-meat-eilat/angus-chorizo-1-1-1/?category_id=125603&sort=p.model&order=DESC,parameters,Noindex,https://compassgrill.co.il/eitan-meat-eilat/angus-chorizo-1-1/
https://compassgrill.co.il/eitan-meat-eilat/angus-chorizo-1-1-1/?category_id=125603&sort=p.model&order=DESC,duplicate,Redirect 301,https://compassgrill.co.il/eitan-meat-eilat/angus-chorizo-1-1/
https://compassgrill.co.il/eitan-meat-eilat/angus-chorizo-1-1-1/?sort=p.model&order=DESC,parameters,Noindex,https://compassgrill.co.il/eitan-meat-eilat/angus-chorizo-1-1/
https://compassgrill.co.il/eitan-meat-eilat/angus-chorizo-1-1-1/?sort=p.model&order=DESC,duplicate,Redirect 301,https://compassgrill.co.il/eitan-meat-eilat/angus-chorizo-1-1/
https://compassgrill.co.il/frozen-meat/spicy-angus-chorizo-100g-12-14-pcs-tray/?category_id=66836&sort=rating&order=ASC,parameters,Noindex,https://compassgrill.co.il/frozen-meat/spicy-angus-chorizo-100g-12-14-pcs-tray/
https://compassgrill.co.il/knives-and-accessories/giesser-knives/premiumcut-slicer-31/?category_id=104927,parameters,Canonical,https://compassgrill.co.il/knives-and-accessories/giesser-knives/premiumcut-slicer-31/
https://compassgrill.co.il/eitan-meat-eilat/fresh-meat-eilat/feedlot-angus-sirloin-steak-1/?category_id=125606,parameters,Canonical,https://compassgrill.co.il/eitan-meat-eilat/fresh-meat-eilat/feedlot-angus-sirloin-steak/
https://compassgrill.co.il/eitan-meat-eilat/fresh-meat-eilat/feedlot-angus-sirloin-steak-1/?category_id=125606,duplicate,Redirect 301,https://compassgrill.co.il/eitan-meat-eilat/fresh-meat-eilat/feedlot-angus-sirloin-steak/
https://compassgrill.co.il/grill-smoker-accessories/cast-iron-tools-plov-cooking/cast-iron-round-griddle-1/?category_id=35279&sort=p.sort_order&order=ASC,parameters,Noindex,https://compassgrill.co.il/grill-smoker-accessories/cast-iron-tools-plov-cooking/cast-iron-round-griddle/
https://compassgrill.co.il/grill-smoker-accessories/cast-iron-tools-plov-cooking/cast-iron-round-griddle-1/?category_id=35279&sort=p.sort_order&order=ASC,duplicate,Redirect 301,https://compassgrill.co.il/grill-smoker-accessories/cast-iron-tools-plov-cooking/cast-iron-round-griddle/
https://compassgrill.co.il/knives-and-accessories/giesser-knives/premiumcut-3-piece-set/?category_id=104927&sort=p.sort_order&order=ASC,parameters,Noindex,https://compassgrill.co.il/knives-and-accessories/giesser-knives/premiumcut-3-piece-set/
https://compassgrill.co.il/meat-aging-treatment/butchers-paper-1/?category_id=121072&sort=p.model&order=DESC,parameters,Noindex,https://compassgrill.co.il/meat-aging-treatment/butchers-paper/
https://compassgrill.co.il/meat-aging-treatment/butchers-paper-1/?category_id=121072&sort=p.model&order=DESC,duplicate,Redirect 301,https://compassgrill.co.il/meat-aging-treatment/butchers-paper/
https://compassgrill.co.il/poultry-3/frozen-chicken-shawarma-1kg/?category_id=105748&sort=rating&order=ASC,parameters,Noindex,https://compassgrill.co.il/poultry-3/frozen-chicken-shawarma-1kg/
https://compassgrill.co.il/frozen-meat/spicy-angus-chorizo-100g-12-14-pcs-tray/?sort=rating&order=ASC,parameters,Noindex,https://compassgrill.co.il/frozen-meat/spicy-angus-chorizo-100g-12-14-pcs-tray/
https://compassgrill.co.il/poultry-3/frozen-chicken-shawarma-1kg/?category_id=105748&sort=price&order=DESC,parameters,Noindex,https://compassgrill.co.il/poultry-3/frozen-chicken-shawarma-1kg/
https://compassgrill.co.il/eitan-meat-eilat/frozen-ground-meat/angus-chorizo-1-1/?category_id=66897&sort=p.sort_order&order=ASC,parameters,Noindex,https://compassgrill.co.il/eitan-meat-eilat/frozen-ground-meat/angus-chorizo-1/
https://compassgrill.co.il/eitan-meat-eilat/frozen-ground-meat/angus-chorizo-1-1/?category_id=66897&sort=p.sort_order&order=ASC,duplicate,Redirect 301,https://compassgrill.co.il/eitan-meat-eilat/frozen-ground-meat/angus-chorizo-1/
https://compassgrill.co.il/smoker-tandoor/grill-smokers-tandoor/champion-barrel-smoker/?category_id=97703&sort=pd.name&order=DESC,parameters,Noindex,https://compassgrill.co.il/smoker-tandoor/grill-smokers-tandoor/champion-barrel-smoker/
https://compassgrill.co.il/frozen-meat/zigzag-sweet-potato-fries/?sort=rating&order=ASC,parameters,Noindex,https://compassgrill.co.il/frozen-meat/zigzag-sweet-potato-fries/
https://compassgrill.co.il/gas-grills-1/2-burner-gas-grill/ultimate-griddle-2/?category_id=108373&sort=pd.name&order=DESC,parameters,Noindex,https://compassgrill.co.il/gas-grills-1/2-burner-gas-grill/ultimate-griddle/
https://compassgrill.co.il/gas-grills-1/2-burner-gas-grill/ultimate-griddle-2/?category_id=108373&sort=pd.name&order=DESC,duplicate,Redirect 301,https://compassgrill.co.il/gas-grills-1/2-burner-gas-grill/ultimate-griddle/
https://compassgrill.co.il/fresh-meat-eilat/feedlot-angus-sirloin-steak-1/?sort=price&order=DESC,parameters,Noindex,https://compassgrill.co.il/fresh-meat-eilat/feedlot-angus-sirloin-steak/
https://compassgrill.co.il/fresh-meat-eilat/feedlot-angus-sirloin-steak-1/?sort=price&order=DESC,duplicate,Redirect 301,https://compassgrill.co.il/fresh-meat-eilat/feedlot-angus-sirloin-steak/
https://compassgrill.co.il/fresh-beef/פוינט-בריסקט-מס-3-אנגוס-פידלוט/?category_id=66835&sort=price&order=DESC,parameters,Noindex,https://compassgrill.co.il/fresh-beef/פוינט-בריסקט-מס-3-אנגוס-פידלוט/
https://compassgrill.co.il/fresh-beef/פוינט-בריסקט-מס-3-אנגוס-פידלוט/?sort=p.model&order=DESC,parameters,Noindex,https://compassgrill.co.il/fresh-beef/פוינט-בריסקט-מס-3-אנגוס-פידלוט/
https://compassgrill.co.il/smoker-tandoor/grill-smokers-tandoor/champion-barrel-smoker/?sort=pd.name&order=DESC,parameters,Noindex,https://compassgrill.co.il/smoker-tandoor/grill-smokers-tandoor/champion-barrel-smoker/
https://compassgrill.co.il/knives-and-accessories/giesser-knives/premiumcut-steel-sharpening-stone-25cm-fine/?category_id=104927&sort=price&order=ASC,parameters,Noindex,https://compassgrill.co.il/knives-and-accessories/giesser-knives/premiumcut-steel-sharpening-stone-25cm-fine/
https://compassgrill.co.il/fresh-beef/פוינט-בריסקט-מס-3-אנגוס-פידלוט/?sort=price&order=DESC,parameters,Noindex,https://compassgrill.co.il/fresh-beef/פוינט-בריסקט-מס-3-אנגוס-פידלוט/
https://compassgrill.co.il/knives-and-accessories/giesser-knives/tradition-chef-knife-20-26cm/?category_id=104927,parameters,Canonical,https://compassgrill.co.il/knives-and-accessories/giesser-knives/tradition-chef-knife-20-26cm/
https://compassgrill.co.il/compass-skewers/6-pcs-skewers-in-bag-590x10x2/?sort=rating&order=DESC,parameters,Noindex,https://compassgrill.co.il/compass-skewers/6-pcs-skewers-in-bag-590x10x2/
https://compassgrill.co.il/giesser-knives/tradition-chef-knife-20-26cm/?category_id=104927&sort=p.model&order=DESC,parameters,Noindex,https://compassgrill.co.il/giesser-knives/tradition-chef-knife-20-26cm/
https://compassgrill.co.il/smoker-tandoor/6-pcs-skewers-in-bag-590x10x2/?category_id=34515&sort=pd.name&order=ASC,parameters,Noindex,https://compassgrill.co.il/smoker-tandoor/6-pcs-skewers-in-bag-590x10x2/
https://compassgrill.co.il/gas-grills-1/6-burner-gas-grill/soon/?sort=p.sort_order&order=ASC,parameters,Noindex,https://compassgrill.co.il/gas-grills-1/6-burner-gas-grill/soon/
https://compassgrill.co.il/outdoor-kitchen/?sort=pd.name&order=DESC,parameters,Noindex,https://compassgrill.co.il/outdoor-kitchen/
https://compassgrill.co.il/knives-and-accessories/knife-block-passion-rosella/?category_id=35161&sort=p.sort_order&order=ASC,parameters,Noindex,https://compassgrill.co.il/knives-and-accessories/knife-block-passion-rosella/
https://compassgrill.co.il/knives-and-accessories/knife-block-passion-rosella/?sort=p.sort_order&order=ASC,parameters,Noindex,https://compassgrill.co.il/knives-and-accessories/knife-block-passion-rosella/
https://compassgrill.co.il/cast-iron-tools-plov-cooking/cast-iron-cooking-tools/12l-asian-kazan-cast-iron-lid-uncoated/?category_id=35280,parameters,Canonical,https://compassgrill.co.il/cast-iron-tools-plov-cooking/cast-iron-cooking-tools/12l-asian-kazan-cast-iron-lid-uncoated/
https://compassgrill.co.il/gas-grills-1/2-burner-gas-grill/bernini-nero/?category_id=108373,parameters,Canonical,https://compassgrill.co.il/gas-grills-1/2-burner-gas-grill/bernini-nero/
https://compassgrill.co.il/poultry-3/כבד-אווז-קפוא-ארוז-פרימיום-copy-0/?sort=p.sort_order&order=ASC,parameters,Noindex,https://compassgrill.co.il/poultry-3/כבד-אווז-קפוא-ארוז-פרימיום/
https://compassgrill.co.il/poultry-3/כבד-אווז-קפוא-ארוז-פרימיום-copy-0/?sort=p.sort_order&order=ASC,duplicate,Redirect 301,https://compassgrill.co.il/poultry-3/כבד-אווז-קפוא-ארוז-פרימיום/
https://compassgrill.co.il/wood-chips-and-chunks-for-smoking/pear-wood-smoking-chunks/?sort=price&order=ASC,parameters,Noindex,https://compassgrill.co.il/wood-chips-and-chunks-for-smoking/pear-wood-smoking-chunks/
https://compassgrill.co.il/meat-accessories-tools/cookware-set-4pcs-סט-4-סירי-איכות-בורטי/?sort=pd.name&order=ASC,parameters,Noindex,https://compassgrill.co.il/meat-accessories-tools/cookware-set-4pcs-סט-4-סירי-איכות-בורטי/
https://compassgrill.co.il/eitan-meat-eilat/בשרים-קפואים/חזה-אווז-ארוז-בוואקום-1/?category_id=125607&sort=rating&order=DESC,parameters,Noindex,https://compassgrill.co.il/eitan-meat-eilat/בשרים-קפואים/חזה-אווז-ארוז-בוואקום/
https://compassgrill.co.il/eitan-meat-eilat/בשרים-קפואים/חזה-אווז-ארוז-בוואקום-1/?category_id=125607&sort=rating&order=DESC,duplicate,Redirect 301,https://compassgrill.co.il/eitan-meat-eilat/בשרים-קפואים/חזה-אווז-ארוז-בוואקום/
https://compassgrill.co.il/smoker-tandoor/fratello/?category_id=34515,parameters,Canonical,https://compassgrill.co.il/smoker-tandoor/fratello/
https://compassgrill.co.il/4-burner-gas-grill/freestyle-425-gas-grill-with-infrared-side-burner-1/?category_id=108564&sort=p.model&order=ASC,parameters,Noindex,https://compassgrill.co.il/4-burner-gas-grill/freestyle-425-gas-grill-with-infrared-side-burner-1/
https://compassgrill.co.il/4-burner-gas-grill/freestyle-425-gas-grill-with-infrared-side-burner-1/?category_id=108564&sort=p.model&order=ASC,duplicate,Redirect 301,https://compassgrill.co.il/4-burner-gas-grill/freestyle-425-gas-grill-with-infrared-side-burner-1/
https://compassgrill.co.il/grill-smoker-accessories/cast-iron-tools-plov-cooking/cast-iron-cooking-tools/dual-sided-cast-iron-rectangular-griddle/?sort=p.model&order=DESC,parameters,Noindex,https://compassgrill.co.il/grill-smoker-accessories/cast-iron-tools-plov-cooking/cast-iron-cooking-tools/dual-sided-cast-iron-rectangular-griddle/
https://compassgrill.co.il/grill-smoker-accessories/cast-iron-tools-plov-cooking/cast-iron-cooking-tools/poike-number-3/?sort=rating&order=DESC,parameters,Noindex,https://compassgrill.co.il/grill-smoker-accessories/cast-iron-tools-plov-cooking/cast-iron-cooking-tools/poike-number/
https://compassgrill.co.il/grill-smoker-accessories/cast-iron-tools-plov-cooking/cast-iron-cooking-tools/poike-number-3/?sort=rating&order=DESC,duplicate,Redirect 301,https://compassgrill.co.il/grill-smoker-accessories/cast-iron-tools-plov-cooking/cast-iron-cooking-tools/poike-number/
https://compassgrill.co.il/pellet-smokers/memphis-ultimate-2-0-grill-combination/?sort=p.model&order=DESC,parameters,Noindex,https://compassgrill.co.il/pellet-smokers/memphis-ultimate-2-0-grill-combination/
https://compassgrill.co.il/eitan-meat-eilat/בשרים-קפואים/חזה-אווז-ארוז-בוואקום-1/?sort=rating&order=DESC,parameters,Noindex,https://compassgrill.co.il/eitan-meat-eilat/בשרים-קפואים/חזה-אווז-ארוז-בוואקום/
https://compassgrill.co.il/eitan-meat-eilat/בשרים-קפואים/חזה-אווז-ארוז-בוואקום-1/?sort=rating&order=DESC,duplicate,Redirect 301,https://compassgrill.co.il/eitan-meat-eilat/בשרים-קפואים/חזה-אווז-ארוז-בוואקום/
https://compassgrill.co.il/gas-grills-1/2-burner-gas-grill/ultimate-griddle-2/?category_id=108373&sort=p.model&order=DESC,parameters,Noindex,https://compassgrill.co.il/gas-grills-1/2-burner-gas-grill/ultimate-griddle/
https://compassgrill.co.il/gas-grills-1/2-burner-gas-grill/ultimate-griddle-2/?category_id=108373&sort=p.model&order=DESC,duplicate,Redirect 301,https://compassgrill.co.il/gas-grills-1/2-burner-gas-grill/ultimate-griddle/
https://compassgrill.co.il/gas-grills-1/2-burner-gas-grill/ultimate-griddle-2/?sort=pd.name&order=DESC,parameters,Noindex,https://compassgrill.co.il/gas-grills-1/2-burner-gas-grill/ultimate-griddle/
https://compassgrill.co.il/gas-grills-1/2-burner-gas-grill/ultimate-griddle-2/?sort=pd.name&order=DESC,duplicate,Redirect 301,https://compassgrill.co.il/gas-grills-1/2-burner-gas-grill/ultimate-griddle/
https://compassgrill.co.il/grill-smoker-accessories/wood-chips-and-chunks-for-smoking/apricot-wood-chunks/?category_id=97766&sort=p.sort_order&order=ASC,parameters,Noindex,https://compassgrill.co.il/grill-smoker-accessories/wood-chips-and-chunks-for-smoking/apricot-wood-chunks/
https://compassgrill.co.il/frozen-meat/premium-sliced-lamb-ribs-6-pieces-tray/?category_id=66836,parameters,Canonical,https://compassgrill.co.il/frozen-meat/premium-sliced-lamb-ribs-6-pieces-tray/
https://compassgrill.co.il/meat-accessories-tools/ultimate-smash-burger/?category_id=121090&sort=pd.name&order=DESC,parameters,Noindex,https://compassgrill.co.il/meat-accessories-tools/ultimate-smash-burger/
https://compassgrill.co.il/eitan-meat-eilat/feedlot-angus-sirloin-steak-1/?sort=price&order=DESC,parameters,Noindex,https://compassgrill.co.il/eitan-meat-eilat/feedlot-angus-sirloin-steak/
https://compassgrill.co.il/eitan-meat-eilat/feedlot-angus-sirloin-steak-1/?sort=price&order=DESC,duplicate,Redirect 301,https://compassgrill.co.il/eitan-meat-eilat/feedlot-angus-sirloin-steak/
https://compassgrill.co.il/eitan-meat-eilat/feedlot-angus-sirloin-steak-1/?category_id=125603&sort=price&order=DESC,parameters,Noindex,https://compassgrill.co.il/eitan-meat-eilat/feedlot-angus-sirloin-steak/
https://compassgrill.co.il/eitan-meat-eilat/feedlot-angus-sirloin-steak-1/?category_id=125603&sort=price&order=DESC,duplicate,Redirect 301,https://compassgrill.co.il/eitan-meat-eilat/feedlot-angus-sirloin-steak/
https://compassgrill.co.il/meat-aging-treatment/meat-accessories-tools/cutting-board-otto/?sort=price&order=DESC,parameters,Noindex,https://compassgrill.co.il/meat-aging-treatment/meat-accessories-tools/cutting-board-otto/
https://compassgrill.co.il/eitan-meat-eilat/frozen-ground-meat/angus-chorizo-1-1/?sort=p.sort_order&order=ASC,parameters,Noindex,https://compassgrill.co.il/eitan-meat-eilat/frozen-ground-meat/angus-chorizo-1/
https://compassgrill.co.il/eitan-meat-eilat/frozen-ground-meat/angus-chorizo-1-1/?sort=p.sort_order&order=ASC,duplicate,Redirect 301,https://compassgrill.co.il/eitan-meat-eilat/frozen-ground-meat/angus-chorizo-1/
https://compassgrill.co.il/meat-aging-treatment/meat-accessories-tools/cutting-board-otto/?category_id=121090&sort=pd.name&order=ASC,parameters,Noindex,https://compassgrill.co.il/meat-aging-treatment/meat-accessories-tools/cutting-board-otto/
https://compassgrill.co.il/grill-smoker-accessories/knives-and-accessories/premiumcut-barbecue-30/?sort=rating&order=ASC,parameters,Noindex,https://compassgrill.co.il/grill-smoker-accessories/knives-and-accessories/premiumcut-barbecue-30/
https://compassgrill.co.il/gas-grills-1/gas-grill-charcoal-smoker-combo/boretti-ibrido/?sort=price&order=DESC,parameters,Noindex,https://compassgrill.co.il/gas-grills-1/gas-grill-charcoal-smoker-combo/boretti-ibrido/
https://compassgrill.co.il/gas-grills-1/gas-grill-charcoal-smoker-combo/boretti-ibrido/?sort=price&order=ASC,parameters,Noindex,https://compassgrill.co.il/gas-grills-1/gas-grill-charcoal-smoker-combo/boretti-ibrido/
https://compassgrill.co.il/gas-grills-1/gas-grill-charcoal-smoker-combo/boretti-ibrido/?sort=rating&order=ASC,parameters,Noindex,https://compassgrill.co.il/gas-grills-1/gas-grill-charcoal-smoker-combo/boretti-ibrido/
https://compassgrill.co.il/taboon-products-and-accessories/foldable-stainless-steel-pizza-peel-for-oven/?sort=price&order=ASC,parameters,Noindex,https://compassgrill.co.il/taboon-products-and-accessories/foldable-stainless-steel-pizza-peel-for-oven/
https://compassgrill.co.il/fresh-beef/פוינט-בריסקט-מס-3-אנגוס-פידלוט/?category_id=66835&sort=p.sort_order&order=ASC,parameters,Noindex,https://compassgrill.co.il/fresh-beef/פוינט-בריסקט-מס-3-אנגוס-פידלוט/
https://compassgrill.co.il/eitan-meat-eilat/חזה-אווז-ארוז-בוואקום-2/?category_id=125603,parameters,Canonical,https://compassgrill.co.il/eitan-meat-eilat/חזה-אווז-ארוז-בוואקום-2/
https://compassgrill.co.il/eitan-meat-eilat/חזה-אווז-ארוז-בוואקום-2/?category_id=125603,duplicate,Redirect 301,https://compassgrill.co.il/eitan-meat-eilat/חזה-אווז-ארוז-בוואקום-2/
https://compassgrill.co.il/eitan-meat-eilat/חזה-אווז-ארוז-בוואקום-2/,duplicate,Redirect 301,https://compassgrill.co.il/eitan-meat-eilat/חזה-אווז-ארוז-בוואקום-2/
https://compassgrill.co.il/fuel-wood-smoking-pellets-charcoal/plum-smoking-chips/?category_id=97685,parameters,Canonical,https://compassgrill.co.il/fuel-wood-smoking-pellets-charcoal/plum-smoking-chips/
https://compassgrill.co.il/fresh-beef/פוינט-בריסקט-מס-3-אנגוס-פידלוט/?sort=p.sort_order&order=ASC,parameters,Noindex,https://compassgrill.co.il/fresh-beef/פוינט-בריסקט-מס-3-אנגוס-פידלוט/
https://compassgrill.co.il/4-burner-gas-grill/גריל-גז-freestyle-425-עם-כירת-צד-אינפרא-אדום-copy-0-1/?category_id=108564&sort=p.model&order=ASC,parameters,Noindex,https://compassgrill.co.il/4-burner-gas-grill/גריל-גז-freestyle-425-עם-כירת-צד-אינפרא-אדום-copy-0/
https://compassgrill.co.il/4-burner-gas-grill/גריל-גז-freestyle-425-עם-כירת-צד-אינפרא-אדום-copy-0-1/?category_id=108564&sort=p.model&order=ASC,duplicate,Redirect 301,https://compassgrill.co.il/4-burner-gas-grill/גריל-גז-freestyle-425-עם-כירת-צד-אינפרא-אדום-copy-0/
https://compassgrill.co.il/smoker-tandoor/bronz/?sort=rating&order=DESC,parameters,Noindex,https://compassgrill.co.il/smoker-tandoor/bronz/
https://compassgrill.co.il/grill-smoker-accessories/charcoal-professional/?sort=price&order=DESC,parameters,Noindex,https://compassgrill.co.il/grill-smoker-accessories/charcoal-professional/
https://compassgrill.co.il/grill-smokers-tandoor/charcoal-grill-smokers-tandoor/charcoal-professional-il/?sort=rating&order=DESC,parameters,Noindex,https://compassgrill.co.il/grill-smokers-tandoor/charcoal-grill-smokers-tandoor/charcoal-professional-il/
https://compassgrill.co.il/meat-aging-treatment/vacuum-grooved-bags-size-20x15/?sort=rating&order=DESC,parameters,Noindex,https://compassgrill.co.il/meat-aging-treatment/vacuum-grooved-bags-size-20x15/
https://compassgrill.co.il/smoker-tandoor/charcoal-professional/?sort=price&order=DESC,parameters,Noindex,https://compassgrill.co.il/smoker-tandoor/charcoal-professional/
https://compassgrill.co.il/gas-grills-1/addizio/?sort=p.sort_order&order=ASC,parameters,Noindex,https://compassgrill.co.il/gas-grills-1/addizio/
https://compassgrill.co.il/grill-smoker-accessories/heat-temperature-gauges/digital-thermometer-for-smokers-and-gas-grill-with-2-probes/?category_id=34577,parameters,Canonical,https://compassgrill.co.il/grill-smoker-accessories/heat-temperature-gauges/digital-thermometer-for-smokers-and-gas-grill-with-2-probes/
https://compassgrill.co.il/butcher-kfar-saba/premium-ground-beef-lamb-1kg-tray/?category_id=66834,parameters,Canonical,https://compassgrill.co.il/butcher-kfar-saba/premium-ground-beef-lamb-1kg-tray/
https://compassgrill.co.il/garden-firepits-and-decor/allure-42-inch-electric-fireplace-106-6cm/?sort=rating&order=ASC,parameters,Noindex,https://compassgrill.co.il/garden-firepits-and-decor/allure-42-inch-electric-fireplace-106-6cm/
https://compassgrill.co.il/grill-smoker-accessories/citrus-wood-chips/?sort=rating&order=DESC,parameters,Noindex,https://compassgrill.co.il/grill-smoker-accessories/citrus-wood-chips/
https://compassgrill.co.il/gas-grill-smokers-tandoor/rogue-xt-365sib-il-black/?sort=pd.name&order=ASC,parameters,Noindex,https://compassgrill.co.il/gas-grill-smokers-tandoor/rogue-xt-365sib-il-black/
https://compassgrill.co.il/2-burner-gas-grill/rogue-xt-365sib-il-black/?sort=rating&order=ASC,parameters,Noindex,https://compassgrill.co.il/2-burner-gas-grill/rogue-xt-365sib-il-black/
https://compassgrill.co.il/pellet-smokers/navigator-combo-1230-1/?sort=pd.name&order=DESC,parameters,Noindex,https://compassgrill.co.il/pellet-smokers/navigator-combo-1230/
https://compassgrill.co.il/pellet-smokers/navigator-combo-1230-1/?sort=pd.name&order=DESC,duplicate,Redirect 301,https://compassgrill.co.il/pellet-smokers/navigator-combo-1230/
https://compassgrill.co.il/garden-firepits-and-decor/allure-42-inch-electric-fireplace-106-6cm/?category_id=95012&sort=p.sort_order&order=ASC,parameters,Noindex,https://compassgrill.co.il/garden-firepits-and-decor/allure-42-inch-electric-fireplace-106-6cm/
https://compassgrill.co.il/grill-smoker-accessories/wood-chips-and-chunks-for-smoking/apple-wood-chips/?sort=rating&order=ASC,parameters,Noindex,https://compassgrill.co.il/grill-smoker-accessories/wood-chips-and-chunks-for-smoking/apple-wood-chips/
https://compassgrill.co.il/smoker-tandoor/charcoal-grill-and-skewer-bbq/charcoal-professional-il/?category_id=36001,parameters,Canonical,https://compassgrill.co.il/smoker-tandoor/charcoal-grill-and-skewer-bbq/charcoal-professional-il/
https://compassgrill.co.il/smoker-tandoor/?sort=pd.name&order=DESC,parameters,Noindex,https://compassgrill.co.il/smoker-tandoor/
https://compassgrill.co.il/smoker-tandoor/tandoor-clay-cooking-tools/tandoor-roma-model/?category_id=70159&sort=p.model&order=ASC,parameters,Noindex,https://compassgrill.co.il/smoker-tandoor/tandoor-clay-cooking-tools/tandoor-roma-model/
https://compassgrill.co.il/taboon-products-and-accessories/?sort=p.model&order=DESC,parameters,Noindex,https://compassgrill.co.il/taboon-products-and-accessories/
https://compassgrill.co.il/giesser-knives/premiumcut-butcher-cleaver-22cm/?sort=p.model&order=DESC,parameters,Noindex,https://compassgrill.co.il/giesser-knives/premiumcut-butcher-cleaver-22cm/
https://compassgrill.co.il/smoker-tandoor/terzo/?sort=price&order=ASC,parameters,Noindex,https://compassgrill.co.il/smoker-tandoor/terzo/
https://compassgrill.co.il/eitan-meat-eilat/frozen-ground-meat/premium-ground-beef-1kg-tray/?category_id=66897&sort=price&order=DESC,parameters,Noindex,https://compassgrill.co.il/eitan-meat-eilat/frozen-ground-meat/premium-ground-beef-1kg-tray/
https://compassgrill.co.il/grill-smoker-accessories/cast-iron-tools-plov-cooking/dual-cast-iron-round-griddle/?category_id=35279,parameters,Canonical,https://compassgrill.co.il/grill-smoker-accessories/cast-iron-tools-plov-cooking/dual-cast-iron-round-griddle/
https://compassgrill.co.il/giesser-knives/premiumcut-butcher-cleaver-22cm/?sort=pd.name&order=ASC,parameters,Noindex,https://compassgrill.co.il/giesser-knives/premiumcut-butcher-cleaver-22cm/
https://compassgrill.co.il/smoker-tandoor/skewer-unit-590x10x2/?category_id=34515&sort=p.model&order=DESC,parameters,Noindex,https://compassgrill.co.il/smoker-tandoor/skewer-unit-590x10x2/
https://compassgrill.co.il/smoker-tandoor/skewer-unit-590x10x2/?sort=p.model&order=DESC,parameters,Noindex,https://compassgrill.co.il/smoker-tandoor/skewer-unit-590x10x2/
https://compassgrill.co.il/grill-smoker-accessories/cast-iron-tools-plov-cooking/cast-iron-cooking-tools/poike-number-3/?sort=pd.name&order=DESC,parameters,Noindex,https://compassgrill.co.il/grill-smoker-accessories/cast-iron-tools-plov-cooking/cast-iron-cooking-tools/poike-number/
https://compassgrill.co.il/grill-smoker-accessories/cast-iron-tools-plov-cooking/cast-iron-cooking-tools/poike-number-3/?sort=pd.name&order=DESC,duplicate,Redirect 301,https://compassgrill.co.il/grill-smoker-accessories/cast-iron-tools-plov-cooking/cast-iron-cooking-tools/poike-number/
https://compassgrill.co.il/3-burner-gas-grill/rps425rsibpk-2-il/?sort=p.sort_order&order=ASC,parameters,Noindex,https://compassgrill.co.il/3-burner-gas-grill/rps425rsibpk-2-il/
https://compassgrill.co.il/grill-smokers-tandoor/charcoal-grill-smokers-tandoor/stainless-steel-charcoal-grill-for-6-skewers-foldable-with-bag/?category_id=97704&sort=pd.name&order=ASC,parameters,Noindex,https://compassgrill.co.il/grill-smokers-tandoor/charcoal-grill-smokers-tandoor/stainless-steel-charcoal-grill-for-6-skewers-foldable-with-bag/
https://compassgrill.co.il/smoker-tandoor/stainless-steel-charcoal-grill-for-6-skewers-foldable-with-bag/?category_id=34515&sort=pd.name&order=DESC,parameters,Noindex,https://compassgrill.co.il/smoker-tandoor/stainless-steel-charcoal-grill-for-6-skewers-foldable-with-bag/
https://compassgrill.co.il/grill-smoker-accessories/wood-chips-and-chunks-for-smoking/pear-wood-smoking-chunks/?category_id=97766&sort=price&order=DESC,parameters,Noindex,https://compassgrill.co.il/grill-smoker-accessories/wood-chips-and-chunks-for-smoking/pear-wood-smoking-chunks/
https://compassgrill.co.il/pellet-smokers/memphis-ultimate-2-0-grill-combination/?sort=pd.name&order=DESC,parameters,Noindex,https://compassgrill.co.il/pellet-smokers/memphis-ultimate-2-0-grill-combination/
https://compassgrill.co.il/frozen-meat/spicy-angus-chorizo-100g-12-14-pcs-tray/?sort=pd.name&order=ASC,parameters,Noindex,https://compassgrill.co.il/frozen-meat/spicy-angus-chorizo-100g-12-14-pcs-tray/
https://compassgrill.co.il/eitan-meat-eilat/frozen-meat/spicy-angus-chorizo-100g-12-14-pcs-tray/?category_id=66836&sort=price&order=ASC,parameters,Noindex,https://compassgrill.co.il/eitan-meat-eilat/frozen-meat/spicy-angus-chorizo-100g-12-14-pcs-tray/
https://compassgrill.co.il/frozen-meat/spicy-angus-chorizo-100g-12-14-pcs-tray/?sort=p.model&order=ASC,parameters,Noindex,https://compassgrill.co.il/frozen-meat/spicy-angus-chorizo-100g-12-14-pcs-tray/
https://compassgrill.co.il/cast-iron-tools-plov-cooking/cast-iron-cooking-tools/6l-asian-kazan-cast-iron-lid-uncoated/?category_id=35280,parameters,Canonical,https://compassgrill.co.il/cast-iron-tools-plov-cooking/cast-iron-cooking-tools/6l-asian-kazan-cast-iron-lid-uncoated/
https://compassgrill.co.il/gas-grills-1/2-burner-gas-grill/rxt365sibpss-1-il/?sort=price&order=ASC,parameters,Noindex,https://compassgrill.co.il/gas-grills-1/2-burner-gas-grill/rxt365sibpss-1-il/
https://compassgrill.co.il/gas-grills-1/ultimate-griddle-3/,duplicate,Redirect 301,https://compassgrill.co.il/gas-grills-1/ultimate-griddle-3/
https://compassgrill.co.il/garden-firepits-and-decor/allure-42-inch-electric-fireplace-106-6cm/?category_id=95012&sort=rating&order=ASC,parameters,Noindex,https://compassgrill.co.il/garden-firepits-and-decor/allure-42-inch-electric-fireplace-106-6cm/
https://compassgrill.co.il/frozen-meat/feedlot-butcher-steak/?sort=rating&order=ASC,parameters,Noindex,https://compassgrill.co.il/frozen-meat/feedlot-butcher-steak/
https://compassgrill.co.il/gas-grills-1/3-burner-gas-grill/ultimate-griddle-3/,duplicate,Redirect 301,https://compassgrill.co.il/gas-grills-1/3-burner-gas-grill/ultimate-griddle-3/
https://compassgrill.co.il/gas-grills-1/3-burner-gas-grill/ultimate-griddle-3/?category_id=108375,parameters,Canonical,https://compassgrill.co.il/gas-grills-1/3-burner-gas-grill/ultimate-griddle-3/
https://compassgrill.co.il/gas-grills-1/3-burner-gas-grill/ultimate-griddle-3/?category_id=108375,duplicate,Redirect 301,https://compassgrill.co.il/gas-grills-1/3-burner-gas-grill/ultimate-griddle-3/
https://compassgrill.co.il/gas-grills-1/r365sbpk-1-il/?sort=price&order=ASC,parameters,Noindex,https://compassgrill.co.il/gas-grills-1/r365sbpk-1-il/
https://compassgrill.co.il/giesser-knives/tradition-chef-knife-20-26cm/?sort=pd.name&order=ASC,parameters,Noindex,https://compassgrill.co.il/giesser-knives/tradition-chef-knife-20-26cm/
https://compassgrill.co.il/smoker-tandoor/pellet-smokers/navigator-side-smoker-קבינה-לדגמי-550-850-1150/?sort=p.model&order=DESC,parameters,Noindex,https://compassgrill.co.il/smoker-tandoor/pellet-smokers/navigator-side-smoker-קבינה-לדגמי-550-850-1150/
https://compassgrill.co.il/smoker-tandoor/pellet-smokers/navigator-side-smoker-קבינה-לדגמי-550-850-1150/?category_id=34516&sort=price&order=ASC,parameters,Noindex,https://compassgrill.co.il/smoker-tandoor/pellet-smokers/navigator-side-smoker-קבינה-לדגמי-550-850-1150/
https://compassgrill.co.il/frozen-meat/frozen-chicken-shawarma-1kg/?sort=pd.name&order=ASC,parameters,Noindex,https://compassgrill.co.il/frozen-meat/frozen-chicken-shawarma-1kg/
https://compassgrill.co.il/grill-smoker-accessories/premium-stainless-steel-smoking-box/?sort=price&order=ASC,parameters,Noindex,https://compassgrill.co.il/grill-smoker-accessories/premium-stainless-steel-smoking-box/
https://compassgrill.co.il/grill-smoker-accessories/heat-temperature-gauges/bluetooth-thermometer-2-probes/?sort=price&order=DESC,parameters,Noindex,https://compassgrill.co.il/grill-smoker-accessories/heat-temperature-gauges/bluetooth-thermometer-2-probes/
https://compassgrill.co.il/eitan-meat-eilat/meat-vending-machine-24-7/?sort=price&order=ASC,parameters,Noindex,https://compassgrill.co.il/eitan-meat-eilat/meat-vending-machine-24-7/
https://compassgrill.co.il/grill-smoker-accessories/knives-and-accessories/giesser-knives/premiumcut-steel-sharpening-stone-25cm-fine/?category_id=104927&sort=p.model&order=ASC,parameters,Noindex,https://compassgrill.co.il/grill-smoker-accessories/knives-and-accessories/giesser-knives/premiumcut-steel-sharpening-stone-25cm-fine/
https://compassgrill.co.il/fresh-beef/argentina-beef-6/?sort=price&order=ASC,parameters,Noindex,https://compassgrill.co.il/fresh-beef/argentina-beef-6/
https://compassgrill.co.il/cast-iron-tools-plov-cooking/cast-iron-cooking-tools/cast-iron-round-griddle-1/?category_id=35280,parameters,Canonical,https://compassgrill.co.il/cast-iron-tools-plov-cooking/cast-iron-cooking-tools/cast-iron-round-griddle/
https://compassgrill.co.il/cast-iron-tools-plov-cooking/cast-iron-cooking-tools/cast-iron-round-griddle-1/?category_id=35280,duplicate,Redirect 301,https://compassgrill.co.il/cast-iron-tools-plov-cooking/cast-iron-cooking-tools/cast-iron-round-griddle/
https://compassgrill.co.il/meat-aging-treatment/sous-vide-5/anova-vacuum-sealer/?category_id=70271,parameters,Canonical,https://compassgrill.co.il/meat-aging-treatment/sous-vide-5/anova-vacuum-sealer/
https://compassgrill.co.il/frozen-meat/chicken-liver/?category_id=66836&sort=rating&order=DESC,parameters,Noindex,https://compassgrill.co.il/frozen-meat/chicken-liver/
https://compassgrill.co.il/cast-iron-tools-plov-cooking/cast-iron-cooking-tools/cast-iron-grill-charcoal-holder/?category_id=35280&sort=pd.name&order=ASC,parameters,Noindex,https://compassgrill.co.il/cast-iron-tools-plov-cooking/cast-iron-cooking-tools/cast-iron-grill-charcoal-holder/
https://compassgrill.co.il/giesser-knives/premiumcut-butcher-cleaver-22cm/?category_id=104927&sort=pd.name&order=ASC,parameters,Noindex,https://compassgrill.co.il/giesser-knives/premiumcut-butcher-cleaver-22cm/
https://compassgrill.co.il/cast-iron-tools-plov-cooking/cast-iron-zhigong-cooking-kazan/6l-asian-kazan-cast-iron-lid-uncoated/?category_id=70270&sort=pd.name&order=ASC,parameters,Noindex,https://compassgrill.co.il/cast-iron-tools-plov-cooking/cast-iron-zhigong-cooking-kazan/6l-asian-kazan-cast-iron-lid-uncoated/
https://compassgrill.co.il/frozen-meat/chicken-liver/?sort=rating&order=DESC,parameters,Noindex,https://compassgrill.co.il/frozen-meat/chicken-liver/
https://compassgrill.co.il/cast-iron-tools-plov-cooking/cast-iron-cooking-tools/8l-asian-kazan-cast-iron-lid-uncoated/?category_id=35280&sort=rating&order=ASC,parameters,Noindex,https://compassgrill.co.il/cast-iron-tools-plov-cooking/cast-iron-cooking-tools/8l-asian-kazan-cast-iron-lid-uncoated/
https://compassgrill.co.il/butcher-kfar-saba/fresh-beef/argentina-beef-6/?category_id=66835,parameters,Canonical,https://compassgrill.co.il/butcher-kfar-saba/fresh-beef/argentina-beef-6/
https://compassgrill.co.il/gas-grills-1/6-burner-gas-grill/soon/?category_id=108563&sort=p.sort_order&order=ASC,parameters,Noindex,https://compassgrill.co.il/gas-grills-1/6-burner-gas-grill/soon/
https://compassgrill.co.il/pellet-smokers/navigator-side-smoker-קבינה-לדגמי-550-850-1150/?sort=p.model&order=DESC,parameters,Noindex,https://compassgrill.co.il/pellet-smokers/navigator-side-smoker-קבינה-לדגמי-550-850-1150/
https://compassgrill.co.il/meat-vending-machine-24-7/אנטריקוט-פידלוט-בלאק-אנגוס-copy-1/?category_id=125471&sort=p.model&order=ASC,parameters,Noindex,https://compassgrill.co.il/meat-vending-machine-24-7/אנטריקוט-פידלוט-בלאק-אנגוס/
https://compassgrill.co.il/meat-vending-machine-24-7/אנטריקוט-פידלוט-בלאק-אנגוס-copy-1/?category_id=125471&sort=p.model&order=ASC,duplicate,Redirect 301,https://compassgrill.co.il/meat-vending-machine-24-7/אנטריקוט-פידלוט-בלאק-אנגוס/
https://compassgrill.co.il/pellet-smokers/navigator-combo-1230-1/?sort=p.model&order=DESC,parameters,Noindex,https://compassgrill.co.il/pellet-smokers/navigator-combo-1230/
https://compassgrill.co.il/pellet-smokers/navigator-combo-1230-1/?sort=p.model&order=DESC,duplicate,Redirect 301,https://compassgrill.co.il/pellet-smokers/navigator-combo-1230/
https://compassgrill.co.il/cast-iron-tools-plov-cooking/cast-iron-zhigong-cooking-kazan/קאזן-אסייתי-10-ליטר-עם-מכסה-מברזל-יצוק-ללא-ציפוי-1/?category_id=70270&sort=rating&order=ASC,parameters,Noindex,https://compassgrill.co.il/cast-iron-tools-plov-cooking/cast-iron-zhigong-cooking-kazan/קאזן-אסייתי-10-ליטר-עם-מכסה-מברזל-יצוק-ללא-ציפוי-1/
https://compassgrill.co.il/cast-iron-tools-plov-cooking/cast-iron-zhigong-cooking-kazan/קאזן-אסייתי-10-ליטר-עם-מכסה-מברזל-יצוק-ללא-ציפוי-1/?category_id=70270&sort=rating&order=ASC,duplicate,Redirect 301,https://compassgrill.co.il/cast-iron-tools-plov-cooking/cast-iron-zhigong-cooking-kazan/קאזן-אסייתי-10-ליטר-עם-מכסה-מברזל-יצוק-ללא-ציפוי-1/
https://compassgrill.co.il/frozen-meat/prime-rib-sliced-450-500g-1-piece/?category_id=66836&sort=p.sort_order&order=ASC,parameters,Noindex,https://compassgrill.co.il/frozen-meat/prime-rib-sliced-450-500g-1-piece/
https://compassgrill.co.il/meat-aging-refrigerators-products/umai/שקיות-יישון-בשר-25-50-ס-מ-4-יחידות-umai-dry/?category_id=36000&sort=price&order=ASC,parameters,Noindex,https://compassgrill.co.il/meat-aging-refrigerators-products/umai/שקיות-יישון-בשר-25-50-ס-מ-4-יחידות-umai-dry/
https://compassgrill.co.il/knives-and-accessories/giesser-knives/premiumcut-slicer-31/?sort=rating&order=DESC,parameters,Noindex,https://compassgrill.co.il/knives-and-accessories/giesser-knives/premiumcut-slicer-31/
https://compassgrill.co.il/frozen-ground-meat/iraqi-meatballs-1/?category_id=66897&sort=p.model&order=ASC,parameters,Noindex,https://compassgrill.co.il/frozen-ground-meat/iraqi-meatballs/
https://compassgrill.co.il/frozen-ground-meat/iraqi-meatballs-1/?category_id=66897&sort=p.model&order=ASC,duplicate,Redirect 301,https://compassgrill.co.il/frozen-ground-meat/iraqi-meatballs/
https://compassgrill.co.il/frozen-meat/prime-rib-sliced-450-500g-1-piece/?sort=p.sort_order&order=ASC,parameters,Noindex,https://compassgrill.co.il/frozen-meat/prime-rib-sliced-450-500g-1-piece/
https://compassgrill.co.il/frozen-meat/angus-merguez-60g-13-15-pcs-tray/?category_id=66836&sort=pd.name&order=ASC,parameters,Noindex,https://compassgrill.co.il/frozen-meat/angus-merguez-60g-13-15-pcs-tray/
https://compassgrill.co.il/frozen-ground-meat/premium-ground-beef-1kg-tray/?sort=rating&order=ASC,parameters,Noindex,https://compassgrill.co.il/frozen-ground-meat/premium-ground-beef-1kg-tray/
https://compassgrill.co.il/meat-aging-treatment/meat-accessories-tools/burger-stainless-ring-13/?sort=p.model&order=ASC,parameters,Noindex,https://compassgrill.co.il/meat-aging-treatment/meat-accessories-tools/burger-stainless-ring-13/
https://compassgrill.co.il/cast-iron-tools-plov-cooking/cast-iron-zhigong-cooking-kazan/8l-asian-kazan-cast-iron-lid-uncoated/?category_id=70270&sort=rating&order=ASC,parameters,Noindex,https://compassgrill.co.il/cast-iron-tools-plov-cooking/cast-iron-zhigong-cooking-kazan/8l-asian-kazan-cast-iron-lid-uncoated/
https://compassgrill.co.il/eitan-meat-eilat/meat-vending-machine-24-7/?sort=rating&order=ASC,parameters,Noindex,https://compassgrill.co.il/eitan-meat-eilat/meat-vending-machine-24-7/
https://compassgrill.co.il/smoker-tandoor/terzo/?category_id=34515,parameters,Canonical,https://compassgrill.co.il/smoker-tandoor/terzo/
https://compassgrill.co.il/smoker-tandoor/pellet-smokers/navigator-combo-1230-1/?sort=rating&order=ASC,parameters,Noindex,https://compassgrill.co.il/smoker-tandoor/pellet-smokers/navigator-combo-1230/
https://compassgrill.co.il/smoker-tandoor/pellet-smokers/navigator-combo-1230-1/?sort=rating&order=ASC,duplicate,Redirect 301,https://compassgrill.co.il/smoker-tandoor/pellet-smokers/navigator-combo-1230/
https://compassgrill.co.il/gas-grills-1/2-burner-gas-grill/rxt365sibpk-1-il/?sort=price&order=ASC,parameters,Noindex,https://compassgrill.co.il/gas-grills-1/2-burner-gas-grill/rxt365sibpk-1-il/
https://compassgrill.co.il/frozen-ground-meat/iraqi-meatballs-1/?category_id=66897,parameters,Canonical,https://compassgrill.co.il/frozen-ground-meat/iraqi-meatballs/
https://compassgrill.co.il/frozen-ground-meat/iraqi-meatballs-1/?category_id=66897,duplicate,Redirect 301,https://compassgrill.co.il/frozen-ground-meat/iraqi-meatballs/
https://compassgrill.co.il/grill-smoker-accessories/knives-and-accessories/giesser-knives/premiumcut-steel-sharpening-stone-25cm-fine/?sort=p.model&order=ASC,parameters,Noindex,https://compassgrill.co.il/grill-smoker-accessories/knives-and-accessories/giesser-knives/premiumcut-steel-sharpening-stone-25cm-fine/
https://compassgrill.co.il/grill-smoker-accessories/wood-chips-and-chunks-for-smoking/apricot-wood-smoking-chips/?category_id=97766,parameters,Canonical,https://compassgrill.co.il/grill-smoker-accessories/wood-chips-and-chunks-for-smoking/apricot-wood-smoking-chips/
https://compassgrill.co.il/smoker-tandoor/tandoor-clay-cooking-tools/skiff/?category_id=70159,parameters,Canonical,https://compassgrill.co.il/smoker-tandoor/tandoor-clay-cooking-tools/skiff/
https://compassgrill.co.il/meat-aging-treatment/cotton-tying-thread-for-food-50-grams/?sort=pd.name&order=ASC,parameters,Noindex,https://compassgrill.co.il/meat-aging-treatment/cotton-tying-thread-for-food-50-grams/
https://compassgrill.co.il/grill-smoker-accessories/meat-aging-refrigerators-products/umai/שקיות-יישון-בשר-25-50-ס-מ-4-יחידות-umai-dry/?category_id=36000,parameters,Canonical,https://compassgrill.co.il/grill-smoker-accessories/meat-aging-refrigerators-products/umai/שקיות-יישון-בשר-25-50-ס-מ-4-יחידות-umai-dry/
https://compassgrill.co.il/smoker-tandoor/tandoor-clay-cooking-tools/skiff/?sort=pd.name&order=DESC,parameters,Noindex,https://compassgrill.co.il/smoker-tandoor/tandoor-clay-cooking-tools/skiff/
https://compassgrill.co.il/meat-aging-treatment/meat-accessories-tools/burger-stainless-ring-13/?category_id=121090,parameters,Canonical,https://compassgrill.co.il/meat-aging-treatment/meat-accessories-tools/burger-stainless-ring-13/
https://compassgrill.co.il/poultry-3/frozen-chicken-shawarma-1kg/?sort=rating&order=ASC,parameters,Noindex,https://compassgrill.co.il/poultry-3/frozen-chicken-shawarma-1kg/
https://compassgrill.co.il/gas-grills-1/sportsman-3-grill-with-cart/?sort=price&order=ASC,parameters,Noindex,https://compassgrill.co.il/gas-grills-1/sportsman-3-grill-with-cart/
https://compassgrill.co.il/gas-grills-1/2-burner-gas-grill/rxt365sibpk-1-il/?category_id=108373,parameters,Canonical,https://compassgrill.co.il/gas-grills-1/2-burner-gas-grill/rxt365sibpk-1-il/
https://compassgrill.co.il/eitan-meat-eilat/sliced-calf-leg-6-8-pcs-vacuum-packed-1/?sort=rating&order=DESC,parameters,Noindex,https://compassgrill.co.il/eitan-meat-eilat/sliced-calf-leg-6-8-pcs-vacuum-packed/
https://compassgrill.co.il/eitan-meat-eilat/sliced-calf-leg-6-8-pcs-vacuum-packed-1/?sort=rating&order=DESC,duplicate,Redirect 301,https://compassgrill.co.il/eitan-meat-eilat/sliced-calf-leg-6-8-pcs-vacuum-packed/
https://compassgrill.co.il/cast-iron-tools-plov-cooking/cast-iron-zhigong-cooking-kazan/8l-asian-kazan-cast-iron-lid-uncoated/?sort=rating&order=ASC,parameters,Noindex,https://compassgrill.co.il/cast-iron-tools-plov-cooking/cast-iron-zhigong-cooking-kazan/8l-asian-kazan-cast-iron-lid-uncoated/
https://compassgrill.co.il/meat-vending-machine-24-7/אנטריקוט-פידלוט-בלאק-אנגוס-copy-1/?category_id=125471&sort=pd.name&order=ASC,parameters,Noindex,https://compassgrill.co.il/meat-vending-machine-24-7/אנטריקוט-פידלוט-בלאק-אנגוס/
https://compassgrill.co.il/meat-vending-machine-24-7/אנטריקוט-פידלוט-בלאק-אנגוס-copy-1/?category_id=125471&sort=pd.name&order=ASC,duplicate,Redirect 301,https://compassgrill.co.il/meat-vending-machine-24-7/אנטריקוט-פידלוט-בלאק-אנגוס/
https://compassgrill.co.il/butcher-kfar-saba/black-angus-feedlot-shoulder-roast-no-5-2kg/?sort=rating&order=DESC,parameters,Noindex,https://compassgrill.co.il/butcher-kfar-saba/black-angus-feedlot-shoulder-roast-no-5-2kg/
https://compassgrill.co.il/grill-smoker-accessories/heat-temperature-gauges/bluetooth-thermometer-2-probes/?category_id=34577,parameters,Canonical,https://compassgrill.co.il/grill-smoker-accessories/heat-temperature-gauges/bluetooth-thermometer-2-probes/
https://compassgrill.co.il/meat-aging-treatment/sous-vide-5/vacuum-grooved-bags-size-20x30/?sort=price&order=ASC,parameters,Noindex,https://compassgrill.co.il/meat-aging-treatment/sous-vide-5/vacuum-grooved-bags-size-20x30/
https://compassgrill.co.il/cast-iron-tools-plov-cooking/cast-iron-zhigong-cooking-kazan/קאזן-אסייתי-10-ליטר-עם-מכסה-מברזל-יצוק-ללא-ציפוי-1/?sort=rating&order=ASC,parameters,Noindex,https://compassgrill.co.il/cast-iron-tools-plov-cooking/cast-iron-zhigong-cooking-kazan/קאזן-אסייתי-10-ליטר-עם-מכסה-מברזל-יצוק-ללא-ציפוי-1/
https://compassgrill.co.il/cast-iron-tools-plov-cooking/cast-iron-zhigong-cooking-kazan/קאזן-אסייתי-10-ליטר-עם-מכסה-מברזל-יצוק-ללא-ציפוי-1/?sort=rating&order=ASC,duplicate,Redirect 301,https://compassgrill.co.il/cast-iron-tools-plov-cooking/cast-iron-zhigong-cooking-kazan/קאזן-אסייתי-10-ליטר-עם-מכסה-מברזל-יצוק-ללא-ציפוי-1/
https://compassgrill.co.il/cast-iron-cooking-tools/poike-number-3-with-legs/?sort=p.model&order=DESC,parameters,Noindex,https://compassgrill.co.il/cast-iron-cooking-tools/poike-number-3-with-legs/
https://compassgrill.co.il/grill-smoker-accessories/שקיות-יישון-בשר-25-50-ס-מ-4-יחידות-umai-dry/?category_id=37972&sort=pd.name&order=DESC,parameters,Noindex,https://compassgrill.co.il/grill-smoker-accessories/שקיות-יישון-בשר-25-50-ס-מ-4-יחידות-umai-dry/
https://compassgrill.co.il/pellet-smokers/lg800fp-founders-premier/?category_id=34516&sort=rating&order=ASC,parameters,Noindex,https://compassgrill.co.il/pellet-smokers/lg800fp-founders-premier/
https://compassgrill.co.il/grill-smoker-accessories/wood-chips-and-chunks-for-smoking/apricot-wood-smoking-chips/?sort=price&order=ASC,parameters,Noindex,https://compassgrill.co.il/grill-smoker-accessories/wood-chips-and-chunks-for-smoking/apricot-wood-smoking-chips/
https://compassgrill.co.il/meat-aging-refrigerators-products/umai/שקיות-יישון-בשר-25-50-ס-מ-4-יחידות-umai-dry/?sort=price&order=ASC,parameters,Noindex,https://compassgrill.co.il/meat-aging-refrigerators-products/umai/שקיות-יישון-בשר-25-50-ס-מ-4-יחידות-umai-dry/
https://compassgrill.co.il/gas-grills-1/3-burner-gas-grill/sportsman-3-grill-with-cart/?sort=price&order=ASC,parameters,Noindex,https://compassgrill.co.il/gas-grills-1/3-burner-gas-grill/sportsman-3-grill-with-cart/
https://compassgrill.co.il/garden-firepits-and-decor/fire-table-lunar-bowl/?category_id=95012,parameters,Canonical,https://compassgrill.co.il/garden-firepits-and-decor/fire-table-lunar-bowl/
https://compassgrill.co.il/grill-smoker-accessories/knives-and-accessories/premiumcut-3-piece-set/?category_id=35161,parameters,Canonical,https://compassgrill.co.il/grill-smoker-accessories/knives-and-accessories/premiumcut-3-piece-set/
https://compassgrill.co.il/knives-and-accessories/giesser-knives/premiumcut-chef/?category_id=104927&sort=p.sort_order&order=ASC,parameters,Noindex,https://compassgrill.co.il/knives-and-accessories/giesser-knives/premiumcut-chef/
https://compassgrill.co.il/meat-aging-treatment/meat-accessories-tools/cast-iron-griddle-pitboss/?category_id=121090,parameters,Canonical,https://compassgrill.co.il/meat-aging-treatment/meat-accessories-tools/cast-iron-griddle-pitboss/
https://compassgrill.co.il/fresh-meat-eilat/fattened-angus-entrecote-sliced-pairs-1/,duplicate,Redirect 301,https://compassgrill.co.il/fresh-meat-eilat/fattened-angus-entrecote-sliced-pairs-1/
https://compassgrill.co.il/eitan-meat-eilat/fresh-beef/veal-filet-medallions-5-pcs-500g/?sort=rating&order=DESC,parameters,Noindex,https://compassgrill.co.il/eitan-meat-eilat/fresh-beef/veal-filet-medallions-5-pcs-500g/
https://compassgrill.co.il/knives-and-accessories/giesser-knives/premiumcut-fork/?sort=p.sort_order&order=ASC,parameters,Noindex,https://compassgrill.co.il/knives-and-accessories/giesser-knives/premiumcut-fork/
https://compassgrill.co.il/smoker-tandoor/pellet-smokers/lg800fp-founders-premier/?sort=price&order=ASC,parameters,Noindex,https://compassgrill.co.il/smoker-tandoor/pellet-smokers/lg800fp-founders-premier/
https://compassgrill.co.il/fresh-beef/angus-assado-boneless-feedlot-2-5kg/?sort=rating&order=DESC,parameters,Noindex,https://compassgrill.co.il/fresh-beef/angus-assado-boneless-feedlot-2-5kg/
https://compassgrill.co.il/giesser-knives/primeline-slicer-knife-20-25cm/?sort=p.model&order=DESC,parameters,Noindex,https://compassgrill.co.il/giesser-knives/primeline-slicer-knife-20-25cm/
https://compassgrill.co.il/butcher-kfar-saba/fresh-beef/פוינט-בריסקט-מס-3-אנגוס-פידלוט/?sort=pd.name&order=ASC,parameters,Noindex,https://compassgrill.co.il/butcher-kfar-saba/fresh-beef/פוינט-בריסקט-מס-3-אנגוס-פידלוט/
https://compassgrill.co.il/grill-smoker-accessories/שקיות-יישון-בשר-25-50-ס-מ-4-יחידות-umai-dry/?sort=pd.name&order=DESC,parameters,Noindex,https://compassgrill.co.il/grill-smoker-accessories/שקיות-יישון-בשר-25-50-ס-מ-4-יחידות-umai-dry/
https://compassgrill.co.il/meat-aging-treatment/meat-accessories-tools/meat-claws/?category_id=121090,parameters,Canonical,https://compassgrill.co.il/meat-aging-treatment/meat-accessories-tools/meat-claws/
https://compassgrill.co.il/grill-smoker-accessories/cast-iron-tools-plov-cooking/cast-iron-cooking-tools/poike-number-3/?category_id=35280&sort=pd.name&order=ASC,parameters,Noindex,https://compassgrill.co.il/grill-smoker-accessories/cast-iron-tools-plov-cooking/cast-iron-cooking-tools/poike-number/
https://compassgrill.co.il/grill-smoker-accessories/cast-iron-tools-plov-cooking/cast-iron-cooking-tools/poike-number-3/?category_id=35280&sort=pd.name&order=ASC,duplicate,Redirect 301,https://compassgrill.co.il/grill-smoker-accessories/cast-iron-tools-plov-cooking/cast-iron-cooking-tools/poike-number/
https://compassgrill.co.il/knives-and-accessories/giesser-knives/premiumcut-fork/?sort=rating&order=DESC,parameters,Noindex,https://compassgrill.co.il/knives-and-accessories/giesser-knives/premiumcut-fork/
https://compassgrill.co.il/giesser-knives/premiumcut-3-piece-set/?category_id=104927&sort=price&order=DESC,parameters,Noindex,https://compassgrill.co.il/giesser-knives/premiumcut-3-piece-set/
https://compassgrill.co.il/meat-accessories-tools/premiumcut-3-piece-set/?sort=p.model&order=ASC,parameters,Noindex,https://compassgrill.co.il/meat-accessories-tools/premiumcut-3-piece-set/
https://compassgrill.co.il/compass-skewers/stainless-steel-charcoal-grill-for-6-skewers-foldable-with-bag/?sort=pd.name&order=DESC,parameters,Noindex,https://compassgrill.co.il/compass-skewers/stainless-steel-charcoal-grill-for-6-skewers-foldable-with-bag/
https://compassgrill.co.il/smoker-tandoor/pellet-smokers/navigator-150/?sort=p.model&order=ASC,parameters,Noindex,https://compassgrill.co.il/smoker-tandoor/pellet-smokers/navigator-150/
https://compassgrill.co.il/compass-skewers/stainless-steel-charcoal-grill-for-6-skewers-foldable-with-bag/?category_id=38152&sort=pd.name&order=DESC,parameters,Noindex,https://compassgrill.co.il/compass-skewers/stainless-steel-charcoal-grill-for-6-skewers-foldable-with-bag/
https://compassgrill.co.il/poultry-3/packed-chicken-drums-1/?sort=p.sort_order&order=ASC,parameters,Noindex,https://compassgrill.co.il/poultry-3/packed-chicken-drums/
https://compassgrill.co.il/poultry-3/packed-chicken-drums-1/?sort=p.sort_order&order=ASC,duplicate,Redirect 301,https://compassgrill.co.il/poultry-3/packed-chicken-drums/
https://compassgrill.co.il/grill-smoker-accessories/cast-iron-tools-plov-cooking/cast-iron-cooking-tools/poike-number-3/?sort=p.model&order=DESC,parameters,Noindex,https://compassgrill.co.il/grill-smoker-accessories/cast-iron-tools-plov-cooking/cast-iron-cooking-tools/poike-number/
https://compassgrill.co.il/grill-smoker-accessories/cast-iron-tools-plov-cooking/cast-iron-cooking-tools/poike-number-3/?sort=p.model&order=DESC,duplicate,Redirect 301,https://compassgrill.co.il/grill-smoker-accessories/cast-iron-tools-plov-cooking/cast-iron-cooking-tools/poike-number/
https://compassgrill.co.il/poultry-3/frozen-chicken-skewers-5-units/?sort=p.sort_order&order=ASC,parameters,Noindex,https://compassgrill.co.il/poultry-3/frozen-chicken-skewers-5-units/
https://compassgrill.co.il/poultry-3/frozen-chicken-shawarma-1kg/?category_id=105748&sort=p.sort_order&order=ASC,parameters,Noindex,https://compassgrill.co.il/poultry-3/frozen-chicken-shawarma-1kg/
https://compassgrill.co.il/charcoal-grill-and-skewer-bbq/smokeless-coconut-charcoal/?sort=p.model&order=DESC,parameters,Noindex,https://compassgrill.co.il/charcoal-grill-and-skewer-bbq/smokeless-coconut-charcoal/
https://compassgrill.co.il/poultry-3/frozen-chicken-shawarma-1kg/?sort=p.sort_order&order=ASC,parameters,Noindex,https://compassgrill.co.il/poultry-3/frozen-chicken-shawarma-1kg/
https://compassgrill.co.il/charcoal-grill-and-skewer-bbq/smokeless-coconut-charcoal/?category_id=36001&sort=p.model&order=DESC,parameters,Noindex,https://compassgrill.co.il/charcoal-grill-and-skewer-bbq/smokeless-coconut-charcoal/
https://compassgrill.co.il/knives-and-accessories/giesser-knives/tradition-chef-knife-20-26cm/?category_id=104927&sort=p.sort_order&order=ASC,parameters,Noindex,https://compassgrill.co.il/knives-and-accessories/giesser-knives/tradition-chef-knife-20-26cm/
https://compassgrill.co.il/meat-aging-treatment/sauce-pan-with-brush/?sort=price&order=ASC,parameters,Noindex,https://compassgrill.co.il/meat-aging-treatment/sauce-pan-with-brush/
https://compassgrill.co.il/poultry-3/packed-chicken-hearts/?category_id=105748&sort=p.sort_order&order=ASC,parameters,Noindex,https://compassgrill.co.il/poultry-3/packed-chicken-hearts/
https://compassgrill.co.il/meat-aging-treatment/sauce-pan-with-brush/?category_id=121072,parameters,Canonical,https://compassgrill.co.il/meat-aging-treatment/sauce-pan-with-brush/
https://compassgrill.co.il/knives-and-accessories/giesser-knives/tradition-chef-knife-20-26cm/?sort=p.sort_order&order=ASC,parameters,Noindex,https://compassgrill.co.il/knives-and-accessories/giesser-knives/tradition-chef-knife-20-26cm/
https://compassgrill.co.il/grill-smoker-accessories/wood-chips-and-chunks-for-smoking/scotch-whiskey-chips/?sort=price&order=ASC,parameters,Noindex,https://compassgrill.co.il/grill-smoker-accessories/wood-chips-and-chunks-for-smoking/scotch-whiskey-chips/
https://compassgrill.co.il/knives-and-accessories/premiumcut-butcher-cleaver-22cm/?category_id=35161&sort=p.sort_order&order=ASC,parameters,Noindex,https://compassgrill.co.il/knives-and-accessories/premiumcut-butcher-cleaver-22cm/
https://compassgrill.co.il/knives-and-accessories/giesser-knives/premiumcut-steak-knife-12cm/?sort=p.sort_order&order=ASC,parameters,Noindex,https://compassgrill.co.il/knives-and-accessories/giesser-knives/premiumcut-steak-knife-12cm/
https://compassgrill.co.il/poultry-3/packed-chicken-hearts/?sort=p.sort_order&order=ASC,parameters,Noindex,https://compassgrill.co.il/poultry-3/packed-chicken-hearts/
https://compassgrill.co.il/knives-and-accessories/giesser-knives/premiumcut-steel-sharpening-stone-25cm-fine/?sort=p.sort_order&order=ASC,parameters,Noindex,https://compassgrill.co.il/knives-and-accessories/giesser-knives/premiumcut-steel-sharpening-stone-25cm-fine/
https://compassgrill.co.il/poultry-3/chicken-liver/?sort=p.sort_order&order=ASC,parameters,Noindex,https://compassgrill.co.il/poultry-3/chicken-liver/
https://compassgrill.co.il/knives-and-accessories/giesser-knives/primeline-slicer-knife-20-25cm/?category_id=104927&sort=price&order=ASC,parameters,Noindex,https://compassgrill.co.il/knives-and-accessories/giesser-knives/primeline-slicer-knife-20-25cm/
https://compassgrill.co.il/poultry-3/packed-chicken-drumsticks/?category_id=105748&sort=p.sort_order&order=ASC,parameters,Noindex,https://compassgrill.co.il/poultry-3/packed-chicken-drumsticks/
https://compassgrill.co.il/meat-accessories-tools/cookware-set-4pcs-סט-4-סירי-איכות-בורטי/?category_id=121090&sort=pd.name&order=ASC,parameters,Noindex,https://compassgrill.co.il/meat-accessories-tools/cookware-set-4pcs-סט-4-סירי-איכות-בורטי/
https://compassgrill.co.il/poultry-3/frozen-seasoned-chicken-skewers-5-pieces/?sort=p.sort_order&order=ASC,parameters,Noindex,https://compassgrill.co.il/poultry-3/frozen-seasoned-chicken-skewers-5-pieces/
https://compassgrill.co.il/smoker-tandoor/terzo/?category_id=34515&sort=price&order=ASC,parameters,Noindex,https://compassgrill.co.il/smoker-tandoor/terzo/
https://compassgrill.co.il/poultry-3/thin-sliced-chicken-breast-1kg/?sort=p.sort_order&order=ASC,parameters,Noindex,https://compassgrill.co.il/poultry-3/thin-sliced-chicken-breast-1kg/
https://compassgrill.co.il/smoker-tandoor/smoking-enthusiast-set/?category_id=34515&sort=rating&order=DESC,parameters,Noindex,https://compassgrill.co.il/smoker-tandoor/smoking-enthusiast-set/
https://compassgrill.co.il/cast-iron-tools-plov-cooking/cast-iron-cooking-tools/cast-iron-round-griddle-1/?sort=price&order=DESC,parameters,Noindex,https://compassgrill.co.il/cast-iron-tools-plov-cooking/cast-iron-cooking-tools/cast-iron-round-griddle/
https://compassgrill.co.il/cast-iron-tools-plov-cooking/cast-iron-cooking-tools/cast-iron-round-griddle-1/?sort=price&order=DESC,duplicate,Redirect 301,https://compassgrill.co.il/cast-iron-tools-plov-cooking/cast-iron-cooking-tools/cast-iron-round-griddle/
https://compassgrill.co.il/knives-and-accessories/giesser-knives/premiumcut-slicer-31/?sort=price&order=ASC,parameters,Noindex,https://compassgrill.co.il/knives-and-accessories/giesser-knives/premiumcut-slicer-31/
https://compassgrill.co.il/cast-iron-tools-plov-cooking/cast-iron-cooking-tools/12l-asian-kazan-cast-iron-lid-uncoated/?category_id=35280&sort=p.sort_order&order=ASC,parameters,Noindex,https://compassgrill.co.il/cast-iron-tools-plov-cooking/cast-iron-cooking-tools/12l-asian-kazan-cast-iron-lid-uncoated/
https://compassgrill.co.il/smoker-tandoor/tonello/?category_id=34515&sort=price&order=ASC,parameters,Noindex,https://compassgrill.co.il/smoker-tandoor/tonello/
https://compassgrill.co.il/eitan-meat-eilat/fresh-beef/feedlot-entrecote/?sort=pd.name&order=ASC,parameters,Noindex,https://compassgrill.co.il/eitan-meat-eilat/fresh-beef/feedlot-entrecote/
https://compassgrill.co.il/smoker-tandoor/tonello/?sort=price&order=ASC,parameters,Noindex,https://compassgrill.co.il/smoker-tandoor/tonello/
https://compassgrill.co.il/heat-temperature-gauges/?sort=p.model&order=DESC,parameters,Noindex,https://compassgrill.co.il/heat-temperature-gauges/
https://compassgrill.co.il/garden-firepits-and-decor/allure-42-inch-electric-fireplace-106-6cm/?category_id=95012&sort=price&order=ASC,parameters,Noindex,https://compassgrill.co.il/garden-firepits-and-decor/allure-42-inch-electric-fireplace-106-6cm/
https://compassgrill.co.il/cast-iron-tools-plov-cooking/cast-iron-cooking-tools/8l-asian-kazan-cast-iron-lid-uncoated/?category_id=35280&sort=p.model&order=ASC,parameters,Noindex,https://compassgrill.co.il/cast-iron-tools-plov-cooking/cast-iron-cooking-tools/8l-asian-kazan-cast-iron-lid-uncoated/
https://compassgrill.co.il/eitan-meat-eilat/טחונים-קפואים/iraqi-meatballs-1-1/?sort=price&order=DESC,parameters,Noindex,https://compassgrill.co.il/eitan-meat-eilat/טחונים-קפואים/iraqi-meatballs-1/
https://compassgrill.co.il/eitan-meat-eilat/טחונים-קפואים/iraqi-meatballs-1-1/?sort=price&order=DESC,duplicate,Redirect 301,https://compassgrill.co.il/eitan-meat-eilat/טחונים-קפואים/iraqi-meatballs-1/
https://compassgrill.co.il/knives-and-accessories/giesser-knives/premiumcut-butcher-cleaver-22cm/?category_id=104927&sort=price&order=ASC,parameters,Noindex,https://compassgrill.co.il/knives-and-accessories/giesser-knives/premiumcut-butcher-cleaver-22cm/
https://compassgrill.co.il/cast-iron-tools-plov-cooking/cast-iron-zhigong-cooking-kazan/reckless-1-kazan-pot-grill/?category_id=70270&sort=pd.name&order=ASC,parameters,Noindex,https://compassgrill.co.il/cast-iron-tools-plov-cooking/cast-iron-zhigong-cooking-kazan/reckless-1-kazan-pot-grill/
https://compassgrill.co.il/knives-and-accessories/giesser-knives/premiumcut-butcher-cleaver-22cm/?sort=price&order=ASC,parameters,Noindex,https://compassgrill.co.il/knives-and-accessories/giesser-knives/premiumcut-butcher-cleaver-22cm/
https://compassgrill.co.il/giesser-knives/classic-slicer-סכין-פריסה-מקצועית-22-25-28-31-36-ס-מ-copy-0/?category_id=104927&sort=p.model&order=DESC,parameters,Noindex,https://compassgrill.co.il/giesser-knives/classic-slicer-סכין-פריסה-מקצועית-22-25-28-31-36-ס-מ/
https://compassgrill.co.il/giesser-knives/classic-slicer-סכין-פריסה-מקצועית-22-25-28-31-36-ס-מ-copy-0/?category_id=104927&sort=p.model&order=DESC,duplicate,Redirect 301,https://compassgrill.co.il/giesser-knives/classic-slicer-סכין-פריסה-מקצועית-22-25-28-31-36-ס-מ/
https://compassgrill.co.il/smoker-tandoor/grill-smokers-tandoor/champion-barrel-smoker/?category_id=97703&sort=rating&order=ASC,parameters,Noindex,https://compassgrill.co.il/smoker-tandoor/grill-smokers-tandoor/champion-barrel-smoker/
https://compassgrill.co.il/cast-iron-tools-plov-cooking/cast-iron-cooking-tools/cast-iron-grill-charcoal-holder/?category_id=35280,parameters,Canonical,https://compassgrill.co.il/cast-iron-tools-plov-cooking/cast-iron-cooking-tools/cast-iron-grill-charcoal-holder/
https://compassgrill.co.il/giesser-knives/classic-slicer-סכין-פריסה-מקצועית-22-25-28-31-36-ס-מ-copy-0/?sort=p.model&order=DESC,parameters,Noindex,https://compassgrill.co.il/giesser-knives/classic-slicer-סכין-פריסה-מקצועית-22-25-28-31-36-ס-מ/
https://compassgrill.co.il/giesser-knives/classic-slicer-סכין-פריסה-מקצועית-22-25-28-31-36-ס-מ-copy-0/?sort=p.model&order=DESC,duplicate,Redirect 301,https://compassgrill.co.il/giesser-knives/classic-slicer-סכין-פריסה-מקצועית-22-25-28-31-36-ס-מ/
https://compassgrill.co.il/knives-and-accessories/giesser-knives/classic-slicer-סכין-פריסה-מקצועית-22-25-28-31-36-ס-מ-copy-0/?category_id=104927&sort=price&order=ASC,parameters,Noindex,https://compassgrill.co.il/knives-and-accessories/giesser-knives/classic-slicer-סכין-פריסה-מקצועית-22-25-28-31-36-ס-מ/
https://compassgrill.co.il/knives-and-accessories/giesser-knives/classic-slicer-סכין-פריסה-מקצועית-22-25-28-31-36-ס-מ-copy-0/?category_id=104927&sort=price&order=ASC,duplicate,Redirect 301,https://compassgrill.co.il/knives-and-accessories/giesser-knives/classic-slicer-סכין-פריסה-מקצועית-22-25-28-31-36-ס-מ/
https://compassgrill.co.il/knives-and-accessories/giesser-knives/classic-slicer-סכין-פריסה-מקצועית-22-25-28-31-36-ס-מ-copy-0/?sort=price&order=ASC,parameters,Noindex,https://compassgrill.co.il/knives-and-accessories/giesser-knives/classic-slicer-סכין-פריסה-מקצועית-22-25-28-31-36-ס-מ/
https://compassgrill.co.il/knives-and-accessories/giesser-knives/classic-slicer-סכין-פריסה-מקצועית-22-25-28-31-36-ס-מ-copy-0/?sort=price&order=ASC,duplicate,Redirect 301,https://compassgrill.co.il/knives-and-accessories/giesser-knives/classic-slicer-סכין-פריסה-מקצועית-22-25-28-31-36-ס-מ/
https://compassgrill.co.il/knives-and-accessories/quality-coconut-charcoal-for-grilling-and-smoking/?category_id=35161&sort=p.sort_order&order=ASC,parameters,Noindex,https://compassgrill.co.il/knives-and-accessories/quality-coconut-charcoal-for-grilling-and-smoking/
https://compassgrill.co.il/cast-iron-tools-plov-cooking/cast-iron-cooking-tools/cast-iron-cook-set/?category_id=35280&sort=rating&order=ASC,parameters,Noindex,https://compassgrill.co.il/cast-iron-tools-plov-cooking/cast-iron-cooking-tools/cast-iron-cook-set/
https://compassgrill.co.il/knives-and-accessories/quality-coconut-charcoal-for-grilling-and-smoking/?sort=p.sort_order&order=ASC,parameters,Noindex,https://compassgrill.co.il/knives-and-accessories/quality-coconut-charcoal-for-grilling-and-smoking/
https://compassgrill.co.il/cast-iron-tools-plov-cooking/cast-iron-cooking-tools/cast-iron-cook-set/?sort=rating&order=ASC,parameters,Noindex,https://compassgrill.co.il/cast-iron-tools-plov-cooking/cast-iron-cooking-tools/cast-iron-cook-set/
https://compassgrill.co.il/cast-iron-tools-plov-cooking/cast-iron-cooking-tools/cast-iron-grill-charcoal-holder/?category_id=35280&sort=rating&order=ASC,parameters,Noindex,https://compassgrill.co.il/cast-iron-tools-plov-cooking/cast-iron-cooking-tools/cast-iron-grill-charcoal-holder/
https://compassgrill.co.il/cast-iron-tools-plov-cooking/cast-iron-cooking-tools/cast-iron-grill-charcoal-holder/?sort=rating&order=ASC,parameters,Noindex,https://compassgrill.co.il/cast-iron-tools-plov-cooking/cast-iron-cooking-tools/cast-iron-grill-charcoal-holder/
https://compassgrill.co.il/cast-iron-tools-plov-cooking/cast-iron-zhigong-cooking-kazan/8l-asian-kazan-cast-iron-lid-uncoated/?category_id=70270&sort=price&order=ASC,parameters,Noindex,https://compassgrill.co.il/cast-iron-tools-plov-cooking/cast-iron-zhigong-cooking-kazan/8l-asian-kazan-cast-iron-lid-uncoated/
https://compassgrill.co.il/cast-iron-tools-plov-cooking/cast-iron-cooking-tools/cast-iron-round-griddle-1/?sort=pd.name&order=ASC,parameters,Noindex,https://compassgrill.co.il/cast-iron-tools-plov-cooking/cast-iron-cooking-tools/cast-iron-round-griddle/
https://compassgrill.co.il/cast-iron-tools-plov-cooking/cast-iron-cooking-tools/cast-iron-round-griddle-1/?sort=pd.name&order=ASC,duplicate,Redirect 301,https://compassgrill.co.il/cast-iron-tools-plov-cooking/cast-iron-cooking-tools/cast-iron-round-griddle/
https://compassgrill.co.il/gas-grills-1/3-burner-gas-grill/r425pk-2-il/?category_id=108375,parameters,Canonical,https://compassgrill.co.il/gas-grills-1/3-burner-gas-grill/r425pk-2-il/
https://compassgrill.co.il/cast-iron-tools-plov-cooking/cast-iron-cooking-tools/striped-pan-with-wooden-handle-cast-spout/?category_id=35280&sort=pd.name&order=DESC,parameters,Noindex,https://compassgrill.co.il/cast-iron-tools-plov-cooking/cast-iron-cooking-tools/striped-pan-with-wooden-handle-cast-spout/
https://compassgrill.co.il/טחונים-קפואים/veal-lamb-kebab-140g-6-pcs-pack-1/?category_id=125609&sort=p.model&order=ASC,parameters,Noindex,https://compassgrill.co.il/טחונים-קפואים/veal-lamb-kebab-140g-6-pcs-pack/
https://compassgrill.co.il/טחונים-קפואים/veal-lamb-kebab-140g-6-pcs-pack-1/?category_id=125609&sort=p.model&order=ASC,duplicate,Redirect 301,https://compassgrill.co.il/טחונים-קפואים/veal-lamb-kebab-140g-6-pcs-pack/
https://compassgrill.co.il/knives-and-accessories/giesser-knives/classic-slicer-סכין-פריסה-מקצועית-22-25-28-31-36-ס-מ-copy-0/?category_id=104927&sort=price&order=DESC,parameters,Noindex,https://compassgrill.co.il/knives-and-accessories/giesser-knives/classic-slicer-סכין-פריסה-מקצועית-22-25-28-31-36-ס-מ/
https://compassgrill.co.il/knives-and-accessories/giesser-knives/classic-slicer-סכין-פריסה-מקצועית-22-25-28-31-36-ס-מ-copy-0/?category_id=104927&sort=price&order=DESC,duplicate,Redirect 301,https://compassgrill.co.il/knives-and-accessories/giesser-knives/classic-slicer-סכין-פריסה-מקצועית-22-25-28-31-36-ס-מ/
https://compassgrill.co.il/smoker-tandoor/grill-smokers-tandoor/champion-barrel-smoker/?sort=rating&order=ASC,parameters,Noindex,https://compassgrill.co.il/smoker-tandoor/grill-smokers-tandoor/champion-barrel-smoker/
https://compassgrill.co.il/frozen-meat/premium-sliced-lamb-ribs-6-pieces-tray/?category_id=66836&sort=p.sort_order&order=ASC,parameters,Noindex,https://compassgrill.co.il/frozen-meat/premium-sliced-lamb-ribs-6-pieces-tray/
https://compassgrill.co.il/frozen-meat/premium-sliced-lamb-ribs-6-pieces-tray/?sort=p.sort_order&order=ASC,parameters,Noindex,https://compassgrill.co.il/frozen-meat/premium-sliced-lamb-ribs-6-pieces-tray/
https://compassgrill.co.il/cast-iron-tools-plov-cooking/cast-iron-zhigong-cooking-kazan/reckless-1-kazan-pot-grill/?sort=pd.name&order=ASC,parameters,Noindex,https://compassgrill.co.il/cast-iron-tools-plov-cooking/cast-iron-zhigong-cooking-kazan/reckless-1-kazan-pot-grill/
https://compassgrill.co.il/cast-iron-tools-plov-cooking/cast-iron-zhigong-cooking-kazan/8l-asian-kazan-cast-iron-lid-uncoated/?category_id=70270&sort=pd.name&order=ASC,parameters,Noindex,https://compassgrill.co.il/cast-iron-tools-plov-cooking/cast-iron-zhigong-cooking-kazan/8l-asian-kazan-cast-iron-lid-uncoated/
https://compassgrill.co.il/cast-iron-tools-plov-cooking/cast-iron-zhigong-cooking-kazan/8l-asian-kazan-cast-iron-lid-uncoated/?sort=price&order=ASC,parameters,Noindex,https://compassgrill.co.il/cast-iron-tools-plov-cooking/cast-iron-zhigong-cooking-kazan/8l-asian-kazan-cast-iron-lid-uncoated/
https://compassgrill.co.il/5-burner-gas-grill/rse625rsibpss-1-il/?category_id=108565&sort=price&order=DESC,parameters,Noindex,https://compassgrill.co.il/5-burner-gas-grill/rse625rsibpss-1-il/
https://compassgrill.co.il/cast-iron-tools-plov-cooking/cast-iron-cooking-tools/striped-pan-with-wooden-handle-cast-spout/?sort=pd.name&order=DESC,parameters,Noindex,https://compassgrill.co.il/cast-iron-tools-plov-cooking/cast-iron-cooking-tools/striped-pan-with-wooden-handle-cast-spout/
https://compassgrill.co.il/cast-iron-tools-plov-cooking/cast-iron-cooking-tools/8l-asian-kazan-cast-iron-lid-uncoated/?sort=rating&order=ASC,parameters,Noindex,https://compassgrill.co.il/cast-iron-tools-plov-cooking/cast-iron-cooking-tools/8l-asian-kazan-cast-iron-lid-uncoated/
https://compassgrill.co.il/eitan-meat-eilat/sliced-calf-leg-6-8-pcs-vacuum-packed-1/?sort=p.model&order=DESC,parameters,Noindex,https://compassgrill.co.il/eitan-meat-eilat/sliced-calf-leg-6-8-pcs-vacuum-packed/
https://compassgrill.co.il/eitan-meat-eilat/sliced-calf-leg-6-8-pcs-vacuum-packed-1/?sort=p.model&order=DESC,duplicate,Redirect 301,https://compassgrill.co.il/eitan-meat-eilat/sliced-calf-leg-6-8-pcs-vacuum-packed/
https://compassgrill.co.il/cast-iron-tools-plov-cooking/cast-iron-cooking-tools/cast-iron-grill-charcoal-holder/?category_id=35280&sort=pd.name&order=DESC,parameters,Noindex,https://compassgrill.co.il/cast-iron-tools-plov-cooking/cast-iron-cooking-tools/cast-iron-grill-charcoal-holder/
https://compassgrill.co.il/knives-and-accessories/giesser-knives/primeline-slicer-knife-20-25cm/?sort=price&order=ASC,parameters,Noindex,https://compassgrill.co.il/knives-and-accessories/giesser-knives/primeline-slicer-knife-20-25cm/
https://compassgrill.co.il/grill-smoker-accessories/heat-temperature-gauges/probe-thermometer/?category_id=34577,parameters,Canonical,https://compassgrill.co.il/grill-smoker-accessories/heat-temperature-gauges/probe-thermometer/
https://compassgrill.co.il/meat-aging-treatment/meat-accessories-tools/stainless-steel-burger-press/?sort=price&order=ASC,parameters,Noindex,https://compassgrill.co.il/meat-aging-treatment/meat-accessories-tools/stainless-steel-burger-press/
https://compassgrill.co.il/2-burner-gas-grill/?sort=p.model&order=DESC,parameters,Noindex,https://compassgrill.co.il/2-burner-gas-grill/
https://compassgrill.co.il/knives-and-accessories/giesser-knives/premiumcut-butcher-cleaver-22cm/?category_id=104927,parameters,Canonical,https://compassgrill.co.il/knives-and-accessories/giesser-knives/premiumcut-butcher-cleaver-22cm/
https://compassgrill.co.il/grill-smoker-accessories/knives-and-accessories/premiumcut-filet/?sort=rating&order=ASC,parameters,Noindex,https://compassgrill.co.il/grill-smoker-accessories/knives-and-accessories/premiumcut-filet/
https://compassgrill.co.il/eitan-meat-eilat/בשרים-קפואים/angus-fl-boneless-assaado-snacks-500g-1/?category_id=125607,parameters,Canonical,https://compassgrill.co.il/eitan-meat-eilat/בשרים-קפואים/angus-fl-boneless-assaado-snacks-500g/
https://compassgrill.co.il/eitan-meat-eilat/בשרים-קפואים/angus-fl-boneless-assaado-snacks-500g-1/?category_id=125607,duplicate,Redirect 301,https://compassgrill.co.il/eitan-meat-eilat/בשרים-קפואים/angus-fl-boneless-assaado-snacks-500g/
https://compassgrill.co.il/knives-and-accessories/giesser-knives/premiumcut-office-knife-10cm/?category_id=104927,parameters,Canonical,https://compassgrill.co.il/knives-and-accessories/giesser-knives/premiumcut-office-knife-10cm/
https://compassgrill.co.il/cast-iron-tools-plov-cooking/cast-iron-cooking-tools/12l-asian-kazan-cast-iron-lid-uncoated/?sort=rating&order=ASC,parameters,Noindex,https://compassgrill.co.il/cast-iron-tools-plov-cooking/cast-iron-cooking-tools/12l-asian-kazan-cast-iron-lid-uncoated/
https://compassgrill.co.il/5-burner-gas-grill/rse625rsibpss-1-il/?sort=price&order=DESC,parameters,Noindex,https://compassgrill.co.il/5-burner-gas-grill/rse625rsibpss-1-il/
https://compassgrill.co.il/cast-iron-tools-plov-cooking/cast-iron-cooking-tools/cast-iron-grill-charcoal-holder/?sort=pd.name&order=DESC,parameters,Noindex,https://compassgrill.co.il/cast-iron-tools-plov-cooking/cast-iron-cooking-tools/cast-iron-grill-charcoal-holder/
https://compassgrill.co.il/knives-and-accessories/giesser-knives/premiumcut-chef/?category_id=104927&sort=rating&order=ASC,parameters,Noindex,https://compassgrill.co.il/knives-and-accessories/giesser-knives/premiumcut-chef/
https://compassgrill.co.il/meat-aging-treatment/meat-accessories-tools/stainless-steel-burger-press/?category_id=121090&sort=price&order=ASC,parameters,Noindex,https://compassgrill.co.il/meat-aging-treatment/meat-accessories-tools/stainless-steel-burger-press/
https://compassgrill.co.il/טחונים-קפואים/veal-lamb-kebab-140g-6-pcs-pack-1/?sort=p.model&order=ASC,parameters,Noindex,https://compassgrill.co.il/טחונים-קפואים/veal-lamb-kebab-140g-6-pcs-pack/
https://compassgrill.co.il/טחונים-קפואים/veal-lamb-kebab-140g-6-pcs-pack-1/?sort=p.model&order=ASC,duplicate,Redirect 301,https://compassgrill.co.il/טחונים-קפואים/veal-lamb-kebab-140g-6-pcs-pack/
https://compassgrill.co.il/knives-and-accessories/giesser-knives/premiumcut-chef/?category_id=104927,parameters,Canonical,https://compassgrill.co.il/knives-and-accessories/giesser-knives/premiumcut-chef/
https://compassgrill.co.il/grill-smoker-accessories/grill-grate/?category_id=37972,parameters,Canonical,https://compassgrill.co.il/grill-smoker-accessories/grill-grate/
https://compassgrill.co.il/knives-and-accessories/giesser-knives/premiumcut-filet/?category_id=104927&sort=p.model&order=ASC,parameters,Noindex,https://compassgrill.co.il/knives-and-accessories/giesser-knives/premiumcut-filet/
https://compassgrill.co.il/compass-skewers/bronz/?category_id=38152,parameters,Canonical,https://compassgrill.co.il/compass-skewers/bronz/
https://compassgrill.co.il/cast-iron-tools-plov-cooking/cast-iron-cooking-tools/dual-cast-iron-round-griddle/?category_id=35280&sort=rating&order=DESC,parameters,Noindex,https://compassgrill.co.il/cast-iron-tools-plov-cooking/cast-iron-cooking-tools/dual-cast-iron-round-griddle/
https://compassgrill.co.il/meat-aging-refrigerators-products/umai/umai-dry-meat-aging-bags-30x60cm-3-units/?category_id=36000&sort=p.model&order=ASC,parameters,Noindex,https://compassgrill.co.il/meat-aging-refrigerators-products/umai/umai-dry-meat-aging-bags-30x60cm-3-units/
https://compassgrill.co.il/gas-grills-1/?sort=price&order=DESC,parameters,Noindex,https://compassgrill.co.il/gas-grills/
https://compassgrill.co.il/gas-grills-1/?sort=price&order=DESC,duplicate,Redirect 301,https://compassgrill.co.il/gas-grills/
https://compassgrill.co.il/knives-and-accessories/giesser-knives/tradition-kitchen-knife-16cm/?category_id=104927,parameters,Canonical,https://compassgrill.co.il/knives-and-accessories/giesser-knives/tradition-kitchen-knife-16cm/
https://compassgrill.co.il/grill-smoker-accessories/heat-temperature-gauges/probe-thermometer/?sort=price&order=ASC,parameters,Noindex,https://compassgrill.co.il/grill-smoker-accessories/heat-temperature-gauges/probe-thermometer/
https://compassgrill.co.il/meat-aging-treatment/meat-accessories-tools/stainless-steel-burger-press/?sort=pd.name&order=DESC,parameters,Noindex,https://compassgrill.co.il/meat-aging-treatment/meat-accessories-tools/stainless-steel-burger-press/
https://compassgrill.co.il/knives-and-accessories/giesser-knives/premiumcut-slicer-31/?category_id=104927&sort=pd.name&order=DESC,parameters,Noindex,https://compassgrill.co.il/knives-and-accessories/giesser-knives/premiumcut-slicer-31/
https://compassgrill.co.il/knives-and-accessories/giesser-knives/classic-slicer-knife-22-36cm/?category_id=104927&sort=p.sort_order&order=ASC,parameters,Noindex,https://compassgrill.co.il/knives-and-accessories/giesser-knives/classic-slicer-knife-22-36cm/
https://compassgrill.co.il/eitan-meat-eilat/meat-vending-machine-24-7/romanian-kebab-homemade-650g-frozen-automatic-meat-247/?sort=price&order=ASC,parameters,Noindex,https://compassgrill.co.il/eitan-meat-eilat/meat-vending-machine-24-7/romanian-kebab-homemade-650g-frozen-automatic-meat-247/
https://compassgrill.co.il/knives-and-accessories/giesser-knives/premiumcut-carving-set/?sort=rating&order=DESC,parameters,Noindex,https://compassgrill.co.il/knives-and-accessories/giesser-knives/premiumcut-carving-set/
https://compassgrill.co.il/knives-and-accessories/giesser-knives/premiumcut-carving-set/?category_id=104927,parameters,Canonical,https://compassgrill.co.il/knives-and-accessories/giesser-knives/premiumcut-carving-set/
https://compassgrill.co.il/poultry-3/frozen-chicken-shawarma-1kg/?sort=pd.name&order=ASC,parameters,Noindex,https://compassgrill.co.il/poultry-3/frozen-chicken-shawarma-1kg/
https://compassgrill.co.il/eitan-meat-eilat/fresh-meat-eilat/veal-filet-medallions-5-pcs-500g-1/?sort=p.model&order=ASC,parameters,Noindex,https://compassgrill.co.il/eitan-meat-eilat/fresh-meat-eilat/veal-filet-medallions-5-pcs-500g/
https://compassgrill.co.il/eitan-meat-eilat/fresh-meat-eilat/veal-filet-medallions-5-pcs-500g-1/?sort=p.model&order=ASC,duplicate,Redirect 301,https://compassgrill.co.il/eitan-meat-eilat/fresh-meat-eilat/veal-filet-medallions-5-pcs-500g/
https://compassgrill.co.il/knives-and-accessories/giesser-knives/classic-slicer-knife-22-36cm/?category_id=104927&sort=price&order=ASC,parameters,Noindex,https://compassgrill.co.il/knives-and-accessories/giesser-knives/classic-slicer-knife-22-36cm/
https://compassgrill.co.il/cast-iron-tools-plov-cooking/cast-iron-cooking-tools/poike-number-2/?category_id=35280&sort=p.model&order=DESC,parameters,Noindex,https://compassgrill.co.il/cast-iron-tools-plov-cooking/cast-iron-cooking-tools/poike-number/
https://compassgrill.co.il/cast-iron-tools-plov-cooking/cast-iron-cooking-tools/poike-number-2/?category_id=35280&sort=p.model&order=DESC,duplicate,Redirect 301,https://compassgrill.co.il/cast-iron-tools-plov-cooking/cast-iron-cooking-tools/poike-number/
https://compassgrill.co.il/smoker-tandoor/pellet-smokers/pitboss-fb500/?sort=p.model&order=DESC,parameters,Noindex,https://compassgrill.co.il/smoker-tandoor/pellet-smokers/pitboss-fb500/
https://compassgrill.co.il/knives-and-accessories/giesser-knives/classic-slicer-סכין-פריסה-מקצועית-22-25-28-31-36-ס-מ-copy-0/?category_id=104927&sort=p.model&order=ASC,parameters,Noindex,https://compassgrill.co.il/knives-and-accessories/giesser-knives/classic-slicer-סכין-פריסה-מקצועית-22-25-28-31-36-ס-מ/
https://compassgrill.co.il/knives-and-accessories/giesser-knives/classic-slicer-סכין-פריסה-מקצועית-22-25-28-31-36-ס-מ-copy-0/?category_id=104927&sort=p.model&order=ASC,duplicate,Redirect 301,https://compassgrill.co.il/knives-and-accessories/giesser-knives/classic-slicer-סכין-פריסה-מקצועית-22-25-28-31-36-ס-מ/
https://compassgrill.co.il/knives-and-accessories/giesser-knives/premiumcut-office-knife-10cm/?sort=rating&order=DESC,parameters,Noindex,https://compassgrill.co.il/knives-and-accessories/giesser-knives/premiumcut-office-knife-10cm/
https://compassgrill.co.il/knives-and-accessories/giesser-knives/premiumcut-carving-set/?category_id=104927&sort=pd.name&order=DESC,parameters,Noindex,https://compassgrill.co.il/knives-and-accessories/giesser-knives/premiumcut-carving-set/
https://compassgrill.co.il/cast-iron-tools-plov-cooking/cast-iron-zhigong-cooking-kazan/reckless-1-kazan-pot-grill/?category_id=70270&sort=p.model&order=DESC,parameters,Noindex,https://compassgrill.co.il/cast-iron-tools-plov-cooking/cast-iron-zhigong-cooking-kazan/reckless-1-kazan-pot-grill/
https://compassgrill.co.il/knives-and-accessories/giesser-knives/classic-slicer-knife-22-36cm/?sort=p.sort_order&order=ASC,parameters,Noindex,https://compassgrill.co.il/knives-and-accessories/giesser-knives/classic-slicer-knife-22-36cm/
https://compassgrill.co.il/knives-and-accessories/giesser-knives/premiumcut-slicer-31/?category_id=104927&sort=p.model&order=DESC,parameters,Noindex,https://compassgrill.co.il/knives-and-accessories/giesser-knives/premiumcut-slicer-31/
https://compassgrill.co.il/knives-and-accessories/giesser-knives/premiumcut-butcher-cleaver-22cm/?sort=p.sort_order&order=ASC,parameters,Noindex,https://compassgrill.co.il/knives-and-accessories/giesser-knives/premiumcut-butcher-cleaver-22cm/
https://compassgrill.co.il/knives-and-accessories/giesser-knives/premiumcut-yobocho-knife-20cm/?category_id=104927&sort=rating&order=DESC,parameters,Noindex,https://compassgrill.co.il/knives-and-accessories/giesser-knives/premiumcut-yobocho-knife-20cm/
https://compassgrill.co.il/knives-and-accessories/giesser-knives/classic-slicer-knife-22-36cm/?sort=price&order=ASC,parameters,Noindex,https://compassgrill.co.il/knives-and-accessories/giesser-knives/classic-slicer-knife-22-36cm/
https://compassgrill.co.il/knives-and-accessories/giesser-knives/premiumcut-office-knife-10cm/?category_id=104927&sort=pd.name&order=DESC,parameters,Noindex,https://compassgrill.co.il/knives-and-accessories/giesser-knives/premiumcut-office-knife-10cm/
https://compassgrill.co.il/cast-iron-tools-plov-cooking/cast-iron-cooking-tools/dual-sided-cast-iron-rectangular-griddle/?category_id=35280,parameters,Canonical,https://compassgrill.co.il/cast-iron-tools-plov-cooking/cast-iron-cooking-tools/dual-sided-cast-iron-rectangular-griddle/
https://compassgrill.co.il/knives-and-accessories/giesser-knives/premiumcut-butcher-cleaver-22cm/?category_id=104927&sort=rating&order=DESC,parameters,Noindex,https://compassgrill.co.il/knives-and-accessories/giesser-knives/premiumcut-butcher-cleaver-22cm/
https://compassgrill.co.il/knives-and-accessories/giesser-knives/premiumcut-barbecue-30/?category_id=104927&sort=p.model&order=ASC,parameters,Noindex,https://compassgrill.co.il/knives-and-accessories/giesser-knives/premiumcut-barbecue-30/
https://compassgrill.co.il/cast-iron-tools-plov-cooking/cast-iron-cooking-tools/קאזן-אסייתי-10-ליטר-עם-מכסה-מברזל-יצוק-ללא-ציפוי-1/?category_id=35280,parameters,Canonical,https://compassgrill.co.il/cast-iron-tools-plov-cooking/cast-iron-cooking-tools/קאזן-אסייתי-10-ליטר-עם-מכסה-מברזל-יצוק-ללא-ציפוי-1/
https://compassgrill.co.il/cast-iron-tools-plov-cooking/cast-iron-cooking-tools/קאזן-אסייתי-10-ליטר-עם-מכסה-מברזל-יצוק-ללא-ציפוי-1/?category_id=35280,duplicate,Redirect 301,https://compassgrill.co.il/cast-iron-tools-plov-cooking/cast-iron-cooking-tools/קאזן-אסייתי-10-ליטר-עם-מכסה-מברזל-יצוק-ללא-ציפוי-1/
https://compassgrill.co.il/knives-and-accessories/giesser-knives/premiumcut-chef/?category_id=104927&sort=p.model&order=DESC,parameters,Noindex,https://compassgrill.co.il/knives-and-accessories/giesser-knives/premiumcut-chef/
https://compassgrill.co.il/knives-and-accessories/giesser-knives/premiumcut-carving-set/?sort=price&order=ASC,parameters,Noindex,https://compassgrill.co.il/knives-and-accessories/giesser-knives/premiumcut-carving-set/
https://compassgrill.co.il/knives-and-accessories/giesser-knives/primeline-slicer-knife-20-25cm/?category_id=104927&sort=p.model&order=DESC,parameters,Noindex,https://compassgrill.co.il/knives-and-accessories/giesser-knives/primeline-slicer-knife-20-25cm/
https://compassgrill.co.il/grill-smoker-accessories/cast-iron-tools-plov-cooking/dual-cast-iron-round-griddle/?sort=p.sort_order&order=ASC,parameters,Noindex,https://compassgrill.co.il/grill-smoker-accessories/cast-iron-tools-plov-cooking/dual-cast-iron-round-griddle/
https://compassgrill.co.il/gas-grills-1/gas-grill-charcoal-smoker-combo/memphis-ultimate-2-0-grill-combination/?category_id=108566&sort=price&order=DESC,parameters,Noindex,https://compassgrill.co.il/gas-grills-1/gas-grill-charcoal-smoker-combo/memphis-ultimate-2-0-grill-combination/
https://compassgrill.co.il/knives-and-accessories/giesser-knives/premiumcut-steel-sharpening-stone-25cm-fine/?category_id=104927&sort=p.model&order=DESC,parameters,Noindex,https://compassgrill.co.il/knives-and-accessories/giesser-knives/premiumcut-steel-sharpening-stone-25cm-fine/
https://compassgrill.co.il/cast-iron-tools-plov-cooking/cast-iron-cooking-tools/קאזן-אסייתי-10-ליטר-עם-מכסה-מברזל-יצוק-ללא-ציפוי-1/,duplicate,Redirect 301,https://compassgrill.co.il/cast-iron-tools-plov-cooking/cast-iron-cooking-tools/קאזן-אסייתי-10-ליטר-עם-מכסה-מברזל-יצוק-ללא-ציפוי-1/
https://compassgrill.co.il/cast-iron-cooking-tools/poike-number-3/?category_id=35280&sort=p.model&order=DESC,parameters,Noindex,https://compassgrill.co.il/cast-iron-cooking-tools/poike-number/
https://compassgrill.co.il/cast-iron-cooking-tools/poike-number-3/?category_id=35280&sort=p.model&order=DESC,duplicate,Redirect 301,https://compassgrill.co.il/cast-iron-cooking-tools/poike-number/
https://compassgrill.co.il/knives-and-accessories/giesser-knives/premiumcut-3-piece-set/?category_id=104927&sort=p.model&order=ASC,parameters,Noindex,https://compassgrill.co.il/knives-and-accessories/giesser-knives/premiumcut-3-piece-set/
https://compassgrill.co.il/cast-iron-tools-plov-cooking/cast-iron-zhigong-cooking-kazan/קאזן-אסייתי-10-ליטר-עם-מכסה-מברזל-יצוק-ללא-ציפוי-1/?category_id=70270&sort=pd.name&order=ASC,parameters,Noindex,https://compassgrill.co.il/cast-iron-tools-plov-cooking/cast-iron-zhigong-cooking-kazan/קאזן-אסייתי-10-ליטר-עם-מכסה-מברזל-יצוק-ללא-ציפוי-1/
https://compassgrill.co.il/cast-iron-tools-plov-cooking/cast-iron-zhigong-cooking-kazan/קאזן-אסייתי-10-ליטר-עם-מכסה-מברזל-יצוק-ללא-ציפוי-1/?category_id=70270&sort=pd.name&order=ASC,duplicate,Redirect 301,https://compassgrill.co.il/cast-iron-tools-plov-cooking/cast-iron-zhigong-cooking-kazan/קאזן-אסייתי-10-ליטר-עם-מכסה-מברזל-יצוק-ללא-ציפוי-1/
https://compassgrill.co.il/grill-smokers-tandoor/charcoal-grill-smokers-tandoor/charcoal-professional-il/?category_id=97704&sort=rating&order=DESC,parameters,Noindex,https://compassgrill.co.il/grill-smokers-tandoor/charcoal-grill-smokers-tandoor/charcoal-professional-il/
https://compassgrill.co.il/cast-iron-tools-plov-cooking/cast-iron-zhigong-cooking-kazan/6l-asian-kazan-cast-iron-lid-uncoated/?sort=rating&order=ASC,parameters,Noindex,https://compassgrill.co.il/cast-iron-tools-plov-cooking/cast-iron-zhigong-cooking-kazan/6l-asian-kazan-cast-iron-lid-uncoated/
https://compassgrill.co.il/smoker-tandoor/smoking-enthusiast-set/?sort=rating&order=DESC,parameters,Noindex,https://compassgrill.co.il/smoker-tandoor/smoking-enthusiast-set/
https://compassgrill.co.il/grill-smokers-tandoor/charcoal-grill-smokers-tandoor/charcoal-grill-with-legs-for-6-skewers-foldable-with-bag/?category_id=97704&sort=rating&order=DESC,parameters,Noindex,https://compassgrill.co.il/grill-smokers-tandoor/charcoal-grill-smokers-tandoor/charcoal-grill-with-legs-for-6-skewers-foldable-with-bag/
https://compassgrill.co.il/knives-and-accessories/giesser-knives/premiumcut-steel-sharpening-stone-25cm-fine/?sort=price&order=ASC,parameters,Noindex,https://compassgrill.co.il/knives-and-accessories/giesser-knives/premiumcut-steel-sharpening-stone-25cm-fine/
https://compassgrill.co.il/poultry-3/spiced-chicken-wings/?category_id=105748&sort=p.sort_order&order=ASC,parameters,Noindex,https://compassgrill.co.il/poultry-3/spiced-chicken-wings/
https://compassgrill.co.il/knives-and-accessories/premiumcut-office-knife-10cm/?category_id=35161&sort=p.sort_order&order=ASC,parameters,Noindex,https://compassgrill.co.il/knives-and-accessories/premiumcut-office-knife-10cm/
https://compassgrill.co.il/eitan-meat-eilat/frozen-ground-meat/veal-meatballs-830g-pack/?category_id=66897&sort=p.sort_order&order=ASC,parameters,Noindex,https://compassgrill.co.il/eitan-meat-eilat/frozen-ground-meat/veal-meatballs-830g-pack/
https://compassgrill.co.il/cast-iron-tools-plov-cooking/cast-iron-zhigong-cooking-kazan/קאזן-אסייתי-10-ליטר-עם-מכסה-מברזל-יצוק-ללא-ציפוי-1/?sort=pd.name&order=ASC,parameters,Noindex,https://compassgrill.co.il/cast-iron-tools-plov-cooking/cast-iron-zhigong-cooking-kazan/קאזן-אסייתי-10-ליטר-עם-מכסה-מברזל-יצוק-ללא-ציפוי-1/
https://compassgrill.co.il/cast-iron-tools-plov-cooking/cast-iron-zhigong-cooking-kazan/קאזן-אסייתי-10-ליטר-עם-מכסה-מברזל-יצוק-ללא-ציפוי-1/?sort=pd.name&order=ASC,duplicate,Redirect 301,https://compassgrill.co.il/cast-iron-tools-plov-cooking/cast-iron-zhigong-cooking-kazan/קאזן-אסייתי-10-ליטר-עם-מכסה-מברזל-יצוק-ללא-ציפוי-1/
https://compassgrill.co.il/knives-and-accessories/giesser-knives/premiumcut-steel-sharpening-stone-25cm-fine/?category_id=104927&sort=rating&order=ASC,parameters,Noindex,https://compassgrill.co.il/knives-and-accessories/giesser-knives/premiumcut-steel-sharpening-stone-25cm-fine/
https://compassgrill.co.il/knives-and-accessories/giesser-knives/premiumcut-steak-knife-12cm/?category_id=104927,parameters,Canonical,https://compassgrill.co.il/knives-and-accessories/giesser-knives/premiumcut-steak-knife-12cm/
https://compassgrill.co.il/smoker-tandoor/gas-grill-smokers-tandoor/ultimate-griddle-3/?category_id=97701&sort=price&order=ASC,parameters,Noindex,https://compassgrill.co.il/smoker-tandoor/gas-grill-smokers-tandoor/ultimate-griddle/
https://compassgrill.co.il/smoker-tandoor/gas-grill-smokers-tandoor/ultimate-griddle-3/?category_id=97701&sort=price&order=ASC,duplicate,Redirect 301,https://compassgrill.co.il/smoker-tandoor/gas-grill-smokers-tandoor/ultimate-griddle/
https://compassgrill.co.il/cast-iron-tools-plov-cooking/cast-iron-cooking-tools/dual-cast-iron-round-griddle/?sort=rating&order=DESC,parameters,Noindex,https://compassgrill.co.il/cast-iron-tools-plov-cooking/cast-iron-cooking-tools/dual-cast-iron-round-griddle/
https://compassgrill.co.il/cast-iron-tools-plov-cooking/cast-iron-cooking-tools/poike-number-2-with-legs/?category_id=35280&sort=rating&order=DESC,parameters,Noindex,https://compassgrill.co.il/cast-iron-tools-plov-cooking/cast-iron-cooking-tools/poike-number-2-with-legs/
https://compassgrill.co.il/cast-iron-tools-plov-cooking/cast-iron-zhigong-cooking-kazan/8l-asian-kazan-cast-iron-lid-uncoated/?sort=pd.name&order=ASC,parameters,Noindex,https://compassgrill.co.il/cast-iron-tools-plov-cooking/cast-iron-zhigong-cooking-kazan/8l-asian-kazan-cast-iron-lid-uncoated/
https://compassgrill.co.il/cast-iron-tools-plov-cooking/cast-iron-zhigong-cooking-kazan/קאזן-אסייתי-10-ליטר-עם-מכסה-מברזל-יצוק-ללא-ציפוי-1/?category_id=70270,parameters,Canonical,https://compassgrill.co.il/cast-iron-tools-plov-cooking/cast-iron-zhigong-cooking-kazan/קאזן-אסייתי-10-ליטר-עם-מכסה-מברזל-יצוק-ללא-ציפוי-1/
https://compassgrill.co.il/cast-iron-tools-plov-cooking/cast-iron-zhigong-cooking-kazan/קאזן-אסייתי-10-ליטר-עם-מכסה-מברזל-יצוק-ללא-ציפוי-1/?category_id=70270,duplicate,Redirect 301,https://compassgrill.co.il/cast-iron-tools-plov-cooking/cast-iron-zhigong-cooking-kazan/קאזן-אסייתי-10-ליטר-עם-מכסה-מברזל-יצוק-ללא-ציפוי-1/
https://compassgrill.co.il/knives-and-accessories/giesser-knives/classic-slicer-סכין-פריסה-מקצועית-22-25-28-31-36-ס-מ-copy-0/?category_id=104927&sort=p.model&order=DESC,parameters,Noindex,https://compassgrill.co.il/knives-and-accessories/giesser-knives/classic-slicer-סכין-פריסה-מקצועית-22-25-28-31-36-ס-מ/
https://compassgrill.co.il/knives-and-accessories/giesser-knives/classic-slicer-סכין-פריסה-מקצועית-22-25-28-31-36-ס-מ-copy-0/?category_id=104927&sort=p.model&order=DESC,duplicate,Redirect 301,https://compassgrill.co.il/knives-and-accessories/giesser-knives/classic-slicer-סכין-פריסה-מקצועית-22-25-28-31-36-ס-מ/
https://compassgrill.co.il/grill-smokers-tandoor/charcoal-grill-smokers-tandoor/charcoal-grill-with-legs-for-6-skewers-foldable-with-bag/?sort=rating&order=DESC,parameters,Noindex,https://compassgrill.co.il/grill-smokers-tandoor/charcoal-grill-smokers-tandoor/charcoal-grill-with-legs-for-6-skewers-foldable-with-bag/
https://compassgrill.co.il/cast-iron-tools-plov-cooking/cast-iron-cooking-tools/cast-iron-round-griddle-1/?category_id=35280&sort=p.model&order=ASC,parameters,Noindex,https://compassgrill.co.il/cast-iron-tools-plov-cooking/cast-iron-cooking-tools/cast-iron-round-griddle/
https://compassgrill.co.il/cast-iron-tools-plov-cooking/cast-iron-cooking-tools/cast-iron-round-griddle-1/?category_id=35280&sort=p.model&order=ASC,duplicate,Redirect 301,https://compassgrill.co.il/cast-iron-tools-plov-cooking/cast-iron-cooking-tools/cast-iron-round-griddle/
https://compassgrill.co.il/grill-smoker-accessories/cast-iron-tools-plov-cooking/cast-iron-cooking-tools/poike-number-2-with-legs/?category_id=35280&sort=pd.name&order=ASC,parameters,Noindex,https://compassgrill.co.il/grill-smoker-accessories/cast-iron-tools-plov-cooking/cast-iron-cooking-tools/poike-number-2-with-legs/
https://compassgrill.co.il/cast-iron-tools-plov-cooking/cast-iron-cooking-tools/poike-number-2-with-legs/?category_id=35280&sort=rating&order=ASC,parameters,Noindex,https://compassgrill.co.il/cast-iron-tools-plov-cooking/cast-iron-cooking-tools/poike-number-2-with-legs/
https://compassgrill.co.il/poultry-3/spiced-chicken-wings/?sort=p.sort_order&order=ASC,parameters,Noindex,https://compassgrill.co.il/poultry-3/spiced-chicken-wings/
https://compassgrill.co.il/knives-and-accessories/giesser-knives/premiumcut-filet/?category_id=104927&sort=price&order=ASC,parameters,Noindex,https://compassgrill.co.il/knives-and-accessories/giesser-knives/premiumcut-filet/
https://compassgrill.co.il/eitan-meat-eilat/frozen-ground-meat/veal-meatballs-830g-pack/?sort=p.sort_order&order=ASC,parameters,Noindex,https://compassgrill.co.il/eitan-meat-eilat/frozen-ground-meat/veal-meatballs-830g-pack/
https://compassgrill.co.il/grill-smoker-accessories/compass-skewers/luxury-stainless-steel-skewers-with-bronze-handle-and-premium-leather-case-1/?category_id=38152&sort=pd.name&order=DESC,parameters,Noindex,https://compassgrill.co.il/grill-smoker-accessories/compass-skewers/luxury-stainless-steel-skewers-with-bronze-handle-and-premium-leather-case/
https://compassgrill.co.il/grill-smoker-accessories/compass-skewers/luxury-stainless-steel-skewers-with-bronze-handle-and-premium-leather-case-1/?category_id=38152&sort=pd.name&order=DESC,duplicate,Redirect 301,https://compassgrill.co.il/grill-smoker-accessories/compass-skewers/luxury-stainless-steel-skewers-with-bronze-handle-and-premium-leather-case/
https://compassgrill.co.il/cast-iron-tools-plov-cooking/cast-iron-zhigong-cooking-kazan/12l-asian-kazan-cast-iron-lid-uncoated/?category_id=70270,parameters,Canonical,https://compassgrill.co.il/cast-iron-tools-plov-cooking/cast-iron-zhigong-cooking-kazan/12l-asian-kazan-cast-iron-lid-uncoated/
https://compassgrill.co.il/grill-smoker-accessories/cast-iron-tools-plov-cooking/dual-cast-iron-round-griddle/?sort=price&order=DESC,parameters,Noindex,https://compassgrill.co.il/grill-smoker-accessories/cast-iron-tools-plov-cooking/dual-cast-iron-round-griddle/
https://compassgrill.co.il/poultry-3/packed-chicken-drumsticks/?sort=p.sort_order&order=ASC,parameters,Noindex,https://compassgrill.co.il/poultry-3/packed-chicken-drumsticks/
https://compassgrill.co.il/grill-smoker-accessories/compass-skewers/bronz/?sort=pd.name&order=ASC,parameters,Noindex,https://compassgrill.co.il/grill-smoker-accessories/compass-skewers/bronz/
https://compassgrill.co.il/knives-and-accessories/giesser-knives/premiumcut-office-knife-10cm/?sort=price&order=ASC,parameters,Noindex,https://compassgrill.co.il/knives-and-accessories/giesser-knives/premiumcut-office-knife-10cm/
https://compassgrill.co.il/cast-iron-tools-plov-cooking/cast-iron-cooking-tools/striped-pan-with-wooden-handle-cast-spout/?category_id=35280&sort=price&order=DESC,parameters,Noindex,https://compassgrill.co.il/cast-iron-tools-plov-cooking/cast-iron-cooking-tools/striped-pan-with-wooden-handle-cast-spout/
https://compassgrill.co.il/cast-iron-tools-plov-cooking/cast-iron-cooking-tools/dual-cast-iron-round-griddle/?category_id=35280&sort=pd.name&order=DESC,parameters,Noindex,https://compassgrill.co.il/cast-iron-tools-plov-cooking/cast-iron-cooking-tools/dual-cast-iron-round-griddle/
https://compassgrill.co.il/cast-iron-cooking-tools/poike-number-2/?category_id=35280&sort=p.sort_order&order=ASC,parameters,Noindex,https://compassgrill.co.il/cast-iron-cooking-tools/poike-number/
https://compassgrill.co.il/cast-iron-cooking-tools/poike-number-2/?category_id=35280&sort=p.sort_order&order=ASC,duplicate,Redirect 301,https://compassgrill.co.il/cast-iron-cooking-tools/poike-number/
https://compassgrill.co.il/cast-iron-tools-plov-cooking/cast-iron-cooking-tools/6l-asian-kazan-cast-iron-lid-uncoated/?category_id=35280&sort=rating&order=ASC,parameters,Noindex,https://compassgrill.co.il/cast-iron-tools-plov-cooking/cast-iron-cooking-tools/6l-asian-kazan-cast-iron-lid-uncoated/
https://compassgrill.co.il/knives-and-accessories/giesser-knives/premiumcut-yobocho-knife-20cm/?category_id=104927&sort=p.sort_order&order=ASC,parameters,Noindex,https://compassgrill.co.il/knives-and-accessories/giesser-knives/premiumcut-yobocho-knife-20cm/
https://compassgrill.co.il/grill-smoker-accessories/compass-skewers/luxury-stainless-steel-skewers-with-bronze-handle-and-premium-leather-case-1/?sort=pd.name&order=DESC,parameters,Noindex,https://compassgrill.co.il/grill-smoker-accessories/compass-skewers/luxury-stainless-steel-skewers-with-bronze-handle-and-premium-leather-case/
https://compassgrill.co.il/grill-smoker-accessories/compass-skewers/luxury-stainless-steel-skewers-with-bronze-handle-and-premium-leather-case-1/?sort=pd.name&order=DESC,duplicate,Redirect 301,https://compassgrill.co.il/grill-smoker-accessories/compass-skewers/luxury-stainless-steel-skewers-with-bronze-handle-and-premium-leather-case/
https://compassgrill.co.il/cast-iron-tools-plov-cooking/cast-iron-cooking-tools/poike-number-3/?category_id=35280&sort=rating&order=ASC,parameters,Noindex,https://compassgrill.co.il/cast-iron-tools-plov-cooking/cast-iron-cooking-tools/poike-number/
https://compassgrill.co.il/cast-iron-tools-plov-cooking/cast-iron-cooking-tools/poike-number-3/?category_id=35280&sort=rating&order=ASC,duplicate,Redirect 301,https://compassgrill.co.il/cast-iron-tools-plov-cooking/cast-iron-cooking-tools/poike-number/
https://compassgrill.co.il/cast-iron-tools-plov-cooking/cast-iron-cooking-tools/cast-iron-grill-charcoal-holder/?category_id=35280&sort=rating&order=DESC,parameters,Noindex,https://compassgrill.co.il/cast-iron-tools-plov-cooking/cast-iron-cooking-tools/cast-iron-grill-charcoal-holder/
https://compassgrill.co.il/cast-iron-tools-plov-cooking/cast-iron-cooking-tools/dual-sided-cast-iron-rectangular-griddle/?category_id=35280&sort=rating&order=DESC,parameters,Noindex,https://compassgrill.co.il/cast-iron-tools-plov-cooking/cast-iron-cooking-tools/dual-sided-cast-iron-rectangular-griddle/
https://compassgrill.co.il/cast-iron-tools-plov-cooking/cast-iron-cooking-tools/poike-number-3/?category_id=35280&sort=rating&order=DESC,parameters,Noindex,https://compassgrill.co.il/cast-iron-tools-plov-cooking/cast-iron-cooking-tools/poike-number/
https://compassgrill.co.il/cast-iron-tools-plov-cooking/cast-iron-cooking-tools/poike-number-3/?category_id=35280&sort=rating&order=DESC,duplicate,Redirect 301,https://compassgrill.co.il/cast-iron-tools-plov-cooking/cast-iron-cooking-tools/poike-number/
https://compassgrill.co.il/knives-and-accessories/giesser-knives/premiumcut-chef/?sort=p.sort_order&order=ASC,parameters,Noindex,https://compassgrill.co.il/knives-and-accessories/giesser-knives/premiumcut-chef/
https://compassgrill.co.il/knives-and-accessories/giesser-knives/primeline-slicer-knife-20-25cm/?category_id=104927,parameters,Canonical,https://compassgrill.co.il/knives-and-accessories/giesser-knives/primeline-slicer-knife-20-25cm/
https://compassgrill.co.il/cast-iron-tools-plov-cooking/cast-iron-cooking-tools/cast-iron-round-griddle-1/?category_id=35280&sort=price&order=DESC,parameters,Noindex,https://compassgrill.co.il/cast-iron-tools-plov-cooking/cast-iron-cooking-tools/cast-iron-round-griddle/
https://compassgrill.co.il/cast-iron-tools-plov-cooking/cast-iron-cooking-tools/cast-iron-round-griddle-1/?category_id=35280&sort=price&order=DESC,duplicate,Redirect 301,https://compassgrill.co.il/cast-iron-tools-plov-cooking/cast-iron-cooking-tools/cast-iron-round-griddle/
https://compassgrill.co.il/knives-and-accessories/giesser-knives/premiumcut-filet/?sort=price&order=ASC,parameters,Noindex,https://compassgrill.co.il/knives-and-accessories/giesser-knives/premiumcut-filet/
https://compassgrill.co.il/pellet-smokers/navigator-side-smoker-קבינה-לדגמי-550-850-1150/?category_id=34516&sort=pd.name&order=DESC,parameters,Noindex,https://compassgrill.co.il/pellet-smokers/navigator-side-smoker-קבינה-לדגמי-550-850-1150/
https://compassgrill.co.il/knives-and-accessories/giesser-knives/premiumcut-fork/?category_id=104927&sort=price&order=ASC,parameters,Noindex,https://compassgrill.co.il/knives-and-accessories/giesser-knives/premiumcut-fork/
https://compassgrill.co.il/smoker-tandoor/grill-smokers-tandoor/kamado-xl-k24-red/?category_id=97703,parameters,Canonical,https://compassgrill.co.il/smoker-tandoor/grill-smokers-tandoor/kamado-xl-k24-red/
https://compassgrill.co.il/knives-and-accessories/premiumcut-office-knife-10cm/?sort=p.sort_order&order=ASC,parameters,Noindex,https://compassgrill.co.il/knives-and-accessories/premiumcut-office-knife-10cm/
https://compassgrill.co.il/cast-iron-tools-plov-cooking/cast-iron-cooking-tools/cast-iron-cook-set/?category_id=35280&sort=price&order=DESC,parameters,Noindex,https://compassgrill.co.il/cast-iron-tools-plov-cooking/cast-iron-cooking-tools/cast-iron-cook-set/
https://compassgrill.co.il/knives-and-accessories/giesser-knives/premiumcut-slicer-31/?sort=rating&order=ASC,parameters,Noindex,https://compassgrill.co.il/knives-and-accessories/giesser-knives/premiumcut-slicer-31/
https://compassgrill.co.il/cast-iron-tools-plov-cooking/cast-iron-cooking-tools/cast-iron-cook-set/?category_id=35280&sort=p.model&order=DESC,parameters,Noindex,https://compassgrill.co.il/cast-iron-tools-plov-cooking/cast-iron-cooking-tools/cast-iron-cook-set/
https://compassgrill.co.il/knives-and-accessories/giesser-knives/premiumcut-fork/?sort=price&order=ASC,parameters,Noindex,https://compassgrill.co.il/knives-and-accessories/giesser-knives/premiumcut-fork/
https://compassgrill.co.il/cast-iron-tools-plov-cooking/cast-iron-cooking-tools/קאזן-אסייתי-10-ליטר-עם-מכסה-מברזל-יצוק-ללא-ציפוי-1/?category_id=35280&sort=rating&order=ASC,parameters,Noindex,https://compassgrill.co.il/cast-iron-tools-plov-cooking/cast-iron-cooking-tools/קאזן-אסייתי-10-ליטר-עם-מכסה-מברזל-יצוק-ללא-ציפוי-1/
https://compassgrill.co.il/cast-iron-tools-plov-cooking/cast-iron-cooking-tools/קאזן-אסייתי-10-ליטר-עם-מכסה-מברזל-יצוק-ללא-ציפוי-1/?category_id=35280&sort=rating&order=ASC,duplicate,Redirect 301,https://compassgrill.co.il/cast-iron-tools-plov-cooking/cast-iron-cooking-tools/קאזן-אסייתי-10-ליטר-עם-מכסה-מברזל-יצוק-ללא-ציפוי-1/
https://compassgrill.co.il/cast-iron-tools-plov-cooking/cast-iron-cooking-tools/קאזן-אסייתי-10-ליטר-עם-מכסה-מברזל-יצוק-ללא-ציפוי-1/?category_id=35280&sort=pd.name&order=ASC,parameters,Noindex,https://compassgrill.co.il/cast-iron-tools-plov-cooking/cast-iron-cooking-tools/קאזן-אסייתי-10-ליטר-עם-מכסה-מברזל-יצוק-ללא-ציפוי-1/
https://compassgrill.co.il/cast-iron-tools-plov-cooking/cast-iron-cooking-tools/קאזן-אסייתי-10-ליטר-עם-מכסה-מברזל-יצוק-ללא-ציפוי-1/?category_id=35280&sort=pd.name&order=ASC,duplicate,Redirect 301,https://compassgrill.co.il/cast-iron-tools-plov-cooking/cast-iron-cooking-tools/קאזן-אסייתי-10-ליטר-עם-מכסה-מברזל-יצוק-ללא-ציפוי-1/
https://compassgrill.co.il/cast-iron-tools-plov-cooking/cast-iron-zhigong-cooking-kazan/קאזן-אסייתי-10-ליטר-עם-מכסה-מברזל-יצוק-ללא-ציפוי-1/,duplicate,Redirect 301,https://compassgrill.co.il/cast-iron-tools-plov-cooking/cast-iron-zhigong-cooking-kazan/קאזן-אסייתי-10-ליטר-עם-מכסה-מברזל-יצוק-ללא-ציפוי-1/
https://compassgrill.co.il/cast-iron-tools-plov-cooking/cast-iron-cooking-tools/poike-number-2-with-legs/?category_id=35280&sort=price&order=DESC,parameters,Noindex,https://compassgrill.co.il/cast-iron-tools-plov-cooking/cast-iron-cooking-tools/poike-number-2-with-legs/
https://compassgrill.co.il/3-burner-gas-grill/rps425rsibpk-2-il/?category_id=108375&sort=p.sort_order&order=ASC,parameters,Noindex,https://compassgrill.co.il/3-burner-gas-grill/rps425rsibpk-2-il/
https://compassgrill.co.il/cast-iron-tools-plov-cooking/cast-iron-cooking-tools/dual-cast-iron-round-griddle/?category_id=35280&sort=p.model&order=DESC,parameters,Noindex,https://compassgrill.co.il/cast-iron-tools-plov-cooking/cast-iron-cooking-tools/dual-cast-iron-round-griddle/
https://compassgrill.co.il/טחונים-קפואים/homemade-romanian-kebab-140g-6-pieces-pack-1/?category_id=125609&sort=p.model&order=ASC,parameters,Noindex,https://compassgrill.co.il/טחונים-קפואים/homemade-romanian-kebab-140g-6-pieces-pack/
https://compassgrill.co.il/טחונים-קפואים/homemade-romanian-kebab-140g-6-pieces-pack-1/?category_id=125609&sort=p.model&order=ASC,duplicate,Redirect 301,https://compassgrill.co.il/טחונים-קפואים/homemade-romanian-kebab-140g-6-pieces-pack/
https://compassgrill.co.il/cast-iron-tools-plov-cooking/cast-iron-zhigong-cooking-kazan/12l-asian-kazan-cast-iron-lid-uncoated/?sort=pd.name&order=ASC,parameters,Noindex,https://compassgrill.co.il/cast-iron-tools-plov-cooking/cast-iron-zhigong-cooking-kazan/12l-asian-kazan-cast-iron-lid-uncoated/
https://compassgrill.co.il/gas-grills-1/o-f-b-premium/?category_id=35202,parameters,Canonical,https://compassgrill.co.il/gas-grills-1/o-f-b-premium/
https://compassgrill.co.il/knives-and-accessories/giesser-knives/premiumcut-fork/?category_id=104927&sort=pd.name&order=DESC,parameters,Noindex,https://compassgrill.co.il/knives-and-accessories/giesser-knives/premiumcut-fork/
https://compassgrill.co.il/pellet-smokers/navigator-side-smoker-קבינה-לדגמי-550-850-1150/?category_id=34516&sort=p.model&order=DESC,parameters,Noindex,https://compassgrill.co.il/pellet-smokers/navigator-side-smoker-קבינה-לדגמי-550-850-1150/
https://compassgrill.co.il/knives-and-accessories/giesser-knives/tradition-kitchen-knife-16cm/?sort=price&order=ASC,parameters,Noindex,https://compassgrill.co.il/knives-and-accessories/giesser-knives/tradition-kitchen-knife-16cm/
https://compassgrill.co.il/knives-and-accessories/giesser-knives/premiumcut-office-knife-10cm/?category_id=104927&sort=p.model&order=ASC,parameters,Noindex,https://compassgrill.co.il/knives-and-accessories/giesser-knives/premiumcut-office-knife-10cm/
https://compassgrill.co.il/eitan-meat-eilat/chicken-liver-1/?category_id=125603&sort=p.model&order=ASC,parameters,Noindex,https://compassgrill.co.il/eitan-meat-eilat/chicken-liver/
https://compassgrill.co.il/eitan-meat-eilat/chicken-liver-1/?category_id=125603&sort=p.model&order=ASC,duplicate,Redirect 301,https://compassgrill.co.il/eitan-meat-eilat/chicken-liver/
https://compassgrill.co.il/knives-and-accessories/giesser-knives/classic-slicer-סכין-פריסה-מקצועית-22-25-28-31-36-ס-מ-copy-0/?sort=p.model&order=DESC,parameters,Noindex,https://compassgrill.co.il/knives-and-accessories/giesser-knives/classic-slicer-סכין-פריסה-מקצועית-22-25-28-31-36-ס-מ/
https://compassgrill.co.il/knives-and-accessories/giesser-knives/classic-slicer-סכין-פריסה-מקצועית-22-25-28-31-36-ס-מ-copy-0/?sort=p.model&order=DESC,duplicate,Redirect 301,https://compassgrill.co.il/knives-and-accessories/giesser-knives/classic-slicer-סכין-פריסה-מקצועית-22-25-28-31-36-ס-מ/
https://compassgrill.co.il/cast-iron-tools-plov-cooking/cast-iron-cooking-tools/12l-asian-kazan-cast-iron-lid-uncoated/?category_id=35280&sort=pd.name&order=ASC,parameters,Noindex,https://compassgrill.co.il/cast-iron-tools-plov-cooking/cast-iron-cooking-tools/12l-asian-kazan-cast-iron-lid-uncoated/
https://compassgrill.co.il/בשרים-קפואים/feedlot-butcher-steak-1/?category_id=125607&sort=rating&order=ASC,parameters,Noindex,https://compassgrill.co.il/בשרים-קפואים/feedlot-butcher-steak/
https://compassgrill.co.il/בשרים-קפואים/feedlot-butcher-steak-1/?category_id=125607&sort=rating&order=ASC,duplicate,Redirect 301,https://compassgrill.co.il/בשרים-קפואים/feedlot-butcher-steak/
https://compassgrill.co.il/cast-iron-tools-plov-cooking/cast-iron-cooking-tools/cast-iron-grill-charcoal-holder/?sort=pd.name&order=ASC,parameters,Noindex,https://compassgrill.co.il/cast-iron-tools-plov-cooking/cast-iron-cooking-tools/cast-iron-grill-charcoal-holder/
https://compassgrill.co.il/cast-iron-tools-plov-cooking/cast-iron-zhigong-cooking-kazan/reckless-1-kazan-pot-grill/?category_id=70270&sort=rating&order=ASC,parameters,Noindex,https://compassgrill.co.il/cast-iron-tools-plov-cooking/cast-iron-zhigong-cooking-kazan/reckless-1-kazan-pot-grill/
https://compassgrill.co.il/knives-and-accessories/lg-big-head-spatula/?category_id=35161&sort=p.sort_order&order=ASC,parameters,Noindex,https://compassgrill.co.il/knives-and-accessories/lg-big-head-spatula/
https://compassgrill.co.il/smoker-tandoor/gas-grill-smokers-tandoor/champion-barrel-smoker/?sort=p.model&order=ASC,parameters,Noindex,https://compassgrill.co.il/smoker-tandoor/gas-grill-smokers-tandoor/champion-barrel-smoker/
https://compassgrill.co.il/cast-iron-tools-plov-cooking/cast-iron-cooking-tools/reckless-1-kazan-pot-grill/?category_id=35280&sort=price&order=DESC,parameters,Noindex,https://compassgrill.co.il/cast-iron-tools-plov-cooking/cast-iron-cooking-tools/reckless-1-kazan-pot-grill/
https://compassgrill.co.il/giesser-knives/primeline-slicer-knife-20-25cm/?category_id=104927&sort=pd.name&order=ASC,parameters,Noindex,https://compassgrill.co.il/giesser-knives/primeline-slicer-knife-20-25cm/
https://compassgrill.co.il/cast-iron-cooking-tools/poike-number-3/?sort=p.model&order=DESC,parameters,Noindex,https://compassgrill.co.il/cast-iron-cooking-tools/poike-number/
https://compassgrill.co.il/cast-iron-cooking-tools/poike-number-3/?sort=p.model&order=DESC,duplicate,Redirect 301,https://compassgrill.co.il/cast-iron-cooking-tools/poike-number/
https://compassgrill.co.il/cast-iron-tools-plov-cooking/cast-iron-cooking-tools/poike-number-2-with-legs/?sort=rating&order=DESC,parameters,Noindex,https://compassgrill.co.il/cast-iron-tools-plov-cooking/cast-iron-cooking-tools/poike-number-2-with-legs/
https://compassgrill.co.il/cast-iron-tools-plov-cooking/cast-iron-cooking-tools/cast-iron-grill-charcoal-holder/?sort=rating&order=DESC,parameters,Noindex,https://compassgrill.co.il/cast-iron-tools-plov-cooking/cast-iron-cooking-tools/cast-iron-grill-charcoal-holder/
https://compassgrill.co.il/cast-iron-tools-plov-cooking/cast-iron-zhigong-cooking-kazan/8l-asian-kazan-cast-iron-lid-uncoated/?category_id=70270&sort=pd.name&order=DESC,parameters,Noindex,https://compassgrill.co.il/cast-iron-tools-plov-cooking/cast-iron-zhigong-cooking-kazan/8l-asian-kazan-cast-iron-lid-uncoated/
https://compassgrill.co.il/בשרים-קפואים/feedlot-butcher-steak-1/?sort=rating&order=ASC,parameters,Noindex,https://compassgrill.co.il/בשרים-קפואים/feedlot-butcher-steak/
https://compassgrill.co.il/בשרים-קפואים/feedlot-butcher-steak-1/?sort=rating&order=ASC,duplicate,Redirect 301,https://compassgrill.co.il/בשרים-קפואים/feedlot-butcher-steak/
https://compassgrill.co.il/grill-smoker-accessories/compass-skewers/luxury-stainless-steel-skewers-with-bronze-handle-and-premium-leather-case-1/?sort=pd.name&order=ASC,parameters,Noindex,https://compassgrill.co.il/grill-smoker-accessories/compass-skewers/luxury-stainless-steel-skewers-with-bronze-handle-and-premium-leather-case/
https://compassgrill.co.il/grill-smoker-accessories/compass-skewers/luxury-stainless-steel-skewers-with-bronze-handle-and-premium-leather-case-1/?sort=pd.name&order=ASC,duplicate,Redirect 301,https://compassgrill.co.il/grill-smoker-accessories/compass-skewers/luxury-stainless-steel-skewers-with-bronze-handle-and-premium-leather-case/
https://compassgrill.co.il/cast-iron-cooking-tools/striped-pan-with-wooden-handle-cast-spout/?category_id=35280&sort=p.sort_order&order=ASC,parameters,Noindex,https://compassgrill.co.il/cast-iron-cooking-tools/striped-pan-with-wooden-handle-cast-spout/
https://compassgrill.co.il/cast-iron-tools-plov-cooking/cast-iron-zhigong-cooking-kazan/קאזן-אסייתי-10-ליטר-עם-מכסה-מברזל-יצוק-ללא-ציפוי-1/?sort=price&order=ASC,parameters,Noindex,https://compassgrill.co.il/cast-iron-tools-plov-cooking/cast-iron-zhigong-cooking-kazan/קאזן-אסייתי-10-ליטר-עם-מכסה-מברזל-יצוק-ללא-ציפוי-1/
https://compassgrill.co.il/cast-iron-tools-plov-cooking/cast-iron-zhigong-cooking-kazan/קאזן-אסייתי-10-ליטר-עם-מכסה-מברזל-יצוק-ללא-ציפוי-1/?sort=price&order=ASC,duplicate,Redirect 301,https://compassgrill.co.il/cast-iron-tools-plov-cooking/cast-iron-zhigong-cooking-kazan/קאזן-אסייתי-10-ליטר-עם-מכסה-מברזל-יצוק-ללא-ציפוי-1/
https://compassgrill.co.il/cast-iron-cooking-tools/poike-number-2-with-legs/?category_id=35280&sort=p.sort_order&order=ASC,parameters,Noindex,https://compassgrill.co.il/cast-iron-cooking-tools/poike-number-2-with-legs/
https://compassgrill.co.il/cast-iron-tools-plov-cooking/cast-iron-cooking-tools/striped-pan-with-wooden-handle-cast-spout/?sort=p.model&order=DESC,parameters,Noindex,https://compassgrill.co.il/cast-iron-tools-plov-cooking/cast-iron-cooking-tools/striped-pan-with-wooden-handle-cast-spout/
https://compassgrill.co.il/cast-iron-tools-plov-cooking/cast-iron-zhigong-cooking-kazan/6l-asian-kazan-cast-iron-lid-uncoated/?sort=pd.name&order=ASC,parameters,Noindex,https://compassgrill.co.il/cast-iron-tools-plov-cooking/cast-iron-zhigong-cooking-kazan/6l-asian-kazan-cast-iron-lid-uncoated/
https://compassgrill.co.il/grill-smoker-accessories/compass-skewers/luxury-stainless-steel-skewers-with-bronze-handle-and-premium-leather-case-1/?category_id=38152&sort=price&order=ASC,parameters,Noindex,https://compassgrill.co.il/grill-smoker-accessories/compass-skewers/luxury-stainless-steel-skewers-with-bronze-handle-and-premium-leather-case/
https://compassgrill.co.il/grill-smoker-accessories/compass-skewers/luxury-stainless-steel-skewers-with-bronze-handle-and-premium-leather-case-1/?category_id=38152&sort=price&order=ASC,duplicate,Redirect 301,https://compassgrill.co.il/grill-smoker-accessories/compass-skewers/luxury-stainless-steel-skewers-with-bronze-handle-and-premium-leather-case/
https://compassgrill.co.il/בשרים-קפואים/premium-ground-beef-1kg-tray-1/?category_id=125607&sort=rating&order=ASC,parameters,Noindex,https://compassgrill.co.il/בשרים-קפואים/premium-ground-beef-1kg-tray/
https://compassgrill.co.il/בשרים-קפואים/premium-ground-beef-1kg-tray-1/?category_id=125607&sort=rating&order=ASC,duplicate,Redirect 301,https://compassgrill.co.il/בשרים-קפואים/premium-ground-beef-1kg-tray/
https://compassgrill.co.il/grill-smoker-accessories/compass-skewers/luxury-stainless-steel-skewers-with-bronze-handle-and-premium-leather-case-1/?category_id=38152,parameters,Canonical,https://compassgrill.co.il/grill-smoker-accessories/compass-skewers/luxury-stainless-steel-skewers-with-bronze-handle-and-premium-leather-case/
https://compassgrill.co.il/grill-smoker-accessories/compass-skewers/luxury-stainless-steel-skewers-with-bronze-handle-and-premium-leather-case-1/?category_id=38152,duplicate,Redirect 301,https://compassgrill.co.il/grill-smoker-accessories/compass-skewers/luxury-stainless-steel-skewers-with-bronze-handle-and-premium-leather-case/
https://compassgrill.co.il/giesser-knives/primeline-slicer-knife-20-25cm/?sort=pd.name&order=ASC,parameters,Noindex,https://compassgrill.co.il/giesser-knives/primeline-slicer-knife-20-25cm/
https://compassgrill.co.il/cast-iron-tools-plov-cooking/cast-iron-zhigong-cooking-kazan/קאזן-אסייתי-10-ליטר-עם-מכסה-מברזל-יצוק-ללא-ציפוי-1/?category_id=70270&sort=pd.name&order=DESC,parameters,Noindex,https://compassgrill.co.il/cast-iron-tools-plov-cooking/cast-iron-zhigong-cooking-kazan/קאזן-אסייתי-10-ליטר-עם-מכסה-מברזל-יצוק-ללא-ציפוי-1/
https://compassgrill.co.il/cast-iron-tools-plov-cooking/cast-iron-zhigong-cooking-kazan/קאזן-אסייתי-10-ליטר-עם-מכסה-מברזל-יצוק-ללא-ציפוי-1/?category_id=70270&sort=pd.name&order=DESC,duplicate,Redirect 301,https://compassgrill.co.il/cast-iron-tools-plov-cooking/cast-iron-zhigong-cooking-kazan/קאזן-אסייתי-10-ליטר-עם-מכסה-מברזל-יצוק-ללא-ציפוי-1/
https://compassgrill.co.il/cast-iron-tools-plov-cooking/cast-iron-cooking-tools/קאזן-אסייתי-10-ליטר-עם-מכסה-מברזל-יצוק-ללא-ציפוי-1/?sort=rating&order=ASC,parameters,Noindex,https://compassgrill.co.il/cast-iron-tools-plov-cooking/cast-iron-cooking-tools/קאזן-אסייתי-10-ליטר-עם-מכסה-מברזל-יצוק-ללא-ציפוי-1/
https://compassgrill.co.il/cast-iron-tools-plov-cooking/cast-iron-cooking-tools/קאזן-אסייתי-10-ליטר-עם-מכסה-מברזל-יצוק-ללא-ציפוי-1/?sort=rating&order=ASC,duplicate,Redirect 301,https://compassgrill.co.il/cast-iron-tools-plov-cooking/cast-iron-cooking-tools/קאזן-אסייתי-10-ליטר-עם-מכסה-מברזל-יצוק-ללא-ציפוי-1/
https://compassgrill.co.il/eitan-meat-eilat/chicken-liver-1/?sort=p.model&order=ASC,parameters,Noindex,https://compassgrill.co.il/eitan-meat-eilat/chicken-liver/
https://compassgrill.co.il/eitan-meat-eilat/chicken-liver-1/?sort=p.model&order=ASC,duplicate,Redirect 301,https://compassgrill.co.il/eitan-meat-eilat/chicken-liver/
https://compassgrill.co.il/cast-iron-tools-plov-cooking/cast-iron-cooking-tools/dual-sided-cast-iron-rectangular-griddle/?category_id=35280&sort=p.model&order=DESC,parameters,Noindex,https://compassgrill.co.il/cast-iron-tools-plov-cooking/cast-iron-cooking-tools/dual-sided-cast-iron-rectangular-griddle/
https://compassgrill.co.il/knives-and-accessories/lg-big-head-spatula/?sort=p.sort_order&order=ASC,parameters,Noindex,https://compassgrill.co.il/knives-and-accessories/lg-big-head-spatula/
https://compassgrill.co.il/meat-aging-treatment/roast-net-size-16-50m/?category_id=121072&sort=rating&order=DESC,parameters,Noindex,https://compassgrill.co.il/meat-aging-treatment/roast-net-size-16-50m/
https://compassgrill.co.il/cast-iron-tools-plov-cooking/cast-iron-cooking-tools/reckless-1-kazan-pot-grill/?sort=p.model&order=DESC,parameters,Noindex,https://compassgrill.co.il/cast-iron-tools-plov-cooking/cast-iron-cooking-tools/reckless-1-kazan-pot-grill/
https://compassgrill.co.il/cast-iron-tools-plov-cooking/cast-iron-cooking-tools/dual-sided-cast-iron-rectangular-griddle/?category_id=35280&sort=pd.name&order=ASC,parameters,Noindex,https://compassgrill.co.il/cast-iron-tools-plov-cooking/cast-iron-cooking-tools/dual-sided-cast-iron-rectangular-griddle/
https://compassgrill.co.il/בשרים-קפואים/premium-ground-beef-1kg-tray-1/?sort=rating&order=ASC,parameters,Noindex,https://compassgrill.co.il/בשרים-קפואים/premium-ground-beef-1kg-tray/
https://compassgrill.co.il/בשרים-קפואים/premium-ground-beef-1kg-tray-1/?sort=rating&order=ASC,duplicate,Redirect 301,https://compassgrill.co.il/בשרים-קפואים/premium-ground-beef-1kg-tray/
https://compassgrill.co.il/eitan-meat-eilat/veal-filet-medallions-5-pcs-500g-1/?category_id=125603&sort=rating&order=ASC,parameters,Noindex,https://compassgrill.co.il/eitan-meat-eilat/veal-filet-medallions-5-pcs-500g/
https://compassgrill.co.il/eitan-meat-eilat/veal-filet-medallions-5-pcs-500g-1/?category_id=125603&sort=rating&order=ASC,duplicate,Redirect 301,https://compassgrill.co.il/eitan-meat-eilat/veal-filet-medallions-5-pcs-500g/
https://compassgrill.co.il/grill-smoker-accessories/compass-skewers/bronz/?category_id=38152&sort=price&order=ASC,parameters,Noindex,https://compassgrill.co.il/grill-smoker-accessories/compass-skewers/bronz/
https://compassgrill.co.il/cast-iron-tools-plov-cooking/cast-iron-zhigong-cooking-kazan/reckless-1-kazan-pot-grill/?sort=p.model&order=DESC,parameters,Noindex,https://compassgrill.co.il/cast-iron-tools-plov-cooking/cast-iron-zhigong-cooking-kazan/reckless-1-kazan-pot-grill/
https://compassgrill.co.il/fresh-beef/black-angus-feedlot-shoulder-roast-no-5-2kg/?sort=rating&order=DESC,parameters,Noindex,https://compassgrill.co.il/fresh-beef/black-angus-feedlot-shoulder-roast-no-5-2kg/
https://compassgrill.co.il/cast-iron-tools-plov-cooking/cast-iron-cooking-tools/dual-sided-cast-iron-rectangular-griddle/?category_id=35280&sort=rating&order=ASC,parameters,Noindex,https://compassgrill.co.il/cast-iron-tools-plov-cooking/cast-iron-cooking-tools/dual-sided-cast-iron-rectangular-griddle/
https://compassgrill.co.il/knives-and-accessories/giesser-knives/premiumcut-yobocho-knife-20cm/?sort=p.sort_order&order=ASC,parameters,Noindex,https://compassgrill.co.il/knives-and-accessories/giesser-knives/premiumcut-yobocho-knife-20cm/
https://compassgrill.co.il/eitan-meat-eilat/טחונים-קפואים/spicy-angus-chorizo-100g-12-14-pcs-tray-1/?category_id=125609&sort=price&order=DESC,parameters,Noindex,https://compassgrill.co.il/eitan-meat-eilat/טחונים-קפואים/spicy-angus-chorizo-100g-12-14-pcs-tray/
https://compassgrill.co.il/eitan-meat-eilat/טחונים-קפואים/spicy-angus-chorizo-100g-12-14-pcs-tray-1/?category_id=125609&sort=price&order=DESC,duplicate,Redirect 301,https://compassgrill.co.il/eitan-meat-eilat/טחונים-קפואים/spicy-angus-chorizo-100g-12-14-pcs-tray/
https://compassgrill.co.il/cast-iron-tools-plov-cooking/cast-iron-cooking-tools/poike-number-3/?sort=rating&order=ASC,parameters,Noindex,https://compassgrill.co.il/cast-iron-tools-plov-cooking/cast-iron-cooking-tools/poike-number/
https://compassgrill.co.il/cast-iron-tools-plov-cooking/cast-iron-cooking-tools/poike-number-3/?sort=rating&order=ASC,duplicate,Redirect 301,https://compassgrill.co.il/cast-iron-tools-plov-cooking/cast-iron-cooking-tools/poike-number/
https://compassgrill.co.il/cast-iron-tools-plov-cooking/cast-iron-cooking-tools/reckless-1-kazan-pot-grill/?category_id=35280&sort=pd.name&order=DESC,parameters,Noindex,https://compassgrill.co.il/cast-iron-tools-plov-cooking/cast-iron-cooking-tools/reckless-1-kazan-pot-grill/
https://compassgrill.co.il/בשרים-קפואים/כבד-אווז-קפוא-ארוז-פרימיום-copy-0-1/?category_id=125607&sort=rating&order=ASC,parameters,Noindex,https://compassgrill.co.il/בשרים-קפואים/כבד-אווז-קפוא-ארוז-פרימיום-copy-0/
https://compassgrill.co.il/בשרים-קפואים/כבד-אווז-קפוא-ארוז-פרימיום-copy-0-1/?category_id=125607&sort=rating&order=ASC,duplicate,Redirect 301,https://compassgrill.co.il/בשרים-קפואים/כבד-אווז-קפוא-ארוז-פרימיום-copy-0/
https://compassgrill.co.il/knives-and-accessories/giesser-knives/premiumcut-steel-sharpening-stone-25cm-fine/?category_id=104927&sort=p.model&order=ASC,parameters,Noindex,https://compassgrill.co.il/knives-and-accessories/giesser-knives/premiumcut-steel-sharpening-stone-25cm-fine/
https://compassgrill.co.il/eitan-meat-eilat/veal-filet-medallions-5-pcs-500g-1/?sort=rating&order=ASC,parameters,Noindex,https://compassgrill.co.il/eitan-meat-eilat/veal-filet-medallions-5-pcs-500g/
https://compassgrill.co.il/eitan-meat-eilat/veal-filet-medallions-5-pcs-500g-1/?sort=rating&order=ASC,duplicate,Redirect 301,https://compassgrill.co.il/eitan-meat-eilat/veal-filet-medallions-5-pcs-500g/
https://compassgrill.co.il/cast-iron-cooking-tools/dual-cast-iron-round-griddle/?category_id=35280&sort=p.sort_order&order=ASC,parameters,Noindex,https://compassgrill.co.il/cast-iron-cooking-tools/dual-cast-iron-round-griddle/
https://compassgrill.co.il/cast-iron-tools-plov-cooking/cast-iron-cooking-tools/6l-asian-kazan-cast-iron-lid-uncoated/?sort=rating&order=ASC,parameters,Noindex,https://compassgrill.co.il/cast-iron-tools-plov-cooking/cast-iron-cooking-tools/6l-asian-kazan-cast-iron-lid-uncoated/
https://compassgrill.co.il/fresh-meat-eilat/?sort=pd.name&order=ASC,parameters,Noindex,https://compassgrill.co.il/fresh-meat-eilat/
https://compassgrill.co.il/cast-iron-tools-plov-cooking/cast-iron-cooking-tools/striped-pan-with-wooden-handle-cast-spout/?sort=price&order=DESC,parameters,Noindex,https://compassgrill.co.il/cast-iron-tools-plov-cooking/cast-iron-cooking-tools/striped-pan-with-wooden-handle-cast-spout/
https://compassgrill.co.il/cast-iron-tools-plov-cooking/cast-iron-cooking-tools/cast-iron-grill-charcoal-holder/?category_id=35280&sort=p.sort_order&order=ASC,parameters,Noindex,https://compassgrill.co.il/cast-iron-tools-plov-cooking/cast-iron-cooking-tools/cast-iron-grill-charcoal-holder/
https://compassgrill.co.il/meat-aging-treatment/roast-net-size-16-50m/?sort=rating&order=DESC,parameters,Noindex,https://compassgrill.co.il/meat-aging-treatment/roast-net-size-16-50m/
https://compassgrill.co.il/gas-grills-1/5-burner-gas-grill/ultimate-griddle-5/?category_id=108565&sort=price&order=ASC,parameters,Noindex,https://compassgrill.co.il/gas-grills-1/5-burner-gas-grill/ultimate-griddle-5/
https://compassgrill.co.il/cast-iron-tools-plov-cooking/cast-iron-cooking-tools/striped-pan-with-wooden-handle-cast-spout/?category_id=35280&sort=rating&order=DESC,parameters,Noindex,https://compassgrill.co.il/cast-iron-tools-plov-cooking/cast-iron-cooking-tools/striped-pan-with-wooden-handle-cast-spout/
https://compassgrill.co.il/knives-and-accessories/giesser-knives/primeline-slicer-knife-20-25cm/?category_id=104927&sort=rating&order=ASC,parameters,Noindex,https://compassgrill.co.il/knives-and-accessories/giesser-knives/primeline-slicer-knife-20-25cm/
https://compassgrill.co.il/pellet-smokers/navigator-combo-1230-1/?category_id=34516&sort=p.model&order=DESC,parameters,Noindex,https://compassgrill.co.il/pellet-smokers/navigator-combo-1230/
https://compassgrill.co.il/pellet-smokers/navigator-combo-1230-1/?category_id=34516&sort=p.model&order=DESC,duplicate,Redirect 301,https://compassgrill.co.il/pellet-smokers/navigator-combo-1230/
https://compassgrill.co.il/cast-iron-tools-plov-cooking/cast-iron-cooking-tools/poike-number-2/?sort=p.sort_order&order=ASC,parameters,Noindex,https://compassgrill.co.il/cast-iron-tools-plov-cooking/cast-iron-cooking-tools/poike-number/
https://compassgrill.co.il/cast-iron-tools-plov-cooking/cast-iron-cooking-tools/poike-number-2/?sort=p.sort_order&order=ASC,duplicate,Redirect 301,https://compassgrill.co.il/cast-iron-tools-plov-cooking/cast-iron-cooking-tools/poike-number/
https://compassgrill.co.il/cast-iron-tools-plov-cooking/cast-iron-cooking-tools/poike-number-2/?sort=pd.name&order=DESC,parameters,Noindex,https://compassgrill.co.il/cast-iron-tools-plov-cooking/cast-iron-cooking-tools/poike-number/
https://compassgrill.co.il/cast-iron-tools-plov-cooking/cast-iron-cooking-tools/poike-number-2/?sort=pd.name&order=DESC,duplicate,Redirect 301,https://compassgrill.co.il/cast-iron-tools-plov-cooking/cast-iron-cooking-tools/poike-number/
https://compassgrill.co.il/grill-smokers-tandoor/charcoal-grill-smokers-tandoor/charcoal-professional-il/?category_id=97704&sort=price&order=DESC,parameters,Noindex,https://compassgrill.co.il/grill-smokers-tandoor/charcoal-grill-smokers-tandoor/charcoal-professional-il/
https://compassgrill.co.il/outdoor-kitchen/modular-outdoor-kitchens/classic-outdoor-kitchen-1/?category_id=80794&sort=price&order=DESC,parameters,Noindex,https://compassgrill.co.il/outdoor-kitchen/modular-outdoor-kitchens/classic-outdoor-kitchen/
https://compassgrill.co.il/outdoor-kitchen/modular-outdoor-kitchens/classic-outdoor-kitchen-1/?category_id=80794&sort=price&order=DESC,duplicate,Redirect 301,https://compassgrill.co.il/outdoor-kitchen/modular-outdoor-kitchens/classic-outdoor-kitchen/
https://compassgrill.co.il/cast-iron-tools-plov-cooking/cast-iron-cooking-tools/reckless-1-kazan-pot-grill/?sort=price&order=DESC,parameters,Noindex,https://compassgrill.co.il/cast-iron-tools-plov-cooking/cast-iron-cooking-tools/reckless-1-kazan-pot-grill/
https://compassgrill.co.il/knives-and-accessories/giesser-knives/classic-slicer-סכין-פריסה-מקצועית-22-25-28-31-36-ס-מ-copy-0/?category_id=104927&sort=p.sort_order&order=ASC,parameters,Noindex,https://compassgrill.co.il/knives-and-accessories/giesser-knives/classic-slicer-סכין-פריסה-מקצועית-22-25-28-31-36-ס-מ/
https://compassgrill.co.il/knives-and-accessories/giesser-knives/classic-slicer-סכין-פריסה-מקצועית-22-25-28-31-36-ס-מ-copy-0/?category_id=104927&sort=p.sort_order&order=ASC,duplicate,Redirect 301,https://compassgrill.co.il/knives-and-accessories/giesser-knives/classic-slicer-סכין-פריסה-מקצועית-22-25-28-31-36-ס-מ/
https://compassgrill.co.il/cast-iron-cooking-tools/dual-cast-iron-round-griddle/?sort=p.sort_order&order=ASC,parameters,Noindex,https://compassgrill.co.il/cast-iron-cooking-tools/dual-cast-iron-round-griddle/
https://compassgrill.co.il/3-burner-gas-grill/ultimate-griddle-3/?category_id=108375&sort=p.sort_order&order=ASC,parameters,Noindex,https://compassgrill.co.il/3-burner-gas-grill/ultimate-griddle/
https://compassgrill.co.il/3-burner-gas-grill/ultimate-griddle-3/?category_id=108375&sort=p.sort_order&order=ASC,duplicate,Redirect 301,https://compassgrill.co.il/3-burner-gas-grill/ultimate-griddle/
https://compassgrill.co.il/cast-iron-tools-plov-cooking/cast-iron-cooking-tools/cast-iron-cook-set/?sort=p.model&order=DESC,parameters,Noindex,https://compassgrill.co.il/cast-iron-tools-plov-cooking/cast-iron-cooking-tools/cast-iron-cook-set/
https://compassgrill.co.il/knives-and-accessories/giesser-knives/classic-slicer-סכין-פריסה-מקצועית-22-25-28-31-36-ס-מ-copy-0/?sort=p.sort_order&order=ASC,parameters,Noindex,https://compassgrill.co.il/knives-and-accessories/giesser-knives/classic-slicer-סכין-פריסה-מקצועית-22-25-28-31-36-ס-מ/
https://compassgrill.co.il/knives-and-accessories/giesser-knives/classic-slicer-סכין-פריסה-מקצועית-22-25-28-31-36-ס-מ-copy-0/?sort=p.sort_order&order=ASC,duplicate,Redirect 301,https://compassgrill.co.il/knives-and-accessories/giesser-knives/classic-slicer-סכין-פריסה-מקצועית-22-25-28-31-36-ס-מ/
https://compassgrill.co.il/cast-iron-tools-plov-cooking/cast-iron-zhigong-cooking-kazan/reckless-1-kazan-pot-grill/?sort=rating&order=ASC,parameters,Noindex,https://compassgrill.co.il/cast-iron-tools-plov-cooking/cast-iron-zhigong-cooking-kazan/reckless-1-kazan-pot-grill/
https://compassgrill.co.il/grill-smokers-tandoor/charcoal-grill-smokers-tandoor/charcoal-grill-with-legs-for-6-skewers-foldable-with-bag/?category_id=97704&sort=pd.name&order=ASC,parameters,Noindex,https://compassgrill.co.il/grill-smokers-tandoor/charcoal-grill-smokers-tandoor/charcoal-grill-with-legs-for-6-skewers-foldable-with-bag/
https://compassgrill.co.il/cast-iron-tools-plov-cooking/cast-iron-cooking-tools/reckless-1-kazan-pot-grill/?sort=pd.name&order=DESC,parameters,Noindex,https://compassgrill.co.il/cast-iron-tools-plov-cooking/cast-iron-cooking-tools/reckless-1-kazan-pot-grill/
https://compassgrill.co.il/cast-iron-tools-plov-cooking/cast-iron-cooking-tools/12l-asian-kazan-cast-iron-lid-uncoated/?sort=pd.name&order=ASC,parameters,Noindex,https://compassgrill.co.il/cast-iron-tools-plov-cooking/cast-iron-cooking-tools/12l-asian-kazan-cast-iron-lid-uncoated/
https://compassgrill.co.il/knives-and-accessories/lg-3-piece-tool-set/?category_id=35161&sort=p.sort_order&order=ASC,parameters,Noindex,https://compassgrill.co.il/knives-and-accessories/lg-3-piece-tool-set/
https://compassgrill.co.il/cast-iron-tools-plov-cooking/cast-iron-cooking-tools/striped-pan-cast-spout/?category_id=35280&sort=pd.name&order=ASC,parameters,Noindex,https://compassgrill.co.il/cast-iron-tools-plov-cooking/cast-iron-cooking-tools/striped-pan-cast-spout/
https://compassgrill.co.il/knives-and-accessories/giesser-knives/premiumcut-steel-sharpening-stone-25cm-fine/?category_id=104927,parameters,Canonical,https://compassgrill.co.il/knives-and-accessories/giesser-knives/premiumcut-steel-sharpening-stone-25cm-fine/
https://compassgrill.co.il/grill-smoker-accessories/69865/?category_id=37972,parameters,Canonical,https://compassgrill.co.il/grill-smoker-accessories/69865/
https://compassgrill.co.il/cast-iron-tools-plov-cooking/cast-iron-cooking-tools/dual-sided-cast-iron-rectangular-griddle/?sort=pd.name&order=ASC,parameters,Noindex,https://compassgrill.co.il/cast-iron-tools-plov-cooking/cast-iron-cooking-tools/dual-sided-cast-iron-rectangular-griddle/
https://compassgrill.co.il/cast-iron-tools-plov-cooking/cast-iron-cooking-tools/dual-cast-iron-round-griddle/?sort=p.model&order=DESC,parameters,Noindex,https://compassgrill.co.il/cast-iron-tools-plov-cooking/cast-iron-cooking-tools/dual-cast-iron-round-griddle/
https://compassgrill.co.il/cast-iron-tools-plov-cooking/cast-iron-cooking-tools/8l-asian-kazan-cast-iron-lid-uncoated/?category_id=35280&sort=p.model&order=DESC,parameters,Noindex,https://compassgrill.co.il/cast-iron-tools-plov-cooking/cast-iron-cooking-tools/8l-asian-kazan-cast-iron-lid-uncoated/
https://compassgrill.co.il/grill-smoker-accessories/compass-skewers/bronz/?category_id=38152&sort=rating&order=ASC,parameters,Noindex,https://compassgrill.co.il/grill-smoker-accessories/compass-skewers/bronz/
https://compassgrill.co.il/cast-iron-tools-plov-cooking/cast-iron-cooking-tools/dual-sided-cast-iron-rectangular-griddle/?sort=rating&order=ASC,parameters,Noindex,https://compassgrill.co.il/cast-iron-tools-plov-cooking/cast-iron-cooking-tools/dual-sided-cast-iron-rectangular-griddle/
https://compassgrill.co.il/cast-iron-tools-plov-cooking/cast-iron-cooking-tools/poike-number-3/?category_id=35280&sort=pd.name&order=DESC,parameters,Noindex,https://compassgrill.co.il/cast-iron-tools-plov-cooking/cast-iron-cooking-tools/poike-number/
https://compassgrill.co.il/cast-iron-tools-plov-cooking/cast-iron-cooking-tools/poike-number-3/?category_id=35280&sort=pd.name&order=DESC,duplicate,Redirect 301,https://compassgrill.co.il/cast-iron-tools-plov-cooking/cast-iron-cooking-tools/poike-number/
https://compassgrill.co.il/garden-firepits-and-decor/pureview-72-inch-electric-fireplace/?category_id=95012&sort=rating&order=ASC,parameters,Noindex,https://compassgrill.co.il/garden-firepits-and-decor/pureview-72-inch-electric-fireplace/
https://compassgrill.co.il/cast-iron-cooking-tools/poike-number-2-with-legs/?sort=p.sort_order&order=ASC,parameters,Noindex,https://compassgrill.co.il/cast-iron-cooking-tools/poike-number-2-with-legs/
https://compassgrill.co.il/cast-iron-tools-plov-cooking/cast-iron-cooking-tools/poike-number-2-with-legs/?sort=price&order=DESC,parameters,Noindex,https://compassgrill.co.il/cast-iron-tools-plov-cooking/cast-iron-cooking-tools/poike-number-2-with-legs/
https://compassgrill.co.il/cast-iron-tools-plov-cooking/cast-iron-cooking-tools/cast-iron-meat-holder-wooden-base-for-cuts/?category_id=35280&sort=price&order=DESC,parameters,Noindex,https://compassgrill.co.il/cast-iron-tools-plov-cooking/cast-iron-cooking-tools/cast-iron-meat-holder-wooden-base-for-cuts/
https://compassgrill.co.il/cast-iron-tools-plov-cooking/cast-iron-cooking-tools/קאזן-אסייתי-10-ליטר-עם-מכסה-מברזל-יצוק-ללא-ציפוי-1/?sort=pd.name&order=ASC,parameters,Noindex,https://compassgrill.co.il/cast-iron-tools-plov-cooking/cast-iron-cooking-tools/קאזן-אסייתי-10-ליטר-עם-מכסה-מברזל-יצוק-ללא-ציפוי-1/
https://compassgrill.co.il/cast-iron-tools-plov-cooking/cast-iron-cooking-tools/קאזן-אסייתי-10-ליטר-עם-מכסה-מברזל-יצוק-ללא-ציפוי-1/?sort=pd.name&order=ASC,duplicate,Redirect 301,https://compassgrill.co.il/cast-iron-tools-plov-cooking/cast-iron-cooking-tools/קאזן-אסייתי-10-ליטר-עם-מכסה-מברזל-יצוק-ללא-ציפוי-1/
https://compassgrill.co.il/cast-iron-tools-plov-cooking/cast-iron-cooking-tools/poike-number-2-with-legs/?sort=rating&order=ASC,parameters,Noindex,https://compassgrill.co.il/cast-iron-tools-plov-cooking/cast-iron-cooking-tools/poike-number-2-with-legs/
https://compassgrill.co.il/cast-iron-tools-plov-cooking/cast-iron-zhigong-cooking-kazan/קאזן-אסייתי-10-ליטר-עם-מכסה-מברזל-יצוק-ללא-ציפוי-1/?category_id=70270&sort=p.sort_order&order=ASC,parameters,Noindex,https://compassgrill.co.il/cast-iron-tools-plov-cooking/cast-iron-zhigong-cooking-kazan/קאזן-אסייתי-10-ליטר-עם-מכסה-מברזל-יצוק-ללא-ציפוי-1/
https://compassgrill.co.il/cast-iron-tools-plov-cooking/cast-iron-zhigong-cooking-kazan/קאזן-אסייתי-10-ליטר-עם-מכסה-מברזל-יצוק-ללא-ציפוי-1/?category_id=70270&sort=p.sort_order&order=ASC,duplicate,Redirect 301,https://compassgrill.co.il/cast-iron-tools-plov-cooking/cast-iron-zhigong-cooking-kazan/קאזן-אסייתי-10-ליטר-עם-מכסה-מברזל-יצוק-ללא-ציפוי-1/
https://compassgrill.co.il/cast-iron-tools-plov-cooking/cast-iron-cooking-tools/cast-iron-cook-set/?sort=price&order=DESC,parameters,Noindex,https://compassgrill.co.il/cast-iron-tools-plov-cooking/cast-iron-cooking-tools/cast-iron-cook-set/
https://compassgrill.co.il/cast-iron-tools-plov-cooking/cast-iron-zhigong-cooking-kazan/reckless-1-kazan-pot-grill/?category_id=70270&sort=p.sort_order&order=ASC,parameters,Noindex,https://compassgrill.co.il/cast-iron-tools-plov-cooking/cast-iron-zhigong-cooking-kazan/reckless-1-kazan-pot-grill/
https://compassgrill.co.il/knives-and-accessories/giesser-knives/tradition-chef-knife-20-26cm/?category_id=104927&sort=p.model&order=ASC,parameters,Noindex,https://compassgrill.co.il/knives-and-accessories/giesser-knives/tradition-chef-knife-20-26cm/
https://compassgrill.co.il/cast-iron-tools-plov-cooking/cast-iron-cooking-tools/cast-iron-meat-holder-wooden-base-for-cuts/?sort=price&order=DESC,parameters,Noindex,https://compassgrill.co.il/cast-iron-tools-plov-cooking/cast-iron-cooking-tools/cast-iron-meat-holder-wooden-base-for-cuts/
https://compassgrill.co.il/cast-iron-tools-plov-cooking/cast-iron-cooking-tools/striped-pan-cast-spout/?category_id=35280&sort=rating&order=ASC,parameters,Noindex,https://compassgrill.co.il/cast-iron-tools-plov-cooking/cast-iron-cooking-tools/striped-pan-cast-spout/
https://compassgrill.co.il/cast-iron-tools-plov-cooking/cast-iron-cooking-tools/poike-number-3/?sort=rating&order=DESC,parameters,Noindex,https://compassgrill.co.il/cast-iron-tools-plov-cooking/cast-iron-cooking-tools/poike-number/
https://compassgrill.co.il/cast-iron-tools-plov-cooking/cast-iron-cooking-tools/poike-number-3/?sort=rating&order=DESC,duplicate,Redirect 301,https://compassgrill.co.il/cast-iron-tools-plov-cooking/cast-iron-cooking-tools/poike-number/
https://compassgrill.co.il/knives-and-accessories/giesser-knives/premiumcut-butcher-cleaver-22cm/?category_id=104927&sort=pd.name&order=DESC,parameters,Noindex,https://compassgrill.co.il/knives-and-accessories/giesser-knives/premiumcut-butcher-cleaver-22cm/
https://compassgrill.co.il/cast-iron-tools-plov-cooking/cast-iron-cooking-tools/striped-pan-cast-spout/?category_id=35280&sort=price&order=DESC,parameters,Noindex,https://compassgrill.co.il/cast-iron-tools-plov-cooking/cast-iron-cooking-tools/striped-pan-cast-spout/
https://compassgrill.co.il/garden-firepits-and-decor/pureview-72-inch-electric-fireplace/?sort=rating&order=ASC,parameters,Noindex,https://compassgrill.co.il/garden-firepits-and-decor/pureview-72-inch-electric-fireplace/
https://compassgrill.co.il/בשרים-קפואים/כבד-אווז-קפוא-ארוז-פרימיום-copy-0-1/?sort=rating&order=ASC,parameters,Noindex,https://compassgrill.co.il/בשרים-קפואים/כבד-אווז-קפוא-ארוז-פרימיום-copy-0/
https://compassgrill.co.il/בשרים-קפואים/כבד-אווז-קפוא-ארוז-פרימיום-copy-0-1/?sort=rating&order=ASC,duplicate,Redirect 301,https://compassgrill.co.il/בשרים-קפואים/כבד-אווז-קפוא-ארוז-פרימיום-copy-0/
https://compassgrill.co.il/בשרים-קפואים/angus-burger-220g-4-pcs-tray-chef-recipe-1/?category_id=125607,parameters,Canonical,https://compassgrill.co.il/בשרים-קפואים/angus-burger-220g-4-pcs-tray-chef-recipe-1/
https://compassgrill.co.il/בשרים-קפואים/angus-burger-220g-4-pcs-tray-chef-recipe-1/?category_id=125607,duplicate,Redirect 301,https://compassgrill.co.il/בשרים-קפואים/angus-burger-220g-4-pcs-tray-chef-recipe-1/
https://compassgrill.co.il/frozen-meat/frozen-seasoned-chicken-skewers-5-pieces/?sort=price&order=ASC,parameters,Noindex,https://compassgrill.co.il/frozen-meat/frozen-seasoned-chicken-skewers-5-pieces/
https://compassgrill.co.il/knives-and-accessories/giesser-knives/premiumcut-carving-set/?category_id=104927&sort=price&order=DESC,parameters,Noindex,https://compassgrill.co.il/knives-and-accessories/giesser-knives/premiumcut-carving-set/
https://compassgrill.co.il/giesser-knives/tradition-butcher-slicer-knife-24-30cm/?category_id=104927&sort=pd.name&order=ASC,parameters,Noindex,https://compassgrill.co.il/giesser-knives/tradition-butcher-slicer-knife-24-30cm/
https://compassgrill.co.il/cast-iron-tools-plov-cooking/cast-iron-cooking-tools/dual-sided-cast-iron-rectangular-griddle/?sort=rating&order=DESC,parameters,Noindex,https://compassgrill.co.il/cast-iron-tools-plov-cooking/cast-iron-cooking-tools/dual-sided-cast-iron-rectangular-griddle/
https://compassgrill.co.il/cast-iron-tools-plov-cooking/cast-iron-cooking-tools/poike-number-3-with-legs/?category_id=35280&sort=pd.name&order=ASC,parameters,Noindex,https://compassgrill.co.il/cast-iron-tools-plov-cooking/cast-iron-cooking-tools/poike-number-3-with-legs/
https://compassgrill.co.il/cast-iron-tools-plov-cooking/cast-iron-cooking-tools/reckless-1-kazan-pot-grill/?category_id=35280,parameters,Canonical,https://compassgrill.co.il/cast-iron-tools-plov-cooking/cast-iron-cooking-tools/reckless-1-kazan-pot-grill/
https://compassgrill.co.il/cast-iron-tools-plov-cooking/cast-iron-cooking-tools/poike-number-3/?category_id=35280&sort=p.model&order=DESC,parameters,Noindex,https://compassgrill.co.il/cast-iron-tools-plov-cooking/cast-iron-cooking-tools/poike-number/
https://compassgrill.co.il/cast-iron-tools-plov-cooking/cast-iron-cooking-tools/poike-number-3/?category_id=35280&sort=p.model&order=DESC,duplicate,Redirect 301,https://compassgrill.co.il/cast-iron-tools-plov-cooking/cast-iron-cooking-tools/poike-number/
https://compassgrill.co.il/cast-iron-cooking-tools/poike-number-2/?category_id=35280&sort=p.model&order=DESC,parameters,Noindex,https://compassgrill.co.il/cast-iron-cooking-tools/poike-number/
https://compassgrill.co.il/cast-iron-cooking-tools/poike-number-2/?category_id=35280&sort=p.model&order=DESC,duplicate,Redirect 301,https://compassgrill.co.il/cast-iron-cooking-tools/poike-number/
https://compassgrill.co.il/cast-iron-tools-plov-cooking/cast-iron-cooking-tools/reckless-1-kazan-pot-grill/?category_id=35280&sort=pd.name&order=ASC,parameters,Noindex,https://compassgrill.co.il/cast-iron-tools-plov-cooking/cast-iron-cooking-tools/reckless-1-kazan-pot-grill/
https://compassgrill.co.il/cast-iron-tools-plov-cooking/cast-iron-cooking-tools/striped-pan-cast-spout/?sort=price&order=DESC,parameters,Noindex,https://compassgrill.co.il/cast-iron-tools-plov-cooking/cast-iron-cooking-tools/striped-pan-cast-spout/
https://compassgrill.co.il/grill-smoker-accessories/knives-and-accessories/giesser-knives/premiumcut-steak-knife-12cm/?category_id=104927&sort=price&order=ASC,parameters,Noindex,https://compassgrill.co.il/grill-smoker-accessories/knives-and-accessories/giesser-knives/premiumcut-steak-knife-12cm/
https://compassgrill.co.il/בשרים-קפואים/angus-burger-220g-4-pcs-tray-chef-recipe-1/,duplicate,Redirect 301,https://compassgrill.co.il/בשרים-קפואים/angus-burger-220g-4-pcs-tray-chef-recipe-1/
https://compassgrill.co.il/cast-iron-tools-plov-cooking/cast-iron-cooking-tools/8l-asian-kazan-cast-iron-lid-uncoated/?category_id=35280&sort=pd.name&order=DESC,parameters,Noindex,https://compassgrill.co.il/cast-iron-tools-plov-cooking/cast-iron-cooking-tools/8l-asian-kazan-cast-iron-lid-uncoated/
https://compassgrill.co.il/cast-iron-tools-plov-cooking/cast-iron-cooking-tools/dual-cast-iron-round-griddle/?sort=pd.name&order=DESC,parameters,Noindex,https://compassgrill.co.il/cast-iron-tools-plov-cooking/cast-iron-cooking-tools/dual-cast-iron-round-griddle/
https://compassgrill.co.il/cast-iron-tools-plov-cooking/cast-iron-cooking-tools/reckless-1-kazan-pot-grill/?category_id=35280&sort=rating&order=DESC,parameters,Noindex,https://compassgrill.co.il/cast-iron-tools-plov-cooking/cast-iron-cooking-tools/reckless-1-kazan-pot-grill/
https://compassgrill.co.il/cast-iron-tools-plov-cooking/cast-iron-cooking-tools/striped-pan-with-wooden-handle-cast-spout/?sort=rating&order=DESC,parameters,Noindex,https://compassgrill.co.il/cast-iron-tools-plov-cooking/cast-iron-cooking-tools/striped-pan-with-wooden-handle-cast-spout/
https://compassgrill.co.il/cast-iron-tools-plov-cooking/cast-iron-cooking-tools/cast-iron-cook-set/?category_id=35280&sort=pd.name&order=ASC,parameters,Noindex,https://compassgrill.co.il/cast-iron-tools-plov-cooking/cast-iron-cooking-tools/cast-iron-cook-set/
https://compassgrill.co.il/cast-iron-tools-plov-cooking/cast-iron-zhigong-cooking-kazan/12l-asian-kazan-cast-iron-lid-uncoated/?category_id=70270&sort=p.sort_order&order=ASC,parameters,Noindex,https://compassgrill.co.il/cast-iron-tools-plov-cooking/cast-iron-zhigong-cooking-kazan/12l-asian-kazan-cast-iron-lid-uncoated/
https://compassgrill.co.il/cast-iron-tools-plov-cooking/cast-iron-zhigong-cooking-kazan/קאזן-אסייתי-10-ליטר-עם-מכסה-מברזל-יצוק-ללא-ציפוי-1/?category_id=70270&sort=price&order=DESC,parameters,Noindex,https://compassgrill.co.il/cast-iron-tools-plov-cooking/cast-iron-zhigong-cooking-kazan/קאזן-אסייתי-10-ליטר-עם-מכסה-מברזל-יצוק-ללא-ציפוי-1/
https://compassgrill.co.il/cast-iron-tools-plov-cooking/cast-iron-zhigong-cooking-kazan/קאזן-אסייתי-10-ליטר-עם-מכסה-מברזל-יצוק-ללא-ציפוי-1/?category_id=70270&sort=price&order=DESC,duplicate,Redirect 301,https://compassgrill.co.il/cast-iron-tools-plov-cooking/cast-iron-zhigong-cooking-kazan/קאזן-אסייתי-10-ליטר-עם-מכסה-מברזל-יצוק-ללא-ציפוי-1/
https://compassgrill.co.il/cast-iron-tools-plov-cooking/cast-iron-zhigong-cooking-kazan/reckless-1-kazan-pot-grill/?category_id=70270,parameters,Canonical,https://compassgrill.co.il/cast-iron-tools-plov-cooking/cast-iron-zhigong-cooking-kazan/reckless-1-kazan-pot-grill/
https://compassgrill.co.il/cast-iron-tools-plov-cooking/cast-iron-cooking-tools/6l-asian-kazan-cast-iron-lid-uncoated/?category_id=35280&sort=pd.name&order=ASC,parameters,Noindex,https://compassgrill.co.il/cast-iron-tools-plov-cooking/cast-iron-cooking-tools/6l-asian-kazan-cast-iron-lid-uncoated/
https://compassgrill.co.il/cast-iron-tools-plov-cooking/cast-iron-cooking-tools/reckless-1-kazan-pot-grill/?sort=rating&order=DESC,parameters,Noindex,https://compassgrill.co.il/cast-iron-tools-plov-cooking/cast-iron-cooking-tools/reckless-1-kazan-pot-grill/
https://compassgrill.co.il/grill-smokers-tandoor/charcoal-grill-smokers-tandoor/stainless-steel-charcoal-grill-for-6-skewers-foldable-with-bag/?category_id=97704&sort=rating&order=DESC,parameters,Noindex,https://compassgrill.co.il/grill-smokers-tandoor/charcoal-grill-smokers-tandoor/stainless-steel-charcoal-grill-for-6-skewers-foldable-with-bag/
https://compassgrill.co.il/cast-iron-tools-plov-cooking/cast-iron-cooking-tools/poike-number-3-with-legs/?category_id=35280&sort=p.model&order=DESC,parameters,Noindex,https://compassgrill.co.il/cast-iron-tools-plov-cooking/cast-iron-cooking-tools/poike-number-3-with-legs/
https://compassgrill.co.il/cast-iron-tools-plov-cooking/cast-iron-cooking-tools/striped-pan-cast-spout/?sort=pd.name&order=ASC,parameters,Noindex,https://compassgrill.co.il/cast-iron-tools-plov-cooking/cast-iron-cooking-tools/striped-pan-cast-spout/
https://compassgrill.co.il/knives-and-accessories/giesser-knives/premiumcut-barbecue-30/?category_id=104927&sort=p.sort_order&order=ASC,parameters,Noindex,https://compassgrill.co.il/knives-and-accessories/giesser-knives/premiumcut-barbecue-30/
https://compassgrill.co.il/cast-iron-cooking-tools/poike-number-2/?sort=p.model&order=DESC,parameters,Noindex,https://compassgrill.co.il/cast-iron-cooking-tools/poike-number/
https://compassgrill.co.il/cast-iron-cooking-tools/poike-number-2/?sort=p.model&order=DESC,duplicate,Redirect 301,https://compassgrill.co.il/cast-iron-cooking-tools/poike-number/
https://compassgrill.co.il/giesser-knives/premiumcut-yobocho-knife-20cm/?category_id=104927&sort=p.model&order=DESC,parameters,Noindex,https://compassgrill.co.il/giesser-knives/premiumcut-yobocho-knife-20cm/
https://compassgrill.co.il/cast-iron-tools-plov-cooking/cast-iron-cooking-tools/8l-asian-kazan-cast-iron-lid-uncoated/?sort=pd.name&order=DESC,parameters,Noindex,https://compassgrill.co.il/cast-iron-tools-plov-cooking/cast-iron-cooking-tools/8l-asian-kazan-cast-iron-lid-uncoated/
https://compassgrill.co.il/garden-firepits-and-decor/allure-100-inch-electric-fireplace-254cm/?category_id=95012&sort=rating&order=ASC,parameters,Noindex,https://compassgrill.co.il/garden-firepits-and-decor/allure-100-inch-electric-fireplace-254cm/
https://compassgrill.co.il/cast-iron-tools-plov-cooking/cast-iron-zhigong-cooking-kazan/12l-asian-kazan-cast-iron-lid-uncoated/?category_id=70270&sort=price&order=DESC,parameters,Noindex,https://compassgrill.co.il/cast-iron-tools-plov-cooking/cast-iron-zhigong-cooking-kazan/12l-asian-kazan-cast-iron-lid-uncoated/
https://compassgrill.co.il/cast-iron-tools-plov-cooking/cast-iron-cooking-tools/8l-asian-kazan-cast-iron-lid-uncoated/?category_id=35280&sort=p.sort_order&order=ASC,parameters,Noindex,https://compassgrill.co.il/cast-iron-tools-plov-cooking/cast-iron-cooking-tools/8l-asian-kazan-cast-iron-lid-uncoated/
https://compassgrill.co.il/grill-smokers-tandoor/charcoal-grill-smokers-tandoor/charcoal-grill-for-8-skewers-foldable-with-bag/?category_id=97704&sort=rating&order=DESC,parameters,Noindex,https://compassgrill.co.il/grill-smokers-tandoor/charcoal-grill-smokers-tandoor/charcoal-grill-for-8-skewers-foldable-with-bag/
https://compassgrill.co.il/giesser-knives/tradition-butcher-slicer-knife-24-30cm/?sort=pd.name&order=ASC,parameters,Noindex,https://compassgrill.co.il/giesser-knives/tradition-butcher-slicer-knife-24-30cm/
https://compassgrill.co.il/butcher-kfar-saba/fresh-sliced-tomahawk-1kg/?sort=rating&order=ASC,parameters,Noindex,https://compassgrill.co.il/butcher-kfar-saba/fresh-sliced-tomahawk-1kg/
https://compassgrill.co.il/smoker-tandoor/ultimate-griddle-5/?category_id=34515&sort=rating&order=ASC,parameters,Noindex,https://compassgrill.co.il/smoker-tandoor/ultimate-griddle-5/
https://compassgrill.co.il/meat-vending-machine-24-7/אנטריקוט-פידלוט-בלאק-אנגוס-copy-1/?sort=pd.name&order=ASC,parameters,Noindex,https://compassgrill.co.il/meat-vending-machine-24-7/אנטריקוט-פידלוט-בלאק-אנגוס/
https://compassgrill.co.il/meat-vending-machine-24-7/אנטריקוט-פידלוט-בלאק-אנגוס-copy-1/?sort=pd.name&order=ASC,duplicate,Redirect 301,https://compassgrill.co.il/meat-vending-machine-24-7/אנטריקוט-פידלוט-בלאק-אנגוס/
https://compassgrill.co.il/cast-iron-cooking-tools/striped-pan-with-wooden-handle-cast-spout/?sort=p.sort_order&order=ASC,parameters,Noindex,https://compassgrill.co.il/cast-iron-cooking-tools/striped-pan-with-wooden-handle-cast-spout/
https://compassgrill.co.il/grill-smoker-accessories/knives-and-accessories/giesser-knives/premiumcut-steak-knife-12cm/?sort=price&order=ASC,parameters,Noindex,https://compassgrill.co.il/grill-smoker-accessories/knives-and-accessories/giesser-knives/premiumcut-steak-knife-12cm/
https://compassgrill.co.il/cast-iron-tools-plov-cooking/cast-iron-cooking-tools/6l-asian-kazan-cast-iron-lid-uncoated/?category_id=35280&sort=pd.name&order=DESC,parameters,Noindex,https://compassgrill.co.il/cast-iron-tools-plov-cooking/cast-iron-cooking-tools/6l-asian-kazan-cast-iron-lid-uncoated/
https://compassgrill.co.il/gas-grills-1/?sort=rating&order=ASC,parameters,Noindex,https://compassgrill.co.il/gas-grills/
https://compassgrill.co.il/gas-grills-1/?sort=rating&order=ASC,duplicate,Redirect 301,https://compassgrill.co.il/gas-grills/
https://compassgrill.co.il/grill-smokers-tandoor/charcoal-grill-smokers-tandoor/charcoal-grill-for-8-skewers-foldable-with-bag/?sort=rating&order=DESC,parameters,Noindex,https://compassgrill.co.il/grill-smokers-tandoor/charcoal-grill-smokers-tandoor/charcoal-grill-for-8-skewers-foldable-with-bag/
https://compassgrill.co.il/cast-iron-tools-plov-cooking/cast-iron-zhigong-cooking-kazan/6l-asian-kazan-cast-iron-lid-uncoated/?category_id=70270&sort=price&order=ASC,parameters,Noindex,https://compassgrill.co.il/cast-iron-tools-plov-cooking/cast-iron-zhigong-cooking-kazan/6l-asian-kazan-cast-iron-lid-uncoated/
https://compassgrill.co.il/cast-iron-tools-plov-cooking/cast-iron-cooking-tools/cast-iron-meat-holder-wooden-base-for-cuts/?sort=pd.name&order=ASC,parameters,Noindex,https://compassgrill.co.il/cast-iron-tools-plov-cooking/cast-iron-cooking-tools/cast-iron-meat-holder-wooden-base-for-cuts/
https://compassgrill.co.il/grill-smokers-tandoor/charcoal-grill-smokers-tandoor/stainless-steel-charcoal-grill-for-6-skewers-foldable-with-bag/?sort=rating&order=DESC,parameters,Noindex,https://compassgrill.co.il/grill-smokers-tandoor/charcoal-grill-smokers-tandoor/stainless-steel-charcoal-grill-for-6-skewers-foldable-with-bag/
https://compassgrill.co.il/knives-and-accessories/giesser-knives/premiumcut-yobocho-knife-20cm/?category_id=104927&sort=price&order=ASC,parameters,Noindex,https://compassgrill.co.il/knives-and-accessories/giesser-knives/premiumcut-yobocho-knife-20cm/
https://compassgrill.co.il/knives-and-accessories/giesser-knives/premiumcut-chef/?category_id=104927&sort=price&order=ASC,parameters,Noindex,https://compassgrill.co.il/knives-and-accessories/giesser-knives/premiumcut-chef/
https://compassgrill.co.il/knives-and-accessories/giesser-knives/premiumcut-barbecue-30/?sort=p.sort_order&order=ASC,parameters,Noindex,https://compassgrill.co.il/knives-and-accessories/giesser-knives/premiumcut-barbecue-30/
https://compassgrill.co.il/cast-iron-tools-plov-cooking/cast-iron-cooking-tools/8l-asian-kazan-cast-iron-lid-uncoated/?category_id=35280&sort=price&order=DESC,parameters,Noindex,https://compassgrill.co.il/cast-iron-tools-plov-cooking/cast-iron-cooking-tools/8l-asian-kazan-cast-iron-lid-uncoated/
https://compassgrill.co.il/grill-smoker-accessories/cast-iron-tools-plov-cooking/cast-iron-cooking-tools/poike-number-3/?category_id=35280&sort=pd.name&order=DESC,parameters,Noindex,https://compassgrill.co.il/grill-smoker-accessories/cast-iron-tools-plov-cooking/cast-iron-cooking-tools/poike-number/
https://compassgrill.co.il/grill-smoker-accessories/cast-iron-tools-plov-cooking/cast-iron-cooking-tools/poike-number-3/?category_id=35280&sort=pd.name&order=DESC,duplicate,Redirect 301,https://compassgrill.co.il/grill-smoker-accessories/cast-iron-tools-plov-cooking/cast-iron-cooking-tools/poike-number/
https://compassgrill.co.il/cast-iron-tools-plov-cooking/cast-iron-cooking-tools/12l-asian-kazan-cast-iron-lid-uncoated/?category_id=35280&sort=price&order=DESC,parameters,Noindex,https://compassgrill.co.il/cast-iron-tools-plov-cooking/cast-iron-cooking-tools/12l-asian-kazan-cast-iron-lid-uncoated/
https://compassgrill.co.il/cast-iron-tools-plov-cooking/cast-iron-cooking-tools/reckless-1-kazan-pot-grill/?sort=pd.name&order=ASC,parameters,Noindex,https://compassgrill.co.il/cast-iron-tools-plov-cooking/cast-iron-cooking-tools/reckless-1-kazan-pot-grill/
https://compassgrill.co.il/cast-iron-tools-plov-cooking/cast-iron-zhigong-cooking-kazan/6l-asian-kazan-cast-iron-lid-uncoated/?category_id=70270&sort=price&order=DESC,parameters,Noindex,https://compassgrill.co.il/cast-iron-tools-plov-cooking/cast-iron-zhigong-cooking-kazan/6l-asian-kazan-cast-iron-lid-uncoated/
https://compassgrill.co.il/cast-iron-tools-plov-cooking/cast-iron-cooking-tools/8l-asian-kazan-cast-iron-lid-uncoated/?sort=p.model&order=DESC,parameters,Noindex,https://compassgrill.co.il/cast-iron-tools-plov-cooking/cast-iron-cooking-tools/8l-asian-kazan-cast-iron-lid-uncoated/
https://compassgrill.co.il/knives-and-accessories/giesser-knives/premiumcut-filet/?category_id=104927&sort=p.sort_order&order=ASC,parameters,Noindex,https://compassgrill.co.il/knives-and-accessories/giesser-knives/premiumcut-filet/
https://compassgrill.co.il/grill-smoker-accessories/cast-iron-tools-plov-cooking/cast-iron-cooking-tools/poike-number-2-with-legs/?category_id=35280&sort=price&order=ASC,parameters,Noindex,https://compassgrill.co.il/grill-smoker-accessories/cast-iron-tools-plov-cooking/cast-iron-cooking-tools/poike-number-2-with-legs/
https://compassgrill.co.il/knives-and-accessories/giesser-knives/premiumcut-barbecue-30/?category_id=104927&sort=price&order=ASC,parameters,Noindex,https://compassgrill.co.il/knives-and-accessories/giesser-knives/premiumcut-barbecue-30/
https://compassgrill.co.il/cast-iron-tools-plov-cooking/cast-iron-cooking-tools/6l-asian-kazan-cast-iron-lid-uncoated/?sort=pd.name&order=ASC,parameters,Noindex,https://compassgrill.co.il/cast-iron-tools-plov-cooking/cast-iron-cooking-tools/6l-asian-kazan-cast-iron-lid-uncoated/
https://compassgrill.co.il/knives-and-accessories/giesser-knives/primeline-slicer-knife-20-25cm/?category_id=104927&sort=p.sort_order&order=ASC,parameters,Noindex,https://compassgrill.co.il/knives-and-accessories/giesser-knives/primeline-slicer-knife-20-25cm/
https://compassgrill.co.il/meat-accessories-tools/premiumcut-fork/?category_id=121090&sort=pd.name&order=DESC,parameters,Noindex,https://compassgrill.co.il/meat-accessories-tools/premiumcut-fork/
https://compassgrill.co.il/cast-iron-tools-plov-cooking/cast-iron-cooking-tools/dual-sided-cast-iron-rectangular-griddle/?sort=p.model&order=DESC,parameters,Noindex,https://compassgrill.co.il/cast-iron-tools-plov-cooking/cast-iron-cooking-tools/dual-sided-cast-iron-rectangular-griddle/
https://compassgrill.co.il/grill-smoker-accessories/knives-and-accessories/pb-all-in-one-tool/?category_id=35161&sort=price&order=ASC,parameters,Noindex,https://compassgrill.co.il/grill-smoker-accessories/knives-and-accessories/pb-all-in-one-tool/
https://compassgrill.co.il/cast-iron-cooking-tools/poike-number-2/?category_id=35280&sort=pd.name&order=ASC,parameters,Noindex,https://compassgrill.co.il/cast-iron-cooking-tools/poike-number/
https://compassgrill.co.il/cast-iron-cooking-tools/poike-number-2/?category_id=35280&sort=pd.name&order=ASC,duplicate,Redirect 301,https://compassgrill.co.il/cast-iron-cooking-tools/poike-number/
https://compassgrill.co.il/cast-iron-tools-plov-cooking/cast-iron-cooking-tools/poike-number-2-with-legs/?category_id=35280&sort=pd.name&order=DESC,parameters,Noindex,https://compassgrill.co.il/cast-iron-tools-plov-cooking/cast-iron-cooking-tools/poike-number-2-with-legs/
https://compassgrill.co.il/cast-iron-tools-plov-cooking/cast-iron-cooking-tools/poike-number-3-with-legs/?sort=p.model&order=DESC,parameters,Noindex,https://compassgrill.co.il/cast-iron-tools-plov-cooking/cast-iron-cooking-tools/poike-number-3-with-legs/
https://compassgrill.co.il/cast-iron-tools-plov-cooking/cast-iron-zhigong-cooking-kazan/8l-asian-kazan-cast-iron-lid-uncoated/?category_id=70270&sort=p.model&order=DESC,parameters,Noindex,https://compassgrill.co.il/cast-iron-tools-plov-cooking/cast-iron-zhigong-cooking-kazan/8l-asian-kazan-cast-iron-lid-uncoated/
https://compassgrill.co.il/pellet-smokers/memphis-ultimate-2-0-grill-combination/?category_id=34516&sort=pd.name&order=DESC,parameters,Noindex,https://compassgrill.co.il/pellet-smokers/memphis-ultimate-2-0-grill-combination/
https://compassgrill.co.il/grill-smoker-accessories/cast-iron-tools-plov-cooking/cast-iron-cooking-tools/poike-number-2/?category_id=35280&sort=pd.name&order=ASC,parameters,Noindex,https://compassgrill.co.il/grill-smoker-accessories/cast-iron-tools-plov-cooking/cast-iron-cooking-tools/poike-number/
https://compassgrill.co.il/grill-smoker-accessories/cast-iron-tools-plov-cooking/cast-iron-cooking-tools/poike-number-2/?category_id=35280&sort=pd.name&order=ASC,duplicate,Redirect 301,https://compassgrill.co.il/grill-smoker-accessories/cast-iron-tools-plov-cooking/cast-iron-cooking-tools/poike-number/
https://compassgrill.co.il/knives-and-accessories/giesser-knives/tradition-butcher-slicer-knife-24-30cm/?category_id=104927&sort=price&order=DESC,parameters,Noindex,https://compassgrill.co.il/knives-and-accessories/giesser-knives/tradition-butcher-slicer-knife-24-30cm/
https://compassgrill.co.il/cast-iron-tools-plov-cooking/cast-iron-cooking-tools/cast-iron-meat-holder-wooden-base-for-cuts/?category_id=35280&sort=rating&order=ASC,parameters,Noindex,https://compassgrill.co.il/cast-iron-tools-plov-cooking/cast-iron-cooking-tools/cast-iron-meat-holder-wooden-base-for-cuts/
https://compassgrill.co.il/compass-skewers/premium-set-stainless-steel-skewers-with-knife-and-fork-for-meat-remova/?category_id=38152&sort=rating&order=DESC,parameters,Noindex,https://compassgrill.co.il/compass-skewers/premium-set-stainless-steel-skewers-with-knife-and-fork-for-meat-remova/
https://compassgrill.co.il/giesser-knives/premiumcut-yobocho-knife-20cm/?sort=p.model&order=DESC,parameters,Noindex,https://compassgrill.co.il/giesser-knives/premiumcut-yobocho-knife-20cm/
https://compassgrill.co.il/knives-and-accessories/giesser-knives/premiumcut-steak-knife-12cm/?category_id=104927&sort=p.model&order=DESC,parameters,Noindex,https://compassgrill.co.il/knives-and-accessories/giesser-knives/premiumcut-steak-knife-12cm/
https://compassgrill.co.il/eitan-meat-eilat/fresh-meat-eilat/feedlot-angus-sirloin-steak-1/?category_id=125606&sort=p.sort_order&order=ASC,parameters,Noindex,https://compassgrill.co.il/eitan-meat-eilat/fresh-meat-eilat/feedlot-angus-sirloin-steak/
https://compassgrill.co.il/eitan-meat-eilat/fresh-meat-eilat/feedlot-angus-sirloin-steak-1/?category_id=125606&sort=p.sort_order&order=ASC,duplicate,Redirect 301,https://compassgrill.co.il/eitan-meat-eilat/fresh-meat-eilat/feedlot-angus-sirloin-steak/
https://compassgrill.co.il/cast-iron-tools-plov-cooking/cast-iron-cooking-tools/קאזן-אסייתי-10-ליטר-עם-מכסה-מברזל-יצוק-ללא-ציפוי-1/?category_id=35280&sort=p.model&order=DESC,parameters,Noindex,https://compassgrill.co.il/cast-iron-tools-plov-cooking/cast-iron-cooking-tools/קאזן-אסייתי-10-ליטר-עם-מכסה-מברזל-יצוק-ללא-ציפוי-1/
https://compassgrill.co.il/cast-iron-tools-plov-cooking/cast-iron-cooking-tools/קאזן-אסייתי-10-ליטר-עם-מכסה-מברזל-יצוק-ללא-ציפוי-1/?category_id=35280&sort=p.model&order=DESC,duplicate,Redirect 301,https://compassgrill.co.il/cast-iron-tools-plov-cooking/cast-iron-cooking-tools/קאזן-אסייתי-10-ליטר-עם-מכסה-מברזל-יצוק-ללא-ציפוי-1/
https://compassgrill.co.il/knives-and-accessories/giesser-knives/premiumcut-office-knife-10cm/?category_id=104927&sort=price&order=DESC,parameters,Noindex,https://compassgrill.co.il/knives-and-accessories/giesser-knives/premiumcut-office-knife-10cm/
https://compassgrill.co.il/grill-smoker-accessories/compass-skewers/bronz/?sort=rating&order=ASC,parameters,Noindex,https://compassgrill.co.il/grill-smoker-accessories/compass-skewers/bronz/
https://compassgrill.co.il/grill-smokers-tandoor/charcoal-grill-smokers-tandoor/charcoal-professional/?category_id=97704&sort=rating&order=DESC,parameters,Noindex,https://compassgrill.co.il/grill-smokers-tandoor/charcoal-grill-smokers-tandoor/charcoal-professional/
https://compassgrill.co.il/compass-skewers/premium-set-stainless-steel-skewers-with-knife-and-fork-for-meat-remova/?sort=rating&order=DESC,parameters,Noindex,https://compassgrill.co.il/compass-skewers/premium-set-stainless-steel-skewers-with-knife-and-fork-for-meat-remova/
https://compassgrill.co.il/grill-smoker-accessories/cast-iron-tools-plov-cooking/cast-iron-cooking-tools/poike-number-2/?sort=pd.name&order=ASC,parameters,Noindex,https://compassgrill.co.il/grill-smoker-accessories/cast-iron-tools-plov-cooking/cast-iron-cooking-tools/poike-number/
https://compassgrill.co.il/grill-smoker-accessories/cast-iron-tools-plov-cooking/cast-iron-cooking-tools/poike-number-2/?sort=pd.name&order=ASC,duplicate,Redirect 301,https://compassgrill.co.il/grill-smoker-accessories/cast-iron-tools-plov-cooking/cast-iron-cooking-tools/poike-number/
https://compassgrill.co.il/eitan-meat-eilat/fresh-meat-eilat/feedlot-angus-sirloin-steak-1/?sort=p.sort_order&order=ASC,parameters,Noindex,https://compassgrill.co.il/eitan-meat-eilat/fresh-meat-eilat/feedlot-angus-sirloin-steak/
https://compassgrill.co.il/eitan-meat-eilat/fresh-meat-eilat/feedlot-angus-sirloin-steak-1/?sort=p.sort_order&order=ASC,duplicate,Redirect 301,https://compassgrill.co.il/eitan-meat-eilat/fresh-meat-eilat/feedlot-angus-sirloin-steak/
https://compassgrill.co.il/cast-iron-tools-plov-cooking/cast-iron-zhigong-cooking-kazan/8l-asian-kazan-cast-iron-lid-uncoated/?category_id=70270&sort=p.model&order=ASC,parameters,Noindex,https://compassgrill.co.il/cast-iron-tools-plov-cooking/cast-iron-zhigong-cooking-kazan/8l-asian-kazan-cast-iron-lid-uncoated/
https://compassgrill.co.il/meat-aging-treatment/calogen-kosher/?category_id=121072,parameters,Canonical,https://compassgrill.co.il/meat-aging-treatment/calogen-kosher/
https://compassgrill.co.il/knives-and-accessories/giesser-knives/tradition-butcher-slicer-knife-24-30cm/?sort=price&order=DESC,parameters,Noindex,https://compassgrill.co.il/knives-and-accessories/giesser-knives/tradition-butcher-slicer-knife-24-30cm/
https://compassgrill.co.il/giesser-knives/tradition-kitchen-knife-16cm/?category_id=104927&sort=pd.name&order=ASC,parameters,Noindex,https://compassgrill.co.il/giesser-knives/tradition-kitchen-knife-16cm/
https://compassgrill.co.il/cast-iron-tools-plov-cooking/cast-iron-zhigong-cooking-kazan/6l-asian-kazan-cast-iron-lid-uncoated/?category_id=70270&sort=pd.name&order=DESC,parameters,Noindex,https://compassgrill.co.il/cast-iron-tools-plov-cooking/cast-iron-zhigong-cooking-kazan/6l-asian-kazan-cast-iron-lid-uncoated/
https://compassgrill.co.il/grill-smoker-accessories/cast-iron-tools-plov-cooking/cast-iron-cooking-tools/dual-cast-iron-round-griddle/?category_id=35280&sort=pd.name&order=DESC,parameters,Noindex,https://compassgrill.co.il/grill-smoker-accessories/cast-iron-tools-plov-cooking/cast-iron-cooking-tools/dual-cast-iron-round-griddle/
https://compassgrill.co.il/knives-and-accessories/giesser-knives/primeline-slicer-knife-20-25cm/?sort=p.sort_order&order=ASC,parameters,Noindex,https://compassgrill.co.il/knives-and-accessories/giesser-knives/primeline-slicer-knife-20-25cm/
https://compassgrill.co.il/cast-iron-tools-plov-cooking/cast-iron-cooking-tools/poike-number-2/?category_id=35280&sort=rating&order=DESC,parameters,Noindex,https://compassgrill.co.il/cast-iron-tools-plov-cooking/cast-iron-cooking-tools/poike-number/
https://compassgrill.co.il/cast-iron-tools-plov-cooking/cast-iron-cooking-tools/poike-number-2/?category_id=35280&sort=rating&order=DESC,duplicate,Redirect 301,https://compassgrill.co.il/cast-iron-tools-plov-cooking/cast-iron-cooking-tools/poike-number/
https://compassgrill.co.il/meat-aging-treatment/calogen-kosher/?sort=price&order=ASC,parameters,Noindex,https://compassgrill.co.il/meat-aging-treatment/calogen-kosher/
https://compassgrill.co.il/cast-iron-tools-plov-cooking/cast-iron-zhigong-cooking-kazan/6l-asian-kazan-cast-iron-lid-uncoated/?category_id=70270&sort=p.sort_order&order=ASC,parameters,Noindex,https://compassgrill.co.il/cast-iron-tools-plov-cooking/cast-iron-zhigong-cooking-kazan/6l-asian-kazan-cast-iron-lid-uncoated/
https://compassgrill.co.il/eitan-meat-eilat/frozen-meat/brisket-1/,duplicate,Redirect 301,https://compassgrill.co.il/eitan-meat-eilat/frozen-meat/brisket-1/
https://compassgrill.co.il/cast-iron-tools-plov-cooking/cast-iron-cooking-tools/dual-cast-iron-round-griddle/?category_id=35280&sort=pd.name&order=ASC,parameters,Noindex,https://compassgrill.co.il/cast-iron-tools-plov-cooking/cast-iron-cooking-tools/dual-cast-iron-round-griddle/
https://compassgrill.co.il/grill-smoker-accessories/cast-iron-tools-plov-cooking/cast-iron-cooking-tools/poike-number-3-with-legs/?category_id=35280&sort=pd.name&order=DESC,parameters,Noindex,https://compassgrill.co.il/grill-smoker-accessories/cast-iron-tools-plov-cooking/cast-iron-cooking-tools/poike-number-3-with-legs/
https://compassgrill.co.il/knives-and-accessories/giesser-knives/premiumcut-barbecue-30/?category_id=104927&sort=pd.name&order=ASC,parameters,Noindex,https://compassgrill.co.il/knives-and-accessories/giesser-knives/premiumcut-barbecue-30/
https://compassgrill.co.il/cast-iron-tools-plov-cooking/cast-iron-zhigong-cooking-kazan/reckless-1-kazan-pot-grill/?category_id=70270&sort=price&order=DESC,parameters,Noindex,https://compassgrill.co.il/cast-iron-tools-plov-cooking/cast-iron-zhigong-cooking-kazan/reckless-1-kazan-pot-grill/
https://compassgrill.co.il/grill-smoker-accessories/compass-skewers/bronz/?sort=price&order=ASC,parameters,Noindex,https://compassgrill.co.il/grill-smoker-accessories/compass-skewers/bronz/
https://compassgrill.co.il/cast-iron-tools-plov-cooking/cast-iron-zhigong-cooking-kazan/12l-asian-kazan-cast-iron-lid-uncoated/?category_id=70270&sort=rating&order=ASC,parameters,Noindex,https://compassgrill.co.il/cast-iron-tools-plov-cooking/cast-iron-zhigong-cooking-kazan/12l-asian-kazan-cast-iron-lid-uncoated/
https://compassgrill.co.il/knives-and-accessories/giesser-knives/premiumcut-yobocho-knife-20cm/?category_id=104927,parameters,Canonical,https://compassgrill.co.il/knives-and-accessories/giesser-knives/premiumcut-yobocho-knife-20cm/
https://compassgrill.co.il/frozen-meat/spicy-angus-chorizo-100g-12-14-pcs-tray/?category_id=66836&sort=pd.name&order=ASC,parameters,Noindex,https://compassgrill.co.il/frozen-meat/spicy-angus-chorizo-100g-12-14-pcs-tray/
