url,type,reason,recommendation
https://compassgrill.co.il/topic-specific-smoker-guide/,product,Crawled - Currently Not Indexed,"Improve content depth, canonical clarity and internal links"
https://compassgrill.co.il/smoker-tandoor/premium-set-stainless-steel-skewers-with-knife-and-fork-for-meat-remova/?sort=p.model&order=DESC,product,Crawled - Currently Not Indexed,"Improve content depth, canonical clarity and internal links"
https://compassgrill.co.il/grill-smoker-accessories/cast-iron-tools-plov-cooking/cast-iron-zhigong-cooking-kazan/?sort=pd.name&order=ASC,product,Crawled - Currently Not Indexed,"Improve content depth, canonical clarity and internal links"
https://compassgrill.co.il/sitemap-products.xml,sitemap,Crawled - Currently Not Indexed,"Improve content depth, canonical clarity and internal links"
https://compassgrill.co.il/butcher-kfar-saba/poultry-3/?sort=p.model&order=DESC,product,Crawled - Currently Not Indexed,"Improve content depth, canonical clarity and internal links"
https://compassgrill.co.il/grill-smoker-accessories/cast-iron-tools-plov-cooking/cast-iron-zhigong-cooking-kazan/?sort=p.sort_order&order=ASC,product,Crawled - Currently Not Indexed,"Improve content depth, canonical clarity and internal links"
https://compassgrill.co.il/fuel-wood-smoking-pellets-charcoal/?sort=p.model&order=DESC,product,Crawled - Currently Not Indexed,"Improve content depth, canonical clarity and internal links"
https://compassgrill.co.il/grill-smokers-tandoor/charcoal-grill-smokers-tandoor/?sort=p.model&order=ASC,product,Crawled - Currently Not Indexed,"Improve content depth, canonical clarity and internal links"
https://compassgrill.co.il/search/,search,Crawled - Currently Not Indexed,"Improve content depth, canonical clarity and internal links"
https://compassgrill.co.il/שוקיים-עוף-ארוז-שחיטת-הרב-מחפוד-אילת/,product,Crawled - Currently Not Indexed,"Improve content depth, canonical clarity and internal links"
https://compassgrill.co.il/eitan-meat-eilat/teperberg-wines/?sort=pd.name&order=DESC,product,Crawled - Currently Not Indexed,"Improve content depth, canonical clarity and internal links"
https://compassgrill.co.il/eitan-meat-eilat/fresh-meat-eilat/?sort=price&order=ASC,product,Crawled - Currently Not Indexed,"Improve content depth, canonical clarity and internal links"
https://compassgrill.co.il/grill-smokers-tandoor/charcoal-grill-smokers-tandoor/?sort=p.sort_order&order=ASC,product,Crawled - Currently Not Indexed,"Improve content depth, canonical clarity and internal links"
https://compassgrill.co.il/fresh-meat-eilat/?sort=pd.name&order=DESC,product,Crawled - Currently Not Indexed,"Improve content depth, canonical clarity and internal links"
https://compassgrill.co.il/butcher-kfar-saba/teperberg-wines/?sort=pd.name&order=ASC,product,Crawled - Currently Not Indexed,"Improve content depth, canonical clarity and internal links"
https://compassgrill.co.il/eitan-meat-eilat/fresh-meat-eilat/?sort=p.model&order=DESC,product,Crawled - Currently Not Indexed,"Improve content depth, canonical clarity and internal links"
https://compassgrill.co.il/meat-aging-treatment/?sort=pd.name&order=ASC,product,Crawled - Currently Not Indexed,"Improve content depth, canonical clarity and internal links"
https://compassgrill.co.il/fuel-wood-smoking-pellets-charcoal/?sort=p.sort_order&order=ASC,product,Crawled - Currently Not Indexed,"Improve content depth, canonical clarity and internal links"
https://compassgrill.co.il/smoker-tandoor/grill-smokers-tandoor/?sort=pd.name&order=ASC,product,Crawled - Currently Not Indexed,"Improve content depth, canonical clarity and internal links"
https://compassgrill.co.il/butcher-kfar-saba/?sort=p.sort_order&order=ASC,product,Crawled - Currently Not Indexed,"Improve content depth, canonical clarity and internal links"
https://compassgrill.co.il/special/?sort=rating&order=ASC&limit=15,product,Crawled - Currently Not Indexed,"Improve content depth, canonical clarity and internal links"
https://compassgrill.co.il/gas-grills-1/5-burner-gas-grill/ultimate-griddle-5/,product,Crawled - Currently Not Indexed,"Improve content depth, canonical clarity and internal links"
https://compassgrill.co.il/gas-grills-1/?sort=pd.name&order=ASC,product,Crawled - Currently Not Indexed,"Improve content depth, canonical clarity and internal links"
https://compassgrill.co.il/sitemap.xml,sitemap,Crawled - Currently Not Indexed,"Improve content depth, canonical clarity and internal links"
https://compassgrill.co.il/garden-firepits-and-decor/fire-table-lunar-bowl/?sort=price&order=DESC,product,Crawled - Currently Not Indexed,"Improve content depth, canonical clarity and internal links"
https://compassgrill.co.il/pellet-smokers/lg800fp-founders-premier/?sort=price&order=DESC,product,Crawled - Currently Not Indexed,"Improve content depth, canonical clarity and internal links"
https://compassgrill.co.il/smoker-tandoor/lg800fp-founders-premier/?sort=pd.name&order=ASC,product,Crawled - Currently Not Indexed,"Improve content depth, canonical clarity and internal links"
https://compassgrill.co.il/grill-smokers-tandoor/terzo/?sort=p.model&order=ASC,product,Crawled - Currently Not Indexed,"Improve content depth, canonical clarity and internal links"
https://compassgrill.co.il/pellet-smokers/lg800fp-founders-premier/?sort=pd.name&order=ASC,product,Crawled - Currently Not Indexed,"Improve content depth, canonical clarity and internal links"
https://compassgrill.co.il/grill-smoker-accessories/knives-and-accessories/giesser-knives/tradition-chef-knife-20-26cm/?sort=p.model&order=DESC,product,Crawled - Currently Not Indexed,"Improve content depth, canonical clarity and internal links"
https://compassgrill.co.il/compass-skewers/luxury-stainless-steel-skewers-with-bronze-handle-and-premium-leather-case-1/?category_id=38152,product,Crawled - Currently Not Indexed,"Improve content depth, canonical clarity and internal links"
https://compassgrill.co.il/compass-skewers/luxury-stainless-steel-skewers-with-bronze-handle-and-premium-leather-case-1/,product,Crawled - Currently Not Indexed,"Improve content depth, canonical clarity and internal links"
https://compassgrill.co.il/frozen-ground-meat/angus-burger-220g-4-pcs-tray-chef-recipe/?sort=rating&order=ASC,product,Crawled - Currently Not Indexed,"Improve content depth, canonical clarity and internal links"
https://compassgrill.co.il/grill-smokers-tandoor/terzo/?sort=price&order=ASC,product,Crawled - Currently Not Indexed,"Improve content depth, canonical clarity and internal links"
https://compassgrill.co.il/gas-grills-1/3-burner-gas-grill/caesar-rubicon-3/?sort=pd.name&order=DESC,product,Crawled - Currently Not Indexed,"Improve content depth, canonical clarity and internal links"
https://compassgrill.co.il/modular-outdoor-kitchens/cbu-611-al-black-kit/,product,Crawled - Currently Not Indexed,"Improve content depth, canonical clarity and internal links"
https://compassgrill.co.il/modular-outdoor-kitchens/cbu-611-al-black-kit/?category_id=80794,product,Crawled - Currently Not Indexed,"Improve content depth, canonical clarity and internal links"
https://compassgrill.co.il/grill-smoker-accessories/meat-aging-refrigerators-products/caso-dryaged-master-63-meat-aging-fridge/?sort=p.model&order=ASC,product,Crawled - Currently Not Indexed,"Improve content depth, canonical clarity and internal links"
https://compassgrill.co.il/cast-iron-cooking-tools/cast-iron-meat-holder-wooden-base-for-cuts/?sort=price&order=DESC,product,Crawled - Currently Not Indexed,"Improve content depth, canonical clarity and internal links"
https://compassgrill.co.il/grill-smoker-accessories/meat-aging-refrigerators-products/caso-dryaged-master-63-meat-aging-fridge/,product,Crawled - Currently Not Indexed,"Improve content depth, canonical clarity and internal links"
https://compassgrill.co.il/cast-iron-cooking-tools/cast-iron-meat-holder-wooden-base-for-cuts/?category_id=35280&sort=price&order=DESC,product,Crawled - Currently Not Indexed,"Improve content depth, canonical clarity and internal links"
https://compassgrill.co.il/smoker-tandoor/tandoor-clay-cooking-tools/persian/?category_id=70159,product,Crawled - Currently Not Indexed,"Improve content depth, canonical clarity and internal links"
https://compassgrill.co.il/3-burner-gas-grill/caesar-rubicon-3/?sort=price&order=ASC,product,Crawled - Currently Not Indexed,"Improve content depth, canonical clarity and internal links"
https://compassgrill.co.il/pellet-smokers/butcher-twine-for-meat-and-poultry/,product,Crawled - Currently Not Indexed,"Improve content depth, canonical clarity and internal links"
https://compassgrill.co.il/meat-aging-treatment/meat-accessories-tools/cutting-board-otto/?sort=rating&order=ASC,product,Crawled - Currently Not Indexed,"Improve content depth, canonical clarity and internal links"
https://compassgrill.co.il/pellet-smokers/premium-heat-resistant-glove/?sort=pd.name&order=ASC,product,Crawled - Currently Not Indexed,"Improve content depth, canonical clarity and internal links"
https://compassgrill.co.il/pellet-smokers/premium-heat-resistant-glove/?category_id=34516,product,Crawled - Currently Not Indexed,"Improve content depth, canonical clarity and internal links"
https://compassgrill.co.il/pellet-smokers/premium-heat-resistant-glove/?sort=price&order=ASC,product,Crawled - Currently Not Indexed,"Improve content depth, canonical clarity and internal links"
https://compassgrill.co.il/knives-and-accessories/giesser-knives/premiumcut-3-piece-set/?sort=p.sort_order&order=ASC,product,Crawled - Currently Not Indexed,"Improve content depth, canonical clarity and internal links"
https://compassgrill.co.il/giesser-knives/premiumcut-fork/,product,Crawled - Currently Not Indexed,"Improve content depth, canonical clarity and internal links"
https://compassgrill.co.il/gas-grills-1/compass-basalt-stones/?sort=rating&order=DESC,product,Crawled - Currently Not Indexed,"Improve content depth, canonical clarity and internal links"
https://compassgrill.co.il/gas-grills-1/compass-basalt-stones/?sort=p.model&order=DESC,product,Crawled - Currently Not Indexed,"Improve content depth, canonical clarity and internal links"
https://compassgrill.co.il/gas-grill-smokers-tandoor/pitboss-fb500/?sort=price&order=ASC,product,Crawled - Currently Not Indexed,"Improve content depth, canonical clarity and internal links"
https://compassgrill.co.il/gas-grill-smokers-tandoor/pitboss-fb500/?sort=rating&order=ASC,product,Crawled - Currently Not Indexed,"Improve content depth, canonical clarity and internal links"
https://compassgrill.co.il/smoker-tandoor/pellet-smokers/pitboss-fb500/?category_id=34516&sort=p.model&order=DESC,product,Crawled - Currently Not Indexed,"Improve content depth, canonical clarity and internal links"
https://compassgrill.co.il/grill-smokers-tandoor/charcoal-grill-with-legs-for-8-skewers-foldable-with-bag/?sort=pd.name&order=ASC,product,Crawled - Currently Not Indexed,"Improve content depth, canonical clarity and internal links"
https://compassgrill.co.il/sous-vide-5/sous-vide-ball-set/?sort=rating&order=ASC,product,Crawled - Currently Not Indexed,"Improve content depth, canonical clarity and internal links"
https://compassgrill.co.il/butcher-kfar-saba/frozen-meat/stuffed-spleen-4-pcs-vacuum-packed/?sort=rating&order=ASC,product,Crawled - Currently Not Indexed,"Improve content depth, canonical clarity and internal links"
https://compassgrill.co.il/cast-iron-tools-plov-cooking/cast-iron-cooking-tools/cast-iron-grill-charcoal-holder/?sort=p.model&order=ASC,product,Crawled - Currently Not Indexed,"Improve content depth, canonical clarity and internal links"
https://compassgrill.co.il/butcher-kfar-saba/stuffed-spleen-4-pcs-vacuum-packed/?category_id=66834&sort=rating&order=ASC,product,Crawled - Currently Not Indexed,"Improve content depth, canonical clarity and internal links"
https://compassgrill.co.il/butcher-kfar-saba/frozen-meat/stuffed-spleen-4-pcs-vacuum-packed/?sort=price&order=DESC,product,Crawled - Currently Not Indexed,"Improve content depth, canonical clarity and internal links"
https://compassgrill.co.il/pellet-smokers/butcher-twine-for-meat-and-poultry/?sort=price&order=DESC,product,Crawled - Currently Not Indexed,"Improve content depth, canonical clarity and internal links"
https://compassgrill.co.il/smoker-tandoor/grill-smokers-tandoor/charcoal-grill-smokers-tandoor/?sort=p.model&order=DESC,product,Crawled - Currently Not Indexed,"Improve content depth, canonical clarity and internal links"
https://compassgrill.co.il/wood-chips-and-chunks-for-smoking/apple-wood-chips/?category_id=97766&sort=rating&order=DESC,product,Crawled - Currently Not Indexed,"Improve content depth, canonical clarity and internal links"
https://compassgrill.co.il/meat-aging-treatment/sous-vide-5/sous-vide-ball-set/?category_id=70271&sort=price&order=ASC,product,Crawled - Currently Not Indexed,"Improve content depth, canonical clarity and internal links"
https://compassgrill.co.il/frozen-meat/cut-lamb-spareribs/?sort=pd.name&order=DESC,product,Crawled - Currently Not Indexed,"Improve content depth, canonical clarity and internal links"
https://compassgrill.co.il/smoker-tandoor/tandoor-clay-cooking-tools/atman/?sort=pd.name&order=DESC,product,Crawled - Currently Not Indexed,"Improve content depth, canonical clarity and internal links"
https://compassgrill.co.il/frozen-meat/cut-lamb-spareribs/?category_id=66836&sort=price&order=DESC,product,Crawled - Currently Not Indexed,"Improve content depth, canonical clarity and internal links"
https://compassgrill.co.il/frozen-meat/cut-lamb-spareribs/?sort=price&order=DESC,product,Crawled - Currently Not Indexed,"Improve content depth, canonical clarity and internal links"
https://compassgrill.co.il/smoker-tandoor/tandoor-clay-cooking-tools/atman/?category_id=70159&sort=p.sort_order&order=ASC,product,Crawled - Currently Not Indexed,"Improve content depth, canonical clarity and internal links"
https://compassgrill.co.il/meat-aging-treatment/calogen-kosher/?sort=rating&order=ASC,product,Crawled - Currently Not Indexed,"Improve content depth, canonical clarity and internal links"
https://compassgrill.co.il/meat-aging-treatment/calogen-kosher/?category_id=121072&sort=price&order=ASC,product,Crawled - Currently Not Indexed,"Improve content depth, canonical clarity and internal links"
https://compassgrill.co.il/meat-aging-treatment/natural-seasoned-smoked-salts/?sort=price&order=DESC,product,Crawled - Currently Not Indexed,"Improve content depth, canonical clarity and internal links"
https://compassgrill.co.il/meat-aging-treatment/natural-seasoned-smoked-salts/?category_id=121072&sort=price&order=ASC,product,Crawled - Currently Not Indexed,"Improve content depth, canonical clarity and internal links"
https://compassgrill.co.il/pellet-smokers/?sort=price&order=DESC,product,Crawled - Currently Not Indexed,"Improve content depth, canonical clarity and internal links"
https://compassgrill.co.il/eitan-meat-eilat/טחונים-קפואים/angus-burger-220g-4-pcs-tray-chef-recipe-1/?sort=price&order=DESC,product,Crawled - Currently Not Indexed,"Improve content depth, canonical clarity and internal links"
https://compassgrill.co.il/garden-firepits-and-decor/fire-table-lunar-bowl/?sort=p.sort_order&order=ASC,product,Crawled - Currently Not Indexed,"Improve content depth, canonical clarity and internal links"
https://compassgrill.co.il/garden-firepits-and-decor/fire-table-lunar-bowl/?sort=pd.name&order=ASC,product,Crawled - Currently Not Indexed,"Improve content depth, canonical clarity and internal links"
https://compassgrill.co.il/smoker-tandoor/tandoor-clay-cooking-tools/skiff/?sort=price&order=ASC,product,Crawled - Currently Not Indexed,"Improve content depth, canonical clarity and internal links"
https://compassgrill.co.il/sous-vide-5/dumbbells/?sort=rating&order=DESC,product,Crawled - Currently Not Indexed,"Improve content depth, canonical clarity and internal links"
https://compassgrill.co.il/orders/,product,Crawled - Currently Not Indexed,"Improve content depth, canonical clarity and internal links"
https://compassgrill.co.il/smoker-tandoor/champion-barrel-smoker/?category_id=34515&sort=p.model&order=ASC,product,Crawled - Currently Not Indexed,"Improve content depth, canonical clarity and internal links"
https://compassgrill.co.il/smoker-tandoor/tandoor-clay-cooking-tools/assman/?category_id=70159,product,Crawled - Currently Not Indexed,"Improve content depth, canonical clarity and internal links"
https://compassgrill.co.il/tandoor-clay-cooking-tools/assman/?sort=price&order=ASC,product,Crawled - Currently Not Indexed,"Improve content depth, canonical clarity and internal links"
https://compassgrill.co.il/בשרים-קפואים/chicken-steak-in-soy-honey-sauce-1kg-1/?sort=rating&order=ASC,product,Crawled - Currently Not Indexed,"Improve content depth, canonical clarity and internal links"
https://compassgrill.co.il/smoker-tandoor/champion-barrel-smoker/?sort=p.model&order=ASC,product,Crawled - Currently Not Indexed,"Improve content depth, canonical clarity and internal links"
https://compassgrill.co.il/eitan-meat-eilat/טחונים-קפואים/premium-ground-beef-1kg-tray-1/?sort=rating&order=ASC,product,Crawled - Currently Not Indexed,"Improve content depth, canonical clarity and internal links"
https://compassgrill.co.il/sous-vide-5/vacuum-grooved-bags-size-20x30/?sort=rating&order=ASC,product,Crawled - Currently Not Indexed,"Improve content depth, canonical clarity and internal links"
https://compassgrill.co.il/heat-temperature-gauges/bluetooth-thermometer-6-probes/?category_id=34577,product,Crawled - Currently Not Indexed,"Improve content depth, canonical clarity and internal links"
https://compassgrill.co.il/grill-smokers-tandoor/charcoal-professional/?sort=p.sort_order&order=ASC,product,Crawled - Currently Not Indexed,"Improve content depth, canonical clarity and internal links"
https://compassgrill.co.il/giesser-knives/premiumcut-slicer-31/?category_id=104927,product,Crawled - Currently Not Indexed,"Improve content depth, canonical clarity and internal links"
https://compassgrill.co.il/frozen-ground-meat/veal-lamb-meatballs-830g-pack/?category_id=66897&sort=rating&order=DESC,product,Crawled - Currently Not Indexed,"Improve content depth, canonical clarity and internal links"
https://compassgrill.co.il/gas-grills-1/ultimate-griddle-2/?sort=p.model&order=ASC,product,Crawled - Currently Not Indexed,"Improve content depth, canonical clarity and internal links"
https://compassgrill.co.il/frozen-meat/molard/?category_id=66836,product,Crawled - Currently Not Indexed,"Improve content depth, canonical clarity and internal links"
https://compassgrill.co.il/pellet-smokers/memphis-ultimate-2-0-grill-combination/,product,Crawled - Currently Not Indexed,"Improve content depth, canonical clarity and internal links"
https://compassgrill.co.il/בשרים-קפואים/חזה-אווז-ארוז-בוואקום-1/?sort=p.model&order=ASC,product,Crawled - Currently Not Indexed,"Improve content depth, canonical clarity and internal links"
https://compassgrill.co.il/charcoal-grill-smokers-tandoor/charcoal-professional/?category_id=97704,product,Crawled - Currently Not Indexed,"Improve content depth, canonical clarity and internal links"
https://compassgrill.co.il/grill-smokers-tandoor/charcoal-professional/?sort=p.model&order=DESC,product,Crawled - Currently Not Indexed,"Improve content depth, canonical clarity and internal links"
https://compassgrill.co.il/brand/napoleon/charcoal-professional/,product,Crawled - Currently Not Indexed,"Improve content depth, canonical clarity and internal links"
https://compassgrill.co.il/grill-smokers-tandoor/charcoal-professional/?sort=pd.name&order=ASC,product,Crawled - Currently Not Indexed,"Improve content depth, canonical clarity and internal links"
https://compassgrill.co.il/eitan-meat-eilat/fresh-beef/bone-in-short-rib-3kg/?sort=pd.name&order=DESC,product,Crawled - Currently Not Indexed,"Improve content depth, canonical clarity and internal links"
https://compassgrill.co.il/grill-smoker-accessories/knives-and-accessories/knife-block-passion-rosella/?category_id=35161&sort=pd.name&order=DESC,product,Crawled - Currently Not Indexed,"Improve content depth, canonical clarity and internal links"
https://compassgrill.co.il/grill-smoker-accessories/knives-and-accessories/knife-block-passion-rosella/?sort=p.model&order=ASC,product,Crawled - Currently Not Indexed,"Improve content depth, canonical clarity and internal links"
https://compassgrill.co.il/grill-smoker-accessories/knives-and-accessories/knife-block-passion-rosella/?sort=rating&order=DESC,product,Crawled - Currently Not Indexed,"Improve content depth, canonical clarity and internal links"
https://compassgrill.co.il/meat-aging-treatment/calogen-1/?sort=pd.name&order=DESC,product,Crawled - Currently Not Indexed,"Improve content depth, canonical clarity and internal links"
https://compassgrill.co.il/grill-smoker-accessories/wood-chips-and-chunks-for-smoking/pear-wood-chunks/?sort=p.model&order=DESC,product,Crawled - Currently Not Indexed,"Improve content depth, canonical clarity and internal links"
https://compassgrill.co.il/brand/compass/plum-wood-chunks,product,Crawled - Currently Not Indexed,"Improve content depth, canonical clarity and internal links"
https://compassgrill.co.il/brand/compass/plum-wood-chunks/,product,Crawled - Currently Not Indexed,"Improve content depth, canonical clarity and internal links"
https://compassgrill.co.il/frozen-meat/כבד-אווז-קפוא-ארוז-פרימיום-copy-0/?sort=p.model&order=DESC,product,Crawled - Currently Not Indexed,"Improve content depth, canonical clarity and internal links"
https://compassgrill.co.il/brand/compass/plum-smoking-chips,product,Crawled - Currently Not Indexed,"Improve content depth, canonical clarity and internal links"
https://compassgrill.co.il/4-burner-gas-grill/freestyle-425-gas-grill-with-infrared-side-burner-1/,product,Crawled - Currently Not Indexed,"Improve content depth, canonical clarity and internal links"
https://compassgrill.co.il/brand/napoleon/freestyle-425-gas-grill-with-infrared-side-burner-1/,product,Crawled - Currently Not Indexed,"Improve content depth, canonical clarity and internal links"
https://compassgrill.co.il/grill-smoker-accessories/cast-iron-tools-plov-cooking/cast-iron-cooking-tools/cast-iron-meat-holder-wooden-base-for-cuts/?sort=price&order=ASC,product,Crawled - Currently Not Indexed,"Improve content depth, canonical clarity and internal links"
https://compassgrill.co.il/grill-smoker-accessories/cast-iron-tools-plov-cooking/cast-iron-cooking-tools/cast-iron-meat-holder-wooden-base-for-cuts/?category_id=35280&sort=price&order=ASC,product,Crawled - Currently Not Indexed,"Improve content depth, canonical clarity and internal links"
https://compassgrill.co.il/gas-grills-1/r365sbpk-1-il/?category_id=35202&sort=p.model&order=ASC,product,Crawled - Currently Not Indexed,"Improve content depth, canonical clarity and internal links"
https://compassgrill.co.il/frozen-meat/כבד-אווז-קפוא-ארוז-פרימיום-copy-0/?category_id=66836&sort=p.model&order=DESC,product,Crawled - Currently Not Indexed,"Improve content depth, canonical clarity and internal links"
https://compassgrill.co.il/poultry-3/כבד-אווז-קפוא-ארוז-פרימיום-copy-0/?category_id=105748&sort=p.sort_order&order=ASC,product,Crawled - Currently Not Indexed,"Improve content depth, canonical clarity and internal links"
https://compassgrill.co.il/grill-smoker-accessories/wood-chips-and-chunks-for-smoking/scotch-whiskey-chips/?sort=p.model&order=DESC,product,Crawled - Currently Not Indexed,"Improve content depth, canonical clarity and internal links"
https://compassgrill.co.il/eitan-meat-eilat/חזה-אווז-ארוז-בוואקום-2/?category_id=125603&sort=pd.name&order=DESC,product,Crawled - Currently Not Indexed,"Improve content depth, canonical clarity and internal links"
https://compassgrill.co.il/frozen-meat/angus-burger-220g-4-pcs-tray-chef-recipe/,product,Crawled - Currently Not Indexed,"Improve content depth, canonical clarity and internal links"
https://compassgrill.co.il/frozen-meat/angus-burger-220g-4-pcs-tray-chef-recipe/?category_id=66836,product,Crawled - Currently Not Indexed,"Improve content depth, canonical clarity and internal links"
https://compassgrill.co.il/eitan-meat-eilat/בשרים-קפואים/חזה-אווז-ארוז-בוואקום-2/?sort=pd.name&order=DESC,product,Crawled - Currently Not Indexed,"Improve content depth, canonical clarity and internal links"
https://compassgrill.co.il/eitan-meat-eilat/בשרים-קפואים/חזה-אווז-ארוז-בוואקום-2/?category_id=125607&sort=pd.name&order=DESC,product,Crawled - Currently Not Indexed,"Improve content depth, canonical clarity and internal links"
https://compassgrill.co.il/meat-aging-refrigerators-products/umai/שקיות-יישון-בשר-25-50-ס-מ-4-יחידות-umai-dry/?category_id=36000,product,Crawled - Currently Not Indexed,"Improve content depth, canonical clarity and internal links"
https://compassgrill.co.il/gas-grills-1/r365sbpk-1-il/?sort=p.model&order=ASC,product,Crawled - Currently Not Indexed,"Improve content depth, canonical clarity and internal links"
https://compassgrill.co.il/cast-iron-tools-plov-cooking/cast-iron-cooking-tools/12l-asian-kazan-cast-iron-lid-uncoated/?category_id=35280&sort=rating&order=ASC,product,Crawled - Currently Not Indexed,"Improve content depth, canonical clarity and internal links"
https://compassgrill.co.il/4-burner-gas-grill/freestyle-425-gas-grill-with-infrared-side-burner-1/?category_id=108564,product,Crawled - Currently Not Indexed,"Improve content depth, canonical clarity and internal links"
https://compassgrill.co.il/meat-vending-machine-24-7/?sort=price&order=ASC,product,Crawled - Currently Not Indexed,"Improve content depth, canonical clarity and internal links"
https://compassgrill.co.il/meat-vending-machine-24-7/?sort=rating&order=DESC,product,Crawled - Currently Not Indexed,"Improve content depth, canonical clarity and internal links"
https://compassgrill.co.il/4-burner-gas-grill/4-ligorio/?sort=rating&order=ASC,product,Crawled - Currently Not Indexed,"Improve content depth, canonical clarity and internal links"
https://compassgrill.co.il/frozen-meat/stuffed-spleen-4-pcs-vacuum-packed/?sort=p.model&order=DESC,product,Crawled - Currently Not Indexed,"Improve content depth, canonical clarity and internal links"
https://compassgrill.co.il/frozen-meat/stuffed-spleen-4-pcs-vacuum-packed/?category_id=66836&sort=price&order=ASC,product,Crawled - Currently Not Indexed,"Improve content depth, canonical clarity and internal links"
https://compassgrill.co.il/4-burner-gas-grill/4-ligorio/,product,Crawled - Currently Not Indexed,"Improve content depth, canonical clarity and internal links"
https://compassgrill.co.il/frozen-ground-meat/angus-chorizo-1-1/?category_id=66897&sort=p.model&order=ASC,product,Crawled - Currently Not Indexed,"Improve content depth, canonical clarity and internal links"
https://compassgrill.co.il/gas-grills-1/r425sbpk-1-il/?sort=pd.name&order=ASC,product,Crawled - Currently Not Indexed,"Improve content depth, canonical clarity and internal links"
https://compassgrill.co.il/cast-iron-tools-plov-cooking/cast-iron-cooking-tools/poike-number-3-with-legs/?sort=rating&order=DESC,product,Crawled - Currently Not Indexed,"Improve content depth, canonical clarity and internal links"
https://compassgrill.co.il/בשרים-קפואים/כבד-אווז-קפוא-ארוז-פרימיום-copy-0-1/?sort=pd.name&order=DESC,product,Crawled - Currently Not Indexed,"Improve content depth, canonical clarity and internal links"
https://compassgrill.co.il/eitan-meat-eilat/בשרים-קפואים/כבד-אווז-קפוא-ארוז-פרימיום-copy-0-1/?sort=pd.name&order=DESC,product,Crawled - Currently Not Indexed,"Improve content depth, canonical clarity and internal links"
https://compassgrill.co.il/בשרים-קפואים/כבד-אווז-קפוא-ארוז-פרימיום-copy-0-1/?category_id=125607&sort=pd.name&order=DESC,product,Crawled - Currently Not Indexed,"Improve content depth, canonical clarity and internal links"
https://compassgrill.co.il/frozen-ground-meat/veal-meatballs-830g-pack/?category_id=66897&sort=price&order=DESC,product,Crawled - Currently Not Indexed,"Improve content depth, canonical clarity and internal links"
https://compassgrill.co.il/eitan-meat-eilat/בשרים-קפואים/chicken-liver-1/?sort=rating&order=DESC,product,Crawled - Currently Not Indexed,"Improve content depth, canonical clarity and internal links"
https://compassgrill.co.il/grill-smoker-accessories/69875/?sort=p.model&order=ASC,product,Crawled - Currently Not Indexed,"Improve content depth, canonical clarity and internal links"
https://compassgrill.co.il/knives-and-accessories/giesser-knives/tradition-chef-knife-20-26cm/?sort=p.model&order=DESC,product,Crawled - Currently Not Indexed,"Improve content depth, canonical clarity and internal links"
https://compassgrill.co.il/gas-grills-1/3-burner-gas-grill/caesar-rubicon-3/?category_id=108375&sort=p.sort_order&order=ASC,product,Crawled - Currently Not Indexed,"Improve content depth, canonical clarity and internal links"
https://compassgrill.co.il/gas-grills-1/3-burner-gas-grill/caesar-rubicon-3/?sort=p.sort_order&order=ASC,product,Crawled - Currently Not Indexed,"Improve content depth, canonical clarity and internal links"
https://compassgrill.co.il/grill-smokers-tandoor/boretti-ibrido/?sort=pd.name&order=ASC,product,Crawled - Currently Not Indexed,"Improve content depth, canonical clarity and internal links"
https://compassgrill.co.il/eitan-meat-eilat/בשרים-קפואים/angus-fl-boneless-assaado-snacks-500g-1/?sort=pd.name&order=DESC,product,Crawled - Currently Not Indexed,"Improve content depth, canonical clarity and internal links"
https://compassgrill.co.il/knives-and-accessories/giesser-knives/premiumcut-office-knife-10cm/?sort=pd.name&order=DESC,product,Crawled - Currently Not Indexed,"Improve content depth, canonical clarity and internal links"
https://compassgrill.co.il/grill-smokers-tandoor/boretti-ibrido/?sort=price&order=ASC,product,Crawled - Currently Not Indexed,"Improve content depth, canonical clarity and internal links"
https://compassgrill.co.il/grill-smokers-tandoor/boretti-ibrido/?sort=price&order=DESC,product,Crawled - Currently Not Indexed,"Improve content depth, canonical clarity and internal links"
https://compassgrill.co.il/eitan-meat-eilat/בשרים-קפואים/frozen-seasoned-chicken-skewers-5-pieces-1/?sort=pd.name&order=DESC,product,Crawled - Currently Not Indexed,"Improve content depth, canonical clarity and internal links"
https://compassgrill.co.il/cast-iron-tools-plov-cooking/cast-iron-cooking-tools/cast-iron-cook-set/?category_id=35280,product,Crawled - Currently Not Indexed,"Improve content depth, canonical clarity and internal links"
https://compassgrill.co.il/meat-vending-machine-24-7/angus-burger-880g-frozen-automatic-meat-247/?category_id=125471&sort=rating&order=DESC,product,Crawled - Currently Not Indexed,"Improve content depth, canonical clarity and internal links"
https://compassgrill.co.il/teperberg-wines/טפרברג-אימפרשן-שרדונה/?category_id=70397&sort=p.model&order=ASC,product,Crawled - Currently Not Indexed,"Improve content depth, canonical clarity and internal links"
https://compassgrill.co.il/grill-smoker-accessories/knives-and-accessories/giesser-knives/premiumcut-barbecue-30/?category_id=104927&sort=price&order=ASC,product,Crawled - Currently Not Indexed,"Improve content depth, canonical clarity and internal links"
https://compassgrill.co.il/teperberg-wines/teperberg-vision-merlot-750ml/?category_id=70397&sort=p.model&order=ASC,product,Crawled - Currently Not Indexed,"Improve content depth, canonical clarity and internal links"
https://compassgrill.co.il/gas-grills-1/caesar-rubicon-2/?category_id=35202&sort=pd.name&order=DESC,product,Crawled - Currently Not Indexed,"Improve content depth, canonical clarity and internal links"
https://compassgrill.co.il/teperberg-wines/shiraz/?category_id=70397&sort=p.model&order=ASC,product,Crawled - Currently Not Indexed,"Improve content depth, canonical clarity and internal links"
https://compassgrill.co.il/grill-smoker-accessories/knives-and-accessories/giesser-knives/premiumcut-barbecue-30/?sort=price&order=ASC,product,Crawled - Currently Not Indexed,"Improve content depth, canonical clarity and internal links"
https://compassgrill.co.il/teperberg-wines/טפרברג-אימפרשן-שרדונה/?sort=p.model&order=ASC,product,Crawled - Currently Not Indexed,"Improve content depth, canonical clarity and internal links"
https://compassgrill.co.il/teperberg-wines/shiraz/?sort=p.model&order=ASC,product,Crawled - Currently Not Indexed,"Improve content depth, canonical clarity and internal links"
https://compassgrill.co.il/butcher-kfar-saba/packed-chicken-hearts/?category_id=66834&sort=pd.name&order=ASC,product,Crawled - Currently Not Indexed,"Improve content depth, canonical clarity and internal links"
https://compassgrill.co.il/butcher-kfar-saba/chicken-liver/?category_id=66834&sort=p.model&order=ASC,product,Crawled - Currently Not Indexed,"Improve content depth, canonical clarity and internal links"
https://compassgrill.co.il/teperberg-wines/teperberg-vision-merlot-750ml/?sort=p.model&order=ASC,product,Crawled - Currently Not Indexed,"Improve content depth, canonical clarity and internal links"
https://compassgrill.co.il/eitan-meat-eilat/frozen-ground-meat/veal-lamb-meatballs-830g-pack/?sort=rating&order=ASC,product,Crawled - Currently Not Indexed,"Improve content depth, canonical clarity and internal links"
https://compassgrill.co.il/eitan-meat-eilat/בשרים-קפואים/black-angus-feedlot-shoulder-roast-slice-5-1/?category_id=125607&sort=rating&order=ASC,product,Crawled - Currently Not Indexed,"Improve content depth, canonical clarity and internal links"
https://compassgrill.co.il/blog/navigator-combo-1230-ultimate-smoker-grill-combo/,article,Crawled - Currently Not Indexed,"Improve content depth, canonical clarity and internal links"
https://compassgrill.co.il/eitan-meat-eilat/frozen-ground-meat/veal-lamb-meatballs-830g-pack/?sort=price&order=ASC,product,Crawled - Currently Not Indexed,"Improve content depth, canonical clarity and internal links"
https://compassgrill.co.il/butcher-kfar-saba/chicken-liver/?sort=p.model&order=ASC,product,Crawled - Currently Not Indexed,"Improve content depth, canonical clarity and internal links"
https://compassgrill.co.il/grill-smoker-accessories/cast-iron-tools-plov-cooking/dual-sided-cast-iron-rectangular-griddle/?category_id=35279&sort=p.sort_order&order=ASC,product,Crawled - Currently Not Indexed,"Improve content depth, canonical clarity and internal links"
https://compassgrill.co.il/בשרים-קפואים/sorted-brain-bones-sliced-6-8-pcs-1/?category_id=125607&sort=p.model&order=ASC,product,Crawled - Currently Not Indexed,"Improve content depth, canonical clarity and internal links"
https://compassgrill.co.il/טחונים-קפואים/iraqi-meatballs-1-1/?category_id=125609&sort=p.model&order=ASC,product,Crawled - Currently Not Indexed,"Improve content depth, canonical clarity and internal links"
https://compassgrill.co.il/butcher-kfar-saba/packed-chicken-hearts/?sort=pd.name&order=ASC,product,Crawled - Currently Not Indexed,"Improve content depth, canonical clarity and internal links"
https://compassgrill.co.il/5-burner-gas-grill/rxt625sibpss-1-il/?category_id=108565&sort=price&order=DESC,product,Crawled - Currently Not Indexed,"Improve content depth, canonical clarity and internal links"
https://compassgrill.co.il/בשרים-קפואים/zigzag-sweet-potato-fries-1/?category_id=125607&sort=p.model&order=ASC,product,Crawled - Currently Not Indexed,"Improve content depth, canonical clarity and internal links"
https://compassgrill.co.il/smoker-tandoor/grill-smokers-tandoor/champion-barrel-smoker/?category_id=97703&sort=p.model&order=ASC,product,Crawled - Currently Not Indexed,"Improve content depth, canonical clarity and internal links"
https://compassgrill.co.il/grill-smoker-accessories/compass-skewers/luxury-stainless-steel-skewers-with-bronze-handle-and-premium-leather-case-1/?category_id=38152&sort=rating&order=DESC,product,Crawled - Currently Not Indexed,"Improve content depth, canonical clarity and internal links"
https://compassgrill.co.il/grill-smoker-accessories/wood-chips-and-chunks-for-smoking/pear-wood-chunks/?sort=pd.name&order=DESC,product,Crawled - Currently Not Indexed,"Improve content depth, canonical clarity and internal links"
https://compassgrill.co.il/grill-smoker-accessories/knives-and-accessories/premiumcut-slicer-31/?category_id=35161&sort=rating&order=DESC,product,Crawled - Currently Not Indexed,"Improve content depth, canonical clarity and internal links"
https://compassgrill.co.il/grill-smoker-accessories/compass-skewers/luxury-stainless-steel-skewers-with-bronze-handle-and-premium-leather-case-1/?sort=rating&order=DESC,product,Crawled - Currently Not Indexed,"Improve content depth, canonical clarity and internal links"
https://compassgrill.co.il/grill-smoker-accessories/knives-and-accessories/premiumcut-slicer-31/?sort=rating&order=DESC,product,Crawled - Currently Not Indexed,"Improve content depth, canonical clarity and internal links"
https://compassgrill.co.il/eitan-meat-eilat/עופות-קפוא/chicken-liver-1/?category_id=125608&sort=p.model&order=DESC,product,Crawled - Currently Not Indexed,"Improve content depth, canonical clarity and internal links"
https://compassgrill.co.il/grill-smoker-accessories/compass-skewers/bronz/?category_id=38152&sort=rating&order=DESC,product,Crawled - Currently Not Indexed,"Improve content depth, canonical clarity and internal links"
https://compassgrill.co.il/grill-smoker-accessories/compass-skewers/bronz/?sort=rating&order=DESC,product,Crawled - Currently Not Indexed,"Improve content depth, canonical clarity and internal links"
https://compassgrill.co.il/brand/eitan-meat-delicacies/angus-merguez-60g-13-15-pcs-tray/,product,Crawled - Currently Not Indexed,"Improve content depth, canonical clarity and internal links"
https://compassgrill.co.il/smoker-tandoor/grill-smokers-tandoor/champion-barrel-smoker/?sort=p.model&order=ASC,product,Crawled - Currently Not Indexed,"Improve content depth, canonical clarity and internal links"
https://compassgrill.co.il/fresh-beef/פוינט-בריסקט-מס-3-אנגוס-פידלוט/?category_id=66835&sort=price&order=ASC,product,Crawled - Currently Not Indexed,"Improve content depth, canonical clarity and internal links"
https://compassgrill.co.il/frozen-meat/stuffed-spleen-4-pcs-vacuum-packed/?category_id=66836&sort=p.model&order=DESC,product,Crawled - Currently Not Indexed,"Improve content depth, canonical clarity and internal links"
https://compassgrill.co.il/brand/eitan-meat-delicacies/angus-merguez-60g-13-15-pcs-tray,product,Crawled - Currently Not Indexed,"Improve content depth, canonical clarity and internal links"
https://compassgrill.co.il/butcher-kfar-saba/frozen-seasoned-chicken-skewers-5-pieces/?sort=p.sort_order&order=ASC,product,Crawled - Currently Not Indexed,"Improve content depth, canonical clarity and internal links"
https://compassgrill.co.il/eitan-meat-eilat/עופות-קפוא/chicken-liver-1/?sort=p.model&order=DESC,product,Crawled - Currently Not Indexed,"Improve content depth, canonical clarity and internal links"
https://compassgrill.co.il/frozen-meat/chicken-liver/?category_id=66836&sort=p.model&order=DESC,product,Crawled - Currently Not Indexed,"Improve content depth, canonical clarity and internal links"
https://compassgrill.co.il/fresh-beef/פוינט-בריסקט-מס-3-אנגוס-פידלוט/?sort=price&order=ASC,product,Crawled - Currently Not Indexed,"Improve content depth, canonical clarity and internal links"
https://compassgrill.co.il/poultry-3/frozen-chicken-skewers-5-units/?category_id=105748&sort=p.sort_order&order=ASC,product,Crawled - Currently Not Indexed,"Improve content depth, canonical clarity and internal links"
https://compassgrill.co.il/butcher-kfar-saba/frozen-seasoned-chicken-skewers-5-pieces/?category_id=66834&sort=p.sort_order&order=ASC,product,Crawled - Currently Not Indexed,"Improve content depth, canonical clarity and internal links"
https://compassgrill.co.il/knives-and-accessories/giesser-knives/premiumcut-office-knife-10cm/?category_id=104927&sort=price&order=ASC,product,Crawled - Currently Not Indexed,"Improve content depth, canonical clarity and internal links"
https://compassgrill.co.il/pellet-smokers/navigator-combo-1230-1/?sort=p.sort_order&order=ASC,product,Crawled - Currently Not Indexed,"Improve content depth, canonical clarity and internal links"
https://compassgrill.co.il/frozen-meat/chicken-liver/?sort=p.model&order=DESC,product,Crawled - Currently Not Indexed,"Improve content depth, canonical clarity and internal links"
https://compassgrill.co.il/frozen-meat/angus-carpaccio-sliced-10-servings-700g-pack/?category_id=66836&sort=p.model&order=DESC,product,Crawled - Currently Not Indexed,"Improve content depth, canonical clarity and internal links"
https://compassgrill.co.il/fresh-beef/פוינט-בריסקט-מס-3-אנגוס-פידלוט/?category_id=66835&sort=pd.name&order=DESC,product,Crawled - Currently Not Indexed,"Improve content depth, canonical clarity and internal links"
https://compassgrill.co.il/knives-and-accessories/pb-extended-grill-brush/?category_id=35161&sort=p.sort_order&order=ASC,product,Crawled - Currently Not Indexed,"Improve content depth, canonical clarity and internal links"
https://compassgrill.co.il/fresh-beef/פוינט-בריסקט-מס-3-אנגוס-פידלוט/?sort=pd.name&order=DESC,product,Crawled - Currently Not Indexed,"Improve content depth, canonical clarity and internal links"
https://compassgrill.co.il/frozen-meat/angus-carpaccio-sliced-10-servings-700g-pack/?sort=p.model&order=DESC,product,Crawled - Currently Not Indexed,"Improve content depth, canonical clarity and internal links"
https://compassgrill.co.il/poultry-3/thin-sliced-chicken-breast-1kg/?category_id=105748&sort=p.sort_order&order=ASC,product,Crawled - Currently Not Indexed,"Improve content depth, canonical clarity and internal links"
https://compassgrill.co.il/butcher-kfar-saba/black-angus-feedlot-shoulder-roast-no-5-2kg/?category_id=66834,product,Crawled - Currently Not Indexed,"Improve content depth, canonical clarity and internal links"
https://compassgrill.co.il/eitan-meat-eilat/בשרים-קפואים/flet-iron-feedlot-halak-1/?category_id=125607&sort=pd.name&order=DESC,product,Crawled - Currently Not Indexed,"Improve content depth, canonical clarity and internal links"
https://compassgrill.co.il/fresh-beef/פוינט-בריסקט-מס-3-אנגוס-פידלוט/,product,Crawled - Currently Not Indexed,"Improve content depth, canonical clarity and internal links"
https://compassgrill.co.il/knives-and-accessories/giesser-knives/tradition-chef-knife-20-26cm/?sort=price&order=ASC,product,Crawled - Currently Not Indexed,"Improve content depth, canonical clarity and internal links"
https://compassgrill.co.il/gas-grills-1/sportsman-3-grill-with-cart/?sort=rating&order=DESC,product,Crawled - Currently Not Indexed,"Improve content depth, canonical clarity and internal links"
https://compassgrill.co.il/fresh-beef/פוינט-בריסקט-מס-3-אנגוס-פידלוט/?sort=rating&order=ASC,product,Crawled - Currently Not Indexed,"Improve content depth, canonical clarity and internal links"
https://compassgrill.co.il/eitan-meat-eilat/fresh-meat-eilat/angus-assado-boneless-feedlot-2-5kg-1/?category_id=125606&sort=price&order=DESC,product,Crawled - Currently Not Indexed,"Improve content depth, canonical clarity and internal links"
https://compassgrill.co.il/grill-smoker-accessories/compass-skewers/luxury-stainless-steel-skewers-with-bronze-handle-and-premium-leather-case-1/?category_id=38152&sort=p.model&order=ASC,product,Crawled - Currently Not Indexed,"Improve content depth, canonical clarity and internal links"
https://compassgrill.co.il/grill-smoker-accessories/compass-skewers/luxury-stainless-steel-skewers-with-bronze-handle-and-premium-leather-case-1/?sort=p.model&order=ASC,product,Crawled - Currently Not Indexed,"Improve content depth, canonical clarity and internal links"
https://compassgrill.co.il/grill-smoker-accessories/luxury-stainless-steel-skewers-with-bronze-handle-and-premium-leather-case-1/?sort=pd.name&order=DESC,product,Crawled - Currently Not Indexed,"Improve content depth, canonical clarity and internal links"
https://compassgrill.co.il/eitan-meat-eilat/fresh-meat-eilat/feedlot-picanha-1/?category_id=125606&sort=price&order=DESC,product,Crawled - Currently Not Indexed,"Improve content depth, canonical clarity and internal links"
https://compassgrill.co.il/eitan-meat-eilat/fresh-meat-eilat/angus-assado-boneless-feedlot-2-5kg-1/?sort=price&order=DESC,product,Crawled - Currently Not Indexed,"Improve content depth, canonical clarity and internal links"
https://compassgrill.co.il/eitan-meat-eilat/fresh-meat-eilat/feedlot-picanha-1/?sort=price&order=DESC,product,Crawled - Currently Not Indexed,"Improve content depth, canonical clarity and internal links"
https://compassgrill.co.il/tandoor-clay-cooking-tools/atman/?category_id=70159,product,Crawled - Currently Not Indexed,"Improve content depth, canonical clarity and internal links"
https://compassgrill.co.il/eitan-meat-eilat/fresh-meat-eilat/brisket-1-1/?category_id=125606&sort=price&order=DESC,product,Crawled - Currently Not Indexed,"Improve content depth, canonical clarity and internal links"
https://compassgrill.co.il/eitan-meat-eilat/fresh-meat-eilat/brisket-1-1/?sort=price&order=DESC,product,Crawled - Currently Not Indexed,"Improve content depth, canonical clarity and internal links"
https://compassgrill.co.il/fresh-meat-eilat/?sort=price&order=DESC,product,Crawled - Currently Not Indexed,"Improve content depth, canonical clarity and internal links"
https://compassgrill.co.il/garden-firepits-and-decor/allure-72-inch-electric-fireplace-183cm/?sort=rating&order=ASC,product,Crawled - Currently Not Indexed,"Improve content depth, canonical clarity and internal links"
https://compassgrill.co.il/frozen-meat/cut-lamb-spareribs/?sort=price&order=ASC,product,Crawled - Currently Not Indexed,"Improve content depth, canonical clarity and internal links"
https://compassgrill.co.il/frozen-meat/cut-lamb-spareribs/?category_id=66836&sort=price&order=ASC,product,Crawled - Currently Not Indexed,"Improve content depth, canonical clarity and internal links"
https://compassgrill.co.il/בשרים-קפואים/angus-fl-boneless-assaado-snacks-500g-1/?category_id=125607&sort=price&order=ASC,product,Crawled - Currently Not Indexed,"Improve content depth, canonical clarity and internal links"
https://compassgrill.co.il/eitan-meat-eilat/בשרים-קפואים/chicken-liver-1/?category_id=125607&sort=pd.name&order=DESC,product,Crawled - Currently Not Indexed,"Improve content depth, canonical clarity and internal links"
https://compassgrill.co.il/eitan-meat-eilat/בשרים-קפואים/spicy-angus-chorizo-100g-12-14-pcs-tray-1/?category_id=125607&sort=pd.name&order=DESC,product,Crawled - Currently Not Indexed,"Improve content depth, canonical clarity and internal links"
https://compassgrill.co.il/eitan-meat-eilat/בשרים-קפואים/sliced-calf-leg-6-8-pcs-vacuum-packed-1/?category_id=125607&sort=pd.name&order=DESC,product,Crawled - Currently Not Indexed,"Improve content depth, canonical clarity and internal links"
https://compassgrill.co.il/eitan-meat-eilat/בשרים-קפואים/angus-fl-boneless-assaado-snacks-500g-1/?category_id=125607&sort=pd.name&order=DESC,product,Crawled - Currently Not Indexed,"Improve content depth, canonical clarity and internal links"
https://compassgrill.co.il/eitan-meat-eilat/בשרים-קפואים/flet-iron-feedlot-halak-1/?sort=pd.name&order=DESC,product,Crawled - Currently Not Indexed,"Improve content depth, canonical clarity and internal links"
https://compassgrill.co.il/eitan-meat-eilat/בשרים-קפואים/zigzag-sweet-potato-fries-1/?category_id=125607&sort=pd.name&order=DESC,product,Crawled - Currently Not Indexed,"Improve content depth, canonical clarity and internal links"
https://compassgrill.co.il/eitan-meat-eilat/בשרים-קפואים/sliced-calf-leg-6-8-pcs-vacuum-packed-1/?sort=pd.name&order=DESC,product,Crawled - Currently Not Indexed,"Improve content depth, canonical clarity and internal links"
https://compassgrill.co.il/eitan-meat-eilat/בשרים-קפואים/frozen-chicken-skewers-5-units-1/?category_id=125607&sort=pd.name&order=DESC,product,Crawled - Currently Not Indexed,"Improve content depth, canonical clarity and internal links"
https://compassgrill.co.il/eitan-meat-eilat/בשרים-קפואים/zigzag-sweet-potato-fries-1/?sort=pd.name&order=DESC,product,Crawled - Currently Not Indexed,"Improve content depth, canonical clarity and internal links"
https://compassgrill.co.il/eitan-meat-eilat/בשרים-קפואים/prime-rib-sliced-450-500g-1-piece-1/?category_id=125607&sort=pd.name&order=DESC,product,Crawled - Currently Not Indexed,"Improve content depth, canonical clarity and internal links"
https://compassgrill.co.il/eitan-meat-eilat/בשרים-קפואים/frozen-chicken-shawarma-1kg-1/?category_id=125607&sort=pd.name&order=DESC,product,Crawled - Currently Not Indexed,"Improve content depth, canonical clarity and internal links"
https://compassgrill.co.il/eitan-meat-eilat/בשרים-קפואים/frozen-chicken-shawarma-1kg-1/?sort=pd.name&order=DESC,product,Crawled - Currently Not Indexed,"Improve content depth, canonical clarity and internal links"
https://compassgrill.co.il/smoker-tandoor/pellet-smokers/vertical-4-pro/?category_id=34516&sort=p.sort_order&order=ASC,product,Crawled - Currently Not Indexed,"Improve content depth, canonical clarity and internal links"
https://compassgrill.co.il/eitan-meat-eilat/בשרים-קפואים/angus-fl-boneless-assaado-snacks-500g-1/?category_id=125607&sort=p.model&order=DESC,product,Crawled - Currently Not Indexed,"Improve content depth, canonical clarity and internal links"
https://compassgrill.co.il/eitan-meat-eilat/בשרים-קפואים/chicken-liver-1/?sort=pd.name&order=DESC,product,Crawled - Currently Not Indexed,"Improve content depth, canonical clarity and internal links"
https://compassgrill.co.il/eitan-meat-eilat/בשרים-קפואים/black-angus-feedlot-shoulder-roast-slice-5-1/?sort=pd.name&order=DESC,product,Crawled - Currently Not Indexed,"Improve content depth, canonical clarity and internal links"
https://compassgrill.co.il/eitan-meat-eilat/בשרים-קפואים/prime-rib-sliced-450-500g-1-piece-1/?sort=pd.name&order=DESC,product,Crawled - Currently Not Indexed,"Improve content depth, canonical clarity and internal links"
https://compassgrill.co.il/eitan-meat-eilat/בשרים-קפואים/frozen-chicken-skewers-5-units-1/?sort=pd.name&order=DESC,product,Crawled - Currently Not Indexed,"Improve content depth, canonical clarity and internal links"
https://compassgrill.co.il/eitan-meat-eilat/בשרים-קפואים/premium-sliced-lamb-ribs-6-pcs-tray-1/?category_id=125607&sort=pd.name&order=DESC,product,Crawled - Currently Not Indexed,"Improve content depth, canonical clarity and internal links"
https://compassgrill.co.il/eitan-meat-eilat/בשרים-קפואים/spicy-angus-chorizo-100g-12-14-pcs-tray-1/?sort=pd.name&order=DESC,product,Crawled - Currently Not Indexed,"Improve content depth, canonical clarity and internal links"
https://compassgrill.co.il/eitan-meat-eilat/בשרים-קפואים/feedlot-butcher-steak-1/?category_id=125607&sort=pd.name&order=DESC,product,Crawled - Currently Not Indexed,"Improve content depth, canonical clarity and internal links"
https://compassgrill.co.il/butcher-kfar-saba/packed-chicken-hearts/?category_id=66834&sort=rating&order=ASC,product,Crawled - Currently Not Indexed,"Improve content depth, canonical clarity and internal links"
https://compassgrill.co.il/fresh-beef/פוינט-בריסקט-מס-3-אנגוס-פידלוט/?category_id=66835,product,Crawled - Currently Not Indexed,"Improve content depth, canonical clarity and internal links"
https://compassgrill.co.il/smoker-tandoor/pellet-smokers/vertical-4-pro/?sort=p.sort_order&order=ASC,product,Crawled - Currently Not Indexed,"Improve content depth, canonical clarity and internal links"
https://compassgrill.co.il/cast-iron-tools-plov-cooking/cast-iron-cooking-tools/cast-iron-meat-holder-wooden-base-for-cuts/?category_id=35280&sort=pd.name&order=DESC,product,Crawled - Currently Not Indexed,"Improve content depth, canonical clarity and internal links"
https://compassgrill.co.il/knives-and-accessories/giesser-knives/premiumcut-fork/?category_id=104927&sort=p.model&order=ASC,product,Crawled - Currently Not Indexed,"Improve content depth, canonical clarity and internal links"
https://compassgrill.co.il/eitan-meat-eilat/בשרים-קפואים/feedlot-butcher-steak-1/?sort=pd.name&order=DESC,product,Crawled - Currently Not Indexed,"Improve content depth, canonical clarity and internal links"
https://compassgrill.co.il/בשרים-קפואים/premium-sliced-lamb-ribs-6-pcs-tray-1/?category_id=125607&sort=pd.name&order=ASC,product,Crawled - Currently Not Indexed,"Improve content depth, canonical clarity and internal links"
https://compassgrill.co.il/eitan-meat-eilat/בשרים-קפואים/prime-rib-sliced-450-500g-1-piece-1/?category_id=125607&sort=price&order=ASC,product,Crawled - Currently Not Indexed,"Improve content depth, canonical clarity and internal links"
https://compassgrill.co.il/knives-and-accessories/giesser-knives/premiumcut-steak-knife-12cm/?category_id=104927&sort=price&order=ASC,product,Crawled - Currently Not Indexed,"Improve content depth, canonical clarity and internal links"
https://compassgrill.co.il/eitan-meat-eilat/בשרים-קפואים/חזה-אווז-ארוז-בוואקום-1/?sort=pd.name&order=DESC,product,Crawled - Currently Not Indexed,"Improve content depth, canonical clarity and internal links"
https://compassgrill.co.il/eitan-meat-eilat/בשרים-קפואים/premium-sliced-lamb-ribs-6-pcs-tray-1/?sort=pd.name&order=DESC,product,Crawled - Currently Not Indexed,"Improve content depth, canonical clarity and internal links"
https://compassgrill.co.il/eitan-meat-eilat/בשרים-קפואים/premium-sliced-lamb-ribs-6-pieces-tray-1/?sort=pd.name&order=DESC,product,Crawled - Currently Not Indexed,"Improve content depth, canonical clarity and internal links"
https://compassgrill.co.il/eitan-meat-eilat/בשרים-קפואים/sorted-brain-bones-sliced-6-8-pcs-1/?sort=pd.name&order=DESC,product,Crawled - Currently Not Indexed,"Improve content depth, canonical clarity and internal links"
https://compassgrill.co.il/eitan-meat-eilat/בשרים-קפואים/angus-carpaccio-sliced-10-servings-700g-pack-1/?sort=pd.name&order=DESC,product,Crawled - Currently Not Indexed,"Improve content depth, canonical clarity and internal links"
https://compassgrill.co.il/eitan-meat-eilat/בשרים-קפואים/feedlot-butcher-steak-1/?category_id=125607&sort=price&order=ASC,product,Crawled - Currently Not Indexed,"Improve content depth, canonical clarity and internal links"
https://compassgrill.co.il/knives-and-accessories/giesser-knives/premiumcut-steak-knife-12cm/?sort=price&order=ASC,product,Crawled - Currently Not Indexed,"Improve content depth, canonical clarity and internal links"
https://compassgrill.co.il/eitan-meat-eilat/בשרים-קפואים/feedlot-butcher-steak-1/?sort=price&order=ASC,product,Crawled - Currently Not Indexed,"Improve content depth, canonical clarity and internal links"
https://compassgrill.co.il/eitan-meat-eilat/בשרים-קפואים/prime-rib-sliced-450-500g-1-piece-1/?sort=price&order=ASC,product,Crawled - Currently Not Indexed,"Improve content depth, canonical clarity and internal links"
https://compassgrill.co.il/butcher-kfar-saba/packed-chicken-hearts/?sort=rating&order=ASC,product,Crawled - Currently Not Indexed,"Improve content depth, canonical clarity and internal links"
https://compassgrill.co.il/cast-iron-tools-plov-cooking/cast-iron-cooking-tools/8l-asian-kazan-cast-iron-lid-uncoated/?category_id=35280&sort=pd.name&order=ASC,product,Crawled - Currently Not Indexed,"Improve content depth, canonical clarity and internal links"
https://compassgrill.co.il/knives-and-accessories/giesser-knives/premiumcut-steak-knife-12cm/?category_id=104927&sort=rating&order=DESC,product,Crawled - Currently Not Indexed,"Improve content depth, canonical clarity and internal links"
https://compassgrill.co.il/knives-and-accessories/giesser-knives/premiumcut-slicer-31/?category_id=104927&sort=p.sort_order&order=ASC,product,Crawled - Currently Not Indexed,"Improve content depth, canonical clarity and internal links"
https://compassgrill.co.il/grill-smoker-accessories/cast-iron-tools-plov-cooking/cast-iron-zhigong-cooking-kazan/8l-asian-kazan-cast-iron-lid-uncoated/?sort=p.sort_order&order=ASC,product,Crawled - Currently Not Indexed,"Improve content depth, canonical clarity and internal links"
https://compassgrill.co.il/knives-and-accessories/giesser-knives/premiumcut-3-piece-set/?category_id=104927&sort=pd.name&order=DESC,product,Crawled - Currently Not Indexed,"Improve content depth, canonical clarity and internal links"
https://compassgrill.co.il/knives-and-accessories/giesser-knives/premiumcut-3-piece-set/?sort=price&order=ASC,product,Crawled - Currently Not Indexed,"Improve content depth, canonical clarity and internal links"
https://compassgrill.co.il/knives-and-accessories/giesser-knives/premiumcut-slicer-31/?sort=p.sort_order&order=ASC,product,Crawled - Currently Not Indexed,"Improve content depth, canonical clarity and internal links"
https://compassgrill.co.il/בשרים-קפואים/chicken-liver-1/?category_id=125607&sort=pd.name&order=DESC,product,Crawled - Currently Not Indexed,"Improve content depth, canonical clarity and internal links"
https://compassgrill.co.il/garden-firepits-and-decor/stylus-electric-fireplace/?sort=rating&order=ASC,product,Crawled - Currently Not Indexed,"Improve content depth, canonical clarity and internal links"
https://compassgrill.co.il/eitan-meat-eilat/בשרים-קפואים/black-angus-feedlot-shoulder-roast-slice-5-1/?sort=rating&order=ASC,product,Crawled - Currently Not Indexed,"Improve content depth, canonical clarity and internal links"
https://compassgrill.co.il/knives-and-accessories/giesser-knives/premiumcut-slicer-31/?category_id=104927&sort=rating&order=ASC,product,Crawled - Currently Not Indexed,"Improve content depth, canonical clarity and internal links"
https://compassgrill.co.il/eitan-meat-eilat/packed-chicken-hearts-1/?category_id=125603&sort=rating&order=ASC,product,Crawled - Currently Not Indexed,"Improve content depth, canonical clarity and internal links"
https://compassgrill.co.il/eitan-meat-eilat/feedlot-picanha-1/?category_id=125603&sort=price&order=DESC,product,Crawled - Currently Not Indexed,"Improve content depth, canonical clarity and internal links"
https://compassgrill.co.il/בשרים-קפואים/premium-sliced-lamb-ribs-6-pcs-tray-1/?sort=pd.name&order=ASC,product,Crawled - Currently Not Indexed,"Improve content depth, canonical clarity and internal links"
https://compassgrill.co.il/eitan-meat-eilat/בשרים-קפואים/premium-sliced-lamb-ribs-6-pcs-tray-1/?category_id=125607&sort=rating&order=ASC,product,Crawled - Currently Not Indexed,"Improve content depth, canonical clarity and internal links"
https://compassgrill.co.il/eitan-meat-eilat/בשרים-קפואים/premium-sliced-lamb-ribs-6-pcs-tray-1/?sort=rating&order=ASC,product,Crawled - Currently Not Indexed,"Improve content depth, canonical clarity and internal links"
https://compassgrill.co.il/knives-and-accessories/giesser-knives/premiumcut-fork/?category_id=104927&sort=rating&order=DESC,product,Crawled - Currently Not Indexed,"Improve content depth, canonical clarity and internal links"
https://compassgrill.co.il/eitan-meat-eilat/feedlot-picanha-1/?sort=price&order=DESC,product,Crawled - Currently Not Indexed,"Improve content depth, canonical clarity and internal links"
https://compassgrill.co.il/cast-iron-tools-plov-cooking/cast-iron-cooking-tools/reckless-1-kazan-pot-grill/?category_id=35280&sort=p.model&order=DESC,product,Crawled - Currently Not Indexed,"Improve content depth, canonical clarity and internal links"
https://compassgrill.co.il/בשרים-קפואים/חזה-אווז-ארוז-בוואקום-1/?category_id=125607&sort=pd.name&order=DESC,product,Crawled - Currently Not Indexed,"Improve content depth, canonical clarity and internal links"
https://compassgrill.co.il/knives-and-accessories/giesser-knives/premiumcut-steak-knife-12cm/?category_id=104927&sort=p.sort_order&order=ASC,product,Crawled - Currently Not Indexed,"Improve content depth, canonical clarity and internal links"
https://compassgrill.co.il/בשרים-קפואים/חזה-אווז-ארוז-בוואקום-1/?sort=pd.name&order=DESC,product,Crawled - Currently Not Indexed,"Improve content depth, canonical clarity and internal links"
https://compassgrill.co.il/eitan-meat-eilat/packed-chicken-hearts-1/?sort=rating&order=ASC,product,Crawled - Currently Not Indexed,"Improve content depth, canonical clarity and internal links"
https://compassgrill.co.il/sitemap-common.xml,sitemap,Crawled - Currently Not Indexed,"Improve content depth, canonical clarity and internal links"
https://compassgrill.co.il/grill-smokers-tandoor/charcoal-grill-smokers-tandoor/?sort=pd.name&order=DESC,product,Crawled - Currently Not Indexed,"Improve content depth, canonical clarity and internal links"
https://compassgrill.co.il/בשרים-קפואים/chicken-liver-1/?sort=pd.name&order=DESC,product,Crawled - Currently Not Indexed,"Improve content depth, canonical clarity and internal links"
https://compassgrill.co.il/בשרים-קפואים/?sort=pd.name&order=DESC,product,Crawled - Currently Not Indexed,"Improve content depth, canonical clarity and internal links"
https://compassgrill.co.il/grill-smoker-accessories/compass-skewers/6-pcs-skewers-in-bag-590x10x2/?sort=price&order=ASC,product,Crawled - Currently Not Indexed,"Improve content depth, canonical clarity and internal links"
https://compassgrill.co.il/poultry-3/spiced-chicken-wings/?category_id=105748&sort=price&order=DESC,product,Crawled - Currently Not Indexed,"Improve content depth, canonical clarity and internal links"
https://compassgrill.co.il/5-burner-gas-grill/prestige-pro-665rsib/,product,Crawled - Currently Not Indexed,"Improve content depth, canonical clarity and internal links"
https://compassgrill.co.il/smoker-tandoor/gas-grill-smokers-tandoor/pitboss-fb500/?sort=price&order=ASC,product,Crawled - Currently Not Indexed,"Improve content depth, canonical clarity and internal links"
https://compassgrill.co.il/frozen-meat/molard/?category_id=66836&sort=price&order=ASC,product,Crawled - Currently Not Indexed,"Improve content depth, canonical clarity and internal links"
https://compassgrill.co.il/frozen-meat/molard/?sort=price&order=ASC,product,Crawled - Currently Not Indexed,"Improve content depth, canonical clarity and internal links"
https://compassgrill.co.il/fresh-meat-eilat/?sort=p.model&order=DESC,product,Crawled - Currently Not Indexed,"Improve content depth, canonical clarity and internal links"
https://compassgrill.co.il/fresh-beef/argentina-beef-6/?category_id=66835&sort=price&order=ASC,product,Crawled - Currently Not Indexed,"Improve content depth, canonical clarity and internal links"
https://compassgrill.co.il/smoker-tandoor/rogue-xt-365sib-il-black/,product,Crawled - Currently Not Indexed,"Improve content depth, canonical clarity and internal links"
https://compassgrill.co.il/modular-outdoor-kitchens/128293-גריל-גז-סיזר-nero-6-מבערים-יחידת-מגירות-יחידת-כיור-caesar-nero-black/,product,Crawled - Currently Not Indexed,"Improve content depth, canonical clarity and internal links"
https://compassgrill.co.il/eitan-meat-eilat/seasoned-frozen-chicken-thigh-skewers-5pcs-automatic-meat-247/?sort=p.sort_order&order=ASC,product,Crawled - Currently Not Indexed,"Improve content depth, canonical clarity and internal links"
https://compassgrill.co.il/gas-grill-smokers-tandoor/rogue-xt-365sib-il-black/?sort=p.model&order=DESC,product,Crawled - Currently Not Indexed,"Improve content depth, canonical clarity and internal links"
https://compassgrill.co.il/2-burner-gas-grill/rogue-xt-365sib-il-black/?category_id=108373&sort=rating&order=ASC,product,Crawled - Currently Not Indexed,"Improve content depth, canonical clarity and internal links"
https://compassgrill.co.il/brand/eitan-meat-delicacies/fattened-angus-entrecote-sliced-pairs/,product,Crawled - Currently Not Indexed,"Improve content depth, canonical clarity and internal links"
https://compassgrill.co.il/modular-outdoor-kitchens/128293-גריל-גז-סיזר-nero-6-מבערים-יחידת-מגירות-יחידת-כיור-caesar-nero-black/?category_id=80794,product,Crawled - Currently Not Indexed,"Improve content depth, canonical clarity and internal links"
https://compassgrill.co.il/smoker-tandoor/gas-grill-smokers-tandoor/pro-1600-eilat/?sort=price&order=ASC,product,Crawled - Currently Not Indexed,"Improve content depth, canonical clarity and internal links"
https://compassgrill.co.il/poultry-3/spiced-chicken-wings/,product,Crawled - Currently Not Indexed,"Improve content depth, canonical clarity and internal links"
https://compassgrill.co.il/frozen-meat/angus-carpaccio-sliced-10-servings-700g-pack/,product,Crawled - Currently Not Indexed,"Improve content depth, canonical clarity and internal links"
https://compassgrill.co.il/gas-grills-1/built-in-stand-alone/ligorio-top/,product,Crawled - Currently Not Indexed,"Improve content depth, canonical clarity and internal links"
https://compassgrill.co.il/meat-aging-treatment/butchers-paper-roll/?category_id=121072&sort=p.model&order=DESC,product,Crawled - Currently Not Indexed,"Improve content depth, canonical clarity and internal links"
https://compassgrill.co.il/smoker-tandoor/tandoor-clay-cooking-tools/atman/,product,Crawled - Currently Not Indexed,"Improve content depth, canonical clarity and internal links"
https://compassgrill.co.il/meat-aging-treatment/butchers-paper-roll/?sort=p.sort_order&order=ASC,product,Crawled - Currently Not Indexed,"Improve content depth, canonical clarity and internal links"
https://compassgrill.co.il/grill-smoker-accessories/6l-asian-kazan-cast-iron-lid-uncoated/?category_id=37972&sort=rating&order=DESC,product,Crawled - Currently Not Indexed,"Improve content depth, canonical clarity and internal links"
https://compassgrill.co.il/meat-accessories-tools/premium-heat-resistant-glove/?category_id=121090&sort=pd.name&order=DESC,product,Crawled - Currently Not Indexed,"Improve content depth, canonical clarity and internal links"
https://compassgrill.co.il/cast-iron-tools-plov-cooking/12l-asian-kazan-cast-iron-lid-uncoated/?category_id=35279,product,Crawled - Currently Not Indexed,"Improve content depth, canonical clarity and internal links"
https://compassgrill.co.il/meat-aging-treatment/natural-seasoned-smoked-salts/?sort=p.sort_order&order=ASC,product,Crawled - Currently Not Indexed,"Improve content depth, canonical clarity and internal links"
https://compassgrill.co.il/cast-iron-zhigong-cooking-kazan/12l-asian-kazan-cast-iron-lid-uncoated/?category_id=70270,product,Crawled - Currently Not Indexed,"Improve content depth, canonical clarity and internal links"
https://compassgrill.co.il/grill-smokers-tandoor/charcoal-grill-smokers-tandoor/charcoal-professional/?category_id=97704&sort=p.model&order=ASC,product,Crawled - Currently Not Indexed,"Improve content depth, canonical clarity and internal links"
https://compassgrill.co.il/smoker-tandoor/navigator-150/?sort=p.model&order=ASC,product,Crawled - Currently Not Indexed,"Improve content depth, canonical clarity and internal links"
https://compassgrill.co.il/pellet-smokers/tailgater-pellet-smoker/,product,Crawled - Currently Not Indexed,"Improve content depth, canonical clarity and internal links"
https://compassgrill.co.il/grill-smokers-tandoor/charcoal-grill-smokers-tandoor/charcoal-professional-il/?sort=pd.name&order=ASC,product,Crawled - Currently Not Indexed,"Improve content depth, canonical clarity and internal links"
https://compassgrill.co.il/eitan-meat-eilat/fresh-beef/angus-filet-fl-block-1-5kg/,product,Crawled - Currently Not Indexed,"Improve content depth, canonical clarity and internal links"
https://compassgrill.co.il/tandoor-clay-cooking-tools/skiff/?sort=p.sort_order&order=ASC,product,Crawled - Currently Not Indexed,"Improve content depth, canonical clarity and internal links"
https://compassgrill.co.il/knives-and-accessories/giesser-knives/premiumcut-butcher-cleaver-22cm/?category_id=104927&sort=p.sort_order&order=ASC,product,Crawled - Currently Not Indexed,"Improve content depth, canonical clarity and internal links"
https://compassgrill.co.il/eitan-meat-eilat/בשרים-קפואים/black-angus-feedlot-shoulder-roast-slice-5-1/?category_id=125607&sort=p.model&order=ASC,product,Crawled - Currently Not Indexed,"Improve content depth, canonical clarity and internal links"
https://compassgrill.co.il/eitan-meat-eilat/בשרים-קפואים/black-angus-feedlot-shoulder-roast-slice-5-1/?sort=p.model&order=ASC,product,Crawled - Currently Not Indexed,"Improve content depth, canonical clarity and internal links"
https://compassgrill.co.il/eitan-meat-eilat/בשרים-קפואים/spicy-angus-chorizo-100g-12-14-pcs-tray-1/?category_id=125607&sort=p.model&order=ASC,product,Crawled - Currently Not Indexed,"Improve content depth, canonical clarity and internal links"
https://compassgrill.co.il/eitan-meat-eilat/בשרים-קפואים/spicy-angus-chorizo-100g-12-14-pcs-tray-1/?sort=p.model&order=ASC,product,Crawled - Currently Not Indexed,"Improve content depth, canonical clarity and internal links"
https://compassgrill.co.il/frozen-meat/zigzag-sweet-potato-fries/?category_id=66836&sort=rating&order=ASC,product,Crawled - Currently Not Indexed,"Improve content depth, canonical clarity and internal links"
https://compassgrill.co.il/smoker-tandoor/grill-smokers-tandoor/champion-barrel-smoker/?category_id=97703&sort=p.model&order=DESC,product,Crawled - Currently Not Indexed,"Improve content depth, canonical clarity and internal links"
https://compassgrill.co.il/smoker-tandoor/grill-smokers-tandoor/champion-barrel-smoker/?sort=p.model&order=DESC,product,Crawled - Currently Not Indexed,"Improve content depth, canonical clarity and internal links"
https://compassgrill.co.il/fresh-beef/פוינט-בריסקט-מס-3-אנגוס-פידלוט/?sort=rating&order=DESC,product,Crawled - Currently Not Indexed,"Improve content depth, canonical clarity and internal links"
https://compassgrill.co.il/giesser-knives/tradition-chef-knife-20-26cm/?sort=p.model&order=DESC,product,Crawled - Currently Not Indexed,"Improve content depth, canonical clarity and internal links"
https://compassgrill.co.il/eitan-meat-eilat/angus-chorizo-1-1-1/?category_id=125603&sort=p.model&order=DESC,product,Crawled - Currently Not Indexed,"Improve content depth, canonical clarity and internal links"
https://compassgrill.co.il/eitan-meat-eilat/angus-chorizo-1-1-1/?sort=p.model&order=DESC,product,Crawled - Currently Not Indexed,"Improve content depth, canonical clarity and internal links"
https://compassgrill.co.il/brand/eitan-meat-delicacies/chicken-liver,product,Crawled - Currently Not Indexed,"Improve content depth, canonical clarity and internal links"
https://compassgrill.co.il/brand/pizza-party/dough-working-board,product,Crawled - Currently Not Indexed,"Improve content depth, canonical clarity and internal links"
https://compassgrill.co.il/cast-iron-tools-plov-cooking/cast-iron-cooking-tools/12l-asian-kazan-cast-iron-lid-uncoated/,product,Crawled - Currently Not Indexed,"Improve content depth, canonical clarity and internal links"
https://compassgrill.co.il/frozen-meat/spicy-angus-chorizo-100g-12-14-pcs-tray/?category_id=66836&sort=rating&order=ASC,product,Crawled - Currently Not Indexed,"Improve content depth, canonical clarity and internal links"
https://compassgrill.co.il/brand/eitan-meat-delicacies/black-angus-feedlot-shoulder-roast-no-5-2kg,product,Crawled - Currently Not Indexed,"Improve content depth, canonical clarity and internal links"
https://compassgrill.co.il/knives-and-accessories/giesser-knives/premiumcut-slicer-31/?category_id=104927,product,Crawled - Currently Not Indexed,"Improve content depth, canonical clarity and internal links"
https://compassgrill.co.il/eitan-meat-eilat/fresh-meat-eilat/feedlot-angus-sirloin-steak-1/?category_id=125606,product,Crawled - Currently Not Indexed,"Improve content depth, canonical clarity and internal links"
https://compassgrill.co.il/grill-smoker-accessories/cast-iron-tools-plov-cooking/cast-iron-round-griddle-1/?category_id=35279&sort=p.sort_order&order=ASC,product,Crawled - Currently Not Indexed,"Improve content depth, canonical clarity and internal links"
https://compassgrill.co.il/knives-and-accessories/giesser-knives/premiumcut-3-piece-set/?category_id=104927&sort=p.sort_order&order=ASC,product,Crawled - Currently Not Indexed,"Improve content depth, canonical clarity and internal links"
https://compassgrill.co.il/meat-aging-treatment/butchers-paper-1/?category_id=121072&sort=p.model&order=DESC,product,Crawled - Currently Not Indexed,"Improve content depth, canonical clarity and internal links"
https://compassgrill.co.il/poultry-3/frozen-chicken-shawarma-1kg/?category_id=105748&sort=rating&order=ASC,product,Crawled - Currently Not Indexed,"Improve content depth, canonical clarity and internal links"
https://compassgrill.co.il/frozen-meat/spicy-angus-chorizo-100g-12-14-pcs-tray/?sort=rating&order=ASC,product,Crawled - Currently Not Indexed,"Improve content depth, canonical clarity and internal links"
https://compassgrill.co.il/poultry-3/frozen-chicken-shawarma-1kg/?category_id=105748&sort=price&order=DESC,product,Crawled - Currently Not Indexed,"Improve content depth, canonical clarity and internal links"
https://compassgrill.co.il/poultry-3/frozen-chicken-shawarma-1kg/,product,Crawled - Currently Not Indexed,"Improve content depth, canonical clarity and internal links"
https://compassgrill.co.il/eitan-meat-eilat/frozen-ground-meat/angus-chorizo-1-1/?category_id=66897&sort=p.sort_order&order=ASC,product,Crawled - Currently Not Indexed,"Improve content depth, canonical clarity and internal links"
https://compassgrill.co.il/smoker-tandoor/grill-smokers-tandoor/champion-barrel-smoker/?category_id=97703&sort=pd.name&order=DESC,product,Crawled - Currently Not Indexed,"Improve content depth, canonical clarity and internal links"
https://compassgrill.co.il/frozen-meat/zigzag-sweet-potato-fries/?sort=rating&order=ASC,product,Crawled - Currently Not Indexed,"Improve content depth, canonical clarity and internal links"
https://compassgrill.co.il/gas-grills-1/2-burner-gas-grill/ultimate-griddle-2/?category_id=108373&sort=pd.name&order=DESC,product,Crawled - Currently Not Indexed,"Improve content depth, canonical clarity and internal links"
https://compassgrill.co.il/fresh-meat-eilat/feedlot-angus-sirloin-steak-1/?sort=price&order=DESC,product,Crawled - Currently Not Indexed,"Improve content depth, canonical clarity and internal links"
https://compassgrill.co.il/fresh-beef/פוינט-בריסקט-מס-3-אנגוס-פידלוט/?category_id=66835&sort=price&order=DESC,product,Crawled - Currently Not Indexed,"Improve content depth, canonical clarity and internal links"
https://compassgrill.co.il/fresh-beef/פוינט-בריסקט-מס-3-אנגוס-פידלוט/?sort=p.model&order=DESC,product,Crawled - Currently Not Indexed,"Improve content depth, canonical clarity and internal links"
https://compassgrill.co.il/smoker-tandoor/grill-smokers-tandoor/champion-barrel-smoker/?sort=pd.name&order=DESC,product,Crawled - Currently Not Indexed,"Improve content depth, canonical clarity and internal links"
https://compassgrill.co.il/knives-and-accessories/giesser-knives/premiumcut-steel-sharpening-stone-25cm-fine/?category_id=104927&sort=price&order=ASC,product,Crawled - Currently Not Indexed,"Improve content depth, canonical clarity and internal links"
https://compassgrill.co.il/fresh-beef/פוינט-בריסקט-מס-3-אנגוס-פידלוט/?sort=price&order=DESC,product,Crawled - Currently Not Indexed,"Improve content depth, canonical clarity and internal links"
https://compassgrill.co.il/eitan-meat-eilat/עופות-קפוא/,product,Crawled - Currently Not Indexed,"Improve content depth, canonical clarity and internal links"
https://compassgrill.co.il/knives-and-accessories/giesser-knives/tradition-chef-knife-20-26cm/?category_id=104927,product,Crawled - Currently Not Indexed,"Improve content depth, canonical clarity and internal links"
https://compassgrill.co.il/compass-skewers/6-pcs-skewers-in-bag-590x10x2/?sort=rating&order=DESC,product,Crawled - Currently Not Indexed,"Improve content depth, canonical clarity and internal links"
https://compassgrill.co.il/giesser-knives/tradition-chef-knife-20-26cm/?category_id=104927&sort=p.model&order=DESC,product,Crawled - Currently Not Indexed,"Improve content depth, canonical clarity and internal links"
https://compassgrill.co.il/smoker-tandoor/6-pcs-skewers-in-bag-590x10x2/?category_id=34515&sort=pd.name&order=ASC,product,Crawled - Currently Not Indexed,"Improve content depth, canonical clarity and internal links"
https://compassgrill.co.il/gas-grills-1/6-burner-gas-grill/soon/?sort=p.sort_order&order=ASC,product,Crawled - Currently Not Indexed,"Improve content depth, canonical clarity and internal links"
https://compassgrill.co.il/compass-skewers/bronz/,product,Crawled - Currently Not Indexed,"Improve content depth, canonical clarity and internal links"
https://compassgrill.co.il/eitan-meat-eilat/טחונים-קפואים/,product,Crawled - Currently Not Indexed,"Improve content depth, canonical clarity and internal links"
https://compassgrill.co.il/garden-firepits-and-decor/westport-fire-table/,product,Crawled - Currently Not Indexed,"Improve content depth, canonical clarity and internal links"
https://compassgrill.co.il/outdoor-kitchen/?sort=pd.name&order=DESC,product,Crawled - Currently Not Indexed,"Improve content depth, canonical clarity and internal links"
https://compassgrill.co.il/butcher-kfar-saba/teperberg-wines/,product,Crawled - Currently Not Indexed,"Improve content depth, canonical clarity and internal links"
https://compassgrill.co.il/knives-and-accessories/knife-block-passion-rosella/?category_id=35161&sort=p.sort_order&order=ASC,product,Crawled - Currently Not Indexed,"Improve content depth, canonical clarity and internal links"
https://compassgrill.co.il/knives-and-accessories/knife-block-passion-rosella/?sort=p.sort_order&order=ASC,product,Crawled - Currently Not Indexed,"Improve content depth, canonical clarity and internal links"
https://compassgrill.co.il/cast-iron-tools-plov-cooking/cast-iron-cooking-tools/12l-asian-kazan-cast-iron-lid-uncoated/?category_id=35280,product,Crawled - Currently Not Indexed,"Improve content depth, canonical clarity and internal links"
https://compassgrill.co.il/gas-grills-1/2-burner-gas-grill/bernini-nero/?category_id=108373,product,Crawled - Currently Not Indexed,"Improve content depth, canonical clarity and internal links"
https://compassgrill.co.il/poultry-3/כבד-אווז-קפוא-ארוז-פרימיום-copy-0/?sort=p.sort_order&order=ASC,product,Crawled - Currently Not Indexed,"Improve content depth, canonical clarity and internal links"
https://compassgrill.co.il/gas-grills-1/2-burner-gas-grill/bernini-nero/,product,Crawled - Currently Not Indexed,"Improve content depth, canonical clarity and internal links"
https://compassgrill.co.il/cast-iron-tools-plov-cooking/cast-iron-zhigong-cooking-kazan/12l-asian-kazan-cast-iron-lid-uncoated/,product,Crawled - Currently Not Indexed,"Improve content depth, canonical clarity and internal links"
https://compassgrill.co.il/gas-grills-1/rps425rsibpk-2-il/,product,Crawled - Currently Not Indexed,"Improve content depth, canonical clarity and internal links"
https://compassgrill.co.il/wood-chips-and-chunks-for-smoking/pear-wood-smoking-chunks/?sort=price&order=ASC,product,Crawled - Currently Not Indexed,"Improve content depth, canonical clarity and internal links"
https://compassgrill.co.il/grill-smoker-accessories/cookware-set-4pcs-סט-4-סירי-איכות-בורטי/,product,Crawled - Currently Not Indexed,"Improve content depth, canonical clarity and internal links"
https://compassgrill.co.il/meat-accessories-tools/cookware-set-4pcs-סט-4-סירי-איכות-בורטי/?sort=pd.name&order=ASC,product,Crawled - Currently Not Indexed,"Improve content depth, canonical clarity and internal links"
https://compassgrill.co.il/eitan-meat-eilat/בשרים-קפואים/חזה-אווז-ארוז-בוואקום-1/?category_id=125607&sort=rating&order=DESC,product,Crawled - Currently Not Indexed,"Improve content depth, canonical clarity and internal links"
https://compassgrill.co.il/smoker-tandoor/fratello/?category_id=34515,product,Crawled - Currently Not Indexed,"Improve content depth, canonical clarity and internal links"
https://compassgrill.co.il/4-burner-gas-grill/freestyle-425-gas-grill-with-infrared-side-burner-1/?category_id=108564&sort=p.model&order=ASC,product,Crawled - Currently Not Indexed,"Improve content depth, canonical clarity and internal links"
https://compassgrill.co.il/grill-smoker-accessories/cast-iron-tools-plov-cooking/cast-iron-cooking-tools/dual-sided-cast-iron-rectangular-griddle/?sort=p.model&order=DESC,product,Crawled - Currently Not Indexed,"Improve content depth, canonical clarity and internal links"
https://compassgrill.co.il/grill-smoker-accessories/cast-iron-tools-plov-cooking/cast-iron-cooking-tools/poike-number-3/?sort=rating&order=DESC,product,Crawled - Currently Not Indexed,"Improve content depth, canonical clarity and internal links"
https://compassgrill.co.il/pellet-smokers/memphis-ultimate-2-0-grill-combination/?sort=p.model&order=DESC,product,Crawled - Currently Not Indexed,"Improve content depth, canonical clarity and internal links"
https://compassgrill.co.il/smoker-tandoor/gas-grill-smokers-tandoor/pitboss-fb500/,product,Crawled - Currently Not Indexed,"Improve content depth, canonical clarity and internal links"
https://compassgrill.co.il/smoker-tandoor/pitboss-fb500/,product,Crawled - Currently Not Indexed,"Improve content depth, canonical clarity and internal links"
https://compassgrill.co.il/eitan-meat-eilat/בשרים-קפואים/חזה-אווז-ארוז-בוואקום-1/?sort=rating&order=DESC,product,Crawled - Currently Not Indexed,"Improve content depth, canonical clarity and internal links"
https://compassgrill.co.il/gas-grills-1/2-burner-gas-grill/ultimate-griddle-2/?category_id=108373&sort=p.model&order=DESC,product,Crawled - Currently Not Indexed,"Improve content depth, canonical clarity and internal links"
https://compassgrill.co.il/gas-grills-1/2-burner-gas-grill/ultimate-griddle-2/?sort=pd.name&order=DESC,product,Crawled - Currently Not Indexed,"Improve content depth, canonical clarity and internal links"
https://compassgrill.co.il/grill-smoker-accessories/wood-chips-and-chunks-for-smoking/apricot-wood-chunks/?category_id=97766&sort=p.sort_order&order=ASC,product,Crawled - Currently Not Indexed,"Improve content depth, canonical clarity and internal links"
https://compassgrill.co.il/frozen-meat/premium-sliced-lamb-ribs-6-pieces-tray/?category_id=66836,product,Crawled - Currently Not Indexed,"Improve content depth, canonical clarity and internal links"
https://compassgrill.co.il/smoker-tandoor/pellet-smokers/pitboss-fb500/,product,Crawled - Currently Not Indexed,"Improve content depth, canonical clarity and internal links"
https://compassgrill.co.il/meat-accessories-tools/ultimate-smash-burger/?category_id=121090&sort=pd.name&order=DESC,product,Crawled - Currently Not Indexed,"Improve content depth, canonical clarity and internal links"
https://compassgrill.co.il/eitan-meat-eilat/feedlot-angus-sirloin-steak-1/?sort=price&order=DESC,product,Crawled - Currently Not Indexed,"Improve content depth, canonical clarity and internal links"
https://compassgrill.co.il/gas-grills-1/bernini-nero/,product,Crawled - Currently Not Indexed,"Improve content depth, canonical clarity and internal links"
https://compassgrill.co.il/eitan-meat-eilat/teperberg-wines-eilat/,product,Crawled - Currently Not Indexed,"Improve content depth, canonical clarity and internal links"
https://compassgrill.co.il/grill-smoker-accessories/heat-temperature-gauges/,product,Crawled - Currently Not Indexed,"Improve content depth, canonical clarity and internal links"
https://compassgrill.co.il/eitan-meat-eilat/feedlot-angus-sirloin-steak-1/?category_id=125603&sort=price&order=DESC,product,Crawled - Currently Not Indexed,"Improve content depth, canonical clarity and internal links"
https://compassgrill.co.il/meat-aging-treatment/meat-accessories-tools/cutting-board-otto/?sort=price&order=DESC,product,Crawled - Currently Not Indexed,"Improve content depth, canonical clarity and internal links"
https://compassgrill.co.il/eitan-meat-eilat/frozen-ground-meat/angus-chorizo-1-1/?sort=p.sort_order&order=ASC,product,Crawled - Currently Not Indexed,"Improve content depth, canonical clarity and internal links"
https://compassgrill.co.il/meat-aging-treatment/meat-accessories-tools/cutting-board-otto/?category_id=121090&sort=pd.name&order=ASC,product,Crawled - Currently Not Indexed,"Improve content depth, canonical clarity and internal links"
https://compassgrill.co.il/grill-smoker-accessories/heat-temperature-gauges/digital-thermometer-for-smokers-and-gas-grill-with-2-probes/,product,Crawled - Currently Not Indexed,"Improve content depth, canonical clarity and internal links"
https://compassgrill.co.il/grill-smoker-accessories/knives-and-accessories/premiumcut-barbecue-30/?sort=rating&order=ASC,product,Crawled - Currently Not Indexed,"Improve content depth, canonical clarity and internal links"
https://compassgrill.co.il/gas-grills-1/gas-grill-charcoal-smoker-combo/boretti-ibrido/?sort=price&order=DESC,product,Crawled - Currently Not Indexed,"Improve content depth, canonical clarity and internal links"
https://compassgrill.co.il/gas-grills-1/gas-grill-charcoal-smoker-combo/boretti-ibrido/?sort=price&order=ASC,product,Crawled - Currently Not Indexed,"Improve content depth, canonical clarity and internal links"
https://compassgrill.co.il/gas-grills-1/gas-grill-charcoal-smoker-combo/boretti-ibrido/?sort=rating&order=ASC,product,Crawled - Currently Not Indexed,"Improve content depth, canonical clarity and internal links"
https://compassgrill.co.il/taboon-products-and-accessories/foldable-stainless-steel-pizza-peel-for-oven/,product,Crawled - Currently Not Indexed,"Improve content depth, canonical clarity and internal links"
https://compassgrill.co.il/taboon-products-and-accessories/foldable-stainless-steel-pizza-peel-for-oven/?sort=price&order=ASC,product,Crawled - Currently Not Indexed,"Improve content depth, canonical clarity and internal links"
https://compassgrill.co.il/fresh-beef/פוינט-בריסקט-מס-3-אנגוס-פידלוט/?category_id=66835&sort=p.sort_order&order=ASC,product,Crawled - Currently Not Indexed,"Improve content depth, canonical clarity and internal links"
https://compassgrill.co.il/eitan-meat-eilat/חזה-אווז-ארוז-בוואקום-2/?category_id=125603,product,Crawled - Currently Not Indexed,"Improve content depth, canonical clarity and internal links"
https://compassgrill.co.il/eitan-meat-eilat/חזה-אווז-ארוז-בוואקום-2/,product,Crawled - Currently Not Indexed,"Improve content depth, canonical clarity and internal links"
https://compassgrill.co.il/fuel-wood-smoking-pellets-charcoal/plum-smoking-chips/?category_id=97685,product,Crawled - Currently Not Indexed,"Improve content depth, canonical clarity and internal links"
https://compassgrill.co.il/eitan-meat-eilat/fresh-beef/veal-filet-medallions-5-pcs-500g/,product,Crawled - Currently Not Indexed,"Improve content depth, canonical clarity and internal links"
https://compassgrill.co.il/fresh-beef/פוינט-בריסקט-מס-3-אנגוס-פידלוט/?sort=p.sort_order&order=ASC,product,Crawled - Currently Not Indexed,"Improve content depth, canonical clarity and internal links"
https://compassgrill.co.il/blog/home-meat-aging-umai-dry-bags-everything-you-need-to-know/,article,Crawled - Currently Not Indexed,"Improve content depth, canonical clarity and internal links"
https://compassgrill.co.il/grill-smoker-accessories/wood-chips-and-chunks-for-smoking/plum-smoking-chips/,product,Crawled - Currently Not Indexed,"Improve content depth, canonical clarity and internal links"
https://compassgrill.co.il/4-burner-gas-grill/גריל-גז-freestyle-425-עם-כירת-צד-אינפרא-אדום-copy-0-1/?category_id=108564&sort=p.model&order=ASC,product,Crawled - Currently Not Indexed,"Improve content depth, canonical clarity and internal links"
https://compassgrill.co.il/fuel-wood-smoking-pellets-charcoal/plum-smoking-chips/,product,Crawled - Currently Not Indexed,"Improve content depth, canonical clarity and internal links"
https://compassgrill.co.il/smoker-tandoor/bronz/?sort=rating&order=DESC,product,Crawled - Currently Not Indexed,"Improve content depth, canonical clarity and internal links"
https://compassgrill.co.il/grill-smoker-accessories/charcoal-professional/?sort=price&order=DESC,product,Crawled - Currently Not Indexed,"Improve content depth, canonical clarity and internal links"
https://compassgrill.co.il/grill-smokers-tandoor/charcoal-grill-smokers-tandoor/charcoal-professional-il/?sort=rating&order=DESC,product,Crawled - Currently Not Indexed,"Improve content depth, canonical clarity and internal links"
https://compassgrill.co.il/eitan-meat-eilat/meat-vending-machine-24-7/kebab-cinnamon-stick-600g-frozen-automatic-meat-247/,product,Crawled - Currently Not Indexed,"Improve content depth, canonical clarity and internal links"
https://compassgrill.co.il/meat-aging-treatment/vacuum-grooved-bags-size-20x15/?sort=rating&order=DESC,product,Crawled - Currently Not Indexed,"Improve content depth, canonical clarity and internal links"
https://compassgrill.co.il/smoker-tandoor/charcoal-professional/?sort=price&order=DESC,product,Crawled - Currently Not Indexed,"Improve content depth, canonical clarity and internal links"
https://compassgrill.co.il/gas-grills-1/addizio/?sort=p.sort_order&order=ASC,product,Crawled - Currently Not Indexed,"Improve content depth, canonical clarity and internal links"
https://compassgrill.co.il/grill-smoker-accessories/heat-temperature-gauges/digital-thermometer-for-smokers-and-gas-grill-with-2-probes/?category_id=34577,product,Crawled - Currently Not Indexed,"Improve content depth, canonical clarity and internal links"
https://compassgrill.co.il/butcher-kfar-saba/premium-ground-beef-lamb-1kg-tray/?category_id=66834,product,Crawled - Currently Not Indexed,"Improve content depth, canonical clarity and internal links"
https://compassgrill.co.il/garden-firepits-and-decor/allure-42-inch-electric-fireplace-106-6cm/?sort=rating&order=ASC,product,Crawled - Currently Not Indexed,"Improve content depth, canonical clarity and internal links"
https://compassgrill.co.il/grill-smoker-accessories/citrus-wood-chips/?sort=rating&order=DESC,product,Crawled - Currently Not Indexed,"Improve content depth, canonical clarity and internal links"
https://compassgrill.co.il/gas-grill-smokers-tandoor/rogue-xt-365sib-il-black/?sort=pd.name&order=ASC,product,Crawled - Currently Not Indexed,"Improve content depth, canonical clarity and internal links"
https://compassgrill.co.il/2-burner-gas-grill/rogue-xt-365sib-il-black/?sort=rating&order=ASC,product,Crawled - Currently Not Indexed,"Improve content depth, canonical clarity and internal links"
https://compassgrill.co.il/pellet-smokers/navigator-combo-1230-1/?sort=pd.name&order=DESC,product,Crawled - Currently Not Indexed,"Improve content depth, canonical clarity and internal links"
https://compassgrill.co.il/garden-firepits-and-decor/allure-42-inch-electric-fireplace-106-6cm/?category_id=95012&sort=p.sort_order&order=ASC,product,Crawled - Currently Not Indexed,"Improve content depth, canonical clarity and internal links"
https://compassgrill.co.il/grill-smoker-accessories/wood-chips-and-chunks-for-smoking/apple-wood-chips/?sort=rating&order=ASC,product,Crawled - Currently Not Indexed,"Improve content depth, canonical clarity and internal links"
https://compassgrill.co.il/smoker-tandoor/charcoal-grill-and-skewer-bbq/charcoal-professional-il/?category_id=36001,product,Crawled - Currently Not Indexed,"Improve content depth, canonical clarity and internal links"
https://compassgrill.co.il/smoker-tandoor/?sort=pd.name&order=DESC,product,Crawled - Currently Not Indexed,"Improve content depth, canonical clarity and internal links"
https://compassgrill.co.il/smoker-tandoor/tandoor-clay-cooking-tools/tandoor-roma-model/?category_id=70159&sort=p.model&order=ASC,product,Crawled - Currently Not Indexed,"Improve content depth, canonical clarity and internal links"
https://compassgrill.co.il/gas-grills-1/4-burner-gas-grill/,product,Crawled - Currently Not Indexed,"Improve content depth, canonical clarity and internal links"
https://compassgrill.co.il/taboon-products-and-accessories/?sort=p.model&order=DESC,product,Crawled - Currently Not Indexed,"Improve content depth, canonical clarity and internal links"
https://compassgrill.co.il/frozen-ground-meat/premium-ground-beef-lamb-1kg-tray/,product,Crawled - Currently Not Indexed,"Improve content depth, canonical clarity and internal links"
https://compassgrill.co.il/giesser-knives/premiumcut-butcher-cleaver-22cm/?sort=p.model&order=DESC,product,Crawled - Currently Not Indexed,"Improve content depth, canonical clarity and internal links"
https://compassgrill.co.il/smoker-tandoor/terzo/?sort=price&order=ASC,product,Crawled - Currently Not Indexed,"Improve content depth, canonical clarity and internal links"
https://compassgrill.co.il/grill-smoker-accessories/cast-iron-tools-plov-cooking/cast-iron-cooking-tools/dual-cast-iron-round-griddle/,product,Crawled - Currently Not Indexed,"Improve content depth, canonical clarity and internal links"
https://compassgrill.co.il/eitan-meat-eilat/frozen-ground-meat/premium-ground-beef-1kg-tray/?category_id=66897&sort=price&order=DESC,product,Crawled - Currently Not Indexed,"Improve content depth, canonical clarity and internal links"
https://compassgrill.co.il/grill-smoker-accessories/cast-iron-tools-plov-cooking/dual-cast-iron-round-griddle/?category_id=35279,product,Crawled - Currently Not Indexed,"Improve content depth, canonical clarity and internal links"
https://compassgrill.co.il/grill-smoker-accessories/cast-iron-tools-plov-cooking/dual-cast-iron-round-griddle/,product,Crawled - Currently Not Indexed,"Improve content depth, canonical clarity and internal links"
https://compassgrill.co.il/giesser-knives/premiumcut-butcher-cleaver-22cm/?sort=pd.name&order=ASC,product,Crawled - Currently Not Indexed,"Improve content depth, canonical clarity and internal links"
https://compassgrill.co.il/smoker-tandoor/grill-smokers-tandoor/charcoal-professional/,product,Crawled - Currently Not Indexed,"Improve content depth, canonical clarity and internal links"
https://compassgrill.co.il/smoker-tandoor/skewer-unit-590x10x2/?category_id=34515&sort=p.model&order=DESC,product,Crawled - Currently Not Indexed,"Improve content depth, canonical clarity and internal links"
https://compassgrill.co.il/smoker-tandoor/skewer-unit-590x10x2/?sort=p.model&order=DESC,product,Crawled - Currently Not Indexed,"Improve content depth, canonical clarity and internal links"
https://compassgrill.co.il/grill-smoker-accessories/cast-iron-tools-plov-cooking/cast-iron-cooking-tools/poike-number-3/?sort=pd.name&order=DESC,product,Crawled - Currently Not Indexed,"Improve content depth, canonical clarity and internal links"
https://compassgrill.co.il/gas-grills-1/3-burner-gas-grill/rps425rsibpss-2-il/,product,Crawled - Currently Not Indexed,"Improve content depth, canonical clarity and internal links"
https://compassgrill.co.il/gas-grills-1/2-burner-gas-grill/videro-g2-s/,product,Crawled - Currently Not Indexed,"Improve content depth, canonical clarity and internal links"
https://compassgrill.co.il/3-burner-gas-grill/rps425rsibpk-2-il/?sort=p.sort_order&order=ASC,product,Crawled - Currently Not Indexed,"Improve content depth, canonical clarity and internal links"
https://compassgrill.co.il/grill-smokers-tandoor/charcoal-grill-smokers-tandoor/stainless-steel-charcoal-grill-for-6-skewers-foldable-with-bag/?category_id=97704&sort=pd.name&order=ASC,product,Crawled - Currently Not Indexed,"Improve content depth, canonical clarity and internal links"
https://compassgrill.co.il/grill-smoker-accessories/69315/,product,Crawled - Currently Not Indexed,"Improve content depth, canonical clarity and internal links"
https://compassgrill.co.il/smoker-tandoor/stainless-steel-charcoal-grill-for-6-skewers-foldable-with-bag/?category_id=34515&sort=pd.name&order=DESC,product,Crawled - Currently Not Indexed,"Improve content depth, canonical clarity and internal links"
https://compassgrill.co.il/frozen-meat/premium-sliced-lamb-ribs-6-pieces-tray/,product,Crawled - Currently Not Indexed,"Improve content depth, canonical clarity and internal links"
https://compassgrill.co.il/grill-smoker-accessories/wood-chips-and-chunks-for-smoking/pear-wood-smoking-chunks/?category_id=97766&sort=price&order=DESC,product,Crawled - Currently Not Indexed,"Improve content depth, canonical clarity and internal links"
https://compassgrill.co.il/frozen-meat/chicken-liver/,product,Crawled - Currently Not Indexed,"Improve content depth, canonical clarity and internal links"
https://compassgrill.co.il/gas-grills-1/3-burner-gas-grill/rps425rsibpk-2-il/,product,Crawled - Currently Not Indexed,"Improve content depth, canonical clarity and internal links"
https://compassgrill.co.il/pellet-smokers/memphis-ultimate-2-0-grill-combination/?sort=pd.name&order=DESC,product,Crawled - Currently Not Indexed,"Improve content depth, canonical clarity and internal links"
https://compassgrill.co.il/frozen-meat/spicy-angus-chorizo-100g-12-14-pcs-tray/?sort=pd.name&order=ASC,product,Crawled - Currently Not Indexed,"Improve content depth, canonical clarity and internal links"
https://compassgrill.co.il/eitan-meat-eilat/frozen-meat/spicy-angus-chorizo-100g-12-14-pcs-tray/?category_id=66836&sort=price&order=ASC,product,Crawled - Currently Not Indexed,"Improve content depth, canonical clarity and internal links"
https://compassgrill.co.il/butcher-kfar-saba/premium-sliced-lamb-ribs-6-pieces-tray/,product,Crawled - Currently Not Indexed,"Improve content depth, canonical clarity and internal links"
https://compassgrill.co.il/frozen-meat/spicy-angus-chorizo-100g-12-14-pcs-tray/?sort=p.model&order=ASC,product,Crawled - Currently Not Indexed,"Improve content depth, canonical clarity and internal links"
https://compassgrill.co.il/cast-iron-tools-plov-cooking/cast-iron-cooking-tools/6l-asian-kazan-cast-iron-lid-uncoated/?category_id=35280,product,Crawled - Currently Not Indexed,"Improve content depth, canonical clarity and internal links"
https://compassgrill.co.il/gas-grills-1/2-burner-gas-grill/rxt365sibpss-1-il/?sort=price&order=ASC,product,Crawled - Currently Not Indexed,"Improve content depth, canonical clarity and internal links"
https://compassgrill.co.il/cast-iron-tools-plov-cooking/cast-iron-cooking-tools/6l-asian-kazan-cast-iron-lid-uncoated/,product,Crawled - Currently Not Indexed,"Improve content depth, canonical clarity and internal links"
https://compassgrill.co.il/eitan-meat-eilat/frozen-meat/premium-sliced-lamb-ribs-6-pieces-tray/,product,Crawled - Currently Not Indexed,"Improve content depth, canonical clarity and internal links"
https://compassgrill.co.il/gas-grills-1/ultimate-griddle-3/,product,Crawled - Currently Not Indexed,"Improve content depth, canonical clarity and internal links"
https://compassgrill.co.il/garden-firepits-and-decor/allure-42-inch-electric-fireplace-106-6cm/?category_id=95012&sort=rating&order=ASC,product,Crawled - Currently Not Indexed,"Improve content depth, canonical clarity and internal links"
https://compassgrill.co.il/smoker-tandoor/pellet-smokers/pair-bear-claws-for-meat-pulling-stainless-steel-with-silicone-handle/,product,Crawled - Currently Not Indexed,"Improve content depth, canonical clarity and internal links"
https://compassgrill.co.il/frozen-meat/feedlot-butcher-steak/?sort=rating&order=ASC,product,Crawled - Currently Not Indexed,"Improve content depth, canonical clarity and internal links"
https://compassgrill.co.il/gas-grills-1/3-burner-gas-grill/ultimate-griddle-3/,product,Crawled - Currently Not Indexed,"Improve content depth, canonical clarity and internal links"
https://compassgrill.co.il/gas-grills-1/3-burner-gas-grill/ultimate-griddle-3/?category_id=108375,product,Crawled - Currently Not Indexed,"Improve content depth, canonical clarity and internal links"
https://compassgrill.co.il/smoker-tandoor/charcoal-professional-il/,product,Crawled - Currently Not Indexed,"Improve content depth, canonical clarity and internal links"
https://compassgrill.co.il/gas-grills-1/r365sbpk-1-il/?sort=price&order=ASC,product,Crawled - Currently Not Indexed,"Improve content depth, canonical clarity and internal links"
https://compassgrill.co.il/giesser-knives/tradition-chef-knife-20-26cm/?sort=pd.name&order=ASC,product,Crawled - Currently Not Indexed,"Improve content depth, canonical clarity and internal links"
https://compassgrill.co.il/smoker-tandoor/pellet-smokers/navigator-side-smoker-קבינה-לדגמי-550-850-1150/?sort=p.model&order=DESC,product,Crawled - Currently Not Indexed,"Improve content depth, canonical clarity and internal links"
https://compassgrill.co.il/smoker-tandoor/pellet-smokers/navigator-side-smoker-קבינה-לדגמי-550-850-1150/?category_id=34516&sort=price&order=ASC,product,Crawled - Currently Not Indexed,"Improve content depth, canonical clarity and internal links"
https://compassgrill.co.il/frozen-meat/frozen-chicken-shawarma-1kg/?sort=pd.name&order=ASC,product,Crawled - Currently Not Indexed,"Improve content depth, canonical clarity and internal links"
https://compassgrill.co.il/grill-smoker-accessories/premium-stainless-steel-smoking-box/?sort=price&order=ASC,product,Crawled - Currently Not Indexed,"Improve content depth, canonical clarity and internal links"
https://compassgrill.co.il/grill-smoker-accessories/heat-temperature-gauges/bluetooth-thermometer-2-probes/?sort=price&order=DESC,product,Crawled - Currently Not Indexed,"Improve content depth, canonical clarity and internal links"
https://compassgrill.co.il/cast-iron-tools-plov-cooking/cast-iron-zhigong-cooking-kazan/,product,Crawled - Currently Not Indexed,"Improve content depth, canonical clarity and internal links"
https://compassgrill.co.il/eitan-meat-eilat/meat-vending-machine-24-7/?sort=price&order=ASC,product,Crawled - Currently Not Indexed,"Improve content depth, canonical clarity and internal links"
https://compassgrill.co.il/grill-smoker-accessories/knives-and-accessories/giesser-knives/premiumcut-steel-sharpening-stone-25cm-fine/?category_id=104927&sort=p.model&order=ASC,product,Crawled - Currently Not Indexed,"Improve content depth, canonical clarity and internal links"
https://compassgrill.co.il/fresh-beef/argentina-beef-6/?sort=price&order=ASC,product,Crawled - Currently Not Indexed,"Improve content depth, canonical clarity and internal links"
https://compassgrill.co.il/cast-iron-tools-plov-cooking/cast-iron-cooking-tools/cast-iron-round-griddle-1/?category_id=35280,product,Crawled - Currently Not Indexed,"Improve content depth, canonical clarity and internal links"
https://compassgrill.co.il/meat-aging-treatment/sous-vide-5/anova-vacuum-sealer/?category_id=70271,product,Crawled - Currently Not Indexed,"Improve content depth, canonical clarity and internal links"
https://compassgrill.co.il/eitan-meat-eilat/frozen-meat/chicken-liver/,product,Crawled - Currently Not Indexed,"Improve content depth, canonical clarity and internal links"
https://compassgrill.co.il/smoker-tandoor/tandoor-clay-cooking-tools/skiff/,product,Crawled - Currently Not Indexed,"Improve content depth, canonical clarity and internal links"
https://compassgrill.co.il/frozen-meat/chicken-liver/?category_id=66836&sort=rating&order=DESC,product,Crawled - Currently Not Indexed,"Improve content depth, canonical clarity and internal links"
https://compassgrill.co.il/cast-iron-tools-plov-cooking/cast-iron-cooking-tools/cast-iron-grill-charcoal-holder/?category_id=35280&sort=pd.name&order=ASC,product,Crawled - Currently Not Indexed,"Improve content depth, canonical clarity and internal links"
https://compassgrill.co.il/giesser-knives/premiumcut-butcher-cleaver-22cm/?category_id=104927&sort=pd.name&order=ASC,product,Crawled - Currently Not Indexed,"Improve content depth, canonical clarity and internal links"
https://compassgrill.co.il/cast-iron-tools-plov-cooking/cast-iron-zhigong-cooking-kazan/6l-asian-kazan-cast-iron-lid-uncoated/?category_id=70270&sort=pd.name&order=ASC,product,Crawled - Currently Not Indexed,"Improve content depth, canonical clarity and internal links"
https://compassgrill.co.il/frozen-meat/chicken-liver/?sort=rating&order=DESC,product,Crawled - Currently Not Indexed,"Improve content depth, canonical clarity and internal links"
https://compassgrill.co.il/grill-smoker-accessories/heat-temperature-gauges/probe-thermometer/,product,Crawled - Currently Not Indexed,"Improve content depth, canonical clarity and internal links"
https://compassgrill.co.il/cast-iron-tools-plov-cooking/cast-iron-cooking-tools/8l-asian-kazan-cast-iron-lid-uncoated/?category_id=35280&sort=rating&order=ASC,product,Crawled - Currently Not Indexed,"Improve content depth, canonical clarity and internal links"
https://compassgrill.co.il/butcher-kfar-saba/fresh-beef/argentina-beef-6/?category_id=66835,product,Crawled - Currently Not Indexed,"Improve content depth, canonical clarity and internal links"
https://compassgrill.co.il/eitan-meat-eilat/frozen-meat/black-angus-feedlot-shoulder-roast-slice-5/,product,Crawled - Currently Not Indexed,"Improve content depth, canonical clarity and internal links"
https://compassgrill.co.il/brand/boretti/grill-grate,product,Crawled - Currently Not Indexed,"Improve content depth, canonical clarity and internal links"
https://compassgrill.co.il/brand/boretti/grill-grate/,product,Crawled - Currently Not Indexed,"Improve content depth, canonical clarity and internal links"
https://compassgrill.co.il/gas-grills-1/6-burner-gas-grill/soon/?category_id=108563&sort=p.sort_order&order=ASC,product,Crawled - Currently Not Indexed,"Improve content depth, canonical clarity and internal links"
https://compassgrill.co.il/pellet-smokers/navigator-side-smoker-קבינה-לדגמי-550-850-1150/?sort=p.model&order=DESC,product,Crawled - Currently Not Indexed,"Improve content depth, canonical clarity and internal links"
https://compassgrill.co.il/meat-vending-machine-24-7/אנטריקוט-פידלוט-בלאק-אנגוס-copy-1/?category_id=125471&sort=p.model&order=ASC,product,Crawled - Currently Not Indexed,"Improve content depth, canonical clarity and internal links"
https://compassgrill.co.il/pellet-smokers/navigator-combo-1230-1/?sort=p.model&order=DESC,product,Crawled - Currently Not Indexed,"Improve content depth, canonical clarity and internal links"
https://compassgrill.co.il/cast-iron-tools-plov-cooking/cast-iron-zhigong-cooking-kazan/קאזן-אסייתי-10-ליטר-עם-מכסה-מברזל-יצוק-ללא-ציפוי-1/?category_id=70270&sort=rating&order=ASC,product,Crawled - Currently Not Indexed,"Improve content depth, canonical clarity and internal links"
https://compassgrill.co.il/frozen-meat/prime-rib-sliced-450-500g-1-piece/?category_id=66836&sort=p.sort_order&order=ASC,product,Crawled - Currently Not Indexed,"Improve content depth, canonical clarity and internal links"
https://compassgrill.co.il/meat-aging-refrigerators-products/umai/שקיות-יישון-בשר-25-50-ס-מ-4-יחידות-umai-dry/?category_id=36000&sort=price&order=ASC,product,Crawled - Currently Not Indexed,"Improve content depth, canonical clarity and internal links"
https://compassgrill.co.il/knives-and-accessories/giesser-knives/premiumcut-slicer-31/?sort=rating&order=DESC,product,Crawled - Currently Not Indexed,"Improve content depth, canonical clarity and internal links"
https://compassgrill.co.il/grill-smoker-accessories/meat-aging-refrigerators-products/umai/שקיות-יישון-בשר-25-50-ס-מ-4-יחידות-umai-dry/,product,Crawled - Currently Not Indexed,"Improve content depth, canonical clarity and internal links"
https://compassgrill.co.il/frozen-ground-meat/iraqi-meatballs-1/?category_id=66897&sort=p.model&order=ASC,product,Crawled - Currently Not Indexed,"Improve content depth, canonical clarity and internal links"
https://compassgrill.co.il/frozen-meat/prime-rib-sliced-450-500g-1-piece/?sort=p.sort_order&order=ASC,product,Crawled - Currently Not Indexed,"Improve content depth, canonical clarity and internal links"
https://compassgrill.co.il/butcher-kfar-saba/poultry-3/frozen-chicken-skewers-5-units/,product,Crawled - Currently Not Indexed,"Improve content depth, canonical clarity and internal links"
https://compassgrill.co.il/frozen-meat/angus-merguez-60g-13-15-pcs-tray/?category_id=66836&sort=pd.name&order=ASC,product,Crawled - Currently Not Indexed,"Improve content depth, canonical clarity and internal links"
https://compassgrill.co.il/frozen-ground-meat/premium-ground-beef-1kg-tray/?sort=rating&order=ASC,product,Crawled - Currently Not Indexed,"Improve content depth, canonical clarity and internal links"
https://compassgrill.co.il/meat-aging-treatment/meat-accessories-tools/burger-stainless-ring-13/?sort=p.model&order=ASC,product,Crawled - Currently Not Indexed,"Improve content depth, canonical clarity and internal links"
https://compassgrill.co.il/cast-iron-tools-plov-cooking/cast-iron-zhigong-cooking-kazan/8l-asian-kazan-cast-iron-lid-uncoated/?category_id=70270&sort=rating&order=ASC,product,Crawled - Currently Not Indexed,"Improve content depth, canonical clarity and internal links"
https://compassgrill.co.il/eitan-meat-eilat/meat-vending-machine-24-7/?sort=rating&order=ASC,product,Crawled - Currently Not Indexed,"Improve content depth, canonical clarity and internal links"
https://compassgrill.co.il/smoker-tandoor/terzo/,product,Crawled - Currently Not Indexed,"Improve content depth, canonical clarity and internal links"
https://compassgrill.co.il/smoker-tandoor/terzo/?category_id=34515,product,Crawled - Currently Not Indexed,"Improve content depth, canonical clarity and internal links"
https://compassgrill.co.il/smoker-tandoor/pellet-smokers/navigator-combo-1230-1/?sort=rating&order=ASC,product,Crawled - Currently Not Indexed,"Improve content depth, canonical clarity and internal links"
https://compassgrill.co.il/brand/eitan-meat-delicacies/fresh-sliced-tomahawk-1kg,product,Crawled - Currently Not Indexed,"Improve content depth, canonical clarity and internal links"
https://compassgrill.co.il/gas-grills-1/2-burner-gas-grill/rxt365sibpk-1-il/?sort=price&order=ASC,product,Crawled - Currently Not Indexed,"Improve content depth, canonical clarity and internal links"
https://compassgrill.co.il/frozen-ground-meat/iraqi-meatballs-1/?category_id=66897,product,Crawled - Currently Not Indexed,"Improve content depth, canonical clarity and internal links"
https://compassgrill.co.il/grill-smoker-accessories/knives-and-accessories/giesser-knives/premiumcut-steel-sharpening-stone-25cm-fine/?sort=p.model&order=ASC,product,Crawled - Currently Not Indexed,"Improve content depth, canonical clarity and internal links"
https://compassgrill.co.il/poultry-3/packed-chicken-hearts/,product,Crawled - Currently Not Indexed,"Improve content depth, canonical clarity and internal links"
https://compassgrill.co.il/grill-smoker-accessories/wood-chips-and-chunks-for-smoking/apricot-wood-smoking-chips/?category_id=97766,product,Crawled - Currently Not Indexed,"Improve content depth, canonical clarity and internal links"
https://compassgrill.co.il/smoker-tandoor/tandoor-clay-cooking-tools/skiff/?category_id=70159,product,Crawled - Currently Not Indexed,"Improve content depth, canonical clarity and internal links"
https://compassgrill.co.il/meat-aging-treatment/cotton-tying-thread-for-food-50-grams/?sort=pd.name&order=ASC,product,Crawled - Currently Not Indexed,"Improve content depth, canonical clarity and internal links"
https://compassgrill.co.il/grill-smoker-accessories/meat-aging-refrigerators-products/umai/שקיות-יישון-בשר-25-50-ס-מ-4-יחידות-umai-dry/?category_id=36000,product,Crawled - Currently Not Indexed,"Improve content depth, canonical clarity and internal links"
https://compassgrill.co.il/smoker-tandoor/tandoor-clay-cooking-tools/skiff/?sort=pd.name&order=DESC,product,Crawled - Currently Not Indexed,"Improve content depth, canonical clarity and internal links"
https://compassgrill.co.il/gas-grills-1/2-burner-gas-grill/rxt365sibpk-1-il/,product,Crawled - Currently Not Indexed,"Improve content depth, canonical clarity and internal links"
https://compassgrill.co.il/meat-aging-treatment/meat-accessories-tools/burger-stainless-ring-13/?category_id=121090,product,Crawled - Currently Not Indexed,"Improve content depth, canonical clarity and internal links"
https://compassgrill.co.il/poultry-3/frozen-chicken-shawarma-1kg/?sort=rating&order=ASC,product,Crawled - Currently Not Indexed,"Improve content depth, canonical clarity and internal links"
https://compassgrill.co.il/gas-grills-1/3-burner-gas-grill/sportsman-3-grill-with-cart/,product,Crawled - Currently Not Indexed,"Improve content depth, canonical clarity and internal links"
https://compassgrill.co.il/checkout/,product,Crawled - Currently Not Indexed,"Improve content depth, canonical clarity and internal links"
https://compassgrill.co.il/gas-grills-1/sportsman-3-grill-with-cart/?sort=price&order=ASC,product,Crawled - Currently Not Indexed,"Improve content depth, canonical clarity and internal links"
https://compassgrill.co.il/brand/pit-boss/meat-claws/,product,Crawled - Currently Not Indexed,"Improve content depth, canonical clarity and internal links"
https://compassgrill.co.il/gas-grills-1/2-burner-gas-grill/rxt365sibpk-1-il/?category_id=108373,product,Crawled - Currently Not Indexed,"Improve content depth, canonical clarity and internal links"
https://compassgrill.co.il/meat-aging-treatment/meat-accessories-tools/meat-claws/,product,Crawled - Currently Not Indexed,"Improve content depth, canonical clarity and internal links"
https://compassgrill.co.il/butcher-kfar-saba/packed-chicken-hearts/,product,Crawled - Currently Not Indexed,"Improve content depth, canonical clarity and internal links"
https://compassgrill.co.il/blog/firechef-smokeless-tabletop-grill-perfect-solution-for-indoor-meat-grilling/,article,Crawled - Currently Not Indexed,"Improve content depth, canonical clarity and internal links"
https://compassgrill.co.il/frozen-meat/black-angus-feedlot-shoulder-roast-slice-5/,product,Crawled - Currently Not Indexed,"Improve content depth, canonical clarity and internal links"
https://compassgrill.co.il/butcher-kfar-saba/black-angus-feedlot-shoulder-roast-slice-5/,product,Crawled - Currently Not Indexed,"Improve content depth, canonical clarity and internal links"
https://compassgrill.co.il/eitan-meat-eilat/sliced-calf-leg-6-8-pcs-vacuum-packed-1/?sort=rating&order=DESC,product,Crawled - Currently Not Indexed,"Improve content depth, canonical clarity and internal links"
https://compassgrill.co.il/grill-smoker-accessories/meat-aging-refrigerators-products/,product,Crawled - Currently Not Indexed,"Improve content depth, canonical clarity and internal links"
https://compassgrill.co.il/cast-iron-tools-plov-cooking/cast-iron-zhigong-cooking-kazan/8l-asian-kazan-cast-iron-lid-uncoated/?sort=rating&order=ASC,product,Crawled - Currently Not Indexed,"Improve content depth, canonical clarity and internal links"
https://compassgrill.co.il/meat-vending-machine-24-7/אנטריקוט-פידלוט-בלאק-אנגוס-copy-1/?category_id=125471&sort=pd.name&order=ASC,product,Crawled - Currently Not Indexed,"Improve content depth, canonical clarity and internal links"
https://compassgrill.co.il/butcher-kfar-saba/black-angus-feedlot-shoulder-roast-no-5-2kg/?sort=rating&order=DESC,product,Crawled - Currently Not Indexed,"Improve content depth, canonical clarity and internal links"
https://compassgrill.co.il/grill-smoker-accessories/heat-temperature-gauges/bluetooth-thermometer-2-probes/?category_id=34577,product,Crawled - Currently Not Indexed,"Improve content depth, canonical clarity and internal links"
https://compassgrill.co.il/meat-aging-treatment/sous-vide-5/vacuum-grooved-bags-size-20x30/?sort=price&order=ASC,product,Crawled - Currently Not Indexed,"Improve content depth, canonical clarity and internal links"
https://compassgrill.co.il/butcher-kfar-saba/fresh-beef/angus-filet-fl-block-1-5kg/,product,Crawled - Currently Not Indexed,"Improve content depth, canonical clarity and internal links"
https://compassgrill.co.il/cast-iron-tools-plov-cooking/cast-iron-zhigong-cooking-kazan/קאזן-אסייתי-10-ליטר-עם-מכסה-מברזל-יצוק-ללא-ציפוי-1/?sort=rating&order=ASC,product,Crawled - Currently Not Indexed,"Improve content depth, canonical clarity and internal links"
https://compassgrill.co.il/cast-iron-cooking-tools/poike-number-3-with-legs/?sort=p.model&order=DESC,product,Crawled - Currently Not Indexed,"Improve content depth, canonical clarity and internal links"
https://compassgrill.co.il/grill-smoker-accessories/שקיות-יישון-בשר-25-50-ס-מ-4-יחידות-umai-dry/?category_id=37972&sort=pd.name&order=DESC,product,Crawled - Currently Not Indexed,"Improve content depth, canonical clarity and internal links"
https://compassgrill.co.il/pellet-smokers/lg800fp-founders-premier/?category_id=34516&sort=rating&order=ASC,product,Crawled - Currently Not Indexed,"Improve content depth, canonical clarity and internal links"
https://compassgrill.co.il/grill-smoker-accessories/wood-chips-and-chunks-for-smoking/apricot-wood-smoking-chips/?sort=price&order=ASC,product,Crawled - Currently Not Indexed,"Improve content depth, canonical clarity and internal links"
https://compassgrill.co.il/meat-aging-refrigerators-products/umai/שקיות-יישון-בשר-25-50-ס-מ-4-יחידות-umai-dry/?sort=price&order=ASC,product,Crawled - Currently Not Indexed,"Improve content depth, canonical clarity and internal links"
https://compassgrill.co.il/gas-grills-1/3-burner-gas-grill/sportsman-3-grill-with-cart/?sort=price&order=ASC,product,Crawled - Currently Not Indexed,"Improve content depth, canonical clarity and internal links"
https://compassgrill.co.il/garden-firepits-and-decor/fire-table-lunar-bowl/?category_id=95012,product,Crawled - Currently Not Indexed,"Improve content depth, canonical clarity and internal links"
https://compassgrill.co.il/grill-smoker-accessories/knives-and-accessories/premiumcut-3-piece-set/?category_id=35161,product,Crawled - Currently Not Indexed,"Improve content depth, canonical clarity and internal links"
https://compassgrill.co.il/meat-aging-treatment/meat-accessories-tools/cast-iron-griddle-pitboss/,product,Crawled - Currently Not Indexed,"Improve content depth, canonical clarity and internal links"
https://compassgrill.co.il/knives-and-accessories/giesser-knives/premiumcut-chef/?category_id=104927&sort=p.sort_order&order=ASC,product,Crawled - Currently Not Indexed,"Improve content depth, canonical clarity and internal links"
https://compassgrill.co.il/meat-aging-treatment/meat-accessories-tools/cast-iron-griddle-pitboss/?category_id=121090,product,Crawled - Currently Not Indexed,"Improve content depth, canonical clarity and internal links"
https://compassgrill.co.il/fresh-meat-eilat/fattened-angus-entrecote-sliced-pairs-1/,product,Crawled - Currently Not Indexed,"Improve content depth, canonical clarity and internal links"
https://compassgrill.co.il/eitan-meat-eilat/fresh-beef/veal-filet-medallions-5-pcs-500g/?sort=rating&order=DESC,product,Crawled - Currently Not Indexed,"Improve content depth, canonical clarity and internal links"
https://compassgrill.co.il/knives-and-accessories/giesser-knives/premiumcut-fork/?sort=p.sort_order&order=ASC,product,Crawled - Currently Not Indexed,"Improve content depth, canonical clarity and internal links"
https://compassgrill.co.il/smoker-tandoor/pellet-smokers/lg800fp-founders-premier/?sort=price&order=ASC,product,Crawled - Currently Not Indexed,"Improve content depth, canonical clarity and internal links"
https://compassgrill.co.il/fresh-beef/angus-assado-boneless-feedlot-2-5kg/?sort=rating&order=DESC,product,Crawled - Currently Not Indexed,"Improve content depth, canonical clarity and internal links"
https://compassgrill.co.il/giesser-knives/primeline-slicer-knife-20-25cm/?sort=p.model&order=DESC,product,Crawled - Currently Not Indexed,"Improve content depth, canonical clarity and internal links"
https://compassgrill.co.il/butcher-kfar-saba/fresh-beef/פוינט-בריסקט-מס-3-אנגוס-פידלוט/?sort=pd.name&order=ASC,product,Crawled - Currently Not Indexed,"Improve content depth, canonical clarity and internal links"
https://compassgrill.co.il/grill-smoker-accessories/שקיות-יישון-בשר-25-50-ס-מ-4-יחידות-umai-dry/?sort=pd.name&order=DESC,product,Crawled - Currently Not Indexed,"Improve content depth, canonical clarity and internal links"
https://compassgrill.co.il/meat-aging-treatment/meat-accessories-tools/meat-claws/?category_id=121090,product,Crawled - Currently Not Indexed,"Improve content depth, canonical clarity and internal links"
https://compassgrill.co.il/grill-smoker-accessories/cast-iron-tools-plov-cooking/cast-iron-cooking-tools/poike-number-3/?category_id=35280&sort=pd.name&order=ASC,product,Crawled - Currently Not Indexed,"Improve content depth, canonical clarity and internal links"
https://compassgrill.co.il/knives-and-accessories/giesser-knives/premiumcut-fork/?sort=rating&order=DESC,product,Crawled - Currently Not Indexed,"Improve content depth, canonical clarity and internal links"
https://compassgrill.co.il/giesser-knives/premiumcut-3-piece-set/?category_id=104927&sort=price&order=DESC,product,Crawled - Currently Not Indexed,"Improve content depth, canonical clarity and internal links"
https://compassgrill.co.il/smoker-tandoor/pellet-smokers/navigator-150/,product,Crawled - Currently Not Indexed,"Improve content depth, canonical clarity and internal links"
https://compassgrill.co.il/meat-accessories-tools/premiumcut-3-piece-set/?sort=p.model&order=ASC,product,Crawled - Currently Not Indexed,"Improve content depth, canonical clarity and internal links"
https://compassgrill.co.il/compass-skewers/stainless-steel-charcoal-grill-for-6-skewers-foldable-with-bag/?sort=pd.name&order=DESC,product,Crawled - Currently Not Indexed,"Improve content depth, canonical clarity and internal links"
https://compassgrill.co.il/smoker-tandoor/pellet-smokers/navigator-150/?sort=p.model&order=ASC,product,Crawled - Currently Not Indexed,"Improve content depth, canonical clarity and internal links"
https://compassgrill.co.il/compass-skewers/stainless-steel-charcoal-grill-for-6-skewers-foldable-with-bag/?category_id=38152&sort=pd.name&order=DESC,product,Crawled - Currently Not Indexed,"Improve content depth, canonical clarity and internal links"
https://compassgrill.co.il/poultry-3/packed-chicken-drums-1/?sort=p.sort_order&order=ASC,product,Crawled - Currently Not Indexed,"Improve content depth, canonical clarity and internal links"
https://compassgrill.co.il/grill-smoker-accessories/cast-iron-tools-plov-cooking/cast-iron-cooking-tools/poike-number-3/?sort=p.model&order=DESC,product,Crawled - Currently Not Indexed,"Improve content depth, canonical clarity and internal links"
https://compassgrill.co.il/poultry-3/frozen-chicken-skewers-5-units/?sort=p.sort_order&order=ASC,product,Crawled - Currently Not Indexed,"Improve content depth, canonical clarity and internal links"
https://compassgrill.co.il/poultry-3/frozen-chicken-shawarma-1kg/?category_id=105748&sort=p.sort_order&order=ASC,product,Crawled - Currently Not Indexed,"Improve content depth, canonical clarity and internal links"
https://compassgrill.co.il/charcoal-grill-and-skewer-bbq/smokeless-coconut-charcoal/?sort=p.model&order=DESC,product,Crawled - Currently Not Indexed,"Improve content depth, canonical clarity and internal links"
https://compassgrill.co.il/poultry-3/frozen-chicken-shawarma-1kg/?sort=p.sort_order&order=ASC,product,Crawled - Currently Not Indexed,"Improve content depth, canonical clarity and internal links"
https://compassgrill.co.il/charcoal-grill-and-skewer-bbq/smokeless-coconut-charcoal/?category_id=36001&sort=p.model&order=DESC,product,Crawled - Currently Not Indexed,"Improve content depth, canonical clarity and internal links"
https://compassgrill.co.il/butcher-kfar-saba/fresh-beef/argentina-beef-6/,product,Crawled - Currently Not Indexed,"Improve content depth, canonical clarity and internal links"
https://compassgrill.co.il/knives-and-accessories/giesser-knives/tradition-chef-knife-20-26cm/?category_id=104927&sort=p.sort_order&order=ASC,product,Crawled - Currently Not Indexed,"Improve content depth, canonical clarity and internal links"
https://compassgrill.co.il/meat-aging-treatment/sauce-pan-with-brush/?sort=price&order=ASC,product,Crawled - Currently Not Indexed,"Improve content depth, canonical clarity and internal links"
https://compassgrill.co.il/poultry-3/packed-chicken-hearts/?category_id=105748&sort=p.sort_order&order=ASC,product,Crawled - Currently Not Indexed,"Improve content depth, canonical clarity and internal links"
https://compassgrill.co.il/meat-aging-treatment/sauce-pan-with-brush/?category_id=121072,product,Crawled - Currently Not Indexed,"Improve content depth, canonical clarity and internal links"
https://compassgrill.co.il/knives-and-accessories/giesser-knives/tradition-chef-knife-20-26cm/?sort=p.sort_order&order=ASC,product,Crawled - Currently Not Indexed,"Improve content depth, canonical clarity and internal links"
https://compassgrill.co.il/grill-smoker-accessories/wood-chips-and-chunks-for-smoking/scotch-whiskey-chips/?sort=price&order=ASC,product,Crawled - Currently Not Indexed,"Improve content depth, canonical clarity and internal links"
https://compassgrill.co.il/knives-and-accessories/premiumcut-butcher-cleaver-22cm/?category_id=35161&sort=p.sort_order&order=ASC,product,Crawled - Currently Not Indexed,"Improve content depth, canonical clarity and internal links"
https://compassgrill.co.il/knives-and-accessories/giesser-knives/premiumcut-steak-knife-12cm/?sort=p.sort_order&order=ASC,product,Crawled - Currently Not Indexed,"Improve content depth, canonical clarity and internal links"
https://compassgrill.co.il/poultry-3/packed-chicken-hearts/?sort=p.sort_order&order=ASC,product,Crawled - Currently Not Indexed,"Improve content depth, canonical clarity and internal links"
https://compassgrill.co.il/knives-and-accessories/giesser-knives/premiumcut-steel-sharpening-stone-25cm-fine/?sort=p.sort_order&order=ASC,product,Crawled - Currently Not Indexed,"Improve content depth, canonical clarity and internal links"
https://compassgrill.co.il/poultry-3/chicken-liver/?sort=p.sort_order&order=ASC,product,Crawled - Currently Not Indexed,"Improve content depth, canonical clarity and internal links"
https://compassgrill.co.il/knives-and-accessories/giesser-knives/primeline-slicer-knife-20-25cm/?category_id=104927&sort=price&order=ASC,product,Crawled - Currently Not Indexed,"Improve content depth, canonical clarity and internal links"
https://compassgrill.co.il/poultry-3/packed-chicken-drumsticks/?category_id=105748&sort=p.sort_order&order=ASC,product,Crawled - Currently Not Indexed,"Improve content depth, canonical clarity and internal links"
https://compassgrill.co.il/meat-accessories-tools/cookware-set-4pcs-סט-4-סירי-איכות-בורטי/?category_id=121090&sort=pd.name&order=ASC,product,Crawled - Currently Not Indexed,"Improve content depth, canonical clarity and internal links"
https://compassgrill.co.il/poultry-3/frozen-seasoned-chicken-skewers-5-pieces/?sort=p.sort_order&order=ASC,product,Crawled - Currently Not Indexed,"Improve content depth, canonical clarity and internal links"
https://compassgrill.co.il/smoker-tandoor/terzo/?category_id=34515&sort=price&order=ASC,product,Crawled - Currently Not Indexed,"Improve content depth, canonical clarity and internal links"
https://compassgrill.co.il/poultry-3/thin-sliced-chicken-breast-1kg/?sort=p.sort_order&order=ASC,product,Crawled - Currently Not Indexed,"Improve content depth, canonical clarity and internal links"
https://compassgrill.co.il/smoker-tandoor/smoking-enthusiast-set/?category_id=34515&sort=rating&order=DESC,product,Crawled - Currently Not Indexed,"Improve content depth, canonical clarity and internal links"
https://compassgrill.co.il/cast-iron-tools-plov-cooking/cast-iron-cooking-tools/cast-iron-round-griddle-1/?sort=price&order=DESC,product,Crawled - Currently Not Indexed,"Improve content depth, canonical clarity and internal links"
https://compassgrill.co.il/knives-and-accessories/giesser-knives/premiumcut-slicer-31/?sort=price&order=ASC,product,Crawled - Currently Not Indexed,"Improve content depth, canonical clarity and internal links"
https://compassgrill.co.il/cast-iron-tools-plov-cooking/cast-iron-cooking-tools/12l-asian-kazan-cast-iron-lid-uncoated/?category_id=35280&sort=p.sort_order&order=ASC,product,Crawled - Currently Not Indexed,"Improve content depth, canonical clarity and internal links"
https://compassgrill.co.il/smoker-tandoor/tonello/?category_id=34515&sort=price&order=ASC,product,Crawled - Currently Not Indexed,"Improve content depth, canonical clarity and internal links"
https://compassgrill.co.il/eitan-meat-eilat/fresh-beef/feedlot-entrecote/?sort=pd.name&order=ASC,product,Crawled - Currently Not Indexed,"Improve content depth, canonical clarity and internal links"
https://compassgrill.co.il/smoker-tandoor/tonello/?sort=price&order=ASC,product,Crawled - Currently Not Indexed,"Improve content depth, canonical clarity and internal links"
https://compassgrill.co.il/heat-temperature-gauges/?sort=p.model&order=DESC,product,Crawled - Currently Not Indexed,"Improve content depth, canonical clarity and internal links"
https://compassgrill.co.il/garden-firepits-and-decor/allure-42-inch-electric-fireplace-106-6cm/?category_id=95012&sort=price&order=ASC,product,Crawled - Currently Not Indexed,"Improve content depth, canonical clarity and internal links"
https://compassgrill.co.il/cast-iron-tools-plov-cooking/cast-iron-cooking-tools/8l-asian-kazan-cast-iron-lid-uncoated/?category_id=35280&sort=p.model&order=ASC,product,Crawled - Currently Not Indexed,"Improve content depth, canonical clarity and internal links"
https://compassgrill.co.il/eitan-meat-eilat/טחונים-קפואים/iraqi-meatballs-1-1/?sort=price&order=DESC,product,Crawled - Currently Not Indexed,"Improve content depth, canonical clarity and internal links"
https://compassgrill.co.il/knives-and-accessories/giesser-knives/premiumcut-butcher-cleaver-22cm/?category_id=104927&sort=price&order=ASC,product,Crawled - Currently Not Indexed,"Improve content depth, canonical clarity and internal links"
https://compassgrill.co.il/cast-iron-tools-plov-cooking/cast-iron-zhigong-cooking-kazan/reckless-1-kazan-pot-grill/?category_id=70270&sort=pd.name&order=ASC,product,Crawled - Currently Not Indexed,"Improve content depth, canonical clarity and internal links"
https://compassgrill.co.il/knives-and-accessories/giesser-knives/premiumcut-butcher-cleaver-22cm/?sort=price&order=ASC,product,Crawled - Currently Not Indexed,"Improve content depth, canonical clarity and internal links"
https://compassgrill.co.il/giesser-knives/classic-slicer-סכין-פריסה-מקצועית-22-25-28-31-36-ס-מ-copy-0/?category_id=104927&sort=p.model&order=DESC,product,Crawled - Currently Not Indexed,"Improve content depth, canonical clarity and internal links"
https://compassgrill.co.il/smoker-tandoor/grill-smokers-tandoor/champion-barrel-smoker/?category_id=97703&sort=rating&order=ASC,product,Crawled - Currently Not Indexed,"Improve content depth, canonical clarity and internal links"
https://compassgrill.co.il/cast-iron-tools-plov-cooking/cast-iron-cooking-tools/cast-iron-grill-charcoal-holder/?category_id=35280,product,Crawled - Currently Not Indexed,"Improve content depth, canonical clarity and internal links"
https://compassgrill.co.il/giesser-knives/classic-slicer-סכין-פריסה-מקצועית-22-25-28-31-36-ס-מ-copy-0/?sort=p.model&order=DESC,product,Crawled - Currently Not Indexed,"Improve content depth, canonical clarity and internal links"
https://compassgrill.co.il/brand/rosle/knife-block-passion-rosella,product,Crawled - Currently Not Indexed,"Improve content depth, canonical clarity and internal links"
https://compassgrill.co.il/knives-and-accessories/giesser-knives/classic-slicer-סכין-פריסה-מקצועית-22-25-28-31-36-ס-מ-copy-0/?category_id=104927&sort=price&order=ASC,product,Crawled - Currently Not Indexed,"Improve content depth, canonical clarity and internal links"
https://compassgrill.co.il/knives-and-accessories/giesser-knives/classic-slicer-סכין-פריסה-מקצועית-22-25-28-31-36-ס-מ-copy-0/?sort=price&order=ASC,product,Crawled - Currently Not Indexed,"Improve content depth, canonical clarity and internal links"
https://compassgrill.co.il/knives-and-accessories/quality-coconut-charcoal-for-grilling-and-smoking/?category_id=35161&sort=p.sort_order&order=ASC,product,Crawled - Currently Not Indexed,"Improve content depth, canonical clarity and internal links"
https://compassgrill.co.il/cast-iron-tools-plov-cooking/cast-iron-cooking-tools/cast-iron-cook-set/?category_id=35280&sort=rating&order=ASC,product,Crawled - Currently Not Indexed,"Improve content depth, canonical clarity and internal links"
https://compassgrill.co.il/knives-and-accessories/quality-coconut-charcoal-for-grilling-and-smoking/?sort=p.sort_order&order=ASC,product,Crawled - Currently Not Indexed,"Improve content depth, canonical clarity and internal links"
https://compassgrill.co.il/cast-iron-tools-plov-cooking/cast-iron-cooking-tools/cast-iron-cook-set/?sort=rating&order=ASC,product,Crawled - Currently Not Indexed,"Improve content depth, canonical clarity and internal links"
https://compassgrill.co.il/cast-iron-tools-plov-cooking/cast-iron-cooking-tools/cast-iron-grill-charcoal-holder/?category_id=35280&sort=rating&order=ASC,product,Crawled - Currently Not Indexed,"Improve content depth, canonical clarity and internal links"
https://compassgrill.co.il/gas-grills-1/3-burner-gas-grill/r425pk-2-il/,product,Crawled - Currently Not Indexed,"Improve content depth, canonical clarity and internal links"
https://compassgrill.co.il/cast-iron-tools-plov-cooking/cast-iron-cooking-tools/cast-iron-grill-charcoal-holder/?sort=rating&order=ASC,product,Crawled - Currently Not Indexed,"Improve content depth, canonical clarity and internal links"
https://compassgrill.co.il/cast-iron-tools-plov-cooking/cast-iron-zhigong-cooking-kazan/8l-asian-kazan-cast-iron-lid-uncoated/?category_id=70270&sort=price&order=ASC,product,Crawled - Currently Not Indexed,"Improve content depth, canonical clarity and internal links"
https://compassgrill.co.il/cast-iron-tools-plov-cooking/cast-iron-cooking-tools/cast-iron-round-griddle-1/?sort=pd.name&order=ASC,product,Crawled - Currently Not Indexed,"Improve content depth, canonical clarity and internal links"
https://compassgrill.co.il/gas-grills-1/3-burner-gas-grill/r425pk-2-il/?category_id=108375,product,Crawled - Currently Not Indexed,"Improve content depth, canonical clarity and internal links"
https://compassgrill.co.il/cast-iron-tools-plov-cooking/cast-iron-cooking-tools/striped-pan-with-wooden-handle-cast-spout/?category_id=35280&sort=pd.name&order=DESC,product,Crawled - Currently Not Indexed,"Improve content depth, canonical clarity and internal links"
https://compassgrill.co.il/טחונים-קפואים/veal-lamb-kebab-140g-6-pcs-pack-1/?category_id=125609&sort=p.model&order=ASC,product,Crawled - Currently Not Indexed,"Improve content depth, canonical clarity and internal links"
https://compassgrill.co.il/cast-iron-tools-plov-cooking/cast-iron-zhigong-cooking-kazan/6l-asian-kazan-cast-iron-lid-uncoated/,product,Crawled - Currently Not Indexed,"Improve content depth, canonical clarity and internal links"
https://compassgrill.co.il/knives-and-accessories/giesser-knives/classic-slicer-סכין-פריסה-מקצועית-22-25-28-31-36-ס-מ-copy-0/?category_id=104927&sort=price&order=DESC,product,Crawled - Currently Not Indexed,"Improve content depth, canonical clarity and internal links"
https://compassgrill.co.il/cast-iron-tools-plov-cooking/cast-iron-cooking-tools/cast-iron-grill-charcoal-holder/,product,Crawled - Currently Not Indexed,"Improve content depth, canonical clarity and internal links"
https://compassgrill.co.il/smoker-tandoor/grill-smokers-tandoor/champion-barrel-smoker/?sort=rating&order=ASC,product,Crawled - Currently Not Indexed,"Improve content depth, canonical clarity and internal links"
https://compassgrill.co.il/frozen-meat/premium-sliced-lamb-ribs-6-pieces-tray/?category_id=66836&sort=p.sort_order&order=ASC,product,Crawled - Currently Not Indexed,"Improve content depth, canonical clarity and internal links"
https://compassgrill.co.il/frozen-meat/premium-sliced-lamb-ribs-6-pieces-tray/?sort=p.sort_order&order=ASC,product,Crawled - Currently Not Indexed,"Improve content depth, canonical clarity and internal links"
https://compassgrill.co.il/cast-iron-tools-plov-cooking/cast-iron-zhigong-cooking-kazan/reckless-1-kazan-pot-grill/?sort=pd.name&order=ASC,product,Crawled - Currently Not Indexed,"Improve content depth, canonical clarity and internal links"
https://compassgrill.co.il/cast-iron-tools-plov-cooking/cast-iron-zhigong-cooking-kazan/8l-asian-kazan-cast-iron-lid-uncoated/?category_id=70270&sort=pd.name&order=ASC,product,Crawled - Currently Not Indexed,"Improve content depth, canonical clarity and internal links"
https://compassgrill.co.il/cast-iron-tools-plov-cooking/cast-iron-zhigong-cooking-kazan/8l-asian-kazan-cast-iron-lid-uncoated/?sort=price&order=ASC,product,Crawled - Currently Not Indexed,"Improve content depth, canonical clarity and internal links"
https://compassgrill.co.il/5-burner-gas-grill/rse625rsibpss-1-il/?category_id=108565&sort=price&order=DESC,product,Crawled - Currently Not Indexed,"Improve content depth, canonical clarity and internal links"
https://compassgrill.co.il/cast-iron-tools-plov-cooking/cast-iron-cooking-tools/striped-pan-with-wooden-handle-cast-spout/?sort=pd.name&order=DESC,product,Crawled - Currently Not Indexed,"Improve content depth, canonical clarity and internal links"
https://compassgrill.co.il/cast-iron-tools-plov-cooking/cast-iron-cooking-tools/8l-asian-kazan-cast-iron-lid-uncoated/?sort=rating&order=ASC,product,Crawled - Currently Not Indexed,"Improve content depth, canonical clarity and internal links"
https://compassgrill.co.il/eitan-meat-eilat/sliced-calf-leg-6-8-pcs-vacuum-packed-1/?sort=p.model&order=DESC,product,Crawled - Currently Not Indexed,"Improve content depth, canonical clarity and internal links"
https://compassgrill.co.il/cast-iron-tools-plov-cooking/cast-iron-cooking-tools/cast-iron-grill-charcoal-holder/?category_id=35280&sort=pd.name&order=DESC,product,Crawled - Currently Not Indexed,"Improve content depth, canonical clarity and internal links"
https://compassgrill.co.il/knives-and-accessories/giesser-knives/primeline-slicer-knife-20-25cm/?sort=price&order=ASC,product,Crawled - Currently Not Indexed,"Improve content depth, canonical clarity and internal links"
https://compassgrill.co.il/gas-grills-1/r425pk-2-il/,product,Crawled - Currently Not Indexed,"Improve content depth, canonical clarity and internal links"
https://compassgrill.co.il/grill-smoker-accessories/heat-temperature-gauges/probe-thermometer/?category_id=34577,product,Crawled - Currently Not Indexed,"Improve content depth, canonical clarity and internal links"
https://compassgrill.co.il/meat-aging-treatment/meat-accessories-tools/stainless-steel-burger-press/?sort=price&order=ASC,product,Crawled - Currently Not Indexed,"Improve content depth, canonical clarity and internal links"
https://compassgrill.co.il/2-burner-gas-grill/?sort=p.model&order=DESC,product,Crawled - Currently Not Indexed,"Improve content depth, canonical clarity and internal links"
https://compassgrill.co.il/knives-and-accessories/giesser-knives/premiumcut-butcher-cleaver-22cm/?category_id=104927,product,Crawled - Currently Not Indexed,"Improve content depth, canonical clarity and internal links"
https://compassgrill.co.il/grill-smoker-accessories/knives-and-accessories/premiumcut-filet/?sort=rating&order=ASC,product,Crawled - Currently Not Indexed,"Improve content depth, canonical clarity and internal links"
https://compassgrill.co.il/frozen-meat/cut-lamb-spareribs/,product,Crawled - Currently Not Indexed,"Improve content depth, canonical clarity and internal links"
https://compassgrill.co.il/eitan-meat-eilat/בשרים-קפואים/angus-fl-boneless-assaado-snacks-500g-1/?category_id=125607,product,Crawled - Currently Not Indexed,"Improve content depth, canonical clarity and internal links"
https://compassgrill.co.il/butcher-kfar-saba/cut-lamb-spareribs/,product,Crawled - Currently Not Indexed,"Improve content depth, canonical clarity and internal links"
https://compassgrill.co.il/knives-and-accessories/giesser-knives/premiumcut-office-knife-10cm/?category_id=104927,product,Crawled - Currently Not Indexed,"Improve content depth, canonical clarity and internal links"
https://compassgrill.co.il/eitan-meat-eilat/frozen-meat/חזה-אווז-ארוז-בוואקום/,product,Crawled - Currently Not Indexed,"Improve content depth, canonical clarity and internal links"
https://compassgrill.co.il/cast-iron-tools-plov-cooking/cast-iron-cooking-tools/12l-asian-kazan-cast-iron-lid-uncoated/?sort=rating&order=ASC,product,Crawled - Currently Not Indexed,"Improve content depth, canonical clarity and internal links"
https://compassgrill.co.il/5-burner-gas-grill/rse625rsibpss-1-il/?sort=price&order=DESC,product,Crawled - Currently Not Indexed,"Improve content depth, canonical clarity and internal links"
https://compassgrill.co.il/gas-grills-1/2-burner-gas-grill/,product,Crawled - Currently Not Indexed,"Improve content depth, canonical clarity and internal links"
https://compassgrill.co.il/cast-iron-tools-plov-cooking/cast-iron-cooking-tools/cast-iron-grill-charcoal-holder/?sort=pd.name&order=DESC,product,Crawled - Currently Not Indexed,"Improve content depth, canonical clarity and internal links"
https://compassgrill.co.il/knives-and-accessories/giesser-knives/premiumcut-chef/?category_id=104927&sort=rating&order=ASC,product,Crawled - Currently Not Indexed,"Improve content depth, canonical clarity and internal links"
https://compassgrill.co.il/meat-aging-treatment/meat-accessories-tools/stainless-steel-burger-press/?category_id=121090&sort=price&order=ASC,product,Crawled - Currently Not Indexed,"Improve content depth, canonical clarity and internal links"
https://compassgrill.co.il/טחונים-קפואים/veal-lamb-kebab-140g-6-pcs-pack-1/?sort=p.model&order=ASC,product,Crawled - Currently Not Indexed,"Improve content depth, canonical clarity and internal links"
https://compassgrill.co.il/grill-smoker-accessories/grill-grate/,product,Crawled - Currently Not Indexed,"Improve content depth, canonical clarity and internal links"
https://compassgrill.co.il/knives-and-accessories/giesser-knives/premiumcut-chef/?category_id=104927,product,Crawled - Currently Not Indexed,"Improve content depth, canonical clarity and internal links"
https://compassgrill.co.il/grill-smoker-accessories/grill-grate/?category_id=37972,product,Crawled - Currently Not Indexed,"Improve content depth, canonical clarity and internal links"
https://compassgrill.co.il/knives-and-accessories/giesser-knives/premiumcut-filet/?category_id=104927&sort=p.model&order=ASC,product,Crawled - Currently Not Indexed,"Improve content depth, canonical clarity and internal links"
https://compassgrill.co.il/compass-skewers/bronz/?category_id=38152,product,Crawled - Currently Not Indexed,"Improve content depth, canonical clarity and internal links"
https://compassgrill.co.il/cast-iron-tools-plov-cooking/cast-iron-cooking-tools/dual-cast-iron-round-griddle/?category_id=35280&sort=rating&order=DESC,product,Crawled - Currently Not Indexed,"Improve content depth, canonical clarity and internal links"
https://compassgrill.co.il/butcher-kfar-saba/fresh-beef/veal-filet-medallions-5-pcs-500g/,product,Crawled - Currently Not Indexed,"Improve content depth, canonical clarity and internal links"
https://compassgrill.co.il/meat-aging-refrigerators-products/umai/umai-dry-meat-aging-bags-30x60cm-3-units/?category_id=36000&sort=p.model&order=ASC,product,Crawled - Currently Not Indexed,"Improve content depth, canonical clarity and internal links"
https://compassgrill.co.il/gas-grills-1/?sort=price&order=DESC,product,Crawled - Currently Not Indexed,"Improve content depth, canonical clarity and internal links"
https://compassgrill.co.il/knives-and-accessories/giesser-knives/tradition-kitchen-knife-16cm/?category_id=104927,product,Crawled - Currently Not Indexed,"Improve content depth, canonical clarity and internal links"
https://compassgrill.co.il/grill-smoker-accessories/heat-temperature-gauges/probe-thermometer/?sort=price&order=ASC,product,Crawled - Currently Not Indexed,"Improve content depth, canonical clarity and internal links"
https://compassgrill.co.il/meat-aging-treatment/meat-accessories-tools/stainless-steel-burger-press/?sort=pd.name&order=DESC,product,Crawled - Currently Not Indexed,"Improve content depth, canonical clarity and internal links"
https://compassgrill.co.il/knives-and-accessories/giesser-knives/premiumcut-slicer-31/?category_id=104927&sort=pd.name&order=DESC,product,Crawled - Currently Not Indexed,"Improve content depth, canonical clarity and internal links"
https://compassgrill.co.il/knives-and-accessories/giesser-knives/classic-slicer-knife-22-36cm/?category_id=104927&sort=p.sort_order&order=ASC,product,Crawled - Currently Not Indexed,"Improve content depth, canonical clarity and internal links"
https://compassgrill.co.il/eitan-meat-eilat/meat-vending-machine-24-7/romanian-kebab-homemade-650g-frozen-automatic-meat-247/?sort=price&order=ASC,product,Crawled - Currently Not Indexed,"Improve content depth, canonical clarity and internal links"
https://compassgrill.co.il/knives-and-accessories/giesser-knives/premiumcut-carving-set/?sort=rating&order=DESC,product,Crawled - Currently Not Indexed,"Improve content depth, canonical clarity and internal links"
https://compassgrill.co.il/knives-and-accessories/giesser-knives/premiumcut-carving-set/?category_id=104927,product,Crawled - Currently Not Indexed,"Improve content depth, canonical clarity and internal links"
https://compassgrill.co.il/poultry-3/frozen-chicken-shawarma-1kg/?sort=pd.name&order=ASC,product,Crawled - Currently Not Indexed,"Improve content depth, canonical clarity and internal links"
https://compassgrill.co.il/cast-iron-tools-plov-cooking/cast-iron-cooking-tools/cast-iron-cook-set/,product,Crawled - Currently Not Indexed,"Improve content depth, canonical clarity and internal links"
https://compassgrill.co.il/eitan-meat-eilat/fresh-meat-eilat/veal-filet-medallions-5-pcs-500g-1/?sort=p.model&order=ASC,product,Crawled - Currently Not Indexed,"Improve content depth, canonical clarity and internal links"
https://compassgrill.co.il/knives-and-accessories/giesser-knives/classic-slicer-knife-22-36cm/?category_id=104927&sort=price&order=ASC,product,Crawled - Currently Not Indexed,"Improve content depth, canonical clarity and internal links"
https://compassgrill.co.il/cast-iron-tools-plov-cooking/cast-iron-cooking-tools/poike-number-2/?category_id=35280&sort=p.model&order=DESC,product,Crawled - Currently Not Indexed,"Improve content depth, canonical clarity and internal links"
https://compassgrill.co.il/smoker-tandoor/pellet-smokers/pitboss-fb500/?sort=p.model&order=DESC,product,Crawled - Currently Not Indexed,"Improve content depth, canonical clarity and internal links"
https://compassgrill.co.il/knives-and-accessories/giesser-knives/classic-slicer-סכין-פריסה-מקצועית-22-25-28-31-36-ס-מ-copy-0/?category_id=104927&sort=p.model&order=ASC,product,Crawled - Currently Not Indexed,"Improve content depth, canonical clarity and internal links"
https://compassgrill.co.il/knives-and-accessories/giesser-knives/premiumcut-office-knife-10cm/?sort=rating&order=DESC,product,Crawled - Currently Not Indexed,"Improve content depth, canonical clarity and internal links"
https://compassgrill.co.il/knives-and-accessories/giesser-knives/premiumcut-carving-set/?category_id=104927&sort=pd.name&order=DESC,product,Crawled - Currently Not Indexed,"Improve content depth, canonical clarity and internal links"
https://compassgrill.co.il/cast-iron-tools-plov-cooking/cast-iron-zhigong-cooking-kazan/reckless-1-kazan-pot-grill/?category_id=70270&sort=p.model&order=DESC,product,Crawled - Currently Not Indexed,"Improve content depth, canonical clarity and internal links"
https://compassgrill.co.il/knives-and-accessories/giesser-knives/classic-slicer-knife-22-36cm/?sort=p.sort_order&order=ASC,product,Crawled - Currently Not Indexed,"Improve content depth, canonical clarity and internal links"
https://compassgrill.co.il/knives-and-accessories/giesser-knives/premiumcut-slicer-31/?category_id=104927&sort=p.model&order=DESC,product,Crawled - Currently Not Indexed,"Improve content depth, canonical clarity and internal links"
https://compassgrill.co.il/knives-and-accessories/giesser-knives/premiumcut-butcher-cleaver-22cm/?sort=p.sort_order&order=ASC,product,Crawled - Currently Not Indexed,"Improve content depth, canonical clarity and internal links"
https://compassgrill.co.il/knives-and-accessories/giesser-knives/premiumcut-yobocho-knife-20cm/?category_id=104927&sort=rating&order=DESC,product,Crawled - Currently Not Indexed,"Improve content depth, canonical clarity and internal links"
https://compassgrill.co.il/knives-and-accessories/giesser-knives/classic-slicer-knife-22-36cm/?sort=price&order=ASC,product,Crawled - Currently Not Indexed,"Improve content depth, canonical clarity and internal links"
https://compassgrill.co.il/knives-and-accessories/giesser-knives/premiumcut-office-knife-10cm/?category_id=104927&sort=pd.name&order=DESC,product,Crawled - Currently Not Indexed,"Improve content depth, canonical clarity and internal links"
https://compassgrill.co.il/cast-iron-tools-plov-cooking/cast-iron-cooking-tools/dual-sided-cast-iron-rectangular-griddle/?category_id=35280,product,Crawled - Currently Not Indexed,"Improve content depth, canonical clarity and internal links"
https://compassgrill.co.il/knives-and-accessories/giesser-knives/premiumcut-butcher-cleaver-22cm/?category_id=104927&sort=rating&order=DESC,product,Crawled - Currently Not Indexed,"Improve content depth, canonical clarity and internal links"
https://compassgrill.co.il/knives-and-accessories/giesser-knives/premiumcut-barbecue-30/?category_id=104927&sort=p.model&order=ASC,product,Crawled - Currently Not Indexed,"Improve content depth, canonical clarity and internal links"
https://compassgrill.co.il/cast-iron-tools-plov-cooking/cast-iron-cooking-tools/קאזן-אסייתי-10-ליטר-עם-מכסה-מברזל-יצוק-ללא-ציפוי-1/?category_id=35280,product,Crawled - Currently Not Indexed,"Improve content depth, canonical clarity and internal links"
https://compassgrill.co.il/knives-and-accessories/giesser-knives/premiumcut-chef/?category_id=104927&sort=p.model&order=DESC,product,Crawled - Currently Not Indexed,"Improve content depth, canonical clarity and internal links"
https://compassgrill.co.il/knives-and-accessories/giesser-knives/premiumcut-carving-set/?sort=price&order=ASC,product,Crawled - Currently Not Indexed,"Improve content depth, canonical clarity and internal links"
https://compassgrill.co.il/knives-and-accessories/giesser-knives/primeline-slicer-knife-20-25cm/?category_id=104927&sort=p.model&order=DESC,product,Crawled - Currently Not Indexed,"Improve content depth, canonical clarity and internal links"
https://compassgrill.co.il/grill-smoker-accessories/cast-iron-tools-plov-cooking/dual-cast-iron-round-griddle/?sort=p.sort_order&order=ASC,product,Crawled - Currently Not Indexed,"Improve content depth, canonical clarity and internal links"
https://compassgrill.co.il/gas-grills-1/gas-grill-charcoal-smoker-combo/memphis-ultimate-2-0-grill-combination/?category_id=108566&sort=price&order=DESC,product,Crawled - Currently Not Indexed,"Improve content depth, canonical clarity and internal links"
https://compassgrill.co.il/knives-and-accessories/giesser-knives/premiumcut-steel-sharpening-stone-25cm-fine/?category_id=104927&sort=p.model&order=DESC,product,Crawled - Currently Not Indexed,"Improve content depth, canonical clarity and internal links"
https://compassgrill.co.il/cast-iron-tools-plov-cooking/cast-iron-cooking-tools/קאזן-אסייתי-10-ליטר-עם-מכסה-מברזל-יצוק-ללא-ציפוי-1/,product,Crawled - Currently Not Indexed,"Improve content depth, canonical clarity and internal links"
https://compassgrill.co.il/cast-iron-cooking-tools/poike-number-3/?category_id=35280&sort=p.model&order=DESC,product,Crawled - Currently Not Indexed,"Improve content depth, canonical clarity and internal links"
https://compassgrill.co.il/knives-and-accessories/giesser-knives/premiumcut-3-piece-set/?category_id=104927&sort=p.model&order=ASC,product,Crawled - Currently Not Indexed,"Improve content depth, canonical clarity and internal links"
https://compassgrill.co.il/cast-iron-tools-plov-cooking/cast-iron-cooking-tools/dual-sided-cast-iron-rectangular-griddle/,product,Crawled - Currently Not Indexed,"Improve content depth, canonical clarity and internal links"
https://compassgrill.co.il/cast-iron-tools-plov-cooking/cast-iron-zhigong-cooking-kazan/קאזן-אסייתי-10-ליטר-עם-מכסה-מברזל-יצוק-ללא-ציפוי-1/?category_id=70270&sort=pd.name&order=ASC,product,Crawled - Currently Not Indexed,"Improve content depth, canonical clarity and internal links"
https://compassgrill.co.il/cast-iron-tools-plov-cooking/cast-iron-cooking-tools/dual-cast-iron-round-griddle/,product,Crawled - Currently Not Indexed,"Improve content depth, canonical clarity and internal links"
https://compassgrill.co.il/grill-smokers-tandoor/charcoal-grill-smokers-tandoor/charcoal-professional-il/?category_id=97704&sort=rating&order=DESC,product,Crawled - Currently Not Indexed,"Improve content depth, canonical clarity and internal links"
https://compassgrill.co.il/brand/caesar/cat4sib-ku-mwb-black/,product,Crawled - Currently Not Indexed,"Improve content depth, canonical clarity and internal links"
https://compassgrill.co.il/cast-iron-tools-plov-cooking/cast-iron-zhigong-cooking-kazan/6l-asian-kazan-cast-iron-lid-uncoated/?sort=rating&order=ASC,product,Crawled - Currently Not Indexed,"Improve content depth, canonical clarity and internal links"
https://compassgrill.co.il/smoker-tandoor/smoking-enthusiast-set/?sort=rating&order=DESC,product,Crawled - Currently Not Indexed,"Improve content depth, canonical clarity and internal links"
https://compassgrill.co.il/grill-smokers-tandoor/charcoal-grill-smokers-tandoor/charcoal-grill-with-legs-for-6-skewers-foldable-with-bag/?category_id=97704&sort=rating&order=DESC,product,Crawled - Currently Not Indexed,"Improve content depth, canonical clarity and internal links"
https://compassgrill.co.il/knives-and-accessories/giesser-knives/premiumcut-steel-sharpening-stone-25cm-fine/?sort=price&order=ASC,product,Crawled - Currently Not Indexed,"Improve content depth, canonical clarity and internal links"
https://compassgrill.co.il/poultry-3/spiced-chicken-wings/?category_id=105748&sort=p.sort_order&order=ASC,product,Crawled - Currently Not Indexed,"Improve content depth, canonical clarity and internal links"
https://compassgrill.co.il/knives-and-accessories/premiumcut-office-knife-10cm/?category_id=35161&sort=p.sort_order&order=ASC,product,Crawled - Currently Not Indexed,"Improve content depth, canonical clarity and internal links"
https://compassgrill.co.il/eitan-meat-eilat/frozen-ground-meat/veal-meatballs-830g-pack/?category_id=66897&sort=p.sort_order&order=ASC,product,Crawled - Currently Not Indexed,"Improve content depth, canonical clarity and internal links"
https://compassgrill.co.il/cast-iron-tools-plov-cooking/cast-iron-zhigong-cooking-kazan/קאזן-אסייתי-10-ליטר-עם-מכסה-מברזל-יצוק-ללא-ציפוי-1/?sort=pd.name&order=ASC,product,Crawled - Currently Not Indexed,"Improve content depth, canonical clarity and internal links"
https://compassgrill.co.il/knives-and-accessories/giesser-knives/premiumcut-steel-sharpening-stone-25cm-fine/?category_id=104927&sort=rating&order=ASC,product,Crawled - Currently Not Indexed,"Improve content depth, canonical clarity and internal links"
https://compassgrill.co.il/knives-and-accessories/giesser-knives/premiumcut-steak-knife-12cm/?category_id=104927,product,Crawled - Currently Not Indexed,"Improve content depth, canonical clarity and internal links"
https://compassgrill.co.il/smoker-tandoor/gas-grill-smokers-tandoor/ultimate-griddle-3/?category_id=97701&sort=price&order=ASC,product,Crawled - Currently Not Indexed,"Improve content depth, canonical clarity and internal links"
https://compassgrill.co.il/cast-iron-tools-plov-cooking/cast-iron-cooking-tools/dual-cast-iron-round-griddle/?sort=rating&order=DESC,product,Crawled - Currently Not Indexed,"Improve content depth, canonical clarity and internal links"
https://compassgrill.co.il/cast-iron-tools-plov-cooking/cast-iron-cooking-tools/poike-number-2-with-legs/?category_id=35280&sort=rating&order=DESC,product,Crawled - Currently Not Indexed,"Improve content depth, canonical clarity and internal links"
https://compassgrill.co.il/cast-iron-tools-plov-cooking/cast-iron-zhigong-cooking-kazan/8l-asian-kazan-cast-iron-lid-uncoated/?sort=pd.name&order=ASC,product,Crawled - Currently Not Indexed,"Improve content depth, canonical clarity and internal links"
https://compassgrill.co.il/cast-iron-tools-plov-cooking/cast-iron-zhigong-cooking-kazan/קאזן-אסייתי-10-ליטר-עם-מכסה-מברזל-יצוק-ללא-ציפוי-1/?category_id=70270,product,Crawled - Currently Not Indexed,"Improve content depth, canonical clarity and internal links"
https://compassgrill.co.il/knives-and-accessories/giesser-knives/classic-slicer-סכין-פריסה-מקצועית-22-25-28-31-36-ס-מ-copy-0/?category_id=104927&sort=p.model&order=DESC,product,Crawled - Currently Not Indexed,"Improve content depth, canonical clarity and internal links"
https://compassgrill.co.il/grill-smokers-tandoor/charcoal-grill-smokers-tandoor/charcoal-grill-with-legs-for-6-skewers-foldable-with-bag/?sort=rating&order=DESC,product,Crawled - Currently Not Indexed,"Improve content depth, canonical clarity and internal links"
https://compassgrill.co.il/cast-iron-tools-plov-cooking/cast-iron-cooking-tools/cast-iron-round-griddle-1/?category_id=35280&sort=p.model&order=ASC,product,Crawled - Currently Not Indexed,"Improve content depth, canonical clarity and internal links"
https://compassgrill.co.il/grill-smoker-accessories/cast-iron-tools-plov-cooking/cast-iron-cooking-tools/poike-number-2-with-legs/?category_id=35280&sort=pd.name&order=ASC,product,Crawled - Currently Not Indexed,"Improve content depth, canonical clarity and internal links"
https://compassgrill.co.il/cast-iron-tools-plov-cooking/cast-iron-cooking-tools/poike-number-2-with-legs/?category_id=35280&sort=rating&order=ASC,product,Crawled - Currently Not Indexed,"Improve content depth, canonical clarity and internal links"
https://compassgrill.co.il/poultry-3/spiced-chicken-wings/?sort=p.sort_order&order=ASC,product,Crawled - Currently Not Indexed,"Improve content depth, canonical clarity and internal links"
https://compassgrill.co.il/knives-and-accessories/giesser-knives/premiumcut-filet/?category_id=104927&sort=price&order=ASC,product,Crawled - Currently Not Indexed,"Improve content depth, canonical clarity and internal links"
https://compassgrill.co.il/eitan-meat-eilat/frozen-ground-meat/veal-meatballs-830g-pack/?sort=p.sort_order&order=ASC,product,Crawled - Currently Not Indexed,"Improve content depth, canonical clarity and internal links"
https://compassgrill.co.il/grill-smoker-accessories/compass-skewers/luxury-stainless-steel-skewers-with-bronze-handle-and-premium-leather-case-1/?category_id=38152&sort=pd.name&order=DESC,product,Crawled - Currently Not Indexed,"Improve content depth, canonical clarity and internal links"
https://compassgrill.co.il/cast-iron-tools-plov-cooking/cast-iron-zhigong-cooking-kazan/12l-asian-kazan-cast-iron-lid-uncoated/?category_id=70270,product,Crawled - Currently Not Indexed,"Improve content depth, canonical clarity and internal links"
https://compassgrill.co.il/grill-smoker-accessories/cast-iron-tools-plov-cooking/dual-cast-iron-round-griddle/?sort=price&order=DESC,product,Crawled - Currently Not Indexed,"Improve content depth, canonical clarity and internal links"
https://compassgrill.co.il/poultry-3/packed-chicken-drumsticks/?sort=p.sort_order&order=ASC,product,Crawled - Currently Not Indexed,"Improve content depth, canonical clarity and internal links"
https://compassgrill.co.il/grill-smoker-accessories/compass-skewers/bronz/?sort=pd.name&order=ASC,product,Crawled - Currently Not Indexed,"Improve content depth, canonical clarity and internal links"
https://compassgrill.co.il/knives-and-accessories/giesser-knives/premiumcut-office-knife-10cm/?sort=price&order=ASC,product,Crawled - Currently Not Indexed,"Improve content depth, canonical clarity and internal links"
https://compassgrill.co.il/cast-iron-tools-plov-cooking/cast-iron-cooking-tools/striped-pan-with-wooden-handle-cast-spout/?category_id=35280&sort=price&order=DESC,product,Crawled - Currently Not Indexed,"Improve content depth, canonical clarity and internal links"
https://compassgrill.co.il/cast-iron-tools-plov-cooking/cast-iron-cooking-tools/dual-cast-iron-round-griddle/?category_id=35280&sort=pd.name&order=DESC,product,Crawled - Currently Not Indexed,"Improve content depth, canonical clarity and internal links"
https://compassgrill.co.il/cast-iron-cooking-tools/poike-number-2/?category_id=35280&sort=p.sort_order&order=ASC,product,Crawled - Currently Not Indexed,"Improve content depth, canonical clarity and internal links"
https://compassgrill.co.il/cast-iron-tools-plov-cooking/cast-iron-cooking-tools/6l-asian-kazan-cast-iron-lid-uncoated/?category_id=35280&sort=rating&order=ASC,product,Crawled - Currently Not Indexed,"Improve content depth, canonical clarity and internal links"
https://compassgrill.co.il/knives-and-accessories/giesser-knives/premiumcut-yobocho-knife-20cm/?category_id=104927&sort=p.sort_order&order=ASC,product,Crawled - Currently Not Indexed,"Improve content depth, canonical clarity and internal links"
https://compassgrill.co.il/grill-smoker-accessories/compass-skewers/luxury-stainless-steel-skewers-with-bronze-handle-and-premium-leather-case-1/?sort=pd.name&order=DESC,product,Crawled - Currently Not Indexed,"Improve content depth, canonical clarity and internal links"
https://compassgrill.co.il/cast-iron-tools-plov-cooking/cast-iron-cooking-tools/poike-number-3/?category_id=35280&sort=rating&order=ASC,product,Crawled - Currently Not Indexed,"Improve content depth, canonical clarity and internal links"
https://compassgrill.co.il/cast-iron-tools-plov-cooking/cast-iron-cooking-tools/cast-iron-grill-charcoal-holder/?category_id=35280&sort=rating&order=DESC,product,Crawled - Currently Not Indexed,"Improve content depth, canonical clarity and internal links"
https://compassgrill.co.il/cast-iron-tools-plov-cooking/cast-iron-cooking-tools/cast-iron-meat-holder-wooden-base-for-cuts/,product,Crawled - Currently Not Indexed,"Improve content depth, canonical clarity and internal links"
https://compassgrill.co.il/cast-iron-tools-plov-cooking/cast-iron-cooking-tools/dual-sided-cast-iron-rectangular-griddle/?category_id=35280&sort=rating&order=DESC,product,Crawled - Currently Not Indexed,"Improve content depth, canonical clarity and internal links"
https://compassgrill.co.il/knives-and-accessories/giesser-knives/premiumcut-steak-knife-12cm/,product,Crawled - Currently Not Indexed,"Improve content depth, canonical clarity and internal links"
https://compassgrill.co.il/cast-iron-tools-plov-cooking/cast-iron-cooking-tools/poike-number-3/?category_id=35280&sort=rating&order=DESC,product,Crawled - Currently Not Indexed,"Improve content depth, canonical clarity and internal links"
https://compassgrill.co.il/knives-and-accessories/giesser-knives/premiumcut-chef/?sort=p.sort_order&order=ASC,product,Crawled - Currently Not Indexed,"Improve content depth, canonical clarity and internal links"
https://compassgrill.co.il/knives-and-accessories/giesser-knives/primeline-slicer-knife-20-25cm/?category_id=104927,product,Crawled - Currently Not Indexed,"Improve content depth, canonical clarity and internal links"
https://compassgrill.co.il/cast-iron-tools-plov-cooking/cast-iron-cooking-tools/cast-iron-round-griddle-1/?category_id=35280&sort=price&order=DESC,product,Crawled - Currently Not Indexed,"Improve content depth, canonical clarity and internal links"
https://compassgrill.co.il/knives-and-accessories/giesser-knives/premiumcut-filet/?sort=price&order=ASC,product,Crawled - Currently Not Indexed,"Improve content depth, canonical clarity and internal links"
https://compassgrill.co.il/pellet-smokers/navigator-side-smoker-קבינה-לדגמי-550-850-1150/?category_id=34516&sort=pd.name&order=DESC,product,Crawled - Currently Not Indexed,"Improve content depth, canonical clarity and internal links"
https://compassgrill.co.il/knives-and-accessories/giesser-knives/premiumcut-fork/?category_id=104927&sort=price&order=ASC,product,Crawled - Currently Not Indexed,"Improve content depth, canonical clarity and internal links"
https://compassgrill.co.il/smoker-tandoor/grill-smokers-tandoor/kamado-xl-k24-red/?category_id=97703,product,Crawled - Currently Not Indexed,"Improve content depth, canonical clarity and internal links"
https://compassgrill.co.il/knives-and-accessories/premiumcut-office-knife-10cm/?sort=p.sort_order&order=ASC,product,Crawled - Currently Not Indexed,"Improve content depth, canonical clarity and internal links"
https://compassgrill.co.il/cast-iron-tools-plov-cooking/cast-iron-cooking-tools/cast-iron-cook-set/?category_id=35280&sort=price&order=DESC,product,Crawled - Currently Not Indexed,"Improve content depth, canonical clarity and internal links"
https://compassgrill.co.il/knives-and-accessories/giesser-knives/premiumcut-slicer-31/?sort=rating&order=ASC,product,Crawled - Currently Not Indexed,"Improve content depth, canonical clarity and internal links"
https://compassgrill.co.il/cast-iron-tools-plov-cooking/cast-iron-cooking-tools/cast-iron-cook-set/?category_id=35280&sort=p.model&order=DESC,product,Crawled - Currently Not Indexed,"Improve content depth, canonical clarity and internal links"
https://compassgrill.co.il/knives-and-accessories/giesser-knives/premiumcut-fork/?sort=price&order=ASC,product,Crawled - Currently Not Indexed,"Improve content depth, canonical clarity and internal links"
https://compassgrill.co.il/cast-iron-tools-plov-cooking/cast-iron-cooking-tools/קאזן-אסייתי-10-ליטר-עם-מכסה-מברזל-יצוק-ללא-ציפוי-1/?category_id=35280&sort=rating&order=ASC,product,Crawled - Currently Not Indexed,"Improve content depth, canonical clarity and internal links"
https://compassgrill.co.il/cast-iron-tools-plov-cooking/cast-iron-cooking-tools/קאזן-אסייתי-10-ליטר-עם-מכסה-מברזל-יצוק-ללא-ציפוי-1/?category_id=35280&sort=pd.name&order=ASC,product,Crawled - Currently Not Indexed,"Improve content depth, canonical clarity and internal links"
https://compassgrill.co.il/cast-iron-tools-plov-cooking/cast-iron-zhigong-cooking-kazan/קאזן-אסייתי-10-ליטר-עם-מכסה-מברזל-יצוק-ללא-ציפוי-1/,product,Crawled - Currently Not Indexed,"Improve content depth, canonical clarity and internal links"
https://compassgrill.co.il/cast-iron-tools-plov-cooking/cast-iron-cooking-tools/poike-number-2-with-legs/?category_id=35280&sort=price&order=DESC,product,Crawled - Currently Not Indexed,"Improve content depth, canonical clarity and internal links"
https://compassgrill.co.il/3-burner-gas-grill/rps425rsibpk-2-il/?category_id=108375&sort=p.sort_order&order=ASC,product,Crawled - Currently Not Indexed,"Improve content depth, canonical clarity and internal links"
https://compassgrill.co.il/cast-iron-tools-plov-cooking/cast-iron-cooking-tools/dual-cast-iron-round-griddle/?category_id=35280&sort=p.model&order=DESC,product,Crawled - Currently Not Indexed,"Improve content depth, canonical clarity and internal links"
https://compassgrill.co.il/טחונים-קפואים/homemade-romanian-kebab-140g-6-pieces-pack-1/?category_id=125609&sort=p.model&order=ASC,product,Crawled - Currently Not Indexed,"Improve content depth, canonical clarity and internal links"
https://compassgrill.co.il/cast-iron-tools-plov-cooking/cast-iron-zhigong-cooking-kazan/12l-asian-kazan-cast-iron-lid-uncoated/?sort=pd.name&order=ASC,product,Crawled - Currently Not Indexed,"Improve content depth, canonical clarity and internal links"
https://compassgrill.co.il/gas-grills-1/o-f-b-premium/?category_id=35202,product,Crawled - Currently Not Indexed,"Improve content depth, canonical clarity and internal links"
https://compassgrill.co.il/knives-and-accessories/giesser-knives/premiumcut-fork/?category_id=104927&sort=pd.name&order=DESC,product,Crawled - Currently Not Indexed,"Improve content depth, canonical clarity and internal links"
https://compassgrill.co.il/pellet-smokers/navigator-side-smoker-קבינה-לדגמי-550-850-1150/?category_id=34516&sort=p.model&order=DESC,product,Crawled - Currently Not Indexed,"Improve content depth, canonical clarity and internal links"
https://compassgrill.co.il/knives-and-accessories/giesser-knives/tradition-kitchen-knife-16cm/?sort=price&order=ASC,product,Crawled - Currently Not Indexed,"Improve content depth, canonical clarity and internal links"
https://compassgrill.co.il/knives-and-accessories/giesser-knives/premiumcut-office-knife-10cm/?category_id=104927&sort=p.model&order=ASC,product,Crawled - Currently Not Indexed,"Improve content depth, canonical clarity and internal links"
https://compassgrill.co.il/eitan-meat-eilat/chicken-liver-1/?category_id=125603&sort=p.model&order=ASC,product,Crawled - Currently Not Indexed,"Improve content depth, canonical clarity and internal links"
https://compassgrill.co.il/knives-and-accessories/giesser-knives/classic-slicer-סכין-פריסה-מקצועית-22-25-28-31-36-ס-מ-copy-0/?sort=p.model&order=DESC,product,Crawled - Currently Not Indexed,"Improve content depth, canonical clarity and internal links"
https://compassgrill.co.il/cast-iron-tools-plov-cooking/cast-iron-cooking-tools/12l-asian-kazan-cast-iron-lid-uncoated/?category_id=35280&sort=pd.name&order=ASC,product,Crawled - Currently Not Indexed,"Improve content depth, canonical clarity and internal links"
https://compassgrill.co.il/בשרים-קפואים/feedlot-butcher-steak-1/?category_id=125607&sort=rating&order=ASC,product,Crawled - Currently Not Indexed,"Improve content depth, canonical clarity and internal links"
https://compassgrill.co.il/cast-iron-tools-plov-cooking/cast-iron-cooking-tools/cast-iron-grill-charcoal-holder/?sort=pd.name&order=ASC,product,Crawled - Currently Not Indexed,"Improve content depth, canonical clarity and internal links"
https://compassgrill.co.il/cast-iron-tools-plov-cooking/cast-iron-zhigong-cooking-kazan/reckless-1-kazan-pot-grill/?category_id=70270&sort=rating&order=ASC,product,Crawled - Currently Not Indexed,"Improve content depth, canonical clarity and internal links"
https://compassgrill.co.il/knives-and-accessories/lg-big-head-spatula/?category_id=35161&sort=p.sort_order&order=ASC,product,Crawled - Currently Not Indexed,"Improve content depth, canonical clarity and internal links"
https://compassgrill.co.il/smoker-tandoor/gas-grill-smokers-tandoor/champion-barrel-smoker/?sort=p.model&order=ASC,product,Crawled - Currently Not Indexed,"Improve content depth, canonical clarity and internal links"
https://compassgrill.co.il/cast-iron-tools-plov-cooking/cast-iron-cooking-tools/reckless-1-kazan-pot-grill/?category_id=35280&sort=price&order=DESC,product,Crawled - Currently Not Indexed,"Improve content depth, canonical clarity and internal links"
https://compassgrill.co.il/giesser-knives/primeline-slicer-knife-20-25cm/?category_id=104927&sort=pd.name&order=ASC,product,Crawled - Currently Not Indexed,"Improve content depth, canonical clarity and internal links"
https://compassgrill.co.il/cast-iron-cooking-tools/poike-number-3/?sort=p.model&order=DESC,product,Crawled - Currently Not Indexed,"Improve content depth, canonical clarity and internal links"
https://compassgrill.co.il/cast-iron-tools-plov-cooking/cast-iron-cooking-tools/poike-number-2-with-legs/?sort=rating&order=DESC,product,Crawled - Currently Not Indexed,"Improve content depth, canonical clarity and internal links"
https://compassgrill.co.il/cast-iron-tools-plov-cooking/cast-iron-cooking-tools/cast-iron-grill-charcoal-holder/?sort=rating&order=DESC,product,Crawled - Currently Not Indexed,"Improve content depth, canonical clarity and internal links"
https://compassgrill.co.il/cast-iron-tools-plov-cooking/cast-iron-zhigong-cooking-kazan/8l-asian-kazan-cast-iron-lid-uncoated/?category_id=70270&sort=pd.name&order=DESC,product,Crawled - Currently Not Indexed,"Improve content depth, canonical clarity and internal links"
https://compassgrill.co.il/בשרים-קפואים/feedlot-butcher-steak-1/?sort=rating&order=ASC,product,Crawled - Currently Not Indexed,"Improve content depth, canonical clarity and internal links"
https://compassgrill.co.il/grill-smoker-accessories/compass-skewers/luxury-stainless-steel-skewers-with-bronze-handle-and-premium-leather-case-1/?sort=pd.name&order=ASC,product,Crawled - Currently Not Indexed,"Improve content depth, canonical clarity and internal links"
https://compassgrill.co.il/cast-iron-cooking-tools/striped-pan-with-wooden-handle-cast-spout/?category_id=35280&sort=p.sort_order&order=ASC,product,Crawled - Currently Not Indexed,"Improve content depth, canonical clarity and internal links"
https://compassgrill.co.il/cast-iron-tools-plov-cooking/cast-iron-zhigong-cooking-kazan/קאזן-אסייתי-10-ליטר-עם-מכסה-מברזל-יצוק-ללא-ציפוי-1/?sort=price&order=ASC,product,Crawled - Currently Not Indexed,"Improve content depth, canonical clarity and internal links"
https://compassgrill.co.il/cast-iron-cooking-tools/poike-number-2-with-legs/?category_id=35280&sort=p.sort_order&order=ASC,product,Crawled - Currently Not Indexed,"Improve content depth, canonical clarity and internal links"
https://compassgrill.co.il/cast-iron-tools-plov-cooking/cast-iron-cooking-tools/striped-pan-with-wooden-handle-cast-spout/?sort=p.model&order=DESC,product,Crawled - Currently Not Indexed,"Improve content depth, canonical clarity and internal links"
https://compassgrill.co.il/cast-iron-tools-plov-cooking/cast-iron-zhigong-cooking-kazan/6l-asian-kazan-cast-iron-lid-uncoated/?sort=pd.name&order=ASC,product,Crawled - Currently Not Indexed,"Improve content depth, canonical clarity and internal links"
https://compassgrill.co.il/grill-smoker-accessories/compass-skewers/luxury-stainless-steel-skewers-with-bronze-handle-and-premium-leather-case-1/?category_id=38152&sort=price&order=ASC,product,Crawled - Currently Not Indexed,"Improve content depth, canonical clarity and internal links"
https://compassgrill.co.il/בשרים-קפואים/premium-ground-beef-1kg-tray-1/?category_id=125607&sort=rating&order=ASC,product,Crawled - Currently Not Indexed,"Improve content depth, canonical clarity and internal links"
https://compassgrill.co.il/grill-smoker-accessories/compass-skewers/luxury-stainless-steel-skewers-with-bronze-handle-and-premium-leather-case-1/?category_id=38152,product,Crawled - Currently Not Indexed,"Improve content depth, canonical clarity and internal links"
https://compassgrill.co.il/giesser-knives/primeline-slicer-knife-20-25cm/?sort=pd.name&order=ASC,product,Crawled - Currently Not Indexed,"Improve content depth, canonical clarity and internal links"
https://compassgrill.co.il/cast-iron-tools-plov-cooking/cast-iron-zhigong-cooking-kazan/קאזן-אסייתי-10-ליטר-עם-מכסה-מברזל-יצוק-ללא-ציפוי-1/?category_id=70270&sort=pd.name&order=DESC,product,Crawled - Currently Not Indexed,"Improve content depth, canonical clarity and internal links"
https://compassgrill.co.il/cast-iron-tools-plov-cooking/cast-iron-cooking-tools/קאזן-אסייתי-10-ליטר-עם-מכסה-מברזל-יצוק-ללא-ציפוי-1/?sort=rating&order=ASC,product,Crawled - Currently Not Indexed,"Improve content depth, canonical clarity and internal links"
https://compassgrill.co.il/eitan-meat-eilat/chicken-liver-1/?sort=p.model&order=ASC,product,Crawled - Currently Not Indexed,"Improve content depth, canonical clarity and internal links"
https://compassgrill.co.il/cast-iron-tools-plov-cooking/cast-iron-cooking-tools/dual-sided-cast-iron-rectangular-griddle/?category_id=35280&sort=p.model&order=DESC,product,Crawled - Currently Not Indexed,"Improve content depth, canonical clarity and internal links"
https://compassgrill.co.il/knives-and-accessories/lg-big-head-spatula/?sort=p.sort_order&order=ASC,product,Crawled - Currently Not Indexed,"Improve content depth, canonical clarity and internal links"
https://compassgrill.co.il/meat-aging-treatment/roast-net-size-16-50m/?category_id=121072&sort=rating&order=DESC,product,Crawled - Currently Not Indexed,"Improve content depth, canonical clarity and internal links"
https://compassgrill.co.il/cast-iron-tools-plov-cooking/cast-iron-cooking-tools/reckless-1-kazan-pot-grill/?sort=p.model&order=DESC,product,Crawled - Currently Not Indexed,"Improve content depth, canonical clarity and internal links"
https://compassgrill.co.il/cast-iron-tools-plov-cooking/cast-iron-cooking-tools/dual-sided-cast-iron-rectangular-griddle/?category_id=35280&sort=pd.name&order=ASC,product,Crawled - Currently Not Indexed,"Improve content depth, canonical clarity and internal links"
https://compassgrill.co.il/בשרים-קפואים/premium-ground-beef-1kg-tray-1/?sort=rating&order=ASC,product,Crawled - Currently Not Indexed,"Improve content depth, canonical clarity and internal links"
https://compassgrill.co.il/eitan-meat-eilat/veal-filet-medallions-5-pcs-500g-1/?category_id=125603&sort=rating&order=ASC,product,Crawled - Currently Not Indexed,"Improve content depth, canonical clarity and internal links"
https://compassgrill.co.il/grill-smoker-accessories/compass-skewers/bronz/?category_id=38152&sort=price&order=ASC,product,Crawled - Currently Not Indexed,"Improve content depth, canonical clarity and internal links"
https://compassgrill.co.il/cast-iron-tools-plov-cooking/cast-iron-zhigong-cooking-kazan/reckless-1-kazan-pot-grill/?sort=p.model&order=DESC,product,Crawled - Currently Not Indexed,"Improve content depth, canonical clarity and internal links"
https://compassgrill.co.il/fresh-beef/black-angus-feedlot-shoulder-roast-no-5-2kg/?sort=rating&order=DESC,product,Crawled - Currently Not Indexed,"Improve content depth, canonical clarity and internal links"
https://compassgrill.co.il/cast-iron-tools-plov-cooking/cast-iron-cooking-tools/dual-sided-cast-iron-rectangular-griddle/?category_id=35280&sort=rating&order=ASC,product,Crawled - Currently Not Indexed,"Improve content depth, canonical clarity and internal links"
https://compassgrill.co.il/knives-and-accessories/giesser-knives/premiumcut-yobocho-knife-20cm/?sort=p.sort_order&order=ASC,product,Crawled - Currently Not Indexed,"Improve content depth, canonical clarity and internal links"
https://compassgrill.co.il/eitan-meat-eilat/טחונים-קפואים/spicy-angus-chorizo-100g-12-14-pcs-tray-1/?category_id=125609&sort=price&order=DESC,product,Crawled - Currently Not Indexed,"Improve content depth, canonical clarity and internal links"
https://compassgrill.co.il/cast-iron-tools-plov-cooking/cast-iron-cooking-tools/poike-number-3/?sort=rating&order=ASC,product,Crawled - Currently Not Indexed,"Improve content depth, canonical clarity and internal links"
https://compassgrill.co.il/cast-iron-tools-plov-cooking/cast-iron-cooking-tools/reckless-1-kazan-pot-grill/?category_id=35280&sort=pd.name&order=DESC,product,Crawled - Currently Not Indexed,"Improve content depth, canonical clarity and internal links"
https://compassgrill.co.il/בשרים-קפואים/כבד-אווז-קפוא-ארוז-פרימיום-copy-0-1/?category_id=125607&sort=rating&order=ASC,product,Crawled - Currently Not Indexed,"Improve content depth, canonical clarity and internal links"
https://compassgrill.co.il/knives-and-accessories/giesser-knives/premiumcut-steel-sharpening-stone-25cm-fine/?category_id=104927&sort=p.model&order=ASC,product,Crawled - Currently Not Indexed,"Improve content depth, canonical clarity and internal links"
https://compassgrill.co.il/eitan-meat-eilat/veal-filet-medallions-5-pcs-500g-1/?sort=rating&order=ASC,product,Crawled - Currently Not Indexed,"Improve content depth, canonical clarity and internal links"
https://compassgrill.co.il/cast-iron-cooking-tools/dual-cast-iron-round-griddle/?category_id=35280&sort=p.sort_order&order=ASC,product,Crawled - Currently Not Indexed,"Improve content depth, canonical clarity and internal links"
https://compassgrill.co.il/cast-iron-tools-plov-cooking/cast-iron-cooking-tools/6l-asian-kazan-cast-iron-lid-uncoated/?sort=rating&order=ASC,product,Crawled - Currently Not Indexed,"Improve content depth, canonical clarity and internal links"
https://compassgrill.co.il/fresh-meat-eilat/?sort=pd.name&order=ASC,product,Crawled - Currently Not Indexed,"Improve content depth, canonical clarity and internal links"
https://compassgrill.co.il/cast-iron-tools-plov-cooking/cast-iron-cooking-tools/striped-pan-with-wooden-handle-cast-spout/?sort=price&order=DESC,product,Crawled - Currently Not Indexed,"Improve content depth, canonical clarity and internal links"
https://compassgrill.co.il/cast-iron-tools-plov-cooking/cast-iron-cooking-tools/cast-iron-grill-charcoal-holder/?category_id=35280&sort=p.sort_order&order=ASC,product,Crawled - Currently Not Indexed,"Improve content depth, canonical clarity and internal links"
https://compassgrill.co.il/meat-aging-treatment/roast-net-size-16-50m/?sort=rating&order=DESC,product,Crawled - Currently Not Indexed,"Improve content depth, canonical clarity and internal links"
https://compassgrill.co.il/gas-grills-1/5-burner-gas-grill/ultimate-griddle-5/?category_id=108565&sort=price&order=ASC,product,Crawled - Currently Not Indexed,"Improve content depth, canonical clarity and internal links"
https://compassgrill.co.il/cast-iron-tools-plov-cooking/cast-iron-cooking-tools/striped-pan-with-wooden-handle-cast-spout/?category_id=35280&sort=rating&order=DESC,product,Crawled - Currently Not Indexed,"Improve content depth, canonical clarity and internal links"
https://compassgrill.co.il/knives-and-accessories/giesser-knives/primeline-slicer-knife-20-25cm/?category_id=104927&sort=rating&order=ASC,product,Crawled - Currently Not Indexed,"Improve content depth, canonical clarity and internal links"
https://compassgrill.co.il/pellet-smokers/navigator-combo-1230-1/?category_id=34516&sort=p.model&order=DESC,product,Crawled - Currently Not Indexed,"Improve content depth, canonical clarity and internal links"
https://compassgrill.co.il/cast-iron-tools-plov-cooking/cast-iron-cooking-tools/poike-number-2/?sort=p.sort_order&order=ASC,product,Crawled - Currently Not Indexed,"Improve content depth, canonical clarity and internal links"
https://compassgrill.co.il/cast-iron-tools-plov-cooking/cast-iron-cooking-tools/poike-number-2/?sort=pd.name&order=DESC,product,Crawled - Currently Not Indexed,"Improve content depth, canonical clarity and internal links"
https://compassgrill.co.il/grill-smokers-tandoor/charcoal-grill-smokers-tandoor/charcoal-professional-il/?category_id=97704&sort=price&order=DESC,product,Crawled - Currently Not Indexed,"Improve content depth, canonical clarity and internal links"
https://compassgrill.co.il/outdoor-kitchen/modular-outdoor-kitchens/classic-outdoor-kitchen-1/?category_id=80794&sort=price&order=DESC,product,Crawled - Currently Not Indexed,"Improve content depth, canonical clarity and internal links"
https://compassgrill.co.il/brand/rosle/knife-block-passion-rosella/,product,Crawled - Currently Not Indexed,"Improve content depth, canonical clarity and internal links"
https://compassgrill.co.il/cast-iron-tools-plov-cooking/cast-iron-cooking-tools/reckless-1-kazan-pot-grill/?sort=price&order=DESC,product,Crawled - Currently Not Indexed,"Improve content depth, canonical clarity and internal links"
https://compassgrill.co.il/knives-and-accessories/giesser-knives/classic-slicer-סכין-פריסה-מקצועית-22-25-28-31-36-ס-מ-copy-0/?category_id=104927&sort=p.sort_order&order=ASC,product,Crawled - Currently Not Indexed,"Improve content depth, canonical clarity and internal links"
https://compassgrill.co.il/cast-iron-cooking-tools/dual-cast-iron-round-griddle/?sort=p.sort_order&order=ASC,product,Crawled - Currently Not Indexed,"Improve content depth, canonical clarity and internal links"
https://compassgrill.co.il/3-burner-gas-grill/ultimate-griddle-3/?category_id=108375&sort=p.sort_order&order=ASC,product,Crawled - Currently Not Indexed,"Improve content depth, canonical clarity and internal links"
https://compassgrill.co.il/cast-iron-tools-plov-cooking/cast-iron-cooking-tools/cast-iron-cook-set/?sort=p.model&order=DESC,product,Crawled - Currently Not Indexed,"Improve content depth, canonical clarity and internal links"
https://compassgrill.co.il/knives-and-accessories/giesser-knives/classic-slicer-סכין-פריסה-מקצועית-22-25-28-31-36-ס-מ-copy-0/?sort=p.sort_order&order=ASC,product,Crawled - Currently Not Indexed,"Improve content depth, canonical clarity and internal links"
https://compassgrill.co.il/cast-iron-tools-plov-cooking/cast-iron-zhigong-cooking-kazan/reckless-1-kazan-pot-grill/?sort=rating&order=ASC,product,Crawled - Currently Not Indexed,"Improve content depth, canonical clarity and internal links"
https://compassgrill.co.il/grill-smokers-tandoor/charcoal-grill-smokers-tandoor/charcoal-grill-with-legs-for-6-skewers-foldable-with-bag/?category_id=97704&sort=pd.name&order=ASC,product,Crawled - Currently Not Indexed,"Improve content depth, canonical clarity and internal links"
https://compassgrill.co.il/cast-iron-tools-plov-cooking/cast-iron-cooking-tools/reckless-1-kazan-pot-grill/?sort=pd.name&order=DESC,product,Crawled - Currently Not Indexed,"Improve content depth, canonical clarity and internal links"
https://compassgrill.co.il/cast-iron-tools-plov-cooking/cast-iron-cooking-tools/12l-asian-kazan-cast-iron-lid-uncoated/?sort=pd.name&order=ASC,product,Crawled - Currently Not Indexed,"Improve content depth, canonical clarity and internal links"
https://compassgrill.co.il/knives-and-accessories/lg-3-piece-tool-set/?category_id=35161&sort=p.sort_order&order=ASC,product,Crawled - Currently Not Indexed,"Improve content depth, canonical clarity and internal links"
https://compassgrill.co.il/cast-iron-tools-plov-cooking/cast-iron-cooking-tools/striped-pan-cast-spout/?category_id=35280&sort=pd.name&order=ASC,product,Crawled - Currently Not Indexed,"Improve content depth, canonical clarity and internal links"
https://compassgrill.co.il/knives-and-accessories/giesser-knives/premiumcut-steel-sharpening-stone-25cm-fine/?category_id=104927,product,Crawled - Currently Not Indexed,"Improve content depth, canonical clarity and internal links"
https://compassgrill.co.il/grill-smoker-accessories/69865/?category_id=37972,product,Crawled - Currently Not Indexed,"Improve content depth, canonical clarity and internal links"
https://compassgrill.co.il/cast-iron-tools-plov-cooking/cast-iron-cooking-tools/dual-sided-cast-iron-rectangular-griddle/?sort=pd.name&order=ASC,product,Crawled - Currently Not Indexed,"Improve content depth, canonical clarity and internal links"
https://compassgrill.co.il/cast-iron-tools-plov-cooking/cast-iron-cooking-tools/dual-cast-iron-round-griddle/?sort=p.model&order=DESC,product,Crawled - Currently Not Indexed,"Improve content depth, canonical clarity and internal links"
https://compassgrill.co.il/cast-iron-tools-plov-cooking/cast-iron-cooking-tools/8l-asian-kazan-cast-iron-lid-uncoated/?category_id=35280&sort=p.model&order=DESC,product,Crawled - Currently Not Indexed,"Improve content depth, canonical clarity and internal links"
https://compassgrill.co.il/grill-smoker-accessories/compass-skewers/bronz/?category_id=38152&sort=rating&order=ASC,product,Crawled - Currently Not Indexed,"Improve content depth, canonical clarity and internal links"
https://compassgrill.co.il/cast-iron-tools-plov-cooking/cast-iron-cooking-tools/dual-sided-cast-iron-rectangular-griddle/?sort=rating&order=ASC,product,Crawled - Currently Not Indexed,"Improve content depth, canonical clarity and internal links"
https://compassgrill.co.il/cast-iron-tools-plov-cooking/cast-iron-cooking-tools/poike-number-3/?category_id=35280&sort=pd.name&order=DESC,product,Crawled - Currently Not Indexed,"Improve content depth, canonical clarity and internal links"
https://compassgrill.co.il/garden-firepits-and-decor/pureview-72-inch-electric-fireplace/?category_id=95012&sort=rating&order=ASC,product,Crawled - Currently Not Indexed,"Improve content depth, canonical clarity and internal links"
https://compassgrill.co.il/cast-iron-cooking-tools/poike-number-2-with-legs/?sort=p.sort_order&order=ASC,product,Crawled - Currently Not Indexed,"Improve content depth, canonical clarity and internal links"
https://compassgrill.co.il/cast-iron-tools-plov-cooking/cast-iron-cooking-tools/poike-number-2-with-legs/?sort=price&order=DESC,product,Crawled - Currently Not Indexed,"Improve content depth, canonical clarity and internal links"
https://compassgrill.co.il/cast-iron-tools-plov-cooking/cast-iron-cooking-tools/cast-iron-meat-holder-wooden-base-for-cuts/?category_id=35280&sort=price&order=DESC,product,Crawled - Currently Not Indexed,"Improve content depth, canonical clarity and internal links"
https://compassgrill.co.il/cast-iron-tools-plov-cooking/cast-iron-cooking-tools/קאזן-אסייתי-10-ליטר-עם-מכסה-מברזל-יצוק-ללא-ציפוי-1/?sort=pd.name&order=ASC,product,Crawled - Currently Not Indexed,"Improve content depth, canonical clarity and internal links"
https://compassgrill.co.il/cast-iron-tools-plov-cooking/cast-iron-cooking-tools/poike-number-2-with-legs/?sort=rating&order=ASC,product,Crawled - Currently Not Indexed,"Improve content depth, canonical clarity and internal links"
https://compassgrill.co.il/cast-iron-tools-plov-cooking/cast-iron-zhigong-cooking-kazan/קאזן-אסייתי-10-ליטר-עם-מכסה-מברזל-יצוק-ללא-ציפוי-1/?category_id=70270&sort=p.sort_order&order=ASC,product,Crawled - Currently Not Indexed,"Improve content depth, canonical clarity and internal links"
https://compassgrill.co.il/cast-iron-tools-plov-cooking/cast-iron-cooking-tools/cast-iron-cook-set/?sort=price&order=DESC,product,Crawled - Currently Not Indexed,"Improve content depth, canonical clarity and internal links"
https://compassgrill.co.il/cast-iron-tools-plov-cooking/cast-iron-zhigong-cooking-kazan/reckless-1-kazan-pot-grill/?category_id=70270&sort=p.sort_order&order=ASC,product,Crawled - Currently Not Indexed,"Improve content depth, canonical clarity and internal links"
https://compassgrill.co.il/outdoor-kitchen,product,Crawled - Currently Not Indexed,"Improve content depth, canonical clarity and internal links"
https://compassgrill.co.il/knives-and-accessories/giesser-knives/tradition-chef-knife-20-26cm/?category_id=104927&sort=p.model&order=ASC,product,Crawled - Currently Not Indexed,"Improve content depth, canonical clarity and internal links"
https://compassgrill.co.il/cast-iron-tools-plov-cooking/cast-iron-cooking-tools/cast-iron-meat-holder-wooden-base-for-cuts/?sort=price&order=DESC,product,Crawled - Currently Not Indexed,"Improve content depth, canonical clarity and internal links"
https://compassgrill.co.il/cast-iron-tools-plov-cooking/cast-iron-cooking-tools/striped-pan-cast-spout/?category_id=35280&sort=rating&order=ASC,product,Crawled - Currently Not Indexed,"Improve content depth, canonical clarity and internal links"
https://compassgrill.co.il/cast-iron-tools-plov-cooking/cast-iron-cooking-tools/poike-number-3/?sort=rating&order=DESC,product,Crawled - Currently Not Indexed,"Improve content depth, canonical clarity and internal links"
https://compassgrill.co.il/knives-and-accessories/giesser-knives/premiumcut-butcher-cleaver-22cm/?category_id=104927&sort=pd.name&order=DESC,product,Crawled - Currently Not Indexed,"Improve content depth, canonical clarity and internal links"
https://compassgrill.co.il/cast-iron-tools-plov-cooking/cast-iron-cooking-tools/striped-pan-cast-spout/?category_id=35280&sort=price&order=DESC,product,Crawled - Currently Not Indexed,"Improve content depth, canonical clarity and internal links"
https://compassgrill.co.il/garden-firepits-and-decor/pureview-72-inch-electric-fireplace/?sort=rating&order=ASC,product,Crawled - Currently Not Indexed,"Improve content depth, canonical clarity and internal links"
https://compassgrill.co.il/בשרים-קפואים/כבד-אווז-קפוא-ארוז-פרימיום-copy-0-1/?sort=rating&order=ASC,product,Crawled - Currently Not Indexed,"Improve content depth, canonical clarity and internal links"
https://compassgrill.co.il/בשרים-קפואים/angus-burger-220g-4-pcs-tray-chef-recipe-1/?category_id=125607,product,Crawled - Currently Not Indexed,"Improve content depth, canonical clarity and internal links"
https://compassgrill.co.il/frozen-meat/frozen-seasoned-chicken-skewers-5-pieces/?sort=price&order=ASC,product,Crawled - Currently Not Indexed,"Improve content depth, canonical clarity and internal links"
https://compassgrill.co.il/knives-and-accessories/giesser-knives/premiumcut-carving-set/?category_id=104927&sort=price&order=DESC,product,Crawled - Currently Not Indexed,"Improve content depth, canonical clarity and internal links"
https://compassgrill.co.il/giesser-knives/tradition-butcher-slicer-knife-24-30cm/?category_id=104927&sort=pd.name&order=ASC,product,Crawled - Currently Not Indexed,"Improve content depth, canonical clarity and internal links"
https://compassgrill.co.il/cast-iron-tools-plov-cooking/cast-iron-cooking-tools/dual-sided-cast-iron-rectangular-griddle/?sort=rating&order=DESC,product,Crawled - Currently Not Indexed,"Improve content depth, canonical clarity and internal links"
https://compassgrill.co.il/cast-iron-tools-plov-cooking/cast-iron-cooking-tools/poike-number-3-with-legs/?category_id=35280&sort=pd.name&order=ASC,product,Crawled - Currently Not Indexed,"Improve content depth, canonical clarity and internal links"
https://compassgrill.co.il/cast-iron-tools-plov-cooking/cast-iron-cooking-tools/reckless-1-kazan-pot-grill/?category_id=35280,product,Crawled - Currently Not Indexed,"Improve content depth, canonical clarity and internal links"
https://compassgrill.co.il/cast-iron-tools-plov-cooking/cast-iron-cooking-tools/poike-number-3/?category_id=35280&sort=p.model&order=DESC,product,Crawled - Currently Not Indexed,"Improve content depth, canonical clarity and internal links"
https://compassgrill.co.il/cast-iron-cooking-tools/poike-number-2/?category_id=35280&sort=p.model&order=DESC,product,Crawled - Currently Not Indexed,"Improve content depth, canonical clarity and internal links"
https://compassgrill.co.il/cast-iron-tools-plov-cooking/cast-iron-cooking-tools/reckless-1-kazan-pot-grill/?category_id=35280&sort=pd.name&order=ASC,product,Crawled - Currently Not Indexed,"Improve content depth, canonical clarity and internal links"
https://compassgrill.co.il/cast-iron-tools-plov-cooking/cast-iron-cooking-tools/striped-pan-cast-spout/?sort=price&order=DESC,product,Crawled - Currently Not Indexed,"Improve content depth, canonical clarity and internal links"
https://compassgrill.co.il/grill-smoker-accessories/knives-and-accessories/giesser-knives/premiumcut-steak-knife-12cm/?category_id=104927&sort=price&order=ASC,product,Crawled - Currently Not Indexed,"Improve content depth, canonical clarity and internal links"
https://compassgrill.co.il/בשרים-קפואים/angus-burger-220g-4-pcs-tray-chef-recipe-1/,product,Crawled - Currently Not Indexed,"Improve content depth, canonical clarity and internal links"
https://compassgrill.co.il/cast-iron-tools-plov-cooking/cast-iron-cooking-tools/8l-asian-kazan-cast-iron-lid-uncoated/?category_id=35280&sort=pd.name&order=DESC,product,Crawled - Currently Not Indexed,"Improve content depth, canonical clarity and internal links"
https://compassgrill.co.il/cast-iron-tools-plov-cooking/cast-iron-cooking-tools/dual-cast-iron-round-griddle/?sort=pd.name&order=DESC,product,Crawled - Currently Not Indexed,"Improve content depth, canonical clarity and internal links"
https://compassgrill.co.il/cast-iron-tools-plov-cooking/cast-iron-cooking-tools/reckless-1-kazan-pot-grill/?category_id=35280&sort=rating&order=DESC,product,Crawled - Currently Not Indexed,"Improve content depth, canonical clarity and internal links"
https://compassgrill.co.il/cast-iron-tools-plov-cooking/cast-iron-cooking-tools/striped-pan-with-wooden-handle-cast-spout/?sort=rating&order=DESC,product,Crawled - Currently Not Indexed,"Improve content depth, canonical clarity and internal links"
https://compassgrill.co.il/cast-iron-tools-plov-cooking/cast-iron-cooking-tools/cast-iron-cook-set/?category_id=35280&sort=pd.name&order=ASC,product,Crawled - Currently Not Indexed,"Improve content depth, canonical clarity and internal links"
https://compassgrill.co.il/cast-iron-tools-plov-cooking/cast-iron-zhigong-cooking-kazan/12l-asian-kazan-cast-iron-lid-uncoated/?category_id=70270&sort=p.sort_order&order=ASC,product,Crawled - Currently Not Indexed,"Improve content depth, canonical clarity and internal links"
https://compassgrill.co.il/cast-iron-tools-plov-cooking/cast-iron-zhigong-cooking-kazan/קאזן-אסייתי-10-ליטר-עם-מכסה-מברזל-יצוק-ללא-ציפוי-1/?category_id=70270&sort=price&order=DESC,product,Crawled - Currently Not Indexed,"Improve content depth, canonical clarity and internal links"
https://compassgrill.co.il/cast-iron-tools-plov-cooking/cast-iron-zhigong-cooking-kazan/reckless-1-kazan-pot-grill/?category_id=70270,product,Crawled - Currently Not Indexed,"Improve content depth, canonical clarity and internal links"
https://compassgrill.co.il/cast-iron-tools-plov-cooking/cast-iron-cooking-tools/6l-asian-kazan-cast-iron-lid-uncoated/?category_id=35280&sort=pd.name&order=ASC,product,Crawled - Currently Not Indexed,"Improve content depth, canonical clarity and internal links"
https://compassgrill.co.il/cast-iron-tools-plov-cooking/cast-iron-cooking-tools/reckless-1-kazan-pot-grill/?sort=rating&order=DESC,product,Crawled - Currently Not Indexed,"Improve content depth, canonical clarity and internal links"
https://compassgrill.co.il/grill-smokers-tandoor/charcoal-grill-smokers-tandoor/stainless-steel-charcoal-grill-for-6-skewers-foldable-with-bag/?category_id=97704&sort=rating&order=DESC,product,Crawled - Currently Not Indexed,"Improve content depth, canonical clarity and internal links"
https://compassgrill.co.il/cast-iron-tools-plov-cooking/cast-iron-cooking-tools/reckless-1-kazan-pot-grill/,product,Crawled - Currently Not Indexed,"Improve content depth, canonical clarity and internal links"
https://compassgrill.co.il/cast-iron-tools-plov-cooking/cast-iron-cooking-tools/poike-number-3-with-legs/?category_id=35280&sort=p.model&order=DESC,product,Crawled - Currently Not Indexed,"Improve content depth, canonical clarity and internal links"
https://compassgrill.co.il/cast-iron-tools-plov-cooking/cast-iron-cooking-tools/striped-pan-cast-spout/?sort=pd.name&order=ASC,product,Crawled - Currently Not Indexed,"Improve content depth, canonical clarity and internal links"
https://compassgrill.co.il/knives-and-accessories/giesser-knives/premiumcut-barbecue-30/?category_id=104927&sort=p.sort_order&order=ASC,product,Crawled - Currently Not Indexed,"Improve content depth, canonical clarity and internal links"
https://compassgrill.co.il/cast-iron-cooking-tools/poike-number-2/?sort=p.model&order=DESC,product,Crawled - Currently Not Indexed,"Improve content depth, canonical clarity and internal links"
https://compassgrill.co.il/giesser-knives/premiumcut-yobocho-knife-20cm/?category_id=104927&sort=p.model&order=DESC,product,Crawled - Currently Not Indexed,"Improve content depth, canonical clarity and internal links"
https://compassgrill.co.il/cast-iron-tools-plov-cooking/cast-iron-cooking-tools/8l-asian-kazan-cast-iron-lid-uncoated/?sort=pd.name&order=DESC,product,Crawled - Currently Not Indexed,"Improve content depth, canonical clarity and internal links"
https://compassgrill.co.il/garden-firepits-and-decor/allure-100-inch-electric-fireplace-254cm/?category_id=95012&sort=rating&order=ASC,product,Crawled - Currently Not Indexed,"Improve content depth, canonical clarity and internal links"
https://compassgrill.co.il/cast-iron-tools-plov-cooking/cast-iron-zhigong-cooking-kazan/12l-asian-kazan-cast-iron-lid-uncoated/?category_id=70270&sort=price&order=DESC,product,Crawled - Currently Not Indexed,"Improve content depth, canonical clarity and internal links"
https://compassgrill.co.il/cast-iron-tools-plov-cooking/cast-iron-cooking-tools/8l-asian-kazan-cast-iron-lid-uncoated/?category_id=35280&sort=p.sort_order&order=ASC,product,Crawled - Currently Not Indexed,"Improve content depth, canonical clarity and internal links"
https://compassgrill.co.il/grill-smokers-tandoor/charcoal-grill-smokers-tandoor/charcoal-grill-for-8-skewers-foldable-with-bag/?category_id=97704&sort=rating&order=DESC,product,Crawled - Currently Not Indexed,"Improve content depth, canonical clarity and internal links"
https://compassgrill.co.il/giesser-knives/tradition-butcher-slicer-knife-24-30cm/?sort=pd.name&order=ASC,product,Crawled - Currently Not Indexed,"Improve content depth, canonical clarity and internal links"
https://compassgrill.co.il/grill-smoker-accessories/69865/,product,Crawled - Currently Not Indexed,"Improve content depth, canonical clarity and internal links"
https://compassgrill.co.il/butcher-kfar-saba/fresh-sliced-tomahawk-1kg/?sort=rating&order=ASC,product,Crawled - Currently Not Indexed,"Improve content depth, canonical clarity and internal links"
https://compassgrill.co.il/smoker-tandoor/ultimate-griddle-5/?category_id=34515&sort=rating&order=ASC,product,Crawled - Currently Not Indexed,"Improve content depth, canonical clarity and internal links"
https://compassgrill.co.il/meat-vending-machine-24-7/אנטריקוט-פידלוט-בלאק-אנגוס-copy-1/?sort=pd.name&order=ASC,product,Crawled - Currently Not Indexed,"Improve content depth, canonical clarity and internal links"
https://compassgrill.co.il/cast-iron-cooking-tools/striped-pan-with-wooden-handle-cast-spout/?sort=p.sort_order&order=ASC,product,Crawled - Currently Not Indexed,"Improve content depth, canonical clarity and internal links"
https://compassgrill.co.il/grill-smoker-accessories/knives-and-accessories/giesser-knives/premiumcut-steak-knife-12cm/?sort=price&order=ASC,product,Crawled - Currently Not Indexed,"Improve content depth, canonical clarity and internal links"
https://compassgrill.co.il/cast-iron-tools-plov-cooking/cast-iron-cooking-tools/6l-asian-kazan-cast-iron-lid-uncoated/?category_id=35280&sort=pd.name&order=DESC,product,Crawled - Currently Not Indexed,"Improve content depth, canonical clarity and internal links"
https://compassgrill.co.il/gas-grills-1/?sort=rating&order=ASC,product,Crawled - Currently Not Indexed,"Improve content depth, canonical clarity and internal links"
https://compassgrill.co.il/grill-smokers-tandoor/charcoal-grill-smokers-tandoor/charcoal-grill-for-8-skewers-foldable-with-bag/?sort=rating&order=DESC,product,Crawled - Currently Not Indexed,"Improve content depth, canonical clarity and internal links"
https://compassgrill.co.il/cast-iron-tools-plov-cooking/cast-iron-zhigong-cooking-kazan/6l-asian-kazan-cast-iron-lid-uncoated/?category_id=70270&sort=price&order=ASC,product,Crawled - Currently Not Indexed,"Improve content depth, canonical clarity and internal links"
https://compassgrill.co.il/cast-iron-tools-plov-cooking/cast-iron-cooking-tools/cast-iron-meat-holder-wooden-base-for-cuts/?sort=pd.name&order=ASC,product,Crawled - Currently Not Indexed,"Improve content depth, canonical clarity and internal links"
https://compassgrill.co.il/grill-smokers-tandoor/charcoal-grill-smokers-tandoor/stainless-steel-charcoal-grill-for-6-skewers-foldable-with-bag/?sort=rating&order=DESC,product,Crawled - Currently Not Indexed,"Improve content depth, canonical clarity and internal links"
https://compassgrill.co.il/knives-and-accessories/giesser-knives/premiumcut-yobocho-knife-20cm/?category_id=104927&sort=price&order=ASC,product,Crawled - Currently Not Indexed,"Improve content depth, canonical clarity and internal links"
https://compassgrill.co.il/knives-and-accessories/giesser-knives/premiumcut-chef/?category_id=104927&sort=price&order=ASC,product,Crawled - Currently Not Indexed,"Improve content depth, canonical clarity and internal links"
https://compassgrill.co.il/knives-and-accessories/giesser-knives/premiumcut-barbecue-30/?sort=p.sort_order&order=ASC,product,Crawled - Currently Not Indexed,"Improve content depth, canonical clarity and internal links"
https://compassgrill.co.il/cast-iron-tools-plov-cooking/cast-iron-cooking-tools/8l-asian-kazan-cast-iron-lid-uncoated/?category_id=35280&sort=price&order=DESC,product,Crawled - Currently Not Indexed,"Improve content depth, canonical clarity and internal links"
https://compassgrill.co.il/grill-smoker-accessories/cast-iron-tools-plov-cooking/cast-iron-cooking-tools/poike-number-3/?category_id=35280&sort=pd.name&order=DESC,product,Crawled - Currently Not Indexed,"Improve content depth, canonical clarity and internal links"
https://compassgrill.co.il/cast-iron-tools-plov-cooking/cast-iron-cooking-tools/12l-asian-kazan-cast-iron-lid-uncoated/?category_id=35280&sort=price&order=DESC,product,Crawled - Currently Not Indexed,"Improve content depth, canonical clarity and internal links"
https://compassgrill.co.il/cast-iron-tools-plov-cooking/cast-iron-cooking-tools/reckless-1-kazan-pot-grill/?sort=pd.name&order=ASC,product,Crawled - Currently Not Indexed,"Improve content depth, canonical clarity and internal links"
https://compassgrill.co.il/cast-iron-tools-plov-cooking/cast-iron-zhigong-cooking-kazan/6l-asian-kazan-cast-iron-lid-uncoated/?category_id=70270&sort=price&order=DESC,product,Crawled - Currently Not Indexed,"Improve content depth, canonical clarity and internal links"
https://compassgrill.co.il/cast-iron-tools-plov-cooking/cast-iron-cooking-tools/8l-asian-kazan-cast-iron-lid-uncoated/?sort=p.model&order=DESC,product,Crawled - Currently Not Indexed,"Improve content depth, canonical clarity and internal links"
https://compassgrill.co.il/knives-and-accessories/giesser-knives/premiumcut-filet/?category_id=104927&sort=p.sort_order&order=ASC,product,Crawled - Currently Not Indexed,"Improve content depth, canonical clarity and internal links"
https://compassgrill.co.il/grill-smoker-accessories/cast-iron-tools-plov-cooking/cast-iron-cooking-tools/poike-number-2-with-legs/?category_id=35280&sort=price&order=ASC,product,Crawled - Currently Not Indexed,"Improve content depth, canonical clarity and internal links"
https://compassgrill.co.il/knives-and-accessories/giesser-knives/premiumcut-barbecue-30/?category_id=104927&sort=price&order=ASC,product,Crawled - Currently Not Indexed,"Improve content depth, canonical clarity and internal links"
https://compassgrill.co.il/cast-iron-tools-plov-cooking/cast-iron-cooking-tools/6l-asian-kazan-cast-iron-lid-uncoated/?sort=pd.name&order=ASC,product,Crawled - Currently Not Indexed,"Improve content depth, canonical clarity and internal links"
https://compassgrill.co.il/knives-and-accessories/giesser-knives/primeline-slicer-knife-20-25cm/?category_id=104927&sort=p.sort_order&order=ASC,product,Crawled - Currently Not Indexed,"Improve content depth, canonical clarity and internal links"
https://compassgrill.co.il/meat-accessories-tools/premiumcut-fork/?category_id=121090&sort=pd.name&order=DESC,product,Crawled - Currently Not Indexed,"Improve content depth, canonical clarity and internal links"
https://compassgrill.co.il/cast-iron-tools-plov-cooking/cast-iron-cooking-tools/dual-sided-cast-iron-rectangular-griddle/?sort=p.model&order=DESC,product,Crawled - Currently Not Indexed,"Improve content depth, canonical clarity and internal links"
https://compassgrill.co.il/grill-smoker-accessories/knives-and-accessories/pb-all-in-one-tool/?category_id=35161&sort=price&order=ASC,product,Crawled - Currently Not Indexed,"Improve content depth, canonical clarity and internal links"
https://compassgrill.co.il/cast-iron-cooking-tools/poike-number-2/?category_id=35280&sort=pd.name&order=ASC,product,Crawled - Currently Not Indexed,"Improve content depth, canonical clarity and internal links"
https://compassgrill.co.il/cast-iron-tools-plov-cooking/cast-iron-cooking-tools/poike-number-2-with-legs/?category_id=35280&sort=pd.name&order=DESC,product,Crawled - Currently Not Indexed,"Improve content depth, canonical clarity and internal links"
https://compassgrill.co.il/cast-iron-tools-plov-cooking/cast-iron-cooking-tools/poike-number-3-with-legs/?sort=p.model&order=DESC,product,Crawled - Currently Not Indexed,"Improve content depth, canonical clarity and internal links"
https://compassgrill.co.il/cast-iron-tools-plov-cooking/cast-iron-zhigong-cooking-kazan/8l-asian-kazan-cast-iron-lid-uncoated/?category_id=70270&sort=p.model&order=DESC,product,Crawled - Currently Not Indexed,"Improve content depth, canonical clarity and internal links"
https://compassgrill.co.il/pellet-smokers/memphis-ultimate-2-0-grill-combination/?category_id=34516&sort=pd.name&order=DESC,product,Crawled - Currently Not Indexed,"Improve content depth, canonical clarity and internal links"
https://compassgrill.co.il/grill-smoker-accessories/cast-iron-tools-plov-cooking/cast-iron-cooking-tools/poike-number-2/?category_id=35280&sort=pd.name&order=ASC,product,Crawled - Currently Not Indexed,"Improve content depth, canonical clarity and internal links"
https://compassgrill.co.il/knives-and-accessories/giesser-knives/tradition-butcher-slicer-knife-24-30cm/?category_id=104927&sort=price&order=DESC,product,Crawled - Currently Not Indexed,"Improve content depth, canonical clarity and internal links"
https://compassgrill.co.il/cast-iron-tools-plov-cooking/cast-iron-cooking-tools/cast-iron-meat-holder-wooden-base-for-cuts/?category_id=35280&sort=rating&order=ASC,product,Crawled - Currently Not Indexed,"Improve content depth, canonical clarity and internal links"
https://compassgrill.co.il/compass-skewers/premium-set-stainless-steel-skewers-with-knife-and-fork-for-meat-remova/?category_id=38152&sort=rating&order=DESC,product,Crawled - Currently Not Indexed,"Improve content depth, canonical clarity and internal links"
https://compassgrill.co.il/giesser-knives/premiumcut-yobocho-knife-20cm/?sort=p.model&order=DESC,product,Crawled - Currently Not Indexed,"Improve content depth, canonical clarity and internal links"
https://compassgrill.co.il/knives-and-accessories/giesser-knives/premiumcut-steak-knife-12cm/?category_id=104927&sort=p.model&order=DESC,product,Crawled - Currently Not Indexed,"Improve content depth, canonical clarity and internal links"
https://compassgrill.co.il/eitan-meat-eilat/fresh-meat-eilat/feedlot-angus-sirloin-steak-1/?category_id=125606&sort=p.sort_order&order=ASC,product,Crawled - Currently Not Indexed,"Improve content depth, canonical clarity and internal links"
https://compassgrill.co.il/cast-iron-tools-plov-cooking/cast-iron-cooking-tools/קאזן-אסייתי-10-ליטר-עם-מכסה-מברזל-יצוק-ללא-ציפוי-1/?category_id=35280&sort=p.model&order=DESC,product,Crawled - Currently Not Indexed,"Improve content depth, canonical clarity and internal links"
https://compassgrill.co.il/knives-and-accessories/giesser-knives/premiumcut-office-knife-10cm/?category_id=104927&sort=price&order=DESC,product,Crawled - Currently Not Indexed,"Improve content depth, canonical clarity and internal links"
https://compassgrill.co.il/grill-smoker-accessories/compass-skewers/bronz/?sort=rating&order=ASC,product,Crawled - Currently Not Indexed,"Improve content depth, canonical clarity and internal links"
https://compassgrill.co.il/grill-smokers-tandoor/charcoal-grill-smokers-tandoor/charcoal-professional/?category_id=97704&sort=rating&order=DESC,product,Crawled - Currently Not Indexed,"Improve content depth, canonical clarity and internal links"
https://compassgrill.co.il/compass-skewers/premium-set-stainless-steel-skewers-with-knife-and-fork-for-meat-remova/?sort=rating&order=DESC,product,Crawled - Currently Not Indexed,"Improve content depth, canonical clarity and internal links"
https://compassgrill.co.il/meat-aging-treatment/calogen-kosher/,product,Crawled - Currently Not Indexed,"Improve content depth, canonical clarity and internal links"
https://compassgrill.co.il/grill-smoker-accessories/cast-iron-tools-plov-cooking/cast-iron-cooking-tools/poike-number-2/?sort=pd.name&order=ASC,product,Crawled - Currently Not Indexed,"Improve content depth, canonical clarity and internal links"
https://compassgrill.co.il/eitan-meat-eilat/fresh-meat-eilat/feedlot-angus-sirloin-steak-1/?sort=p.sort_order&order=ASC,product,Crawled - Currently Not Indexed,"Improve content depth, canonical clarity and internal links"
https://compassgrill.co.il/smoker-tandoor/forno-gas-piccolo/,product,Crawled - Currently Not Indexed,"Improve content depth, canonical clarity and internal links"
https://compassgrill.co.il/cast-iron-tools-plov-cooking/cast-iron-zhigong-cooking-kazan/8l-asian-kazan-cast-iron-lid-uncoated/?category_id=70270&sort=p.model&order=ASC,product,Crawled - Currently Not Indexed,"Improve content depth, canonical clarity and internal links"
https://compassgrill.co.il/meat-aging-treatment/calogen-kosher/?category_id=121072,product,Crawled - Currently Not Indexed,"Improve content depth, canonical clarity and internal links"
https://compassgrill.co.il/knives-and-accessories/giesser-knives/tradition-butcher-slicer-knife-24-30cm/?sort=price&order=DESC,product,Crawled - Currently Not Indexed,"Improve content depth, canonical clarity and internal links"
https://compassgrill.co.il/giesser-knives/tradition-kitchen-knife-16cm/?category_id=104927&sort=pd.name&order=ASC,product,Crawled - Currently Not Indexed,"Improve content depth, canonical clarity and internal links"
https://compassgrill.co.il/cast-iron-tools-plov-cooking/cast-iron-zhigong-cooking-kazan/6l-asian-kazan-cast-iron-lid-uncoated/?category_id=70270&sort=pd.name&order=DESC,product,Crawled - Currently Not Indexed,"Improve content depth, canonical clarity and internal links"
https://compassgrill.co.il/grill-smoker-accessories/cast-iron-tools-plov-cooking/cast-iron-cooking-tools/dual-cast-iron-round-griddle/?category_id=35280&sort=pd.name&order=DESC,product,Crawled - Currently Not Indexed,"Improve content depth, canonical clarity and internal links"
https://compassgrill.co.il/knives-and-accessories/giesser-knives/primeline-slicer-knife-20-25cm/?sort=p.sort_order&order=ASC,product,Crawled - Currently Not Indexed,"Improve content depth, canonical clarity and internal links"
https://compassgrill.co.il/cast-iron-tools-plov-cooking/cast-iron-cooking-tools/poike-number-2/?category_id=35280&sort=rating&order=DESC,product,Crawled - Currently Not Indexed,"Improve content depth, canonical clarity and internal links"
https://compassgrill.co.il/meat-aging-treatment/calogen-kosher/?sort=price&order=ASC,product,Crawled - Currently Not Indexed,"Improve content depth, canonical clarity and internal links"
https://compassgrill.co.il/cast-iron-tools-plov-cooking/cast-iron-zhigong-cooking-kazan/6l-asian-kazan-cast-iron-lid-uncoated/?category_id=70270&sort=p.sort_order&order=ASC,product,Crawled - Currently Not Indexed,"Improve content depth, canonical clarity and internal links"
https://compassgrill.co.il/eitan-meat-eilat/frozen-meat/brisket-1/,product,Crawled - Currently Not Indexed,"Improve content depth, canonical clarity and internal links"
https://compassgrill.co.il/cast-iron-tools-plov-cooking/cast-iron-cooking-tools/dual-cast-iron-round-griddle/?category_id=35280&sort=pd.name&order=ASC,product,Crawled - Currently Not Indexed,"Improve content depth, canonical clarity and internal links"
https://compassgrill.co.il/grill-smoker-accessories/cast-iron-tools-plov-cooking/cast-iron-cooking-tools/poike-number-3-with-legs/?category_id=35280&sort=pd.name&order=DESC,product,Crawled - Currently Not Indexed,"Improve content depth, canonical clarity and internal links"
https://compassgrill.co.il/knives-and-accessories/giesser-knives/premiumcut-barbecue-30/?category_id=104927&sort=pd.name&order=ASC,product,Crawled - Currently Not Indexed,"Improve content depth, canonical clarity and internal links"
https://compassgrill.co.il/cast-iron-tools-plov-cooking/cast-iron-zhigong-cooking-kazan/reckless-1-kazan-pot-grill/?category_id=70270&sort=price&order=DESC,product,Crawled - Currently Not Indexed,"Improve content depth, canonical clarity and internal links"
https://compassgrill.co.il/grill-smoker-accessories/compass-skewers/bronz/?sort=price&order=ASC,product,Crawled - Currently Not Indexed,"Improve content depth, canonical clarity and internal links"
https://compassgrill.co.il/cast-iron-tools-plov-cooking/cast-iron-zhigong-cooking-kazan/12l-asian-kazan-cast-iron-lid-uncoated/?category_id=70270&sort=rating&order=ASC,product,Crawled - Currently Not Indexed,"Improve content depth, canonical clarity and internal links"
https://compassgrill.co.il/knives-and-accessories/giesser-knives/premiumcut-yobocho-knife-20cm/?category_id=104927,product,Crawled - Currently Not Indexed,"Improve content depth, canonical clarity and internal links"
https://compassgrill.co.il/frozen-meat/spicy-angus-chorizo-100g-12-14-pcs-tray/?category_id=66836&sort=pd.name&order=ASC,product,Crawled - Currently Not Indexed,"Improve content depth, canonical clarity and internal links"
